road_id,road_key,nomor_ruas,canonical_name,display_name,source_road_code,qgis_name,district_2025,village_source_qgis,length_km_2025,width_m_2025,lhr_2025,access_npk_2025,geometry_source,condition_source_2025,identity_status
ee4b422a-8cbd-51c6-af35-c06348be875d,HSS-KAB-001,001,Jl. Pangeran Antasari - Loklua,Pangeran Antasari - Loklua,001,Jl. Pangeran Antasari - SP. Loklua,Kandangan,Kandangan Kota - Ds. Baluti,0.56,12.0,0.0,,ruas_jalan_kabupaten.gpkg / ruas_kabupaten_reproject,Dashboard_Analitik_Data_Jalan_2025_Revisi.xlsx / Data_Analitik,canonical_v1
bbaca3f0-0761-5618-ab2a-857962f7573b,HSS-KAB-002,002,Jl. Soeprapto - Jl. H.M Rusli,Soeprapto - Jl. H.M Rusli,002,Jl. Soeprapto - Jl. HM. Rusli,Kandangan,Kandangan Kota,0.52,6.0,0.0,,ruas_jalan_kabupaten.gpkg / ruas_kabupaten_reproject,Dashboard_Analitik_Data_Jalan_2025_Revisi.xlsx / Data_Analitik,canonical_v1
e734b109-3300-506c-8820-45349bb6ecfa,HSS-KAB-003,003,Jl. Pasar Kandangan - Oprit Jembt. Loklua,Pasar Kandangan - Oprit Jembt. Loklua,003,Jl. Pasar Kandangan - Oprit Jembatan Loklua,Kandangan,Kandangan Kota,0.28,6.0,0.0,,ruas_jalan_kabupaten.gpkg / ruas_kabupaten_reproject,Dashboard_Analitik_Data_Jalan_2025_Revisi.xlsx / Data_Analitik,canonical_v1
cc70e200-dea4-59de-a6cd-39e84355a322,HSS-KAB-004,004,Jl. Soetoyo - Teluk Mesjid,Soetoyo - Teluk Mesjid,004,Jl. Soetoyo - Teluk Mesjid,Kandangan,Kandangan Kota,0.26,5.0,0.0,,ruas_jalan_kabupaten.gpkg / ruas_kabupaten_reproject,Dashboard_Analitik_Data_Jalan_2025_Revisi.xlsx / Data_Analitik,canonical_v1
d8432a7a-8f28-5608-8fd6-2ec839d27aea,HSS-KAB-005,005,Jl. Teluk Mesjid - Sp. 4 Muara Banta,Teluk Mesjid - Sp. 4 Muara Banta,005,Jl. Teluk Mesjid - SP.4 Muara Banta,Kandangan,Kandangan Kota,1.43,5.0,0.0,,ruas_jalan_kabupaten.gpkg / ruas_kabupaten_reproject,Dashboard_Analitik_Data_Jalan_2025_Revisi.xlsx / Data_Analitik,canonical_v1
d99d0f8e-b1cb-5b59-9cf1-65e8b4be0772,HSS-KAB-006,006,Jl. Merah Johansyah - Jl. Melati,Merah Johansyah - Jl. Melati,006,Jl. Merah Johansyah - Jl. Melati,Kandangan,Kandangan Kota,0.82,6.0,0.0,,ruas_jalan_kabupaten.gpkg / ruas_kabupaten_reproject,Dashboard_Analitik_Data_Jalan_2025_Revisi.xlsx / Data_Analitik,canonical_v1
d69f6fb1-9fb4-5f69-81c3-9d99c4998a05,HSS-KAB-007,007,Jl. Menuju Stadion 2 Desember,Menuju Stadion 2 Desember,007,Jl. Menuju Stadion 2 Desember,Kandangan,Ds. Baluti,0.29,12.0,0.0,,ruas_jalan_kabupaten.gpkg / ruas_kabupaten_reproject,Dashboard_Analitik_Data_Jalan_2025_Revisi.xlsx / Data_Analitik,canonical_v1
ec69190b-9671-5012-a17e-681bea59d85b,HSS-KAB-008,008,Jl. Aluh Idut,Aluh Idut,008,Jl. Aluh Idut,Kandangan,Kandangan Kota - Kandangan Utara,1.34,5.0,0.0,,ruas_jalan_kabupaten.gpkg / ruas_kabupaten_reproject,Dashboard_Analitik_Data_Jalan_2025_Revisi.xlsx / Data_Analitik,canonical_v1
ece10016-67d3-5058-9a6d-6cb2b90a3fd0,HSS-KAB-009,009,Jl. Panglima Batur,Panglima Batur,009,Jl. Panglima Batur,Kandangan,Kandangan Kota - Kandangan Utara,1.09,5.0,0.0,,ruas_jalan_kabupaten.gpkg / ruas_kabupaten_reproject,Dashboard_Analitik_Data_Jalan_2025_Revisi.xlsx / Data_Analitik,canonical_v1
a3d433cf-d384-57ee-9660-72b2fb240edb,HSS-KAB-010,010,Jl. Nusa Indah,Nusa Indah,010,Jl. Nusa Indah,Kandangan,Kandangan Utara,0.38,5.0,0.0,,ruas_jalan_kabupaten.gpkg / ruas_kabupaten_reproject,Dashboard_Analitik_Data_Jalan_2025_Revisi.xlsx / Data_Analitik,canonical_v1
3c8f50f8-34f8-5658-b73f-8209b7f2ae7b,HSS-KAB-011,011,Jl. Anggrek,Anggrek,011,Jl. Anggrek,Kandangan,Kandangan Utara,0.23,3.0,0.0,,ruas_jalan_kabupaten.gpkg / ruas_kabupaten_reproject,Dashboard_Analitik_Data_Jalan_2025_Revisi.xlsx / Data_Analitik,canonical_v1
d4afb532-7f1c-5116-96e6-856d656ce53e,HSS-KAB-012,012,Jl. Kenanga,Kenanga,012,Jl. Kenanga,Kandangan,Kandangan Utara,0.23,3.0,0.0,,ruas_jalan_kabupaten.gpkg / ruas_kabupaten_reproject,Dashboard_Analitik_Data_Jalan_2025_Revisi.xlsx / Data_Analitik,canonical_v1
09027444-0312-5399-ab1e-1a7c964dca6f,HSS-KAB-013,013,Jl. Mawar,Mawar (Kandangan Utara),013,Jl. Mawar,Kandangan,Kandangan Utara,0.23,7.0,0.0,,ruas_jalan_kabupaten.gpkg / ruas_kabupaten_reproject,Dashboard_Analitik_Data_Jalan_2025_Revisi.xlsx / Data_Analitik,canonical_v1
4c3861ad-7fa1-5951-953e-3a582417ab46,HSS-KAB-014,014,Jl. Kamboja,Kamboja,014,Jl. Kamboja,Kandangan,Kandangan Utara,0.21,4.0,0.0,,ruas_jalan_kabupaten.gpkg / ruas_kabupaten_reproject,Dashboard_Analitik_Data_Jalan_2025_Revisi.xlsx / Data_Analitik,canonical_v1
c1c48a62-b31e-5755-9182-7b8437be6e42,HSS-KAB-015,015,Jl. Dahlia,Dahlia,015,Jl. Dahlia,Kandangan,Kandangan Utara,0.18,3.0,0.0,,ruas_jalan_kabupaten.gpkg / ruas_kabupaten_reproject,Dashboard_Analitik_Data_Jalan_2025_Revisi.xlsx / Data_Analitik,canonical_v1
5a6ad37b-a078-520c-99d1-91a473fec52c,HSS-KAB-016,016,Jl. KS. Tubun,KS. Tubun,016,Jl. KS. Tubun,Kandangan,Kandangan Utara,0.96,3.0,0.0,,ruas_jalan_kabupaten.gpkg / ruas_kabupaten_reproject,Dashboard_Analitik_Data_Jalan_2025_Revisi.xlsx / Data_Analitik,canonical_v1
b2d8f176-94e8-5b04-925b-ce2d29f1ee2a,HSS-KAB-017,017,Jl. Pemuda,Pemuda,017,Jl. Pemuda,Kandangan,Kandangan Kota,0.26,6.0,0.0,,ruas_jalan_kabupaten.gpkg / ruas_kabupaten_reproject,Dashboard_Analitik_Data_Jalan_2025_Revisi.xlsx / Data_Analitik,canonical_v1
80662a35-0fd3-53a9-a950-45cca8337533,HSS-KAB-018,018,Jl. Parindra,Parindra,018,Jl. Parindra,Kandangan,Kandangan Utara,0.28,6.0,0.0,,ruas_jalan_kabupaten.gpkg / ruas_kabupaten_reproject,Dashboard_Analitik_Data_Jalan_2025_Revisi.xlsx / Data_Analitik,canonical_v1
9e8380de-b496-5b28-b1f2-a95e5e185f0a,HSS-KAB-019,019,Jl. Wahab Syahrani,Wahab Syahrani,019,Jl. Wahab Syahrani,Kandangan,Kandangan Barat,0.12,6.0,0.0,,ruas_jalan_kabupaten.gpkg / ruas_kabupaten_reproject,Dashboard_Analitik_Data_Jalan_2025_Revisi.xlsx / Data_Analitik,canonical_v1
3941e7a5-4ca0-5dee-8be4-5512afa77a5f,HSS-KAB-020,020,Jl. Musyawarah,Musyawarah (Kandangan),020,Jl. Musyawarah,Kandangan,Kandangan Kota,0.32,6.0,0.0,,ruas_jalan_kabupaten.gpkg / ruas_kabupaten_reproject,Dashboard_Analitik_Data_Jalan_2025_Revisi.xlsx / Data_Analitik,canonical_v1
fc8e6b9e-151b-566a-a5f2-4d5284b83120,HSS-KAB-021,021,Jl. Sekolah Islam,Sekolah Islam (Kandangan Barat),021,Jl. Sekolah Islam,Kandangan,Kandangan Barat,0.2,6.0,0.0,,ruas_jalan_kabupaten.gpkg / ruas_kabupaten_reproject,Dashboard_Analitik_Data_Jalan_2025_Revisi.xlsx / Data_Analitik,canonical_v1
2a3ef9f5-cd5d-50f7-8e73-465150d1f0d6,HSS-KAB-022,022,Jl. Rahmah Bahran,Rahmah Bahran,022,Jl. Rahma Bahran,Kandangan,Kandangan Barat,0.22,4.0,0.0,,ruas_jalan_kabupaten.gpkg / ruas_kabupaten_reproject,Dashboard_Analitik_Data_Jalan_2025_Revisi.xlsx / Data_Analitik,canonical_v1
a7bbf3ed-b75d-59c4-ada6-2f53f1f6cc6f,HSS-KAB-023,023,Jl. Brigjen Katamso,Brigjen Katamso,023,Jl. Brigjend. Katamso,Kandangan,Kandangan Barat,0.35,3.5,0.0,,ruas_jalan_kabupaten.gpkg / ruas_kabupaten_reproject,Dashboard_Analitik_Data_Jalan_2025_Revisi.xlsx / Data_Analitik,canonical_v1
8502d274-215b-5280-8d5a-09bf65784b82,HSS-KAB-024,024,Jl. Kolonel Sugiono,Kolonel Sugiono,024,JL. Kolonel Sugiono,Kandangan,Kandangan Barat,0.22,3.0,0.0,,ruas_jalan_kabupaten.gpkg / ruas_kabupaten_reproject,Dashboard_Analitik_Data_Jalan_2025_Revisi.xlsx / Data_Analitik,canonical_v1
8bc9650b-0479-555c-bd57-6847bbb309e5,HSS-KAB-025,025,Singakarsa - Palas,Singakarsa - Palas,025,Singakarsa - Palas,Kandangan,Kandangan Kota - Ds. Sungai Kupang,5.32,4.0,0.0,,ruas_jalan_kabupaten.gpkg / ruas_kabupaten_reproject,Dashboard_Analitik_Data_Jalan_2025_Revisi.xlsx / Data_Analitik,canonical_v1
dcb6b1ac-b95d-5213-8f1b-cd285121fd89,HSS-KAB-026,026,Singakarsa - Getek,Singakarsa - Getek,026,Singakarsa - Getek,Kandangan,Kandangan Barat - Ds. Amawang Kiri Muka,0.2,4.0,0.0,,ruas_jalan_kabupaten.gpkg / ruas_kabupaten_reproject,Dashboard_Analitik_Data_Jalan_2025_Revisi.xlsx / Data_Analitik,canonical_v1
5e79eeb6-8425-5eb3-93bf-0b70d296464c,HSS-KAB-027,027,Parincahan - Singakarsa (Jl. Harapan),Parincahan - Singakarsa (Jl. Harapan),027,Parincahan - Singakarsa (Jl. Harapan),Kandangan,Kandangan Barat,0.66,3.5,0.0,,ruas_jalan_kabupaten.gpkg / ruas_kabupaten_reproject,Dashboard_Analitik_Data_Jalan_2025_Revisi.xlsx / Data_Analitik,canonical_v1
cb7c3654-8bdc-518a-bf51-dc70154388ea,HSS-KAB-028,028,Budi Bakti - Tiga Desember,Budi Bakti - Tiga Desember,028,Jl. Budi Bakti - Tiga Desember,Kandangan,Tibung Raya - Kandangan Barat,0.81,5.0,0.0,,ruas_jalan_kabupaten.gpkg / ruas_kabupaten_reproject,Dashboard_Analitik_Data_Jalan_2025_Revisi.xlsx / Data_Analitik,canonical_v1
10dca42e-3d77-5119-a93c-725df44e12e5,HSS-KAB-029,029,Jl. Jafri Zamzam,Jafri Zamzam,029,Jl. Jafri Zamzam,Kandangan,Ds. Amawang Kiri Muka,1.07,3.03,0.0,,ruas_jalan_kabupaten.gpkg / ruas_kabupaten_reproject,Dashboard_Analitik_Data_Jalan_2025_Revisi.xlsx / Data_Analitik,canonical_v1
142c3991-bfb8-5dba-a769-1b33f0e75d97,HSS-KAB-030,030,Sungai Damang - Amawang Kiri,Sungai Damang - Amawang Kiri,030,Sungai Damang - Amawang Kiri,Kandangan,Ds. Sungai Paring - Ds. Bariang,2.51,3.5,0.0,,ruas_jalan_kabupaten.gpkg / ruas_kabupaten_reproject,Dashboard_Analitik_Data_Jalan_2025_Revisi.xlsx / Data_Analitik,canonical_v1
b6930abb-0d46-52fe-a70b-1dd585b89608,HSS-KAB-031,031,Amawang Muka - Getek,Amawang Muka - Getek,031,Amawang Muka - Getek,Kandangan,Ds. Amawang Kiri Muka - Ds. Bariang,5.41,3.5,0.0,,ruas_jalan_kabupaten.gpkg / ruas_kabupaten_reproject,Dashboard_Analitik_Data_Jalan_2025_Revisi.xlsx / Data_Analitik,canonical_v1
35edcfd4-2de4-5e10-9eaa-d26d512ba917,HSS-KAB-032,032,Amawang Kanan - Wasah Hulu,Amawang Kanan - Wasah Hulu,032,Jl. Amawang Kanan - Wasah Hulu,Kandangan,DS. Amawang Kanan - Ds. Wasah Hulu,3.17,3.5,0.0,,ruas_jalan_kabupaten.gpkg / ruas_kabupaten_reproject,Dashboard_Analitik_Data_Jalan_2025_Revisi.xlsx / Data_Analitik,canonical_v1
225e801a-bc33-57f7-a80b-766426140f31,HSS-KAB-033,033,Jl. DI. Panjaitan - Loklua,DI. Panjaitan - Loklua,033,Jl. DI. Panjaitan - Loklua,Kandangan,Ds. Baluti,0.41,4.5,0.0,,ruas_jalan_kabupaten.gpkg / ruas_kabupaten_reproject,Dashboard_Analitik_Data_Jalan_2025_Revisi.xlsx / Data_Analitik,canonical_v1
547c295f-812c-5b92-957f-692ec143c67f,HSS-KAB-034,034,Jl. Jend. Sudirman,Jend. Sudirman,034,Jl. Jend. Sudirman,Kandangan,Ds. Tibung Raya - Ds. Hamalau,2.44,8.0,0.0,,ruas_jalan_kabupaten.gpkg / ruas_kabupaten_reproject,Dashboard_Analitik_Data_Jalan_2025_Revisi.xlsx / Data_Analitik,canonical_v1
ba4021f1-0ea4-501b-b0ef-2cb4ac3bebd7,HSS-KAB-035,035,Jl. AES Nasution,AES Nasution,035,Jl. AES. Nasution,Kandangan,Ds. Baluti,0.24,3.5,0.0,,ruas_jalan_kabupaten.gpkg / ruas_kabupaten_reproject,Dashboard_Analitik_Data_Jalan_2025_Revisi.xlsx / Data_Analitik,canonical_v1
3e0cb93e-a89e-5a00-b255-6d6b1a9cd5b3,HSS-KAB-036,036,Tembok Lama - Loklua,Tembok Lama - Loklua,036,Tembok Lama - Loklua,Kandangan,Ds. Jambu Hilir,0.84,3.0,0.0,,ruas_jalan_kabupaten.gpkg / ruas_kabupaten_reproject,Dashboard_Analitik_Data_Jalan_2025_Revisi.xlsx / Data_Analitik,canonical_v1
cb8698c4-0eb2-51a7-bcc3-224d7ead33e3,HSS-KAB-037,037,Jl. Kesehatan - Komp. Rmh Dokter,Kesehatan - Komp. Rmh Dokter,037,Jl. Kesehatan - Komp. Rumah Dokter,Kandangan,Ds. Baluti,0.28,3.5,0.0,,ruas_jalan_kabupaten.gpkg / ruas_kabupaten_reproject,Dashboard_Analitik_Data_Jalan_2025_Revisi.xlsx / Data_Analitik,canonical_v1
db041740-2aed-5540-8038-03a47fd5e23d,HSS-KAB-038,038,Jl. Samping Bappeda - Mesjid Darul Halik,Samping Bappeda - Mesjid Darul Halik,038,Jl. Samping Bappeda - Mesjid Darul Halik,Kandangan,Ds. Tibung Raya,0.19,3.5,0.0,,ruas_jalan_kabupaten.gpkg / ruas_kabupaten_reproject,Dashboard_Analitik_Data_Jalan_2025_Revisi.xlsx / Data_Analitik,canonical_v1
c83fa071-d285-52ae-900d-d89da41d4567,HSS-KAB-039,039,Jl. Bina Bakat,Bina Bakat,039,Jl. Bina Bakat,Kandangan,Ds. Tibung Raya,0.24,3.0,0.0,,ruas_jalan_kabupaten.gpkg / ruas_kabupaten_reproject,Dashboard_Analitik_Data_Jalan_2025_Revisi.xlsx / Data_Analitik,canonical_v1
08ecba0a-2fa8-5a16-a810-2d8bd5b86ad1,HSS-KAB-040,040,Baluti - Jambu Hulu (Paku),Baluti - Jambu Hulu (Paku),040,Baluti - Jambu Hulu/Paku,Kandangan - Padang Batung,Ds. Baluti - Ds. Jambu Hulu,4.07,3.5,0.0,,ruas_jalan_kabupaten.gpkg / ruas_kabupaten_reproject,Dashboard_Analitik_Data_Jalan_2025_Revisi.xlsx / Data_Analitik,canonical_v1
6786b7f2-4cc8-5eb4-98c5-12972b1e6d04,HSS-KAB-041,041,Sp. 3 Baluti - Amawang,Sp. 3 Baluti - Amawang,041,SP.3 Baluti - Amawang,Kandangan,Ds. Baluti - Ds. Amawang Kanan,1.57,3.0,0.0,,ruas_jalan_kabupaten.gpkg / ruas_kabupaten_reproject,Dashboard_Analitik_Data_Jalan_2025_Revisi.xlsx / Data_Analitik,canonical_v1
8c540506-86c7-5677-9c2f-4619ae4bdd67,HSS-KAB-042,042,Sei Kupang Utara - Simp. Empat Lungau,Sei Kupang Utara - Simp. Empat Lungau,042,Sei. Kupang Utara - SP.4 Lungau,Kandangan,Ds. Sei Kupang - Ds. Lungau,2.36,3.5,0.0,,ruas_jalan_kabupaten.gpkg / ruas_kabupaten_reproject,Dashboard_Analitik_Data_Jalan_2025_Revisi.xlsx / Data_Analitik,canonical_v1
66c808c0-9bc2-5713-9f8f-d1791cab8f36,HSS-KAB-043,043,Sp. Empat Lungau - Bangkau,Sp. Empat Lungau - Bangkau,043,SP.4 Lungau - Bangkau,Kandangan,Ds. Lungau - Ds. Bangkau,8.1,3.0,0.0,,ruas_jalan_kabupaten.gpkg / ruas_kabupaten_reproject,Dashboard_Analitik_Data_Jalan_2025_Revisi.xlsx / Data_Analitik,canonical_v1
3f8fddc8-fe60-5dc6-836c-7efb64574ef5,HSS-KAB-044,044,Sp. Empat Lungau - Garis,Sp. Empat Lungau - Garis,044,Sp.4 Lungau - Garis,Kandangan,Ds. Lungau - Ds. Bangkau,8.19,3.0,0.0,,ruas_jalan_kabupaten.gpkg / ruas_kabupaten_reproject,Dashboard_Analitik_Data_Jalan_2025_Revisi.xlsx / Data_Analitik,canonical_v1
07dbf8cd-a0f2-5b73-9dbe-feedaeebfd26,HSS-KAB-045,045,Gambir - Sp. Empat Lungau,Gambir - Sp. Empat Lungau,045,Gambir -SP. Empat Lungau,Kandangan,Ds. Amawang Kiri - Ds. Lungau,2.95,3.0,0.0,,ruas_jalan_kabupaten.gpkg / ruas_kabupaten_reproject,Dashboard_Analitik_Data_Jalan_2025_Revisi.xlsx / Data_Analitik,canonical_v1
9de2747a-0538-57e4-aa7f-8b1b9fce8994,HSS-KAB-046,046,Bariang - Getek,Bariang - Getek,046,Bariang - Getek,Kandangan,Ds. Bariang - Ds. Amawang Kiri Muka,1.24,3.0,0.0,,ruas_jalan_kabupaten.gpkg / ruas_kabupaten_reproject,Dashboard_Analitik_Data_Jalan_2025_Revisi.xlsx / Data_Analitik,canonical_v1
3730cca1-d3c1-5017-8138-ecdad5dbcb95,HSS-KAB-047,047,Muara Banta - Karang Jawa,Muara Banta - Karang Jawa,047,Muara Banta - Karang Jawa,Kandangan - Padang Batung,Kandangan Kota - Ds. Karang Jawa Muka,1.59,3.0,0.0,,ruas_jalan_kabupaten.gpkg / ruas_kabupaten_reproject,Dashboard_Analitik_Data_Jalan_2025_Revisi.xlsx / Data_Analitik,canonical_v1
fe49da32-d49c-5683-abac-775548030ff6,HSS-KAB-048,048,Sungai Paring - Sei Hanyar Pantai Ulin,Sungai Paring - Sei Hanyar Pantai Ulin,048,Sungai Paring - Sei Hanyar Pantai Ulin,Kandangan - Simpur,Ds. Sungai Paring - Ds. Pantai Ulin,5.85,3.0,0.0,,ruas_jalan_kabupaten.gpkg / ruas_kabupaten_reproject,Dashboard_Analitik_Data_Jalan_2025_Revisi.xlsx / Data_Analitik,canonical_v1
8d5f78c7-6aa4-51d9-be11-07f0c5ee8033,HSS-KAB-049,049,Kandangan Hulu - Sp. Tabihi,Kandangan Hulu - Sp. Tabihi,049,Kandangan Hulu - SP. Tabihi,Kandangan - Padang Batung,Kandangan Kota - Ds. Karang Jawa Muka,1.25,3.5,0.0,,ruas_jalan_kabupaten.gpkg / ruas_kabupaten_reproject,Dashboard_Analitik_Data_Jalan_2025_Revisi.xlsx / Data_Analitik,canonical_v1
ee0db9ac-7d75-5395-8997-9439421885a6,HSS-KAB-050,050,Banyu Barau - Sei Kalang,Banyu Barau - Sei Kalang,050,Banyu Barau - Sungai Kalang,Kandangan,Kandangan Barat,2.1,3.0,0.0,,ruas_jalan_kabupaten.gpkg / ruas_kabupaten_reproject,Dashboard_Analitik_Data_Jalan_2025_Revisi.xlsx / Data_Analitik,canonical_v1
47641a83-e418-5e9b-948d-cd06e044de68,HSS-KAB-051,051,Tibung Raya - Asam Cangkuk,Tibung Raya - Asam Cangkuk,051,Tibung Raya - Asam Cangkok,Kandangan,Ds. Tibung Raya - Ds. Telaga Bidadari,0.86,3.0,0.0,,ruas_jalan_kabupaten.gpkg / ruas_kabupaten_reproject,Dashboard_Analitik_Data_Jalan_2025_Revisi.xlsx / Data_Analitik,canonical_v1
48ca613e-c5b5-5a14-9973-4a48844b058a,HSS-KAB-052,052,Gambah Dalam - Rantauan,Gambah Dalam - Rantauan,052,Gambah Dalam - Rantauan,Kandangan,Ds. Gambah Dalam - Ds. Gambah Luar,1.52,3.0,0.0,,ruas_jalan_kabupaten.gpkg / ruas_kabupaten_reproject,Dashboard_Analitik_Data_Jalan_2025_Revisi.xlsx / Data_Analitik,canonical_v1
d3a472da-a2de-594a-8aa2-74dd2b5fd3aa,HSS-KAB-053,053,Gambah Luar - Gambah Dalam,Gambah Luar - Gambah Dalam,053,Gambah Luar - Gambah Dalam,Kandangan,Ds. Gambah Luar Muka - Ds. Gambah Dalam,1.29,3.0,0.0,,ruas_jalan_kabupaten.gpkg / ruas_kabupaten_reproject,Dashboard_Analitik_Data_Jalan_2025_Revisi.xlsx / Data_Analitik,canonical_v1
f02fac21-8ad4-570c-9a20-d4f5d98e9408,HSS-KAB-054,054,Pegangsaan Timur - Teluk Aman,Pegangsaan Timur - Teluk Aman,054,Pegangsaan Timur - Teluk Aman,Kandangan,Ds. Gambah Dalam - Ds. Sungai Kupang,1.05,3.0,0.0,,ruas_jalan_kabupaten.gpkg / ruas_kabupaten_reproject,Dashboard_Analitik_Data_Jalan_2025_Revisi.xlsx / Data_Analitik,canonical_v1
2381aeeb-cb36-55ca-9865-615f2af0197d,HSS-KAB-055,055,Gambah Luar - Sungai Kudung,Gambah Luar - Sungai Kudung,055,Gambah Luar - Sungai Kudung,Kandangan,Ds. Gambah Luar Muka,0.89,3.5,0.0,,ruas_jalan_kabupaten.gpkg / ruas_kabupaten_reproject,Dashboard_Analitik_Data_Jalan_2025_Revisi.xlsx / Data_Analitik,canonical_v1
a9c5264a-bdc6-5ca2-a657-3f43c82aabc6,HSS-KAB-056,056,Bakarung Tengah - Karang Jawa,Bakarung Tengah - Karang Jawa,056,Bakarung Tengah - Karang Jawa,Kandangan - Padang Batung,Ds. Gambah Luar - Ds. Karang Jawa Muka,3.77,3.5,0.0,,ruas_jalan_kabupaten.gpkg / ruas_kabupaten_reproject,Dashboard_Analitik_Data_Jalan_2025_Revisi.xlsx / Data_Analitik,canonical_v1
c6f10ed6-cfba-58e0-869a-5a74626bcf13,HSS-KAB-057,057,Jl. Papagaran/Palangsatan,Papagaran/Palangsatan,057,Jl. Papagaran/Pelangsatan,Kandangan - Simpur,Ds. Sungai Paring - Ds. Amawang Kanan,1.0,3.0,0.0,,ruas_jalan_kabupaten.gpkg / ruas_kabupaten_reproject,Dashboard_Analitik_Data_Jalan_2025_Revisi.xlsx / Data_Analitik,canonical_v1
54bf6561-23a7-5d8c-a2c6-7ac892d93e0f,HSS-KAB-058,058,Jl. Tembok Kacil. Sei. Kudung,Tembok Kacil. Sei. Kudung,058,Jl. Tembok Kacil. Sei. Kudung,Kandangan - Padang Batung,Ds. Gambah Luar - Ds. Tabihi,0.37,3.0,0.0,,ruas_jalan_kabupaten.gpkg / ruas_kabupaten_reproject,Dashboard_Analitik_Data_Jalan_2025_Revisi.xlsx / Data_Analitik,canonical_v1
f188b982-5020-5ec2-a506-ddf831a8a529,HSS-KAB-059,059,Jl. Mesjid Quba,Mesjid Quba,059,Jl. Mesjid Kuba,Kandangan,Ds. Amawang Kanan - Ds. Amawang Kr Muka,0.21,3.5,0.0,,ruas_jalan_kabupaten.gpkg / ruas_kabupaten_reproject,Dashboard_Analitik_Data_Jalan_2025_Revisi.xlsx / Data_Analitik,canonical_v1
9508c577-3c5d-5bfb-af34-6701d2d50b5c,HSS-KAB-060,060,Jl. Sungai Karuh,Sungai Karuh,060,Jl. Sungai Karuh Tembus Tawar,Kandangan,Ds. Amawang Kiri - Ds. Lungau,1.96,3.0,0.0,,ruas_jalan_kabupaten.gpkg / ruas_kabupaten_reproject,Dashboard_Analitik_Data_Jalan_2025_Revisi.xlsx / Data_Analitik,canonical_v1
e649105d-360e-5f79-83fa-c38a26c92578,HSS-KAB-061,061,Rambai - Bariang,Rambai - Bariang,061,Jl. Rambai - Bariang,Kandangan,Ds. Amawang Kiri Muka - Ds. Bariang,1.21,3.0,0.0,,ruas_jalan_kabupaten.gpkg / ruas_kabupaten_reproject,Dashboard_Analitik_Data_Jalan_2025_Revisi.xlsx / Data_Analitik,canonical_v1
857c0452-caaf-53cb-ac8d-b7ceafe46795,HSS-KAB-062,062,Jangkang - Pantai Ulin,Jangkang - Pantai Ulin,062,Jl. Jangkang - Pantai Ulin,Kandangan,Ds. Amawang Kiri - Ds. Pantai Ulin,1.69,3.0,0.0,,ruas_jalan_kabupaten.gpkg / ruas_kabupaten_reproject,Dashboard_Analitik_Data_Jalan_2025_Revisi.xlsx / Data_Analitik,canonical_v1
1bf2a17a-3772-5c58-93bb-0d2b830a9539,HSS-KAB-063,063,Jl. Padang Palas,Padang Palas,063,Jl. Padang Palas,Kandangan,Ds. Amawang Kiri,0.68,3.0,0.0,,ruas_jalan_kabupaten.gpkg / ruas_kabupaten_reproject,Dashboard_Analitik_Data_Jalan_2025_Revisi.xlsx / Data_Analitik,canonical_v1
c72cfd8c-f9ed-54eb-a4a2-39f0d9c26777,HSS-KAB-064,064,Tibung Dalam - Teratai,Tibung Dalam - Teratai,064,Tibung Dalam - Teratai,Kandangan - Sungai Raya,Ds. Hamalau,0.52,3.0,0.0,,ruas_jalan_kabupaten.gpkg / ruas_kabupaten_reproject,Dashboard_Analitik_Data_Jalan_2025_Revisi.xlsx / Data_Analitik,canonical_v1
5eaccb15-756e-5bc5-a204-11acf56231df,HSS-KAB-065,065,Jl. Kalaka Indah - Perumnas Tibung,Kalaka Indah - Perumnas Tibung,065,Jl. Kalaka Indah - Perumnas Tibung,Kandangan,Ds. Hamalau,0.41,3.5,0.0,,ruas_jalan_kabupaten.gpkg / ruas_kabupaten_reproject,Dashboard_Analitik_Data_Jalan_2025_Revisi.xlsx / Data_Analitik,canonical_v1
f6389463-7b8d-585c-b1e6-8ebe838db3ce,HSS-KAB-066,066,Jl. Teratai Menuju Komplek Perumnas Hamalau,Teratai Menuju Komplek Perumnas Hamalau,066,Jl. Teratai Menuju Komplek Perumnas Hamalau,Kandangan - Sungai Raya,Ds. Hamalau,0.41,3.0,0.0,,ruas_jalan_kabupaten.gpkg / ruas_kabupaten_reproject,Dashboard_Analitik_Data_Jalan_2025_Revisi.xlsx / Data_Analitik,canonical_v1
1fe212e9-5bdc-5bb8-999d-da6a0d45a57d,HSS-KAB-067,067,Teluk Pinang - Baluti,Teluk Pinang - Baluti,067,Teluk Pinang - Baluti,Kandangan,Ds. Baluti,1.64,3.5,0.0,,ruas_jalan_kabupaten.gpkg / ruas_kabupaten_reproject,Dashboard_Analitik_Data_Jalan_2025_Revisi.xlsx / Data_Analitik,canonical_v1
1539a932-2245-5bd2-9bab-99dfd9256ac0,HSS-KAB-068,068,Tibung Raya - Hamalau Dalam,Tibung Raya - Hamalau Dalam,068,Tibung Raya - Hamalau Dalam,Kandangan,Ds. Tibung Raya - Ds. Hamalau,0.91,3.5,0.0,,ruas_jalan_kabupaten.gpkg / ruas_kabupaten_reproject,Dashboard_Analitik_Data_Jalan_2025_Revisi.xlsx / Data_Analitik,canonical_v1
1b86fdcc-86ec-5a6b-ba6d-ad8ce546da97,HSS-KAB-069,069,Jl. Baiturrahim Parincahan,Baiturrahim Parincahan,069,Jl. Baiturrahim,Kandangan,Kandangan Barat - Ds. Gambah Dalam,1.42,3.0,0.0,,ruas_jalan_kabupaten.gpkg / ruas_kabupaten_reproject,Dashboard_Analitik_Data_Jalan_2025_Revisi.xlsx / Data_Analitik,canonical_v1
06568e0a-73bb-5920-bd70-f28ffa2d27ef,HSS-KAB-070,070,Jl. Newangsekarti - Ds. Gambah Luar Muka,Newangsekarti - Ds. Gambah Luar Muka,070,Jl. Newangsekarti - Ds. Gambah Luar Muka,Kandangan,Ds. Gambah Luar Muka,0.29,3.0,0.0,,ruas_jalan_kabupaten.gpkg / ruas_kabupaten_reproject,Dashboard_Analitik_Data_Jalan_2025_Revisi.xlsx / Data_Analitik,canonical_v1
3ed4fa00-9785-52e2-9272-114482304e9a,HSS-KAB-071,071,Jl. Tembok Baru (Asam Cangkok),Tembok Baru (Asam Cangkok),071,Jl. Tembok Baru (Asam Cangkok,Kandangan,Ds. Sungai Paring - Ds. Amawang Kanan,0.5,3.0,0.0,,ruas_jalan_kabupaten.gpkg / ruas_kabupaten_reproject,Dashboard_Analitik_Data_Jalan_2025_Revisi.xlsx / Data_Analitik,canonical_v1
a3c61664-abe8-5309-b694-b28678e0fc73,HSS-KAB-072,072,Sungai Paring - Toba,Sungai Paring - Toba,072,Sungai Paring - Toba,Kandangan - Simpur,Ds. Sungai Paring - Ds. Wasah Hulu,0.84,3.0,0.0,,ruas_jalan_kabupaten.gpkg / ruas_kabupaten_reproject,Dashboard_Analitik_Data_Jalan_2025_Revisi.xlsx / Data_Analitik,canonical_v1
616c0bf9-9afd-58a3-a5a4-317187692160,HSS-KAB-073,073,Jl. Tembok Baru - Ds. Baluti,Tembok Baru - Ds. Baluti,073,Jl. Tembok Baru - Baluti,Kandangan,Ds. Baluti - Ds. Tibung Raya,0.14,3.0,0.0,,ruas_jalan_kabupaten.gpkg / ruas_kabupaten_reproject,Dashboard_Analitik_Data_Jalan_2025_Revisi.xlsx / Data_Analitik,canonical_v1
4cb75dc6-2c0d-5baa-8dbc-872af69a9343,HSS-KAB-074,074,Jl. H. Jarkasi - Ds. Sungai Paring,H. Jarkasi - Ds. Sungai Paring,074,Jl. H. Jarkasi,Kandangan,Ds. Bariang - Ds. Sungai Paring,0.12,3.0,0.0,,ruas_jalan_kabupaten.gpkg / ruas_kabupaten_reproject,Dashboard_Analitik_Data_Jalan_2025_Revisi.xlsx / Data_Analitik,canonical_v1
4b05885e-fd28-5219-9de1-f058e2a7dae5,HSS-KAB-075,075,Bariang - Patigan,Bariang - Patigan,075,Jl. Bariang - Patigan,Kandangan,Ds. Bariang - Ds. Amawang Kiri,1.63,3.0,0.0,,ruas_jalan_kabupaten.gpkg / ruas_kabupaten_reproject,Dashboard_Analitik_Data_Jalan_2025_Revisi.xlsx / Data_Analitik,canonical_v1
24150386-c3e8-5a17-bb02-f5e639e211d0,HSS-KAB-076,076,Gambah Dalam Barat - Mahulung,Gambah Dalam Barat - Mahulung,076,Gambah Dalam Barat - Mahulung,Kandangan - Angkinang,Ds. Gambah Dlm Brt - Ds. Taniran Seltan,1.92,3.0,0.0,,ruas_jalan_kabupaten.gpkg / ruas_kabupaten_reproject,Dashboard_Analitik_Data_Jalan_2025_Revisi.xlsx / Data_Analitik,canonical_v1
aadba181-ba17-56a9-b828-f9a43b2dc9dc,HSS-KAB-077,077,Jl. Suriangpati - Gambah Dalam Barat,Suriangpati - Gambah Dalam Barat,077,Jl. Suriangpati,Kandangan,Ds. Gambah Dalam Barat,2.82,3.0,0.0,,ruas_jalan_kabupaten.gpkg / ruas_kabupaten_reproject,Dashboard_Analitik_Data_Jalan_2025_Revisi.xlsx / Data_Analitik,canonical_v1
f524975c-cddf-505c-8635-a890960b0e7b,HSS-KAB-078,078,Jl. Menuju SMP 7 - Ds. Gambah Dalam,Menuju SMP 7 - Ds. Gambah Dalam,078,Jl. Menuju SMP 7 - Ds. Gambah Dalam,Kandangan,Ds. Gambah Dalam - Ds. Gambah Dlm Brt,1.0,3.0,0.0,,ruas_jalan_kabupaten.gpkg / ruas_kabupaten_reproject,Dashboard_Analitik_Data_Jalan_2025_Revisi.xlsx / Data_Analitik,canonical_v1
7cd32c2c-b9d6-5010-9233-ff3770196177,HSS-KAB-079,079,Telaga Banta - Patigan,Telaga Banta - Patigan,079,Jl. Telaga Banta - Patigan,Kandangan,Ds. Amawang Kiri - Ds. Lungau,0.64,3.0,0.0,,ruas_jalan_kabupaten.gpkg / ruas_kabupaten_reproject,Dashboard_Analitik_Data_Jalan_2025_Revisi.xlsx / Data_Analitik,canonical_v1
ff68b2a2-baeb-57ab-bc66-af88e357e0f2,HSS-KAB-080,080,Jl. Nomura,Nomura,080,Jl. Nomura,Kandangan,Kandangan Kota - Ds. Jambu Hilir,0.41,3.0,0.0,,ruas_jalan_kabupaten.gpkg / ruas_kabupaten_reproject,Dashboard_Analitik_Data_Jalan_2025_Revisi.xlsx / Data_Analitik,canonical_v1
c06a72cc-47b7-5893-928e-61c3e70724ac,HSS-KAB-081,081,Jl. Lorong Bupati,Lorong Bupati,081,Jl. Lorong Bupati,Kandangan,Kandangan Kota,0.39,3.0,0.0,,ruas_jalan_kabupaten.gpkg / ruas_kabupaten_reproject,Dashboard_Analitik_Data_Jalan_2025_Revisi.xlsx / Data_Analitik,canonical_v1
b78e6543-ae3c-56dc-b8ec-371eae6f7aac,HSS-KAB-082,082,Jl. Biti - Sungai Kupang (Karya Bakti TNI),Biti - Sungai Kupang (Karya Bakti TNI),082,Jl. Biti - Sungai Kupang (Karya Bakti TNI),Kandangan,Ds. Sungai Kupang - Ds. Lungau,1.82,3.0,0.0,,ruas_jalan_kabupaten.gpkg / ruas_kabupaten_reproject,Dashboard_Analitik_Data_Jalan_2025_Revisi.xlsx / Data_Analitik,canonical_v1
6996817d-15ff-5beb-80f5-d91283b50046,HSS-KAB-083,083,Jl. Palajau - Ds. Baluti,Palajau - Ds. Baluti,083,Jl. Palajau - Ds. Baluti,Kandangan,Ds. Baluti - Ds. Karasikan,1.28,3.0,0.0,,ruas_jalan_kabupaten.gpkg / ruas_kabupaten_reproject,Dashboard_Analitik_Data_Jalan_2025_Revisi.xlsx / Data_Analitik,canonical_v1
4481f3f6-ec17-556c-a42b-b4083664bdc2,HSS-KAB-084,084,Jl. RS. Hasan Basry II,RS. Hasan Basry II,084,Jl. RS. Hasan Basry II,Sungai Raya,Ds. Hamalau,0.1,10.0,0.0,,ruas_jalan_kabupaten.gpkg / ruas_kabupaten_reproject,Dashboard_Analitik_Data_Jalan_2025_Revisi.xlsx / Data_Analitik,canonical_v1
2d774e5d-e5d0-545d-821d-b7e8c3f9986f,HSS-KAB-085,085,Tajun - Sp.3 Muara Paring Agung,Tajun - Sp.3 Muara Paring Agung,085,Tajun - SP.3 Muara Paring Agung,Sungai Raya,Ds. Sungai Raya Utara - Ds.Sungai Kali,4.97,3.5,0.0,,ruas_jalan_kabupaten.gpkg / ruas_kabupaten_reproject,Dashboard_Analitik_Data_Jalan_2025_Revisi.xlsx / Data_Analitik,canonical_v1
693065a1-f452-516c-90be-6137f1915ffb,HSS-KAB-086,086,Hamalau - Anjiran,Hamalau - Anjiran,086,Hamalau - Anjiran,Sungai Raya,Ds. Hamalau - Ds. Telaga Bidadari,0.9,3.0,0.0,,ruas_jalan_kabupaten.gpkg / ruas_kabupaten_reproject,Dashboard_Analitik_Data_Jalan_2025_Revisi.xlsx / Data_Analitik,canonical_v1
0f5ae539-3e88-59c1-afbb-a8a147fc1c4b,HSS-KAB-087,087,Tanjungan - Sp. 10 Batang Kulur - Sungai Kali,Tanjungan - Sp. 10 Batang Kulur - Sungai Kali,087,Tanjungan - SP.10 Batang Kulur - Sungai Kali,Sungai Raya,Ds. Sei Raya Selatan - Ds. Sungai Kali,7.3,3.0,0.0,,ruas_jalan_kabupaten.gpkg / ruas_kabupaten_reproject,Dashboard_Analitik_Data_Jalan_2025_Revisi.xlsx / Data_Analitik,canonical_v1
eebe6dec-cae5-5e2f-8144-aed8a3d17ead,HSS-KAB-088,088,Sungai Raya Selatan - Sarang Halang,Sungai Raya Selatan - Sarang Halang,088,Sungai Raya Selatan - Sarang Halang,Sungai Raya,Ds. Sei Raya Selatan - Ds. Paring Agung,2.62,3.0,0.0,,ruas_jalan_kabupaten.gpkg / ruas_kabupaten_reproject,Dashboard_Analitik_Data_Jalan_2025_Revisi.xlsx / Data_Analitik,canonical_v1
924ea014-84de-5bdf-a257-90850798acd6,HSS-KAB-089,089,Sp. Batang Kulur Kiri - Tatas,Sp. Batang Kulur Kiri - Tatas,089,SP. Batang Kulur Kiri - Tatas,Sungai Raya,Ds. Btng Klr Kiri - Ds. Btng Klr Tengah,2.37,3.0,0.0,,ruas_jalan_kabupaten.gpkg / ruas_kabupaten_reproject,Dashboard_Analitik_Data_Jalan_2025_Revisi.xlsx / Data_Analitik,canonical_v1
87650e5f-f9f3-5b73-a485-d4577e7a665b,HSS-KAB-090,090,Taal Batang Kulur - Sp. 3 Muara Prg Agung,Taal Batang Kulur - Sp. 3 Muara Prg Agung,090,Taal Batang Kulur - SP.3 Muara Paring Agung,Sungai Raya,Ds. Hariti - Ds. Sungai Kali,4.12,3.5,0.0,,ruas_jalan_kabupaten.gpkg / ruas_kabupaten_reproject,Dashboard_Analitik_Data_Jalan_2025_Revisi.xlsx / Data_Analitik,canonical_v1
e1d38775-86cf-5899-87df-53917fc1e61f,HSS-KAB-091,091,Batang Kulur Kanan - Sarangan,Batang Kulur Kanan - Sarangan,091,Batang Kulur Kanan - Sarangan,Sungai Raya,Ds. Btng Kulur Kanan - Ds. Ida Manggala,2.18,3.0,0.0,,ruas_jalan_kabupaten.gpkg / ruas_kabupaten_reproject,Dashboard_Analitik_Data_Jalan_2025_Revisi.xlsx / Data_Analitik,canonical_v1
01344cd6-0a3c-557b-9cc8-65cc3afe3d8d,HSS-KAB-092,092,Bumi Berkat - Mungkur Galah,Bumi Berkat - Mungkur Galah,092,Bumi Berkat - Mungkur Galah,Sungai Raya,Ds. Bumi Berkat,1.51,3.0,0.0,,ruas_jalan_kabupaten.gpkg / ruas_kabupaten_reproject,Dashboard_Analitik_Data_Jalan_2025_Revisi.xlsx / Data_Analitik,canonical_v1
63c442ba-5160-5179-94c3-ff7bbe1e5ca8,HSS-KAB-093,093,Taal Jarau - Sp. Baru/Tampang,Taal Jarau - Sp. Baru/Tampang,093,Taal Jarau - SP. Baru/Tampang,Sungai Raya,Ds. Ida Manggala - Ds. Btng Kulur Kanan,5.65,3.0,0.0,,ruas_jalan_kabupaten.gpkg / ruas_kabupaten_reproject,Dashboard_Analitik_Data_Jalan_2025_Revisi.xlsx / Data_Analitik,canonical_v1
8394baf0-01d5-5c7e-884f-9a7416f3c149,HSS-KAB-094,094,Sungai Raya - Jambu Hulu/Paku,Sungai Raya - Jambu Hulu/Paku,094,Sungai Raya - Jambu Hulu/Paku,Sungai Raya - Padang Batung,Ds. Sungai Raya Utara - Ds. Jambu Hulu,5.17,5.0,0.0,,ruas_jalan_kabupaten.gpkg / ruas_kabupaten_reproject,Dashboard_Analitik_Data_Jalan_2025_Revisi.xlsx / Data_Analitik,canonical_v1
c3cd5c79-5065-534a-8f6c-80de38d6c268,HSS-KAB-095,095,Sungai Raya Selatan - Malutu - Goa Berangin,Sungai Raya Selatan - Malutu - Goa Berangin,095,Sungai Raya Selatan - Malutu - Goa Berangin,Sungai Raya - Padang Batung,Ds. Sungai Raya Selatan - Ds. Malutu,6.35,3.62,0.0,,ruas_jalan_kabupaten.gpkg / ruas_kabupaten_reproject,Dashboard_Analitik_Data_Jalan_2025_Revisi.xlsx / Data_Analitik,canonical_v1
ab5d6fc2-0ace-535d-9123-b93af24e08cb,HSS-KAB-096,096,Sp. 4 Baru/Tampang - Sp. Bilui Pamujaan,Sp. 4 Baru/Tampang - Sp. Bilui Pamujaan,096,SP.4 Baru/Tampang - SP. Biluy Pamujaan,Sungai Raya - Simpur,Ds. Batang Kulur Kanan - Ds. Simpur,3.77,3.0,0.0,,ruas_jalan_kabupaten.gpkg / ruas_kabupaten_reproject,Dashboard_Analitik_Data_Jalan_2025_Revisi.xlsx / Data_Analitik,canonical_v1
2d3af059-f3d0-5a10-9aee-3b37df2fa9bf,HSS-KAB-097,097,Asam Cangkuk - Telaga Bidadari,Asam Cangkuk - Telaga Bidadari,097,Asam Cangkuk - Telaga Bidadari,Sungai Raya,Ds. Amawang Kanan - Ds. Telaga Bidadari,0.83,2.0,0.0,,ruas_jalan_kabupaten.gpkg / ruas_kabupaten_reproject,Dashboard_Analitik_Data_Jalan_2025_Revisi.xlsx / Data_Analitik,canonical_v1
87d6be1f-0554-5bfd-883d-bb034356dcc4,HSS-KAB-098,098,Hamalau - Pahampangan,Hamalau - Pahampangan,098,Hamalau - Pahampangan,Sungai Raya,Ds. Hamalau - Ds. Karasikan,0.78,3.5,0.0,,ruas_jalan_kabupaten.gpkg / ruas_kabupaten_reproject,Dashboard_Analitik_Data_Jalan_2025_Revisi.xlsx / Data_Analitik,canonical_v1
0a2d6773-c22f-596d-8dfc-5f5641d14fb0,HSS-KAB-099,099,Ida Manggala - Padang Makmur,Ida Manggala - Padang Makmur,099,Ida Manggala - Padang Makmur,Sungai Raya,Ds. Ida Manggala,3.69,3.5,0.0,,ruas_jalan_kabupaten.gpkg / ruas_kabupaten_reproject,Dashboard_Analitik_Data_Jalan_2025_Revisi.xlsx / Data_Analitik,canonical_v1
ffc14cb3-34db-5a6b-93e7-45d7d9173f3e,HSS-KAB-100,100,Simpang Hamalau - Teluk Pinang,Simpang Hamalau - Teluk Pinang,100,Simpang Hamalau - Teluk Pinang,Sungai Raya,Ds. Hamalau - Ds. Karasikan,0.68,3.5,0.0,,ruas_jalan_kabupaten.gpkg / ruas_kabupaten_reproject,Dashboard_Analitik_Data_Jalan_2025_Revisi.xlsx / Data_Analitik,canonical_v1
fe3d0618-e13d-58b2-9b29-0569ef432eb5,HSS-KAB-101,101,Teluk Pinang - Pahampangan Utara,Teluk Pinang - Pahampangan Utara,101,Teluk Pinang - Pahampangan Utara,Sungai Raya,Ds. Karasikan - Ds. Pahampangan,2.22,3.5,0.0,,ruas_jalan_kabupaten.gpkg / ruas_kabupaten_reproject,Dashboard_Analitik_Data_Jalan_2025_Revisi.xlsx / Data_Analitik,canonical_v1
8930f7ad-c381-5043-b7db-29f5cfb38876,HSS-KAB-102,102,Hamalau - Telaga Bidadari - Wasah Hilir,Hamalau - Telaga Bidadari - Wasah Hilir,102,Hamalau - Telaga Bidadari - Wasah Hilir,Sungai Raya,Ds. Hamalau - Ds. Wasah Hilir,4.94,5.0,0.0,,ruas_jalan_kabupaten.gpkg / ruas_kabupaten_reproject,Dashboard_Analitik_Data_Jalan_2025_Revisi.xlsx / Data_Analitik,canonical_v1
6da7c9fe-8af9-5b30-8640-733ab6a0fb1f,HSS-KAB-103,103,Karasikan - Sarang Halang,Karasikan - Sarang Halang,103,Karasikan - Sarang Halang,Sungai Raya,Ds. Karasikan - Ds. Sarang Halang,1.9,3.0,0.0,,ruas_jalan_kabupaten.gpkg / ruas_kabupaten_reproject,Dashboard_Analitik_Data_Jalan_2025_Revisi.xlsx / Data_Analitik,canonical_v1
16463ede-cf85-5651-b7ef-4d08b9ea9618,HSS-KAB-104,104,Tanjungan - Sp. 3 Sakijang,Tanjungan - Sp. 3 Sakijang,104,Tanjungan - SP.3 Sakijang,Sungai Raya,Ds. Sarang Halang - Ds. Sei Raya Selatan,1.59,3.0,0.0,,ruas_jalan_kabupaten.gpkg / ruas_kabupaten_reproject,Dashboard_Analitik_Data_Jalan_2025_Revisi.xlsx / Data_Analitik,canonical_v1
6d420aef-6304-5a96-a6d9-eea528473636,HSS-KAB-105,105,Sarang Halang Padang - Sp. Batang Kulur,Sarang Halang Padang - Sp. Batang Kulur,105,Sarang Halang Padang - SP Batang Kulur,Sungai Raya,Ds. Paring Agung - Ds. Sungai Kali,2.11,3.0,0.0,,ruas_jalan_kabupaten.gpkg / ruas_kabupaten_reproject,Dashboard_Analitik_Data_Jalan_2025_Revisi.xlsx / Data_Analitik,canonical_v1
a72bd22a-b376-5cf6-a30c-1a4d4ab33a24,HSS-KAB-106,106,Hamalau - Ganda,Hamalau - Ganda,106,Jl. Hamalau - Ganda,Sungai Raya - Kandangan,Ds. Hamalau - Ds. Baluti,1.17,3.5,0.0,,ruas_jalan_kabupaten.gpkg / ruas_kabupaten_reproject,Dashboard_Analitik_Data_Jalan_2025_Revisi.xlsx / Data_Analitik,canonical_v1
fe34cd92-c0b7-5de2-b0d4-eea5096a9c7f,HSS-KAB-107,107,Tamiyang - Ds. Tamiyang (Eks TMMD),Tamiyang - Ds. Tamiyang (Eks TMMD),107,Jl. Tamiyang - Ds. Tamiyang (Eks TMMD),Sungai Raya,Ds. Tamiyang,2.04,3.0,0.0,,ruas_jalan_kabupaten.gpkg / ruas_kabupaten_reproject,Dashboard_Analitik_Data_Jalan_2025_Revisi.xlsx / Data_Analitik,canonical_v1
541afa9e-31ab-550c-976a-c12316fe5aff,HSS-KAB-108,108,Tanah Bangkang Menuju Balai Benih Ikan,Tanah Bangkang Menuju Balai Benih Ikan,108,Jl. Tanah Bangkang Menuju Balai Benih Ikan,Sungai Raya,Ds. Pahampangan,0.66,3.0,0.0,,ruas_jalan_kabupaten.gpkg / ruas_kabupaten_reproject,Dashboard_Analitik_Data_Jalan_2025_Revisi.xlsx / Data_Analitik,canonical_v1
346d6465-dbc3-5125-90d4-659f3c9ef3fa,HSS-KAB-109,109,Karang Intan - Tanah Bangkang,Karang Intan - Tanah Bangkang,109,Jl. Karang Intan - Tanah Bangkang,Sungai Raya,Ds. Sei Raya Selatan - Ds. Tnh Bangkang,1.11,3.0,0.0,,ruas_jalan_kabupaten.gpkg / ruas_kabupaten_reproject,Dashboard_Analitik_Data_Jalan_2025_Revisi.xlsx / Data_Analitik,canonical_v1
52400d20-92c7-57ae-a238-f984bdfe2dc1,HSS-KAB-110,110,Jl. Haritas (PT. Pertani),Haritas (PT. Pertani),110,Jl. Haritas (PT. Pertani),Sungai Raya,Ds. Hariti - Ds. Bataang Kulur Tengah,0.64,3.0,0.0,,ruas_jalan_kabupaten.gpkg / ruas_kabupaten_reproject,Dashboard_Analitik_Data_Jalan_2025_Revisi.xlsx / Data_Analitik,canonical_v1
4c5ebb91-f712-5f7d-9af1-fd7a25357916,HSS-KAB-111,111,Paharuangan - Sei. Raya Selatan,Paharuangan - Sei. Raya Selatan,111,Paharuangan - Sungai Raya Selatan,Sungai Raya,Ds. Sungai Raya Selatan,1.96,3.5,0.0,,ruas_jalan_kabupaten.gpkg / ruas_kabupaten_reproject,Dashboard_Analitik_Data_Jalan_2025_Revisi.xlsx / Data_Analitik,canonical_v1
0c9496ea-4c8f-53d6-b03a-5fe21cb3d211,HSS-KAB-112,112,Jl. Bangga TMMD,Bangga TMMD,112,Jl. Bangga TMMD,Sungai Raya,Ds. Telaga Bidadari,0.79,3.5,0.0,,ruas_jalan_kabupaten.gpkg / ruas_kabupaten_reproject,Dashboard_Analitik_Data_Jalan_2025_Revisi.xlsx / Data_Analitik,canonical_v1
41b41550-796c-5d08-b376-a47530e33522,HSS-KAB-113,113,Batang Kulur Kiri - Durian Landung,Batang Kulur Kiri - Durian Landung,113,Jl. Batang Kulur Kiri - Durian Landung,Sungai Raya,Ds. Batang Kulur Kiri - Ds. Paring Agung,0.55,3.5,0.0,,ruas_jalan_kabupaten.gpkg / ruas_kabupaten_reproject,Dashboard_Analitik_Data_Jalan_2025_Revisi.xlsx / Data_Analitik,canonical_v1
97dc9501-9cba-5e4c-90a1-70ef94ea9ec8,HSS-KAB-114,114,Jl. Taminung,Taminung,114,Jl. Taminung,Sungai Raya,Ds. Telaga Bidadari,2.02,3.5,0.0,,ruas_jalan_kabupaten.gpkg / ruas_kabupaten_reproject,Dashboard_Analitik_Data_Jalan_2025_Revisi.xlsx / Data_Analitik,canonical_v1
00328dc2-3c29-5955-9ce2-75861cbd962e,HSS-KAB-115,115,Matang Gadung - Halalang,Matang Gadung - Halalang,115,Jl. Matang Gadung - Halalang,Sungai Raya,Ds. Telaga Bidadari,0.42,3.0,0.0,,ruas_jalan_kabupaten.gpkg / ruas_kabupaten_reproject,Dashboard_Analitik_Data_Jalan_2025_Revisi.xlsx / Data_Analitik,canonical_v1
e28d7c24-f48d-5cee-8d91-606feffe879b,HSS-KAB-116,116,Sungai Raya Utara - Teluk Pinang _x000D_,Sungai Raya Utara - Teluk Pinang _x000D_,116,Jl. Sungai Raya Utara-Teluk Pinang,Sungai Raya,Ds. Sungai Raya Utara - Ds. Karasikan,1.7,3.0,0.0,,ruas_jalan_kabupaten.gpkg / ruas_kabupaten_reproject,Dashboard_Analitik_Data_Jalan_2025_Revisi.xlsx / Data_Analitik,canonical_v1
2579890f-e6bb-5e5c-8cae-c2ed45187f85,HSS-KAB-117,117,Jl. Mangunang - Ds. Sungai Raya Utara,Mangunang - Ds. Sungai Raya Utara,117,Jl. Mangunang,Sungai Raya,Ds. Sungai Raya Utara,0.7,3.0,0.0,,ruas_jalan_kabupaten.gpkg / ruas_kabupaten_reproject,Dashboard_Analitik_Data_Jalan_2025_Revisi.xlsx / Data_Analitik,canonical_v1
a3b89aaa-3431-5318-8420-deab2a7fb5e7,HSS-KAB-118,118,Hamalau - Asam Cangkok,Hamalau - Asam Cangkok,118,Hamalau - Asam Cangkok,Sungai Raya - Kandangan,Ds. Telaga Bidadari - Ds. Amawang Kanan,1.43,3.0,0.0,,ruas_jalan_kabupaten.gpkg / ruas_kabupaten_reproject,Dashboard_Analitik_Data_Jalan_2025_Revisi.xlsx / Data_Analitik,canonical_v1
e8eff519-4cda-5bc0-af7f-7a0bb91dc34c,HSS-KAB-119,119,Hariti - Sungai Raya Selatan,Hariti - Sungai Raya Selatan,119,Jl. Hariti - Sungai Raya Selatan,Sungai Raya,Ds. Hariti - Ds. Sungai Raya Selatan,2.66,3.0,0.0,,ruas_jalan_kabupaten.gpkg / ruas_kabupaten_reproject,Dashboard_Analitik_Data_Jalan_2025_Revisi.xlsx / Data_Analitik,canonical_v1
7d1cd87d-b23b-55ff-9865-12e6cbc06f6c,HSS-KAB-120,120,Mangaris - Limau Manis,Mangaris - Limau Manis,120,Mangaris - Limau Manis,Sungai Raya,Ds. Hariti - Ds. Ida Manggala,4.1,3.5,0.0,,ruas_jalan_kabupaten.gpkg / ruas_kabupaten_reproject,Dashboard_Analitik_Data_Jalan_2025_Revisi.xlsx / Data_Analitik,canonical_v1
1cc397ba-3be6-5226-bc7e-cf7f8dc57a81,HSS-KAB-121,121,Jl. Munggu Raya - Ds. Hariti,Munggu Raya - Ds. Hariti,121,Jl. Munggu Raya - Ds. Hariti,Sungai Raya,Ds. Hariti,0.46,3.0,0.0,,ruas_jalan_kabupaten.gpkg / ruas_kabupaten_reproject,Dashboard_Analitik_Data_Jalan_2025_Revisi.xlsx / Data_Analitik,canonical_v1
61ab62b7-0669-5bf3-acc6-a8e37470b5de,HSS-KAB-122,122,Paharuangan - Asam Dua,Paharuangan - Asam Dua,122,Paharuangan - Asam Dua,Sungai Raya,Ds. Sungai Raya Selatan,0.91,3.5,0.0,,ruas_jalan_kabupaten.gpkg / ruas_kabupaten_reproject,Dashboard_Analitik_Data_Jalan_2025_Revisi.xlsx / Data_Analitik,canonical_v1
37db58e5-7b11-5701-be57-10ad59d6b663,HSS-KAB-123,123,Asam Seranggan - Asam Tamiyang,Asam Seranggan - Asam Tamiyang,123,Asam Seranggan - Asam Tamiyang,Sungai Raya,Ds. Asam - Ds. Tamiyang,1.02,4.0,0.0,,ruas_jalan_kabupaten.gpkg / ruas_kabupaten_reproject,Dashboard_Analitik_Data_Jalan_2025_Revisi.xlsx / Data_Analitik,canonical_v1
3ed6d008-1acd-5136-ada0-105ae52c9642,HSS-KAB-124,124,Jl. Papancan - Ds. Tanah Bangkang,Papancan - Ds. Tanah Bangkang,124,Jl. Papancan - Ds. Tanah Bangkang,Sungai Raya,Ds. Pahampangan - Ds. Tanah Bangkang,1.46,3.0,0.0,,ruas_jalan_kabupaten.gpkg / ruas_kabupaten_reproject,Dashboard_Analitik_Data_Jalan_2025_Revisi.xlsx / Data_Analitik,canonical_v1
e1874c39-42cc-50c0-b82d-59da78699126,HSS-KAB-125,125,Jl. Baru - Asam Desa Baru,Baru - Asam Desa Baru,125,Jl. Baru - Asam Desa Baru/Asam,Sungai Raya,Ds. Baru - Ds. Asam,1.32,3.0,0.0,,ruas_jalan_kabupaten.gpkg / ruas_kabupaten_reproject,Dashboard_Analitik_Data_Jalan_2025_Revisi.xlsx / Data_Analitik,canonical_v1
71553a37-3da3-5a7f-9e43-2787e848b779,HSS-KAB-126,126,Jl. Sungai Namang - Ds. Tanah Bangkang,Sungai Namang - Ds. Tanah Bangkang,126,Jl. Sungai Namang - Ds. Tanah Bangkang,Sungai Raya,Ds. Tanah Bangkang,0.73,3.0,0.0,,ruas_jalan_kabupaten.gpkg / ruas_kabupaten_reproject,Dashboard_Analitik_Data_Jalan_2025_Revisi.xlsx / Data_Analitik,canonical_v1
7b352196-43db-5108-bf58-bbee336aab23,HSS-KAB-127,127,Jarau - Parandakan,Jarau - Parandakan,127,Jl. Jarau - Parandakan,Sungai Raya,Ds. Ida Manggala,0.7,3.0,0.0,,ruas_jalan_kabupaten.gpkg / ruas_kabupaten_reproject,Dashboard_Analitik_Data_Jalan_2025_Revisi.xlsx / Data_Analitik,canonical_v1
17068322-4fea-5e57-9886-bfe73081c527,HSS-KAB-128,128,Mungkur Galah - Lokpaikat,Mungkur Galah - Lokpaikat,128,Jl. Mungkur Galah - Lokpaikat,Sungai Raya,Ds. Bumi Berkat,0.71,3.0,0.0,,ruas_jalan_kabupaten.gpkg / ruas_kabupaten_reproject,Dashboard_Analitik_Data_Jalan_2025_Revisi.xlsx / Data_Analitik,canonical_v1
8de6e6e4-568f-594d-ac38-e78c212c0a6b,HSS-KAB-129,129,Batang Kulur Kanan - Bumi Berkat (Jl. Kisung),Batang Kulur Kanan - Bumi Berkat (Jl. Kisung),129,Batang Kulur Kanan - Bumi Berkat (Jl. Kisung),Sungai Raya,Ds. Batang Kulur Kanan - Ds. Bumi Berkat,1.61,3.0,0.0,,ruas_jalan_kabupaten.gpkg / ruas_kabupaten_reproject,Dashboard_Analitik_Data_Jalan_2025_Revisi.xlsx / Data_Analitik,canonical_v1
1f0eea52-60bb-52a7-9d4c-eb4f6ab6d87e,HSS-KAB-130,130,Batang Kulur Kanan - Batang Kulur Kiri,Batang Kulur Kanan - Batang Kulur Kiri,130,Batang Kulur Kanan - Batang Kulur Kiri,Sungai Raya,Ds. Batang Kulur Kiri,0.82,3.5,0.0,,ruas_jalan_kabupaten.gpkg / ruas_kabupaten_reproject,Dashboard_Analitik_Data_Jalan_2025_Revisi.xlsx / Data_Analitik,canonical_v1
82bdfc29-01e3-5e61-bd9a-a769412e8714,HSS-KAB-131,131,Jl. Manggis - Ds. Baru,Manggis - Ds. Baru,131,Jl. Manggis,Sungai Raya,Ds. Baru - Ds. Asam,1.28,3.5,0.0,,ruas_jalan_kabupaten.gpkg / ruas_kabupaten_reproject,Dashboard_Analitik_Data_Jalan_2025_Revisi.xlsx / Data_Analitik,canonical_v1
bb5f653c-ba98-5b03-96da-52a8c5a935d2,HSS-KAB-132,132,Jl. TPA - Ds. Sungai Raya Selatan,TPA - Ds. Sungai Raya Selatan,132,Jl. TPA Sungai Raya Selatan,Sungai Raya,Ds. Sungai Raya Selatan,0.85,6.0,0.0,,ruas_jalan_kabupaten.gpkg / ruas_kabupaten_reproject,Dashboard_Analitik_Data_Jalan_2025_Revisi.xlsx / Data_Analitik,canonical_v1
dcd193cd-ef14-5ce6-a0e0-824dceb8dfb6,HSS-KAB-133,133,Jl. Pembangunan - Ds. Sungai Raya Utara,Pembangunan - Ds. Sungai Raya Utara,133,Jl. Pembangunan - Ds. Sungai Raya Utara,Sungai Raya,Ds. Sei Raya Utara - Ds. Sarang Halang,0.95,3.0,0.0,,ruas_jalan_kabupaten.gpkg / ruas_kabupaten_reproject,Dashboard_Analitik_Data_Jalan_2025_Revisi.xlsx / Data_Analitik,canonical_v1
a518967c-6c1c-5dc6-af2e-5decaaff6cc9,HSS-KAB-134,134,Jl. Kalaka Dayuh - Ds. Sungai Raya Utara,Kalaka Dayuh - Ds. Sungai Raya Utara,134,Jl. Kalaka Dayuh - Ds. Sungai Raya Utara,Sungai Raya,Ds. Sungai Raya Utara,0.43,3.0,0.0,,ruas_jalan_kabupaten.gpkg / ruas_kabupaten_reproject,Dashboard_Analitik_Data_Jalan_2025_Revisi.xlsx / Data_Analitik,canonical_v1
c92ef383-7f9e-557e-b098-2236572491a3,HSS-KAB-135,135,Teluk Pinang - Padang Rasau,Teluk Pinang - Padang Rasau,135,Teluk Pinang - Padang Rasau,Padang Batung,Ds. Baluti - Ds. Jembatan Merah,2.18,3.5,0.0,,ruas_jalan_kabupaten.gpkg / ruas_kabupaten_reproject,Dashboard_Analitik_Data_Jalan_2025_Revisi.xlsx / Data_Analitik,canonical_v1
8b41c34c-8695-5a53-81dd-861143de210a,HSS-KAB-136,136,Tanayung - Simp. Ambarai,Tanayung - Simp. Ambarai,136,Tanayung - Simpang Ambarai,Padang Batung,Ds. Pandulangan - Ds. Karang Jawa,1.61,3.5,0.0,,ruas_jalan_kabupaten.gpkg / ruas_kabupaten_reproject,Dashboard_Analitik_Data_Jalan_2025_Revisi.xlsx / Data_Analitik,canonical_v1
9f14ae7f-7804-57f5-a680-2f43a7eb9db8,HSS-KAB-137,137,Tabihi - Telaga Langsat,Tabihi - Telaga Langsat,137,Tabihi - Telaga Langsat,Padang Batung - Telaga Langsat,Ds. Tabihi - Ds. Mandala,8.65,4.0,0.0,,ruas_jalan_kabupaten.gpkg / ruas_kabupaten_reproject,Dashboard_Analitik_Data_Jalan_2025_Revisi.xlsx / Data_Analitik,canonical_v1
c3d667bb-9147-539a-84b1-1e8d4d8c7ad1,HSS-KAB-138,138,Karang Jawa -Ambarai - Sungai Bungur,Karang Jawa -Ambarai - Sungai Bungur,138,Karang Jawa - Ambarai - Sungai Bungur,Padang Batung,Ds. Karang Jawa - Ds. Pandulangan,4.04,3.5,0.0,,ruas_jalan_kabupaten.gpkg / ruas_kabupaten_reproject,Dashboard_Analitik_Data_Jalan_2025_Revisi.xlsx / Data_Analitik,canonical_v1
9370dbb5-cab2-5d64-9523-4428df36d546,HSS-KAB-139,139,Ambarai - Madang,Ambarai - Madang,139,Ambarai - Madang,Padang Batung,Ds. Karang Jawa - Ds. Madang,1.74,3.5,0.0,,ruas_jalan_kabupaten.gpkg / ruas_kabupaten_reproject,Dashboard_Analitik_Data_Jalan_2025_Revisi.xlsx / Data_Analitik,canonical_v1
75a409b6-0ab4-5532-a85e-63afc9ab1e06,HSS-KAB-140,140,Padang Batung - Batulaki - Malilingin,Padang Batung - Batulaki - Malilingin,140,Padang Batung - Batu Laki - Malilingin,Padang Batung,Ds. Padang Batung - Ds. Malilingin,8.88,3.5,0.0,,ruas_jalan_kabupaten.gpkg / ruas_kabupaten_reproject,Dashboard_Analitik_Data_Jalan_2025_Revisi.xlsx / Data_Analitik,canonical_v1
b6d1f7fd-73ec-5b82-9300-89428d99b7f5,HSS-KAB-141,141,Malilingin - Lokbahan - Paniungan,Malilingin - Lokbahan - Paniungan,141,Malilingin - Lokbahan - Paniungan,Padang Batung,Ds. Malilingin,10.66,3.01,0.0,,ruas_jalan_kabupaten.gpkg / ruas_kabupaten_reproject,Dashboard_Analitik_Data_Jalan_2025_Revisi.xlsx / Data_Analitik,canonical_v1
6b5b7686-020a-5b1e-a3ae-0344ea3bccd1,HSS-KAB-142,142,Mawangi - Bukuanin - Telaga Langsat,Mawangi - Bukuanin - Telaga Langsat,142,Mawangi - Bukuanin - Telaga Langsat,Padang Batung - Telaga Langsat,Ds. Mawangi - Ds. Mandala,14.22,4.0,0.0,,ruas_jalan_kabupaten.gpkg / ruas_kabupaten_reproject,Dashboard_Analitik_Data_Jalan_2025_Revisi.xlsx / Data_Analitik,canonical_v1
a77f7d16-baaa-5342-877d-db51f4f1fe16,HSS-KAB-143,143,Mandapai - Madang,Mandapai - Madang,143,Mandapai - Madang,Padang Batung,Ds. Batubini - Ds. Madang,5.82,3.5,0.0,,ruas_jalan_kabupaten.gpkg / ruas_kabupaten_reproject,Dashboard_Analitik_Data_Jalan_2025_Revisi.xlsx / Data_Analitik,canonical_v1
2e096bf6-9d98-55eb-bc95-1a313f19daa3,HSS-KAB-144,144,Kaliring - Sp. Padang Batung,Kaliring - Sp. Padang Batung,144,Kaliring - SP. Padang Batung,Padang Batung,Ds. Kaliring - Ds. Jembatan Merah,4.5,3.0,0.0,,ruas_jalan_kabupaten.gpkg / ruas_kabupaten_reproject,Dashboard_Analitik_Data_Jalan_2025_Revisi.xlsx / Data_Analitik,canonical_v1
4cc16a9e-bec3-5b14-9a11-02e27e521b4e,HSS-KAB-145,145,Pagar Haur - Malutu,Pagar Haur - Malutu,145,Pagar Haur - Malutu,Padang Batung,Ds. Jalatang,0.22,3.5,0.0,,ruas_jalan_kabupaten.gpkg / ruas_kabupaten_reproject,Dashboard_Analitik_Data_Jalan_2025_Revisi.xlsx / Data_Analitik,canonical_v1
249e1b7b-ba55-583a-aba4-f6bea9bc6ea7,HSS-KAB-146,146,Simpang Malutu - Pahampangan,Simpang Malutu - Pahampangan,146,Simpang Malutu - Pahampangan,Padang Batung - Sungai Raya,Ds. Malutu - Ds. Pahampangan,4.51,3.0,0.0,,ruas_jalan_kabupaten.gpkg / ruas_kabupaten_reproject,Dashboard_Analitik_Data_Jalan_2025_Revisi.xlsx / Data_Analitik,canonical_v1
d853a63a-c886-5206-acc6-1755be5b5478,HSS-KAB-147,147,Simpang Malutu - Tambak,Simpang Malutu - Tambak,147,Simpang Malutu - Tambak,Padang Batung,Ds. Malutu - Ds. Jalatang,2.87,3.92,0.0,,ruas_jalan_kabupaten.gpkg / ruas_kabupaten_reproject,Dashboard_Analitik_Data_Jalan_2025_Revisi.xlsx / Data_Analitik,canonical_v1
68f0f6a4-d847-56e6-aa2e-5d7d0df2e2fc,HSS-KAB-148,148,Pagat Batu - Muara Hariang,Pagat Batu - Muara Hariang,148,Pagat Batu - Muara Hariang,Padang Batung,Ds. Batubini,3.27,3.5,0.0,,ruas_jalan_kabupaten.gpkg / ruas_kabupaten_reproject,Dashboard_Analitik_Data_Jalan_2025_Revisi.xlsx / Data_Analitik,canonical_v1
8bca6d26-3bbc-5e12-89d8-90d1de39e257,HSS-KAB-149,149,Paku (Jambu Hulu) - Ganda,Paku (Jambu Hulu) - Ganda,149,Paku (Jambu Hulu) - Ganda,Padang Batung - Kandangan,Ds. Jambu Hulu - Ds. Baluti,1.88,3.0,0.0,,ruas_jalan_kabupaten.gpkg / ruas_kabupaten_reproject,Dashboard_Analitik_Data_Jalan_2025_Revisi.xlsx / Data_Analitik,canonical_v1
dac3084b-1a9b-5e98-b314-50c9be538717,HSS-KAB-150,150,Sp.3 Bukuanin - Riam Talo,Sp.3 Bukuanin - Riam Talo,150,SP.3 Bukuanin - Riam Talo,Padang Batung - Telaga Langsat,Ds. Mawangi - Ds. Halunuk,3.12,3.0,0.0,,ruas_jalan_kabupaten.gpkg / ruas_kabupaten_reproject,Dashboard_Analitik_Data_Jalan_2025_Revisi.xlsx / Data_Analitik,canonical_v1
9d5016c8-4509-50bf-a735-5d53756531e2,HSS-KAB-151,151,Sp.3 Bukuanin - Tayub,Sp.3 Bukuanin - Tayub,151,SP.3 Bukuanin - Tayub,Padang Batung,Ds. Mawangi - Ds. Madang,3.39,3.0,0.0,,ruas_jalan_kabupaten.gpkg / ruas_kabupaten_reproject,Dashboard_Analitik_Data_Jalan_2025_Revisi.xlsx / Data_Analitik,canonical_v1
2d7dd951-57bf-5f86-b85b-2eb4be279495,HSS-KAB-152,152,Madang - Ambutun,Madang - Ambutun,152,Madang - Ambutun,Padang Batung - Telaga Langsat,Ds. Madang - Ds. Ambutun,2.94,3.5,0.0,,ruas_jalan_kabupaten.gpkg / ruas_kabupaten_reproject,Dashboard_Analitik_Data_Jalan_2025_Revisi.xlsx / Data_Analitik,canonical_v1
cf651294-7f78-5914-bf40-55c57c7890cf,HSS-KAB-153,153,Jl. Monumen 17 Mei - Mandapai,Monumen 17 Mei - Mandapai,153,Jl. Monumen 17 Mei - Mandapai,Padang Batung,Ds. Batubini,0.06,3.5,0.0,,ruas_jalan_kabupaten.gpkg / ruas_kabupaten_reproject,Dashboard_Analitik_Data_Jalan_2025_Revisi.xlsx / Data_Analitik,canonical_v1
a62be348-ee42-549c-b4cf-9470c6e8477c,HSS-KAB-154,154,Batu Laki - Muara Pipii,Batu Laki - Muara Pipii,154,Batulaki - Muara Pipii,Padang Batung,Ds. Batulaki,4.27,3.5,0.0,,ruas_jalan_kabupaten.gpkg / ruas_kabupaten_reproject,Dashboard_Analitik_Data_Jalan_2025_Revisi.xlsx / Data_Analitik,canonical_v1
f4dbcbe1-a6c7-592e-b1a2-2627fd984fda,HSS-KAB-155,155,Muara Pipii - Tambak Pipii,Muara Pipii - Tambak Pipii,155,Muara Pipii - Tambak Pipii,Padang Batung,Ds. Batulaki,4.65,3.0,0.0,,ruas_jalan_kabupaten.gpkg / ruas_kabupaten_reproject,Dashboard_Analitik_Data_Jalan_2025_Revisi.xlsx / Data_Analitik,canonical_v1
9deded88-396b-5766-8cfb-9ba2ed1dc334,HSS-KAB-156,156,Tambak Pipii - Malilingin,Tambak Pipii - Malilingin,156,Tambak Pipii - Malilingin,Padang Batung,Ds. Batulaki - Ds. Malilingin,4.88,3.28,0.0,,ruas_jalan_kabupaten.gpkg / ruas_kabupaten_reproject,Dashboard_Analitik_Data_Jalan_2025_Revisi.xlsx / Data_Analitik,canonical_v1
c5e36c2b-794f-59f3-acb7-67ac963bb79e,HSS-KAB-157,157,Malilingin - Muara Hariang,Malilingin - Muara Hariang,157,Malilingin - Muara Hariang,Padang Batung,Ds. Malilingin - Ds. Batubini,4.57,4.0,0.0,,ruas_jalan_kabupaten.gpkg / ruas_kabupaten_reproject,Dashboard_Analitik_Data_Jalan_2025_Revisi.xlsx / Data_Analitik,canonical_v1
ea1331e2-f890-5eb1-af8b-115bdae157f1,HSS-KAB-158,158,Mawangi - Pariangan,Mawangi - Pariangan,158,Mawangi - Pariangan,Padang Batung,Ds. Mawangi - Ds. Batubini,2.35,3.5,0.0,,ruas_jalan_kabupaten.gpkg / ruas_kabupaten_reproject,Dashboard_Analitik_Data_Jalan_2025_Revisi.xlsx / Data_Analitik,canonical_v1
713c55c3-7321-5d4b-b20c-5c86afd346db,HSS-KAB-159,159,Jambu Hulu - Paku Pantai,Jambu Hulu - Paku Pantai,159,Jambu Hulu - Paku Pantai,Padang Batung,Ds. Jambu Hulu,1.62,3.0,0.0,,ruas_jalan_kabupaten.gpkg / ruas_kabupaten_reproject,Dashboard_Analitik_Data_Jalan_2025_Revisi.xlsx / Data_Analitik,canonical_v1
7cb528c5-e7e2-5149-9829-59c5d78f65cb,HSS-KAB-160,160,Sungai Minting - Ds. Malutu,Sungai Minting - Ds. Malutu,160,Jl. Sungai Minting - Ds. Malutu,Padang Batung,Ds. Malutu,0.47,3.0,0.0,,ruas_jalan_kabupaten.gpkg / ruas_kabupaten_reproject,Dashboard_Analitik_Data_Jalan_2025_Revisi.xlsx / Data_Analitik,canonical_v1
2256d18f-6610-5e71-b969-a1a90d2972fd,HSS-KAB-161,161,Padang Rasau (Tambak Tamiang) - Paku Pantai,Padang Rasau (Tambak Tamiang) - Paku Pantai,161,Jl. Padang Rasau (Tambak Tamiang) - Paku Pantai,Padang Batung,Ds. Jambu Hulu - Ds. Baluti,2.23,3.0,0.0,,ruas_jalan_kabupaten.gpkg / ruas_kabupaten_reproject,Dashboard_Analitik_Data_Jalan_2025_Revisi.xlsx / Data_Analitik,canonical_v1
aac6a0a1-392d-5683-9835-022253f2e840,HSS-KAB-162,162,Jl. Galuntang Tayub - Ds. Madang,Galuntang Tayub - Ds. Madang,162,Jl. Galuntang Tayub - Ds. Madang,Padang Batung,Ds. Madang,2.36,3.5,0.0,,ruas_jalan_kabupaten.gpkg / ruas_kabupaten_reproject,Dashboard_Analitik_Data_Jalan_2025_Revisi.xlsx / Data_Analitik,canonical_v1
2bdd0939-8ea5-57d5-a7d9-1cc229d63419,HSS-KAB-163,163,Jl. Menuju SMPN Malilingin,Menuju SMPN Malilingin,163,Jl. Menuju SMPN Malilingin,Padang Batung,Ds. Malilingin,0.45,3.0,0.0,,ruas_jalan_kabupaten.gpkg / ruas_kabupaten_reproject,Dashboard_Analitik_Data_Jalan_2025_Revisi.xlsx / Data_Analitik,canonical_v1
1ee9154d-82f4-5229-84c8-d1777298aeb1,HSS-KAB-164,164,Jl. Samping Mesjid Mandapai,Samping Mesjid Mandapai,164,Jl. Samping Mesjid Mandapai,Padang Batung,Ds. Batubini,0.24,3.0,0.0,,ruas_jalan_kabupaten.gpkg / ruas_kabupaten_reproject,Dashboard_Analitik_Data_Jalan_2025_Revisi.xlsx / Data_Analitik,canonical_v1
dc945966-148f-5565-9588-716447039a73,HSS-KAB-165,165,Muara Hariang - Bayumbung,Muara Hariang - Bayumbung,165,Muara Hariang - Bayumbung,Padang Batung - Loksado,Ds. Batubini - Ds. Halunuk,4.0,2.0,0.0,,ruas_jalan_kabupaten.gpkg / ruas_kabupaten_reproject,Dashboard_Analitik_Data_Jalan_2025_Revisi.xlsx / Data_Analitik,canonical_v1
9bc7754b-68b2-5697-88cb-310136c2204f,HSS-KAB-166,166,Tambak Pipii - Batu Ampar,Tambak Pipii - Batu Ampar,166,Tambak Pipii - Batu Ampar,Padang Batung,Ds. Batulaki,1.98,1.5,0.0,,ruas_jalan_kabupaten.gpkg / ruas_kabupaten_reproject,Dashboard_Analitik_Data_Jalan_2025_Revisi.xlsx / Data_Analitik,canonical_v1
4f967d36-7605-58c3-a5b3-4dc919d00538,HSS-KAB-167,167,Bakarung - Rantauan,Bakarung - Rantauan,167,Bakarung - Rantauan,Angkinang,Ds. Bakarung - Ds. Gambah Dalam Barat,3.03,3.5,0.0,,ruas_jalan_kabupaten.gpkg / ruas_kabupaten_reproject,Dashboard_Analitik_Data_Jalan_2025_Revisi.xlsx / Data_Analitik,canonical_v1
570e69ce-3058-5bf2-af14-e4adaf46c6fd,HSS-KAB-168,168,Taniran Selatan - Rantauan,Taniran Selatan - Rantauan,168,Taniran Selatan - Rantauan,Angkinang,Ds. Bakarung - Ds. Taniran Selatan,1.11,3.0,0.0,,ruas_jalan_kabupaten.gpkg / ruas_kabupaten_reproject,Dashboard_Analitik_Data_Jalan_2025_Revisi.xlsx / Data_Analitik,canonical_v1
9c35253d-af38-5b74-974b-67d708e9d933,HSS-KAB-169,169,Bakarung -Tabihi - Karang Jawa,Bakarung -Tabihi - Karang Jawa,169,Bakarung - Tabihi -Karang Jawa,Angkinang - Padang Batung,Ds. Bakarung - Ds. Karang Jawa,4.57,3.5,0.0,,ruas_jalan_kabupaten.gpkg / ruas_kabupaten_reproject,Dashboard_Analitik_Data_Jalan_2025_Revisi.xlsx / Data_Analitik,canonical_v1
65afdc59-ab61-5cb5-a46e-5b8202d2dfd2,HSS-KAB-170,170,Pandulangan - Kalinduku,Pandulangan - Kalinduku,170,Pandulangan - Kalinduku,Angkinang - Padang Batung,Ds. Pandulangan - Ds. Telaga Sili-Sili,1.07,3.0,0.0,,ruas_jalan_kabupaten.gpkg / ruas_kabupaten_reproject,Dashboard_Analitik_Data_Jalan_2025_Revisi.xlsx / Data_Analitik,canonical_v1
85b57849-5e37-55ac-9411-7d7a37f136d7,HSS-KAB-171,171,Taniran Selatan Kubah - Buntut Taniran / Wawaran,Taniran Selatan Kubah - Buntut Taniran / Wawaran,171,Taniran Selatan Kubah - Buntut Taniran/Wawaran,Angkinang - Kandangan,Ds. Taniran Selatan - Ds. Sungai Kupang,6.74,3.0,0.0,,ruas_jalan_kabupaten.gpkg / ruas_kabupaten_reproject,Dashboard_Analitik_Data_Jalan_2025_Revisi.xlsx / Data_Analitik,canonical_v1
c94009bc-7e04-5885-8010-bbed388215a1,HSS-KAB-172,172,Angkinang Selatan - Tawia - Wawaran,Angkinang Selatan - Tawia - Wawaran,172,Angkinang Selatan - Tawia - Wawaran,Angkinang,Ds. Angkinang Selatan - Ds Taniran Kubah,5.88,3.0,0.0,,ruas_jalan_kabupaten.gpkg / ruas_kabupaten_reproject,Dashboard_Analitik_Data_Jalan_2025_Revisi.xlsx / Data_Analitik,canonical_v1
7e1308d8-e967-576d-9fd8-ab0e45916b8f,HSS-KAB-173,173,Tawia - Kayu Abang,Tawia - Kayu Abang,173,Tawia - Kayu Abang,Angkinang,Ds. Tawia - Ds. Kayu Abang,1.49,3.0,0.0,,ruas_jalan_kabupaten.gpkg / ruas_kabupaten_reproject,Dashboard_Analitik_Data_Jalan_2025_Revisi.xlsx / Data_Analitik,canonical_v1
1ae6f596-32ea-5075-8d0b-b9fd5bf53ea4,HSS-KAB-174,174,Bamban Selatan - Tanggang - Panggang Hijau,Bamban Selatan - Tanggang - Panggang Hijau,174,Bamban Selatan - Tangang - Panggang Hijau,Angkinang,Ds. Bamban - Ds. Kayu Abang,3.58,3.0,0.0,,ruas_jalan_kabupaten.gpkg / ruas_kabupaten_reproject,Dashboard_Analitik_Data_Jalan_2025_Revisi.xlsx / Data_Analitik,canonical_v1
fb1c51a8-83d4-5145-bba5-69916b462224,HSS-KAB-175,175,Angkinang - Telaga Langsat,Angkinang - Telaga Langsat,175,Angkinang - Telaga Langsat,Angkinang - Telaga Langsat,Ds. Angkinang - Ds. Mandala,5.58,3.0,0.0,,ruas_jalan_kabupaten.gpkg / ruas_kabupaten_reproject,Dashboard_Analitik_Data_Jalan_2025_Revisi.xlsx / Data_Analitik,canonical_v1
fe4653e9-8544-53f7-8b5e-fb91ba96a9c5,HSS-KAB-176,176,Bamban Selatan - Pakuan,Bamban Selatan - Pakuan,176,Bamban Selatan - Pakuan,Angkinang - Telaga Langsat,Ds. Bamban Selatan - Ds. Pakuan Timur,2.09,3.0,0.0,,ruas_jalan_kabupaten.gpkg / ruas_kabupaten_reproject,Dashboard_Analitik_Data_Jalan_2025_Revisi.xlsx / Data_Analitik,canonical_v1
e0ce9631-cbbe-5390-a672-355e62377076,HSS-KAB-177,177,Bamban Utara - Longawang,Bamban Utara - Longawang,177,Bamban Utara - Longawang,Angkinang - Telaga Langsat,Ds. Bamban Utara - Ds. Longawang,2.11,3.5,0.0,,ruas_jalan_kabupaten.gpkg / ruas_kabupaten_reproject,Dashboard_Analitik_Data_Jalan_2025_Revisi.xlsx / Data_Analitik,canonical_v1
f9fb610c-66bd-5d6b-99aa-946bd8309439,HSS-KAB-178,178,Angkinang - Kayu Abang - Panggang Hijau,Angkinang - Kayu Abang - Panggang Hijau,178,Angkinang - Kayu Abang - Panggang Hijau,Angkinang,Ds. Angkinang - Ds. Kayu Abang,7.0,3.0,0.0,,ruas_jalan_kabupaten.gpkg / ruas_kabupaten_reproject,Dashboard_Analitik_Data_Jalan_2025_Revisi.xlsx / Data_Analitik,canonical_v1
e1dda79f-f1ca-53fa-9a35-ef193af64cae,HSS-KAB-179,179,Sp. Mandampa Tel. Sili-Sili - Sp. Sei. Bungur,Sp. Mandampa Tel. Sili-Sili - Sp. Sei. Bungur,179,SP. Mandampa Telaga Sili-Sili - SP. Sungai Bungur,Angkinang - Padang Batung,Ds. Angkinang - Ds. Pandulangan,4.9,3.5,0.0,,ruas_jalan_kabupaten.gpkg / ruas_kabupaten_reproject,Dashboard_Analitik_Data_Jalan_2025_Revisi.xlsx / Data_Analitik,canonical_v1
d3b17dd6-ff2c-5c47-a595-22b2b5309716,HSS-KAB-180,180,Sungai Kudung - Kalinduku,Sungai Kudung - Kalinduku,180,Sungai Kudung - Kalinduku,Angkinang,Ds. Bakarung - Ds. Telaga Sili-Sili,2.95,3.5,0.0,,ruas_jalan_kabupaten.gpkg / ruas_kabupaten_reproject,Dashboard_Analitik_Data_Jalan_2025_Revisi.xlsx / Data_Analitik,canonical_v1
fba82547-ce73-566f-a788-9fcbe07c453b,HSS-KAB-181,181,Bamban Tengah - Lok Nyiur,Bamban Tengah - Lok Nyiur,181,Bamban Tengah - Lok Nyiur,Angkinang,Ds. Bamban,1.26,3.5,0.0,,ruas_jalan_kabupaten.gpkg / ruas_kabupaten_reproject,Dashboard_Analitik_Data_Jalan_2025_Revisi.xlsx / Data_Analitik,canonical_v1
04c40b6c-b5e4-52ab-962c-b9b3736ac5ad,HSS-KAB-182,182,Sp. Bakarung Selatan - Sungai Kudung,Sp. Bakarung Selatan - Sungai Kudung,182,Simp. Bakarung Selatan - Sungai Kudung,Angkinang,Ds. Gambah Luar Muka - Ds. Tabihi,0.55,3.0,0.0,,ruas_jalan_kabupaten.gpkg / ruas_kabupaten_reproject,Dashboard_Analitik_Data_Jalan_2025_Revisi.xlsx / Data_Analitik,canonical_v1
a8a5718a-5fb7-585f-922b-0e5489dadd07,HSS-KAB-183,183,Panggang Hijau - Ds. Tawar,Panggang Hijau - Ds. Tawar,183,Jl.Panggang Hijau - DsTawar,Angkinang - Kandangan,Ds. Tawia - Ds. Sungai Kupang,3.67,3.0,0.0,,ruas_jalan_kabupaten.gpkg / ruas_kabupaten_reproject,Dashboard_Analitik_Data_Jalan_2025_Revisi.xlsx / Data_Analitik,canonical_v1
31db80b0-b64c-5d91-b838-5d8426adbd2c,HSS-KAB-184,184,Taniran Tengah - Taniran Selatan,Taniran Tengah - Taniran Selatan,184,Taniran Tengah - Taniran Selatan,Angkinang,Ds. Taniran Selatan - Ds. Taniran Kubah,2.26,3.0,0.0,,ruas_jalan_kabupaten.gpkg / ruas_kabupaten_reproject,Dashboard_Analitik_Data_Jalan_2025_Revisi.xlsx / Data_Analitik,canonical_v1
cd78ad5e-57de-5f69-abe0-0b168d8d5276,HSS-KAB-185,185,Jl. Kayu Abang - Ds. Anjiran,Kayu Abang - Ds. Anjiran,185,Jl. Kayu Abang - Ds. Anjiran,Angkinang,Ds. Kayu Abang - Ds. Bamban,0.98,3.0,0.0,,ruas_jalan_kabupaten.gpkg / ruas_kabupaten_reproject,Dashboard_Analitik_Data_Jalan_2025_Revisi.xlsx / Data_Analitik,canonical_v1
ca0ccf17-ad31-5937-aa38-5cb30d030a56,HSS-KAB-186,186,Jl. Rel Angkinang - TMMD Angkinang,Rel Angkinang - TMMD Angkinang,186,Jl. Rel Angkinang - TMMD Angkinang,Angkinang,Ds. Angkinang Selatan,3.63,3.0,0.0,,ruas_jalan_kabupaten.gpkg / ruas_kabupaten_reproject,Dashboard_Analitik_Data_Jalan_2025_Revisi.xlsx / Data_Analitik,canonical_v1
fba74e7a-a278-590c-a3c9-dac943efbd3b,HSS-KAB-187,187,Jl. AMD - Ds. Lok Binuang,AMD - Ds. Lok Binuang,187,Jl. AMD - Ds. Lok Binuang,Angkinang,Ds. Lok Binuang - Ds. Telaga Langsat,1.57,3.5,0.0,,ruas_jalan_kabupaten.gpkg / ruas_kabupaten_reproject,Dashboard_Analitik_Data_Jalan_2025_Revisi.xlsx / Data_Analitik,canonical_v1
e38cfa26-f9d9-50bf-8650-76d43652f7fa,HSS-KAB-188,188,Jl. Pandan Sari - Ds. Angkinang,Pandan Sari - Ds. Angkinang,188,Jl. Pandan Sari,Angkinang,Ds. Angkinang,0.44,3.0,0.0,,ruas_jalan_kabupaten.gpkg / ruas_kabupaten_reproject,Dashboard_Analitik_Data_Jalan_2025_Revisi.xlsx / Data_Analitik,canonical_v1
3f1301e9-b2a9-5e2e-8812-2064107102e8,HSS-KAB-189,189,Bamban Selatan - Pakuan Balunan,Bamban Selatan - Pakuan Balunan,189,Jl. Bamban Selatan - Pakuan Balunan,Angkinang,Ds. Bamban Selatan,1.71,3.0,0.0,,ruas_jalan_kabupaten.gpkg / ruas_kabupaten_reproject,Dashboard_Analitik_Data_Jalan_2025_Revisi.xlsx / Data_Analitik,canonical_v1
fb449268-2cdd-58b7-a175-88e3c080ff71,HSS-KAB-190,190,Kayu Abang - Paya,Kayu Abang - Paya,190,Jl. Kayu Abang - Paya,Angkinang,Ds. Kayu Abang,0.7,3.0,0.0,,ruas_jalan_kabupaten.gpkg / ruas_kabupaten_reproject,Dashboard_Analitik_Data_Jalan_2025_Revisi.xlsx / Data_Analitik,canonical_v1
71075970-4e1f-5f31-883c-2449ff248a16,HSS-KAB-191,191,Bamban (Tibung) - Martajiwa,Bamban (Tibung) - Martajiwa,191,Jl. Bamban (Tibung) - Martajiwa,Angkinang,Ds. Bamban,0.66,3.0,0.0,,ruas_jalan_kabupaten.gpkg / ruas_kabupaten_reproject,Dashboard_Analitik_Data_Jalan_2025_Revisi.xlsx / Data_Analitik,canonical_v1
7c98d9e5-7940-5e50-b69e-3d027d97341c,HSS-KAB-192,192,Rantauan - Sungai Baru (Jl. Pulau),Rantauan - Sungai Baru (Jl. Pulau),192,Jl. Rantauan - Sungai Baru (Jl. Pulau),Angkinang,Ds. Bakarung - Ds. Taniran Selatan,1.18,3.5,0.0,,ruas_jalan_kabupaten.gpkg / ruas_kabupaten_reproject,Dashboard_Analitik_Data_Jalan_2025_Revisi.xlsx / Data_Analitik,canonical_v1
fc893e7a-47bf-546c-810a-3019d59e0cec,HSS-KAB-193,193,Telaga Langsat - Pakuan Timur,Telaga Langsat - Pakuan Timur,193,Telaga Langsat - Pakuan Timur,Telaga Langsat,Ds. Mandala - Ds. Pakuan Timur,2.82,3.0,0.0,,ruas_jalan_kabupaten.gpkg / ruas_kabupaten_reproject,Dashboard_Analitik_Data_Jalan_2025_Revisi.xlsx / Data_Analitik,canonical_v1
327bed09-66c8-5aec-93c7-22cd9e97eef2,HSS-KAB-194,194,Longawang - Gumbil,Longawang - Gumbil,194,Longawang - Gumbil,Telaga Langsat,Ds. Longawang - Ds. Gumbil,1.66,3.5,0.0,,ruas_jalan_kabupaten.gpkg / ruas_kabupaten_reproject,Dashboard_Analitik_Data_Jalan_2025_Revisi.xlsx / Data_Analitik,canonical_v1
a968cba7-9f86-52bc-93d8-60aa36f9b861,HSS-KAB-195,195,Mandampa - Longawang,Mandampa - Longawang,195,Mandampa - Longawang,Telaga Langsat,Ds. Lok Binuang - Ds. Longawang,2.86,3.5,0.0,,ruas_jalan_kabupaten.gpkg / ruas_kabupaten_reproject,Dashboard_Analitik_Data_Jalan_2025_Revisi.xlsx / Data_Analitik,canonical_v1
afffb22f-d27b-5ab4-9b2c-8f299cd8c61d,HSS-KAB-196,196,Gumbil - Masimpan,Gumbil - Masimpan,196,Gumbil - Masimpan,Telaga Langsat,Ds. Gumbil - Ds. Mandala,5.0,3.0,0.0,,ruas_jalan_kabupaten.gpkg / ruas_kabupaten_reproject,Dashboard_Analitik_Data_Jalan_2025_Revisi.xlsx / Data_Analitik,canonical_v1
a3a6bdd2-35f7-5669-a6a3-ef773df2472c,HSS-KAB-197,197,Hamak Timur - Umpaya,Hamak Timur - Umpaya,197,Hamak Timur - Umpaya,Telaga Langsat,Ds. Hamak Timur - Ds. Hamak Utara,4.19,3.0,0.0,,ruas_jalan_kabupaten.gpkg / ruas_kabupaten_reproject,Dashboard_Analitik_Data_Jalan_2025_Revisi.xlsx / Data_Analitik,canonical_v1
b735ea45-4024-580e-9aa3-dfcf67e7959e,HSS-KAB-198,198,Hamak - Umbai,Hamak - Umbai,198,Jl. Hamak - Umbai,Telaga Langsat,Ds. Hamak,0.97,1.5,0.0,,ruas_jalan_kabupaten.gpkg / ruas_kabupaten_reproject,Dashboard_Analitik_Data_Jalan_2025_Revisi.xlsx / Data_Analitik,canonical_v1
7d3a8d39-4769-51d7-802b-851822de7d7f,HSS-KAB-199,199,Hamak Utara - Samaragi,Hamak Utara - Samaragi,199,Jl. Hamak Utara - Samaragi,Telaga Langsat,Ds. Hamak Timur,0.3,3.0,0.0,,ruas_jalan_kabupaten.gpkg / ruas_kabupaten_reproject,Dashboard_Analitik_Data_Jalan_2025_Revisi.xlsx / Data_Analitik,canonical_v1
a05eacfa-9357-5d4a-9ffa-439f2faf5026,HSS-KAB-200,200,Umpaya - Tumarin,Umpaya - Tumarin,200,Jl. Umpaya - Tumarin,Telaga Langsat,Ds. Hamak Utara,0.56,3.5,0.0,,ruas_jalan_kabupaten.gpkg / ruas_kabupaten_reproject,Dashboard_Analitik_Data_Jalan_2025_Revisi.xlsx / Data_Analitik,canonical_v1
1f80c40f-b30d-50c2-896b-3b730d0bf8c1,HSS-KAB-201,201,Jl. Sungai Durian - Ds. Gumbil,Sungai Durian - Ds. Gumbil,201,Jl. Sungai Durian - Ds. Gumbil,Telaga Langsat,Ds. Gumbil,0.95,3.5,0.0,,ruas_jalan_kabupaten.gpkg / ruas_kabupaten_reproject,Dashboard_Analitik_Data_Jalan_2025_Revisi.xlsx / Data_Analitik,canonical_v1
6d6c40df-0159-5eb6-9dfd-3c5856d4fb0c,HSS-KAB-202,202,Pantai Langsat - Umpaya,Pantai Langsat - Umpaya,202,Jl. Pantai Langsat - Umpaya,Telaga Langsat,Ds. Hamak Utara,4.45,2.0,0.0,,ruas_jalan_kabupaten.gpkg / ruas_kabupaten_reproject,Dashboard_Analitik_Data_Jalan_2025_Revisi.xlsx / Data_Analitik,canonical_v1
2fbc212a-0adc-5484-bbb5-a8547e4d85f9,HSS-KAB-203,203,Halayung - Hantarukung,Halayung - Hantarukung,203,Jl. Halayung - Hantarukung,Simpur,Ds. Ulin - Ds. Wasah Hilir,1.91,3.0,0.0,,ruas_jalan_kabupaten.gpkg / ruas_kabupaten_reproject,Dashboard_Analitik_Data_Jalan_2025_Revisi.xlsx / Data_Analitik,canonical_v1
00f4e7dd-20bc-52f9-9538-27da26b39136,HSS-KAB-204,204,Wasah Hulu - Amparaya - Simpur,Wasah Hulu - Amparaya - Simpur,204,Wasah Hulu - Amparaya - Simpur,Simpur,Ds. Wasah Hulu - Ds. Simpur,6.36,3.5,0.0,,ruas_jalan_kabupaten.gpkg / ruas_kabupaten_reproject,Dashboard_Analitik_Data_Jalan_2025_Revisi.xlsx / Data_Analitik,canonical_v1
037ceb04-335d-5238-b5e7-c9aa54b97732,HSS-KAB-205,205,Wasah Hilir - Sarang Halang,Wasah Hilir - Sarang Halang,205,Wasah Hilir - Sarang Halang,Simpur - Sungai Raya,Ds. Wasah Hilir - Ds. Sarang Halang,3.13,3.0,0.0,,ruas_jalan_kabupaten.gpkg / ruas_kabupaten_reproject,Dashboard_Analitik_Data_Jalan_2025_Revisi.xlsx / Data_Analitik,canonical_v1
f4478042-c125-520e-9e15-0a9a0ad78661,HSS-KAB-206,206,Simpur - Simp. Bilui,Simpur - Simp. Bilui,206,Simpur - Simpang Bilui,Simpur,Ds. Simpur,1.03,3.0,0.0,,ruas_jalan_kabupaten.gpkg / ruas_kabupaten_reproject,Dashboard_Analitik_Data_Jalan_2025_Revisi.xlsx / Data_Analitik,canonical_v1
d7c68120-d096-583b-88fd-ddedf111aef8,HSS-KAB-207,207,Simpur - Sp. 3 Muara Paring Agung,Simpur - Sp. 3 Muara Paring Agung,207,Simpur - SP.3 Muara Paring Agung,Simpur - Sungai Raya,Ds. Simpur - Ds.Paring Agung,2.73,3.5,0.0,,ruas_jalan_kabupaten.gpkg / ruas_kabupaten_reproject,Dashboard_Analitik_Data_Jalan_2025_Revisi.xlsx / Data_Analitik,canonical_v1
304062ed-d501-583f-98f1-e1e890d327a0,HSS-KAB-208,208,Wasah Tengah - Sungai Tarap,Wasah Tengah - Sungai Tarap,208,Wasah Tengah - Sungai Tarap,Simpur,Ds. Wasah Tengah - Ds. Sarang Halang,3.35,3.5,0.0,,ruas_jalan_kabupaten.gpkg / ruas_kabupaten_reproject,Dashboard_Analitik_Data_Jalan_2025_Revisi.xlsx / Data_Analitik,canonical_v1
b4367de9-0904-51d4-9d9d-54239fd38b95,HSS-KAB-209,209,Wasah Hilir - Amparaya,Wasah Hilir - Amparaya,209,Wasah Hilir - Amparaya,Simpur,Ds. Wasah Hilir - Ds. Panjampang Bahagia,2.93,3.0,0.0,,ruas_jalan_kabupaten.gpkg / ruas_kabupaten_reproject,Dashboard_Analitik_Data_Jalan_2025_Revisi.xlsx / Data_Analitik,canonical_v1
4fcf8593-9960-52bf-a88a-36411aea37ce,HSS-KAB-210,210,Panjampang Bahagia - Bayur,Panjampang Bahagia - Bayur,210,Panjampang Bahagia - Bayur,Simpur,Ds. Panjampang Bahagia - Ds. Pantai Ulin,1.56,3.5,0.0,,ruas_jalan_kabupaten.gpkg / ruas_kabupaten_reproject,Dashboard_Analitik_Data_Jalan_2025_Revisi.xlsx / Data_Analitik,canonical_v1
e678c2d8-75a2-55dc-acd4-0b4f99fb54d0,HSS-KAB-211,211,Ulin - Tanggul (Balai Mas),Ulin - Tanggul (Balai Mas),211,Ulin - Tanggul (Balai Mas),Simpur,Ds. Ulin - Ds. Pantai Ulin,3.91,3.5,0.0,,ruas_jalan_kabupaten.gpkg / ruas_kabupaten_reproject,Dashboard_Analitik_Data_Jalan_2025_Revisi.xlsx / Data_Analitik,canonical_v1
d293f439-66eb-559b-9f0f-691f88737145,HSS-KAB-212,212,Panjampang Bahagia - Hanau,Panjampang Bahagia - Hanau,212,Panjampang Bahagia - Hanau,Simpur,Ds. Panjampang Bahagia,4.78,3.5,0.0,,ruas_jalan_kabupaten.gpkg / ruas_kabupaten_reproject,Dashboard_Analitik_Data_Jalan_2025_Revisi.xlsx / Data_Analitik,canonical_v1
f12038cb-bea1-5fa0-981a-7b78d1ccd290,HSS-KAB-213,213,Jl. Halaban,Halaban,213,Jl. Halaban,Simpur,Ds. Amparaya - Ds. Garunggang,2.12,3.5,0.0,,ruas_jalan_kabupaten.gpkg / ruas_kabupaten_reproject,Dashboard_Analitik_Data_Jalan_2025_Revisi.xlsx / Data_Analitik,canonical_v1
43d4c9d9-e55b-5731-a202-9fcc92780a46,HSS-KAB-214,214,Amparaya - Karangan - Hanau,Amparaya - Karangan - Hanau,214,Jl. Amparaya-Karangan - Hanau,Simpur,Ds. Amparaya - Ds. Panjampang Bahagia,4.36,3.5,0.0,,ruas_jalan_kabupaten.gpkg / ruas_kabupaten_reproject,Dashboard_Analitik_Data_Jalan_2025_Revisi.xlsx / Data_Analitik,canonical_v1
cab57aaf-7702-5061-885e-d9caf5cf366f,HSS-KAB-215,215,Jl. Kalimput Desa Wasah Hilir,Kalimput Desa Wasah Hilir,215,Jl. Kalimput Ds. Wasah Hilir,Simpur,Ds. Wasah Hilir - Ds. Garunggang,0.9,3.5,0.0,,ruas_jalan_kabupaten.gpkg / ruas_kabupaten_reproject,Dashboard_Analitik_Data_Jalan_2025_Revisi.xlsx / Data_Analitik,canonical_v1
490ebc10-2e9a-5d51-87a1-55665a7e7b6a,HSS-KAB-216,216,Jl. Sungai Kacil I - Kapuh Padang,Sungai Kacil I - Kapuh Padang,216,Jl. Sungai Kacil I - Kapuh Padang,Simpur,Ds. Wasah Hilir - Ds. Kapuh,1.32,3.5,0.0,,ruas_jalan_kabupaten.gpkg / ruas_kabupaten_reproject,Dashboard_Analitik_Data_Jalan_2025_Revisi.xlsx / Data_Analitik,canonical_v1
8f5949cf-7ae7-57b6-a066-21e37f0d1017,HSS-KAB-217,217,Jl. Sungai Kacil II,Sungai Kacil II,217,Jl. Sungai Kacil II,Simpur,Ds. Wasah Hilir,0.39,3.0,0.0,,ruas_jalan_kabupaten.gpkg / ruas_kabupaten_reproject,Dashboard_Analitik_Data_Jalan_2025_Revisi.xlsx / Data_Analitik,canonical_v1
c70ae842-f997-5c61-8814-18d054689fd9,HSS-KAB-218,218,Jl. Papagaran - Ds. Amawang Kanan,Papagaran - Ds. Amawang Kanan,218,Jl. Papagaran - Ds. Amawang Kanan,Simpur,Ds. Amawang Kanan,0.54,3.5,0.0,,ruas_jalan_kabupaten.gpkg / ruas_kabupaten_reproject,Dashboard_Analitik_Data_Jalan_2025_Revisi.xlsx / Data_Analitik,canonical_v1
4adf2493-35c2-5cbd-a5da-4f3ca9e0b94a,HSS-KAB-219,219,Balaimas - Hanau,Balaimas - Hanau,219,Jl. Balaimas - Hanau,Simpur,Ds. Pantai Ulin - Ds.Panjampang Bahagia,2.33,3.5,0.0,,ruas_jalan_kabupaten.gpkg / ruas_kabupaten_reproject,Dashboard_Analitik_Data_Jalan_2025_Revisi.xlsx / Data_Analitik,canonical_v1
050a2a8d-fa6e-5c77-9192-96c72d540428,HSS-KAB-220,220,Garunggang - Hantamangu,Garunggang - Hantamangu,220,Garunggang - Hantamangu,Simpur,Ds. Garunggang,1.16,3.0,0.0,,ruas_jalan_kabupaten.gpkg / ruas_kabupaten_reproject,Dashboard_Analitik_Data_Jalan_2025_Revisi.xlsx / Data_Analitik,canonical_v1
8bf61cf0-47a5-5a9c-8099-3ba1011bd207,HSS-KAB-221,221,Jl. KH. Ramli - DS. Amparaya,KH. Ramli - DS. Amparaya,221,Jl. KH. Ramli,Simpur,Ds. Amparaya,0.34,3.0,0.0,,ruas_jalan_kabupaten.gpkg / ruas_kabupaten_reproject,Dashboard_Analitik_Data_Jalan_2025_Revisi.xlsx / Data_Analitik,canonical_v1
2bf8795c-61b8-51bb-8c1f-843696f3333c,HSS-KAB-222,222,Jl. Tungkaran - Ds. Ulin,Tungkaran - Ds. Ulin,222,Jl. Tungkaran,Simpur,Ds. Wasah Hulu - Ds. Ulin,1.24,3.0,0.0,,ruas_jalan_kabupaten.gpkg / ruas_kabupaten_reproject,Dashboard_Analitik_Data_Jalan_2025_Revisi.xlsx / Data_Analitik,canonical_v1
78581534-2db8-56ea-858a-308462a046ed,HSS-KAB-223,223,Jl. Mondar (Ulin-Pantai Ulin) - Ds. Ulin,Mondar (Ulin-Pantai Ulin) - Ds. Ulin,223,Jl. Mondar (Ulin - Pantai Ulin),Simpur - Kandangan,Ds. Ulin - Ds. Pantai Ulin,1.86,3.5,0.0,,ruas_jalan_kabupaten.gpkg / ruas_kabupaten_reproject,Dashboard_Analitik_Data_Jalan_2025_Revisi.xlsx / Data_Analitik,canonical_v1
8de7b5fe-9ec9-55f4-8903-f7e515545290,HSS-KAB-224,224,Jl. Pendawa - Ds. Tebing Tinggi,Pendawa - Ds. Tebing Tinggi,224,Jl. Pendawa - Ds. Tebing Tinggi,Simpur,Ds. Tebing Tinggi,0.82,3.0,0.0,,ruas_jalan_kabupaten.gpkg / ruas_kabupaten_reproject,Dashboard_Analitik_Data_Jalan_2025_Revisi.xlsx / Data_Analitik,canonical_v1
dc5cfa34-6be9-5d67-9469-6f4f2ef4e5e7,HSS-KAB-225,225,Jl. Mangamol - Ds. Pantai Ulin,Mangamol - Ds. Pantai Ulin,225,Jl. Mangamol,Simpur,Ds. Pantai Ulin,0.69,3.0,0.0,,ruas_jalan_kabupaten.gpkg / ruas_kabupaten_reproject,Dashboard_Analitik_Data_Jalan_2025_Revisi.xlsx / Data_Analitik,canonical_v1
6cb07bea-41d6-538e-beaf-4b568e24b1e4,HSS-KAB-226,226,Jl. Guru H. Izim - Ds. Pantai Ulin,Guru H. Izim - Ds. Pantai Ulin,226,Jl. Guru H. Izim,Simpur,Ds. Pantai Ulin,0.62,3.0,0.0,,ruas_jalan_kabupaten.gpkg / ruas_kabupaten_reproject,Dashboard_Analitik_Data_Jalan_2025_Revisi.xlsx / Data_Analitik,canonical_v1
bd5646e6-d9fd-55ce-8f33-48b038471a72,HSS-KAB-227,227,Jl. Rawati - Ds. Panjampang Bahagia,Rawati - Ds. Panjampang Bahagia,227,Jl. Rawati,Simpur,Ds. Ulin - Ds. Pantai Ulin,1.21,3.5,0.0,,ruas_jalan_kabupaten.gpkg / ruas_kabupaten_reproject,Dashboard_Analitik_Data_Jalan_2025_Revisi.xlsx / Data_Analitik,canonical_v1
3dded79d-aa02-5261-91bb-d9d21962c604,HSS-KAB-228,228,Jl. Pianggu,Pianggu,228,Jl. Pianggu,Simpur,Ds. Wasah Hilir - Ds. Amparaya,0.82,3.0,0.0,,ruas_jalan_kabupaten.gpkg / ruas_kabupaten_reproject,Dashboard_Analitik_Data_Jalan_2025_Revisi.xlsx / Data_Analitik,canonical_v1
ef5642ee-4a37-5549-8c7b-2116a4ec35c8,HSS-KAB-229,229,Jl. Buluh - Ds. Tebing Tinggi,Buluh - Ds. Tebing Tinggi,229,Jl. Buluh Ds. Tebing Tinggi,Simpur,Ds. Tebing Tinggi - Ds. Garunggang,1.28,3.5,0.0,,ruas_jalan_kabupaten.gpkg / ruas_kabupaten_reproject,Dashboard_Analitik_Data_Jalan_2025_Revisi.xlsx / Data_Analitik,canonical_v1
5766eff4-e1cb-5a49-b98e-2a48b603bed0,HSS-KAB-230,230,Jl. H. Saim Garunggang - Kalimput,H. Saim Garunggang - Kalimput,230,Jl. H. Saim/Garunggang,Simpur,Ds. Garunggang,0.71,3.0,0.0,,ruas_jalan_kabupaten.gpkg / ruas_kabupaten_reproject,Dashboard_Analitik_Data_Jalan_2025_Revisi.xlsx / Data_Analitik,canonical_v1
4a782df6-4f20-55af-9679-c131171e2a5e,HSS-KAB-231,231,Jl. Padang Haur - Ds. Wasah Tengah,Padang Haur - Ds. Wasah Tengah,231,Jl. Padang Haur - Ds. Wasah Tengah,Simpur,Ds. Wasah Tengah - Ds. Ulin,1.23,3.0,0.0,,ruas_jalan_kabupaten.gpkg / ruas_kabupaten_reproject,Dashboard_Analitik_Data_Jalan_2025_Revisi.xlsx / Data_Analitik,canonical_v1
a99848c6-3654-5bc6-ab60-f753ae7d86f0,HSS-KAB-232,232,Jl. Gerilya - Ds. Simpur,Gerilya - Ds. Simpur,232,Jl. Gerilya Ds. Simpur,Simpur,Ds. Tebing Tinggi - Ds. Simpur,0.52,3.0,0.0,,ruas_jalan_kabupaten.gpkg / ruas_kabupaten_reproject,Dashboard_Analitik_Data_Jalan_2025_Revisi.xlsx / Data_Analitik,canonical_v1
a3f72fd6-5c93-543d-b1a3-5c371e0f87db,HSS-KAB-233,233,Jl. Jangkang - Ds. Wasah Hilir,Jangkang - Ds. Wasah Hilir,233,Jl. Jangkang - Ds. Wasah Hilir,Simpur,Ds. Wasah Hilir - Ds. Garunggang,0.34,3.0,0.0,,ruas_jalan_kabupaten.gpkg / ruas_kabupaten_reproject,Dashboard_Analitik_Data_Jalan_2025_Revisi.xlsx / Data_Analitik,canonical_v1
931275e5-9775-5489-880e-e85018397906,HSS-KAB-234,234,Jl. Air Miris - Ds. Wasah Hilir,Air Miris - Ds. Wasah Hilir,234,Jl. Air Miris,Simpur,Ds. Wasah Tengah,1.06,3.0,0.0,,ruas_jalan_kabupaten.gpkg / ruas_kabupaten_reproject,Dashboard_Analitik_Data_Jalan_2025_Revisi.xlsx / Data_Analitik,canonical_v1
4961f521-3eb7-59ef-acb7-4217dafc623b,HSS-KAB-235,235,Jl. Tandik - Ds. Wasah Hilir,Tandik - Ds. Wasah Hilir,235,Tandik - Wasah Hilir,Simpur,Ds. Kapuh - Ds. Wasah Tengah,0.5,3.0,0.0,,ruas_jalan_kabupaten.gpkg / ruas_kabupaten_reproject,Dashboard_Analitik_Data_Jalan_2025_Revisi.xlsx / Data_Analitik,canonical_v1
8f465ce3-a291-562c-a5eb-c45a778afd47,HSS-KAB-236,236,Jl. Ds. Kapuh Tengah (Jl. Menuju Majelis Talim),Ds. Kapuh Tengah (Jl. Menuju Majelis Talim),236,Jl. Ds. Kapuh Tengah (Jl. Menuju Majelis Taklim),Simpur,Ds. Kapuh,0.6,3.5,0.0,,ruas_jalan_kabupaten.gpkg / ruas_kabupaten_reproject,Dashboard_Analitik_Data_Jalan_2025_Revisi.xlsx / Data_Analitik,canonical_v1
5edf09b1-6b81-53ec-80ab-e4670a872e74,HSS-KAB-237,237,Jl. Karampaci - Ds. Kapuh,Karampaci - Ds. Kapuh,237,Jl. Karampaci,Simpur,Ds. Kapuh - Ds. Wasah Tengah,0.52,3.0,0.0,,ruas_jalan_kabupaten.gpkg / ruas_kabupaten_reproject,Dashboard_Analitik_Data_Jalan_2025_Revisi.xlsx / Data_Analitik,canonical_v1
3674647f-78a4-5e1e-bd71-2966eb95057c,HSS-KAB-238,238,Jl. At-Taubah - Ds. Kapuh,At-Taubah - Ds. Kapuh,238,Jl. At-Taubah,Simpur,Ds. Kapuh,0.47,3.0,0.0,,ruas_jalan_kabupaten.gpkg / ruas_kabupaten_reproject,Dashboard_Analitik_Data_Jalan_2025_Revisi.xlsx / Data_Analitik,canonical_v1
50ccdbe5-50f5-59ff-851b-743855036009,HSS-KAB-239,239,Jl. Firdaus - Ds. Kapuh,Firdaus - Ds. Kapuh,239,Jl. Firdaus,Simpur,Ds. Kapuh,0.3,3.0,0.0,,ruas_jalan_kabupaten.gpkg / ruas_kabupaten_reproject,Dashboard_Analitik_Data_Jalan_2025_Revisi.xlsx / Data_Analitik,canonical_v1
fcd57801-19d9-5c04-bbf9-900ea27251f9,HSS-KAB-240,240,Jl. Slasa Garih - Ds. Kapuh,Slasa Garih - Ds. Kapuh,240,Jl. Slasa Garih - Ds. Kapuh,Simpur,Ds. Kapuh,0.5,3.0,0.0,,ruas_jalan_kabupaten.gpkg / ruas_kabupaten_reproject,Dashboard_Analitik_Data_Jalan_2025_Revisi.xlsx / Data_Analitik,canonical_v1
9ba5d24e-4375-5214-b2fb-ee40a9898927,HSS-KAB-241,241,Jl. Palas - Ds. Wasah Tengah,Palas - Ds. Wasah Tengah,241,Jl. Palas - Ds. Wasah Tengah,Simpur,Ds. Wasah Tengah - Ds. Kapuh,0.83,3.0,0.0,,ruas_jalan_kabupaten.gpkg / ruas_kabupaten_reproject,Dashboard_Analitik_Data_Jalan_2025_Revisi.xlsx / Data_Analitik,canonical_v1
87f67fb6-ce19-5b89-89ab-f111847e4659,HSS-KAB-242,242,Jl. Tanah Habang - Ds. Simpur,Tanah Habang - Ds. Simpur,242,Jl. Tanah Habang - Ds. Simpur,Simpur,Ds. Simpur - Ds. Wasah Hilir,1.05,3.5,0.0,,ruas_jalan_kabupaten.gpkg / ruas_kabupaten_reproject,Dashboard_Analitik_Data_Jalan_2025_Revisi.xlsx / Data_Analitik,canonical_v1
2ecdead4-08e6-5dd8-b278-bc46915b79a7,HSS-KAB-243,243,Jl. Banua Kambang - Ds. Wasah Tengah,Banua Kambang - Ds. Wasah Tengah,243,Jl. Banua Kambang,Simpur,Ds. Wasah Tengah - Ds. Wasah Hulu,1.39,3.0,0.0,,ruas_jalan_kabupaten.gpkg / ruas_kabupaten_reproject,Dashboard_Analitik_Data_Jalan_2025_Revisi.xlsx / Data_Analitik,canonical_v1
68196c29-33fa-5e9f-951d-ceecd1fb4eb3,HSS-KAB-244,244,Jl. Pajah Api - Ds. Kapuh,Pajah Api - Ds. Kapuh,244,Jl. Pajah Api,Simpur,Ds. Wasah Tengah - Ds. Kapuh,0.34,3.0,0.0,,ruas_jalan_kabupaten.gpkg / ruas_kabupaten_reproject,Dashboard_Analitik_Data_Jalan_2025_Revisi.xlsx / Data_Analitik,canonical_v1
9e2e12d8-eeb0-5035-9c74-f853afe5ddcb,HSS-KAB-245,245,Jl. Talapak Manuk - Ds. Kapuh,Talapak Manuk - Ds. Kapuh,245,Jl. Telapak Manuk,Simpur,Ds. Kapuh,0.76,3.0,0.0,,ruas_jalan_kabupaten.gpkg / ruas_kabupaten_reproject,Dashboard_Analitik_Data_Jalan_2025_Revisi.xlsx / Data_Analitik,canonical_v1
44050bda-5811-56a4-9a7f-fc38b6bcce1a,HSS-KAB-246,246,Sirih - Taro,Sirih - Taro,246,Sirih - Taro,Kalumpang,Ds. Sirih,1.26,3.5,0.0,,ruas_jalan_kabupaten.gpkg / ruas_kabupaten_reproject,Dashboard_Analitik_Data_Jalan_2025_Revisi.xlsx / Data_Analitik,canonical_v1
1cb9eef9-1442-5ac8-946f-bec991f6f8b0,HSS-KAB-247,247,Kalumpang - Balimau,Kalumpang - Balimau,247,Kalumpang - Balimau,Kalumpang,Ds. Kalumpang - Ds. Balimau,5.21,3.5,0.0,,ruas_jalan_kabupaten.gpkg / ruas_kabupaten_reproject,Dashboard_Analitik_Data_Jalan_2025_Revisi.xlsx / Data_Analitik,canonical_v1
75b24e37-8de4-5864-b85c-e41322459b08,HSS-KAB-248,248,Kalumpang (Ds. Balanti) - Teratai,Kalumpang (Ds. Balanti) - Teratai,248,Kalumpang (Ds. Belanti) - Teratai,Kalumpang,Ds. Kalumpang,5.69,5.0,0.0,,ruas_jalan_kabupaten.gpkg / ruas_kabupaten_reproject,Dashboard_Analitik_Data_Jalan_2025_Revisi.xlsx / Data_Analitik,canonical_v1
25fb5573-87a9-5852-96e3-f0ce07e42e69,HSS-KAB-249,249,Bago Tanggul - Katilang - Teratai,Bago Tanggul - Katilang - Teratai,249,Jl. Bago Tanggul - Katilang - Teratai,Kalumpang,Ds. Bago Tanggul - Ds. Kalumpang,9.71,4.0,0.0,,ruas_jalan_kabupaten.gpkg / ruas_kabupaten_reproject,Dashboard_Analitik_Data_Jalan_2025_Revisi.xlsx / Data_Analitik,canonical_v1
d5eac3d3-4e59-50c0-8320-ccf9a67c44d8,HSS-KAB-250,250,Binjai (Sirih Hulu) - Ds. Seranggan,Binjai (Sirih Hulu) - Ds. Seranggan,250,Jl. Binjai (Sirih Hulu) - Ds. Seranggan,Kalumpang - Sungai Raya,Ds. Sirih Hulu - Ds. Asam,4.34,3.5,0.0,,ruas_jalan_kabupaten.gpkg / ruas_kabupaten_reproject,Dashboard_Analitik_Data_Jalan_2025_Revisi.xlsx / Data_Analitik,canonical_v1
5a0e8f10-fb31-557c-bd76-382faf574e7b,HSS-KAB-251,251,Balanti - (Ex. P3DT),Balanti - (Ex. P3DT),251,Jl. Balanti - (Ex. P3DT),Kalumpang,Ds. Balanti,1.66,3.0,0.0,,ruas_jalan_kabupaten.gpkg / ruas_kabupaten_reproject,Dashboard_Analitik_Data_Jalan_2025_Revisi.xlsx / Data_Analitik,canonical_v1
7a84a9e6-3ebe-54f8-a72d-2bd982fabe4d,HSS-KAB-252,252,Kalumpang - Baruh,Kalumpang - Baruh,252,Kalumpang - Baruh,Kalumpang,Ds. Kalumpang - Ds. Sirih,2.72,3.0,0.0,,ruas_jalan_kabupaten.gpkg / ruas_kabupaten_reproject,Dashboard_Analitik_Data_Jalan_2025_Revisi.xlsx / Data_Analitik,canonical_v1
1d0e787a-e27b-536a-804a-4a8aab1a5e6d,HSS-KAB-253,253,Sirih - Pacakan,Sirih - Pacakan,253,Sirih - Pacakan,Kalumpang,Ds. Sirih,0.64,3.0,0.0,,ruas_jalan_kabupaten.gpkg / ruas_kabupaten_reproject,Dashboard_Analitik_Data_Jalan_2025_Revisi.xlsx / Data_Analitik,canonical_v1
b6cc5c40-2ec7-5ef7-8591-f16547651c20,HSS-KAB-254,254,SP.4 Mesjid Sirih - Sarang Nyamuk - Asam Tamiyang,SP.4 Mesjid Sirih - Sarang Nyamuk - Asam Tamiyang,254,SP.4 Mesjid Sirih - Sarang Nyamuk - Asam Tamiyang,Kalumpang - Sungai Raya,Ds. Sirih - Ds. Tamiyang,6.1,3.0,0.0,,ruas_jalan_kabupaten.gpkg / ruas_kabupaten_reproject,Dashboard_Analitik_Data_Jalan_2025_Revisi.xlsx / Data_Analitik,canonical_v1
c9f91732-e62d-567f-9aa0-d63d7fd6200e,HSS-KAB-255,255,Kalumpang Selatan - Ds. Asam Tamiyang,Kalumpang Selatan - Ds. Asam Tamiyang,255,Jl. Kalumpang Selatan - Ds. Asam Tamiyang,Kalumpang,Ds. Asam,0.82,3.0,0.0,,ruas_jalan_kabupaten.gpkg / ruas_kabupaten_reproject,Dashboard_Analitik_Data_Jalan_2025_Revisi.xlsx / Data_Analitik,canonical_v1
d992f3da-3d54-5f47-8473-86912692c283,HSS-KAB-256,256,Balimau - Murung Dalam,Balimau - Murung Dalam,256,Jl. Balimau - Murung Dalam,Kalumpang,Ds. Balimau,1.46,2.5,0.0,,ruas_jalan_kabupaten.gpkg / ruas_kabupaten_reproject,Dashboard_Analitik_Data_Jalan_2025_Revisi.xlsx / Data_Analitik,canonical_v1
bd1342a7-6525-5876-b152-57005bd4ab11,HSS-KAB-257,257,Jl. Karya Bakti - Ds. Balimau,Karya Bakti - Ds. Balimau,257,Jl. Karya Bakti TNI - Ds. Balimau,Kalumpang,Ds. Balimau,0.86,4.19,0.0,,ruas_jalan_kabupaten.gpkg / ruas_kabupaten_reproject,Dashboard_Analitik_Data_Jalan_2025_Revisi.xlsx / Data_Analitik,canonical_v1
c97b2434-3549-5336-8b26-48238c1945da,HSS-KAB-258,258,Tanuhi - Ulang,Tanuhi - Ulang,258,Tanuhi - Ulang,Loksado,Ds. Hulu Banyu - Ds. Muara Ulang,7.65,3.0,0.0,,ruas_jalan_kabupaten.gpkg / ruas_kabupaten_reproject,Dashboard_Analitik_Data_Jalan_2025_Revisi.xlsx / Data_Analitik,canonical_v1
e268c506-92bb-55db-abf4-5e91a1a9a26a,HSS-KAB-259,259,Loksado - Loklahung,Loksado - Loklahung,259,Loksado - Loklahung,Loksado,Ds. Loksado - Ds. Loklahung,1.28,3.0,0.0,,ruas_jalan_kabupaten.gpkg / ruas_kabupaten_reproject,Dashboard_Analitik_Data_Jalan_2025_Revisi.xlsx / Data_Analitik,canonical_v1
a6003b8f-2d67-5547-8cd5-16c042c5bd1e,HSS-KAB-260,260,Loksado - Haratai,Loksado - Haratai,260,Loksado - Haratai,Loksado,Ds. Loksado - Ds. Haratai,7.17,2.0,0.0,,ruas_jalan_kabupaten.gpkg / ruas_kabupaten_reproject,Dashboard_Analitik_Data_Jalan_2025_Revisi.xlsx / Data_Analitik,canonical_v1
6342e563-8575-5488-bd88-e94086dfb1c9,HSS-KAB-261,261,Loklahung - Kamawakan,Loklahung - Kamawakan,261,Loklahung - Kamawakan,Loksado,Ds. Loklahung - Ds. Kamawakan,6.82,2.0,0.0,,ruas_jalan_kabupaten.gpkg / ruas_kabupaten_reproject,Dashboard_Analitik_Data_Jalan_2025_Revisi.xlsx / Data_Analitik,canonical_v1
4aaf557b-752f-5120-b5d7-a8b1b3c906e0,HSS-KAB-262,262,Jl. Niagara (Ds. Halunuk) - Ayan,Niagara (Ds. Halunuk) - Ayan,262,Jl. Niagara (Ds. Halunuk) - Ayan,Loksado,Ds. Halunuk,2.06,3.5,0.0,,ruas_jalan_kabupaten.gpkg / ruas_kabupaten_reproject,Dashboard_Analitik_Data_Jalan_2025_Revisi.xlsx / Data_Analitik,canonical_v1
11f3bd63-2545-5251-be14-021166c99a15,HSS-KAB-263,263,Malinau - Katingin - Kamawakan,Malinau - Katingin - Kamawakan,263,Malinau - Katingin - Kamawakan,Loksado,Ds. Malinau - Ds. Kamawakan,9.46,3.0,0.0,,ruas_jalan_kabupaten.gpkg / ruas_kabupaten_reproject,Dashboard_Analitik_Data_Jalan_2025_Revisi.xlsx / Data_Analitik,canonical_v1
a7398226-edb3-506e-ac3a-f1a72a3287eb,HSS-KAB-264,264,Loklahung - Malaris,Loklahung - Malaris,264,Loklahung - Malaris,Loksado,Ds. Loklahung,0.81,3.5,0.0,,ruas_jalan_kabupaten.gpkg / ruas_kabupaten_reproject,Dashboard_Analitik_Data_Jalan_2025_Revisi.xlsx / Data_Analitik,canonical_v1
6deaa537-b62c-5bfd-8e34-6ee4b7dad915,HSS-KAB-265,265,Jl. Bubuih - Ds. Halunuk,Bubuih - Ds. Halunuk,265,Jl. Bubuih (Ds. Halunuk),Loksado,Ds. Halunuk,0.74,3.5,0.0,,ruas_jalan_kabupaten.gpkg / ruas_kabupaten_reproject,Dashboard_Analitik_Data_Jalan_2025_Revisi.xlsx / Data_Analitik,canonical_v1
e1065629-05f5-5f1c-8290-34fb3de88c1b,HSS-KAB-266,266,Halunuk - Riam Tajam/Talo - Hamak Umpaya,Halunuk - Riam Tajam/Talo - Hamak Umpaya,266,Halunuk - Riam Tajam/Talo - Hamak Umpaya,Loksado - Telaga Langsat,Ds. Halunuk - Ds. Hamak Utara,7.78,3.0,0.0,,ruas_jalan_kabupaten.gpkg / ruas_kabupaten_reproject,Dashboard_Analitik_Data_Jalan_2025_Revisi.xlsx / Data_Analitik,canonical_v1
becf5d0c-9d33-5f32-b3ce-a4bdf500149a,HSS-KAB-267,267,Jl. Muara Kitar - Desa Lumpangi,Muara Kitar - Desa Lumpangi,267,Jl. Muara Kitar - Ds. Lumpangi,Loksado,Ds. Lumpangi,0.43,3.0,0.0,,ruas_jalan_kabupaten.gpkg / ruas_kabupaten_reproject,Dashboard_Analitik_Data_Jalan_2025_Revisi.xlsx / Data_Analitik,canonical_v1
8c94e692-937e-5a11-bb39-fcb470eb33ae,HSS-KAB-268,268,Jl. Hulu Banyu - Pantai Langsat,Hulu Banyu - Pantai Langsat,268,Jl. Hulu Banyu - Pantai Langsat,Loksado,Ds. Hulu Banyu,1.79,3.0,0.0,,ruas_jalan_kabupaten.gpkg / ruas_kabupaten_reproject,Dashboard_Analitik_Data_Jalan_2025_Revisi.xlsx / Data_Analitik,canonical_v1
53909e89-2eae-5dab-9da5-6391c7175f49,HSS-KAB-269,269,Jl. Bayampah - Tanuhi - Tugu Niih,Bayampah - Tanuhi - Tugu Niih,269,Jl. Bayampah - Tanuhi - Tugu Niih,Loksado,Ds. Hulu Banyu - Ds. Tumingki,0.61,3.5,0.0,,ruas_jalan_kabupaten.gpkg / ruas_kabupaten_reproject,Dashboard_Analitik_Data_Jalan_2025_Revisi.xlsx / Data_Analitik,canonical_v1
f4cf98e7-cd2d-5532-a08e-1994f72d998a,HSS-KAB-270,270,Jl. Kantor Camat Loksado II,Kantor Camat Loksado II,270,Jl. Kantor Camat Loksado II,Loksado,Ds. Loksado,0.12,3.5,0.0,,ruas_jalan_kabupaten.gpkg / ruas_kabupaten_reproject,Dashboard_Analitik_Data_Jalan_2025_Revisi.xlsx / Data_Analitik,canonical_v1
47cd9af0-ef53-59a4-8069-9a61c5b471bb,HSS-KAB-271,271,Jl. Buntu Muara Hatib - Bts. Kab. HST,Buntu Muara Hatib - Bts. Kab. HST,271,Jl. Buntu Muara Hatib,Loksado,Ds. Hulu Banyu,1.16,3.5,0.0,,ruas_jalan_kabupaten.gpkg / ruas_kabupaten_reproject,Dashboard_Analitik_Data_Jalan_2025_Revisi.xlsx / Data_Analitik,canonical_v1
89fd0f2c-0573-5146-9bf2-50cb9e948d82,HSS-KAB-272,272,Tanuhi - Hulu Banyu,Tanuhi - Hulu Banyu,272,Jl. Tanuhi - Hulu Banyu,Loksado,Ds. Hulu Banyu,0.66,1.5,0.0,,ruas_jalan_kabupaten.gpkg / ruas_kabupaten_reproject,Dashboard_Analitik_Data_Jalan_2025_Revisi.xlsx / Data_Analitik,canonical_v1
32f76ce5-ea76-5291-8acb-1320f840bd3c,HSS-KAB-273,273,Hulu Banyu - Datar Mangkung - Tumingki,Hulu Banyu - Datar Mangkung - Tumingki,273,Hulu Banyu - Datar Mangkung -Tumingki,Loksado,Ds. Tumingki,7.0,1.5,0.0,,ruas_jalan_kabupaten.gpkg / ruas_kabupaten_reproject,Dashboard_Analitik_Data_Jalan_2025_Revisi.xlsx / Data_Analitik,canonical_v1
7cfd23cd-2fff-5952-ad37-59d851441b1d,HSS-KAB-274,274,Lambuk - Ds. Tumingki,Lambuk - Ds. Tumingki,274,Lambuk - Ds. Tumingki,Loksado,Ds. Tumingki,0.67,2.0,0.0,,ruas_jalan_kabupaten.gpkg / ruas_kabupaten_reproject,Dashboard_Analitik_Data_Jalan_2025_Revisi.xlsx / Data_Analitik,canonical_v1
3a576a0f-d022-5f8d-93cb-fe36e3c38ba3,HSS-KAB-275,275,Malaris - Loapanggang,Malaris - Loapanggang,275,Malaris - Loapanggang,Loksado,Ds. Lok Lahung,1.58,1.5,0.0,,ruas_jalan_kabupaten.gpkg / ruas_kabupaten_reproject,Dashboard_Analitik_Data_Jalan_2025_Revisi.xlsx / Data_Analitik,canonical_v1
244fb471-86e0-57f9-9fec-40609f852022,HSS-KAB-276,276,Jl. Haratai 3 (Balai Kedayang) / SDN Haratai 3,Haratai 3 (Balai Kedayang) / SDN Haratai 3,276,Jl. Haratai 3 (Balai Kedayang) / SDN Haratai 3,Loksado,Ds. Haratai,5.25,2.0,0.0,,ruas_jalan_kabupaten.gpkg / ruas_kabupaten_reproject,Dashboard_Analitik_Data_Jalan_2025_Revisi.xlsx / Data_Analitik,canonical_v1
668ca814-6d80-53ea-9743-b74a4be442c0,HSS-KAB-277,277,Jl. Haratai 2 (Balai Ujung Atas) SDN Haratai2,Haratai 2 (Balai Ujung Atas) SDN Haratai2,277,Jl. Haratai 2 (SDN Haratai2),Loksado,Ds. Haratai,2.7,2.0,0.0,,ruas_jalan_kabupaten.gpkg / ruas_kabupaten_reproject,Dashboard_Analitik_Data_Jalan_2025_Revisi.xlsx / Data_Analitik,canonical_v1
b54b7641-95a5-535b-9fc6-2d5d3335265d,HSS-KAB-278,278,Jl. Bubuih (Ds. Halunuk) - Kandihin,Bubuih (Ds. Halunuk) - Kandihin,278,Jl. Bubuih - Kandihin,Loksado,Ds. Halunuk,2.93,2.0,0.0,,ruas_jalan_kabupaten.gpkg / ruas_kabupaten_reproject,Dashboard_Analitik_Data_Jalan_2025_Revisi.xlsx / Data_Analitik,canonical_v1
11a54ba7-c874-5593-a47b-1d1116f3e194,HSS-KAB-279,279,Jl. Makam Habib - Desa Lumpangi,Makam Habib - Desa Lumpangi,279,Jl. Makam Habib Ds. Lumpangi,Loksado,Ds. Lumpangi,0.38,1.5,0.0,,ruas_jalan_kabupaten.gpkg / ruas_kabupaten_reproject,Dashboard_Analitik_Data_Jalan_2025_Revisi.xlsx / Data_Analitik,canonical_v1
abc27152-f70c-54ab-8fd6-54481fd90e6b,HSS-KAB-280,280,Jl. Datar Belimbing - Muara Kitar,Datar Belimbing - Muara Kitar,280,Jl. Datar Belimbing - Muara Kitar,Loksado,Ds. Hulu Banyu - Ds. Lumpangi,4.86,1.5,0.0,,ruas_jalan_kabupaten.gpkg / ruas_kabupaten_reproject,Dashboard_Analitik_Data_Jalan_2025_Revisi.xlsx / Data_Analitik,canonical_v1
79d1f115-db66-5948-be43-6d643d8f7a8d,HSS-KAB-281,281,Jl. Tanginau - Balai Haruyan,Tanginau - Balai Haruyan,281,Jl. Tanginau - Balai Haruyan,Loksado,Ds. Tumingki - Ds. Kamawakan,1.16,1.5,0.0,,ruas_jalan_kabupaten.gpkg / ruas_kabupaten_reproject,Dashboard_Analitik_Data_Jalan_2025_Revisi.xlsx / Data_Analitik,canonical_v1
e72c1a60-6940-5b9e-9d1f-0fc4a05ed9c8,HSS-KAB-282,282,Jl. Tataian - (Ds. Ulang) - Loksado,Tataian - (Ds. Ulang) - Loksado,282,Jl. Tataian - (Ds. Ulang) - Loksado,Loksado,Ds. Ulang,0.4,1.5,0.0,,ruas_jalan_kabupaten.gpkg / ruas_kabupaten_reproject,Dashboard_Analitik_Data_Jalan_2025_Revisi.xlsx / Data_Analitik,canonical_v1
32e48c1c-9338-5f21-a616-a7ce41be6a86,HSS-KAB-283,283,Jl. Ulang - Kacang Parang,Ulang - Kacang Parang,283,Jl. Ulang - Kacang Parang,Loksado,Ds. Ulang,1.75,2.0,0.0,,ruas_jalan_kabupaten.gpkg / ruas_kabupaten_reproject,Dashboard_Analitik_Data_Jalan_2025_Revisi.xlsx / Data_Analitik,canonical_v1
51891d22-5d29-5123-b6e3-af334f4222f1,HSS-KAB-284,284,Jl. Kacang Parang (Ulang) - Balai Mawak-Kias,Kacang Parang (Ulang) - Balai Mawak-Kias,284,Jl. Kacang Parang (Ulang) - Balai Mawak-Kias,Loksado,Ds. Ulang,2.08,1.5,0.0,,ruas_jalan_kabupaten.gpkg / ruas_kabupaten_reproject,Dashboard_Analitik_Data_Jalan_2025_Revisi.xlsx / Data_Analitik,canonical_v1
f186d2a6-578c-5e2e-9c76-3a4a7f93d5ee,HSS-KAB-285,285,Jl. Kacang Parang (Ulang) - Balai Wariung,Kacang Parang (Ulang) - Balai Wariung,285,Jl. Kacang Parang (Ulang) - Balai Wariung,Loksado,Ds. Ulang,0.83,1.5,0.0,,ruas_jalan_kabupaten.gpkg / ruas_kabupaten_reproject,Dashboard_Analitik_Data_Jalan_2025_Revisi.xlsx / Data_Analitik,canonical_v1
2ace56f3-a03a-5c6d-baeb-9f8b083a050f,HSS-KAB-286,286,Jl. Loksado - Pantai Dusin,Loksado - Pantai Dusin,286,Jl. Loksado - Pantai Dusin,Loksado,Ds. Loksado,2.27,1.5,0.0,,ruas_jalan_kabupaten.gpkg / ruas_kabupaten_reproject,Dashboard_Analitik_Data_Jalan_2025_Revisi.xlsx / Data_Analitik,canonical_v1
e2a81ac5-a435-5229-96fa-b3c102b78144,HSS-KAB-287,287,Jl. Malinau - Kandihin,Malinau - Kandihin,287,Jl. Malinau - Kandihin,Loksado,Ds. Malinau - Ds. Halunuk,4.16,1.5,0.0,,ruas_jalan_kabupaten.gpkg / ruas_kabupaten_reproject,Dashboard_Analitik_Data_Jalan_2025_Revisi.xlsx / Data_Analitik,canonical_v1
aa286cda-77a0-5013-83c7-6a48f82927e0,HSS-KAB-288,288,Jl. Ulang - Bangkaun,Ulang - Bangkaun,288,Ulang - Bangkaun,Loksado,Ds. Ulang,3.56,1.5,0.0,,ruas_jalan_kabupaten.gpkg / ruas_kabupaten_reproject,Dashboard_Analitik_Data_Jalan_2025_Revisi.xlsx / Data_Analitik,canonical_v1
b4e38c4e-8556-5195-b06a-871d9d26fdd9,HSS-KAB-289,289,Bayanan - Habirau Tengah,Bayanan - Habirau Tengah,289,Bayanan - Habirau Tengah,Daha Selatan,Ds. Bayanan - Ds. Habirau Tengah,2.86,3.5,0.0,,ruas_jalan_kabupaten.gpkg / ruas_kabupaten_reproject,Dashboard_Analitik_Data_Jalan_2025_Revisi.xlsx / Data_Analitik,canonical_v1
a5649b2d-31a0-5291-89c6-fb9e169dd9d2,HSS-KAB-290,290,Tumbukan Banyu - Banua Hanyar,Tumbukan Banyu - Banua Hanyar,290,Tumbukan Banyu - Banua Hanyar,Daha Selatan,Ds. Tumbukan Banyu - Ds. Banua Hanyar,5.0,3.5,0.0,,ruas_jalan_kabupaten.gpkg / ruas_kabupaten_reproject,Dashboard_Analitik_Data_Jalan_2025_Revisi.xlsx / Data_Analitik,canonical_v1
c6fb8b21-1169-55bd-916b-3bd1f02360be,HSS-KAB-291,291,Jl. Satria,Satria,291,Jl. Satria,Daha Selatan,Ds. Tumbukan Banyu,0.37,3.0,0.0,,ruas_jalan_kabupaten.gpkg / ruas_kabupaten_reproject,Dashboard_Analitik_Data_Jalan_2025_Revisi.xlsx / Data_Analitik,canonical_v1
2175bd3a-9b6b-5113-8dff-a65faae45959,HSS-KAB-292,292,Jl. Musyawarah,Musyawarah (Nagara),292,Jl. Musyawarah,Daha Selatan,Ds. Tumbukan Banyu,0.41,3.5,0.0,,ruas_jalan_kabupaten.gpkg / ruas_kabupaten_reproject,Dashboard_Analitik_Data_Jalan_2025_Revisi.xlsx / Data_Analitik,canonical_v1
cfca9bb8-b98a-5156-a6e8-11235326a22a,HSS-KAB-293,293,Jl. Sekolah Islam,Sekolah Islam (Sungai Pinang),293,Jl. Sekolah Islam,Daha Selatan,Ds. Sungai Pinang,0.4,3.5,0.0,,ruas_jalan_kabupaten.gpkg / ruas_kabupaten_reproject,Dashboard_Analitik_Data_Jalan_2025_Revisi.xlsx / Data_Analitik,canonical_v1
04ecc204-dbfe-5f2a-9069-f1229b858f77,HSS-KAB-294,294,Jl. Habib,Habib,294,Jl. Habib,Daha Selatan,Ds. Sungai Pinang,0.32,3.0,0.0,,ruas_jalan_kabupaten.gpkg / ruas_kabupaten_reproject,Dashboard_Analitik_Data_Jalan_2025_Revisi.xlsx / Data_Analitik,canonical_v1
d0dac920-3169-5379-b79a-79d626e9dc96,HSS-KAB-295,295,Jl. Mawar,Mawar (Daha Selatan),295,Jl. Mawar,Daha Selatan,Ds. Sungai Pinang,0.27,3.5,0.0,,ruas_jalan_kabupaten.gpkg / ruas_kabupaten_reproject,Dashboard_Analitik_Data_Jalan_2025_Revisi.xlsx / Data_Analitik,canonical_v1
60fb7997-9fa2-58e6-93dc-a8d122ec5076,HSS-KAB-296,296,Jl. Inst. PDAM Negara,Inst. PDAM Negara,296,Jl. Instalasi PDAM Negara,Daha Selatan,Ds. Habirau,0.26,3.5,0.0,,ruas_jalan_kabupaten.gpkg / ruas_kabupaten_reproject,Dashboard_Analitik_Data_Jalan_2025_Revisi.xlsx / Data_Analitik,canonical_v1
0c6db211-c987-556e-b9c7-5a4c022ad0aa,HSS-KAB-297,297,Jl. Gerilya / (Depan PUSTU Habirau),Gerilya / (Depan PUSTU Habirau),297,Jl. Gerilya / (Depan Pustu Habirau),Daha Selatan,Ds. Habirau,0.24,3.5,0.0,,ruas_jalan_kabupaten.gpkg / ruas_kabupaten_reproject,Dashboard_Analitik_Data_Jalan_2025_Revisi.xlsx / Data_Analitik,canonical_v1
7687a261-e161-5c15-a025-706cb87b12a5,HSS-KAB-298,298,Jl. Harapan (SDN Habirau II)/ Sei. Palangan,Harapan (SDN Habirau II)/ Sei. Palangan,298,Jl. Harapan (SDN Habirau II)/Sei. Palangan,Daha Selatan,Ds. Habirau Tengah,0.21,3.0,0.0,,ruas_jalan_kabupaten.gpkg / ruas_kabupaten_reproject,Dashboard_Analitik_Data_Jalan_2025_Revisi.xlsx / Data_Analitik,canonical_v1
d0d92028-3536-5919-84ce-e13758df8614,HSS-KAB-299,299,Samuda - Bajayau,Samuda - Bajayau,299,Samuda - Bajayau,Daha Selatan - Daha Barat,Ds. Samuda - Ds. Bajayau,8.5,3.5,0.0,,ruas_jalan_kabupaten.gpkg / ruas_kabupaten_reproject,Dashboard_Analitik_Data_Jalan_2025_Revisi.xlsx / Data_Analitik,canonical_v1
bc4ae778-ac51-5bb6-aa90-32fa9e6ca620,HSS-KAB-300,300,Jl. Tambangan - Ds. Baruh Jaya,Tambangan - Ds. Baruh Jaya,300,Jl. Tambangan - Ds. Baruh Jaya,Daha Selatan - Daha Utara,Ds. Tambangan - Ds. Baruh Jaya,2.23,3.0,0.0,,ruas_jalan_kabupaten.gpkg / ruas_kabupaten_reproject,Dashboard_Analitik_Data_Jalan_2025_Revisi.xlsx / Data_Analitik,canonical_v1
b2f83151-22b0-544d-878b-e359fba5473a,HSS-KAB-301,301,Muning Tengah - Batang Alai (Pihanin Raya),Muning Tengah - Batang Alai (Pihanin Raya),301,Jl. Muning Tengah - Batang Alai (Pihanin Raya),Daha Selatan,Ds. Muning Tengah - Ds. Pihanin Raya,5.26,3.0,0.0,,ruas_jalan_kabupaten.gpkg / ruas_kabupaten_reproject,Dashboard_Analitik_Data_Jalan_2025_Revisi.xlsx / Data_Analitik,canonical_v1
d53bb93f-1206-58ef-ad87-8d40a3a7ceaf,HSS-KAB-302,302,Muning Tengah - Ds. Muning Dalam,Muning Tengah - Ds. Muning Dalam,302,Jl. Muning Tengah - Muning Dalam,Daha Selatan,Ds. Muning Tengah - Muning Dalam,17.11,3.0,0.0,,ruas_jalan_kabupaten.gpkg / ruas_kabupaten_reproject,Dashboard_Analitik_Data_Jalan_2025_Revisi.xlsx / Data_Analitik,canonical_v1
830e2043-95cb-58e6-a98e-975fb970dc29,HSS-KAB-303,303,SP.4 Banjarbaru - Pasar Negara,SP.4 Banjarbaru - Pasar Negara,303,SP.4 Banjarbaru - Pasar Negara,Daha Selatan,Ds. Banjarbaru - Ds. Bayanan,0.66,3.5,0.0,,ruas_jalan_kabupaten.gpkg / ruas_kabupaten_reproject,Dashboard_Analitik_Data_Jalan_2025_Revisi.xlsx / Data_Analitik,canonical_v1
a2bec032-9734-5a86-b347-959fb7d7e8d4,HSS-KAB-304,304,Negara - Tumbukan Banyu,Negara - Tumbukan Banyu,304,Negara - Tumbukan Banyu,Daha Selatan,Ds. Bayanan - Ds. Tumbukan Banyu,0.53,5.0,0.0,,ruas_jalan_kabupaten.gpkg / ruas_kabupaten_reproject,Dashboard_Analitik_Data_Jalan_2025_Revisi.xlsx / Data_Analitik,canonical_v1
ae2ed9f3-98e9-5a17-82f0-6cf7007b09a1,HSS-KAB-305,305,SP.4. Banjarbaru - Pihanin Raya,SP.4. Banjarbaru - Pihanin Raya,305,SP.4. Banjarbaru - Pihanin Raya,Daha Selatan,Ds. Banjarbaru - Ds. Balah Paikat,1.04,4.0,0.0,,ruas_jalan_kabupaten.gpkg / ruas_kabupaten_reproject,Dashboard_Analitik_Data_Jalan_2025_Revisi.xlsx / Data_Analitik,canonical_v1
f1da5afc-d6eb-5719-a5fe-8df7a4b4e6f9,HSS-KAB-306,306,Bayanan - Pihanin,Bayanan - Pihanin,306,Bayanan - Pihanin,Daha Selatan,Ds. Bayanan - Ds. Pihanin Raya,2.21,3.5,0.0,,ruas_jalan_kabupaten.gpkg / ruas_kabupaten_reproject,Dashboard_Analitik_Data_Jalan_2025_Revisi.xlsx / Data_Analitik,canonical_v1
d4368431-c828-509e-8f56-7f223d08d29c,HSS-KAB-307,307,Jl. Kantor Camat Daha Selatan II,Kantor Camat Daha Selatan II,307,Jl. Kantor Camat Daha Selatan II,Daha Selatan,Ds. Tumbukan Banyu,0.32,4.0,0.0,,ruas_jalan_kabupaten.gpkg / ruas_kabupaten_reproject,Dashboard_Analitik_Data_Jalan_2025_Revisi.xlsx / Data_Analitik,canonical_v1
79fe0265-19e1-5023-b76a-273076cf6511,HSS-KAB-308,308,Jl. Sungai Bugundi,Sungai Bugundi,308,Jl. Sungai Bugundi,Daha Selatan,Ds. Baruh Jaya,0.31,3.0,0.0,,ruas_jalan_kabupaten.gpkg / ruas_kabupaten_reproject,Dashboard_Analitik_Data_Jalan_2025_Revisi.xlsx / Data_Analitik,canonical_v1
a8dca980-c483-5422-b8ce-306d60a1e9c8,HSS-KAB-309,309,Jl. Tukang Garit (Tambangan),Tukang Garit (Tambangan),309,Jl. Tukang Garit,Daha Selatan,Ds. Tambangan,0.48,3.0,0.0,,ruas_jalan_kabupaten.gpkg / ruas_kabupaten_reproject,Dashboard_Analitik_Data_Jalan_2025_Revisi.xlsx / Data_Analitik,canonical_v1
645b8b8f-e29f-5d35-a135-28bd5796db80,HSS-KAB-310,310,Pandak Daun - Baruh Jaya - Samuda,Pandak Daun - Baruh Jaya - Samuda,310,Pandak Daun - Baruh Jaya - Samuda,Daha Utara - Daha Selatan,Ds. Pandak Daun - Ds. Samuda,7.33,3.5,0.0,,ruas_jalan_kabupaten.gpkg / ruas_kabupaten_reproject,Dashboard_Analitik_Data_Jalan_2025_Revisi.xlsx / Data_Analitik,canonical_v1
97034ceb-c22c-5a76-bd31-819b5d4b8d5e,HSS-KAB-311,311,Sei. Mandala Murung Raya,Sei. Mandala Murung Raya,311,Sei. Mandala - Murung Raya,Daha Utara,Ds. Sungai Mandala - Ds. Murung Raya,2.1,3.5,0.0,,ruas_jalan_kabupaten.gpkg / ruas_kabupaten_reproject,Dashboard_Analitik_Data_Jalan_2025_Revisi.xlsx / Data_Analitik,canonical_v1
3cd7c410-a2f4-5ab7-97fd-f71ade9cc9dd,HSS-KAB-312,312,Jl. Teluk Haur I,Teluk Haur I,312,Teluk haur I,Daha Utara,Ds. Teluk haur,0.18,3.0,0.0,,ruas_jalan_kabupaten.gpkg / ruas_kabupaten_reproject,Dashboard_Analitik_Data_Jalan_2025_Revisi.xlsx / Data_Analitik,canonical_v1
3cceb3e0-f524-5c17-967c-01536a75cc0b,HSS-KAB-313,313,Jl. Teluk Haur II,Teluk Haur II,313,Teluk Haur II,Daha Utara,Ds. Teluk haur,0.21,3.0,0.0,,ruas_jalan_kabupaten.gpkg / ruas_kabupaten_reproject,Dashboard_Analitik_Data_Jalan_2025_Revisi.xlsx / Data_Analitik,canonical_v1
6cc3b8d8-7801-5a01-a5e7-2f0bfc2bdcc3,HSS-KAB-314,314,Jl. H.M. Thaib,H.M. Thaib,314,Jl. HM. Thaib,Daha Utara,Ds. Baruh Kambang,0.35,3.0,0.0,,ruas_jalan_kabupaten.gpkg / ruas_kabupaten_reproject,Dashboard_Analitik_Data_Jalan_2025_Revisi.xlsx / Data_Analitik,canonical_v1
42d61d8f-6ae3-5990-9ace-8d29c41d8d1d,HSS-KAB-315,315,Jl. Kenanga - Ds. Baruh Kambang,Kenanga - Ds. Baruh Kambang,315,Jl. Kenanga - Ds. Baruh Kambang,Daha Utara,Ds. Baruh Kambang,0.31,3.0,0.0,,ruas_jalan_kabupaten.gpkg / ruas_kabupaten_reproject,Dashboard_Analitik_Data_Jalan_2025_Revisi.xlsx / Data_Analitik,canonical_v1
e42f9d46-6be7-5a8b-88df-99e5128224db,HSS-KAB-316,316,Jl. SMAN Negara (KH. Abdullah),SMAN Negara (KH. Abdullah),316,Jl. SMAN Negara (KH. Abdullah),Daha Utara,Ds. Baruh Kambang,0.34,3.5,0.0,,ruas_jalan_kabupaten.gpkg / ruas_kabupaten_reproject,Dashboard_Analitik_Data_Jalan_2025_Revisi.xlsx / Data_Analitik,canonical_v1
4bacde93-adc4-5cdd-92aa-5ac3b1faaf96,HSS-KAB-317,317,Jl. Pertukangan,Pertukangan,317,Jl. Pertukangan,Daha Utara,Ds. Baruh Kambang,0.32,3.0,0.0,,ruas_jalan_kabupaten.gpkg / ruas_kabupaten_reproject,Dashboard_Analitik_Data_Jalan_2025_Revisi.xlsx / Data_Analitik,canonical_v1
caa87a04-aabc-50d4-ac16-d06d7a2c239d,HSS-KAB-318,318,Jl. Silaturrahim,Silaturrahim,318,Jl. Silaturahim,Daha Utara,Ds. Mandala Murung Mesjid,0.28,3.0,0.0,,ruas_jalan_kabupaten.gpkg / ruas_kabupaten_reproject,Dashboard_Analitik_Data_Jalan_2025_Revisi.xlsx / Data_Analitik,canonical_v1
88bfad3b-da95-5f0c-b6b0-9d7714026c2a,HSS-KAB-319,319,Jl. Habib Ibrahim - Ds. Sei Mandala,Habib Ibrahim - Ds. Sei Mandala,319,Jl. Habib Iberahim,Daha Utara,Ds. Sungai Mandala,0.17,3.0,0.0,,ruas_jalan_kabupaten.gpkg / ruas_kabupaten_reproject,Dashboard_Analitik_Data_Jalan_2025_Revisi.xlsx / Data_Analitik,canonical_v1
9349f414-5fb2-5c59-a05a-6e89a7e477a0,HSS-KAB-320,320,Jl. Sukaramai - Keramat,Sukaramai - Keramat,320,Jl. Sukaramai - Keramat,Daha Utara,Ds. Sungai Mandala - Ds. Baruh Kambang,0.73,3.0,0.0,,ruas_jalan_kabupaten.gpkg / ruas_kabupaten_reproject,Dashboard_Analitik_Data_Jalan_2025_Revisi.xlsx / Data_Analitik,canonical_v1
14888f6c-bb5c-5dac-b346-51707d7c35a2,HSS-KAB-321,321,Jl. Pakan Dalam I,Pakan Dalam I,321,Pakan Dalam I,Daha Utara,Ds. Tambak Bitin,0.32,3.5,0.0,,ruas_jalan_kabupaten.gpkg / ruas_kabupaten_reproject,Dashboard_Analitik_Data_Jalan_2025_Revisi.xlsx / Data_Analitik,canonical_v1
30c15453-04b9-57b4-8f28-f4f46080a6be,HSS-KAB-322,322,Jl. Pakan Dalam II,Pakan Dalam II,322,Pakan Dalam II,Daha Utara,Ds. Pakan Dalam,0.29,3.5,0.0,,ruas_jalan_kabupaten.gpkg / ruas_kabupaten_reproject,Dashboard_Analitik_Data_Jalan_2025_Revisi.xlsx / Data_Analitik,canonical_v1
0cba13c6-1023-5034-bbb0-fc09e85b9547,HSS-KAB-323,323,Jl. Pakan Dalam III,Pakan Dalam III,323,Pakan Dalam III,Daha Utara,Ds. Pakan Dalam,0.28,3.5,0.0,,ruas_jalan_kabupaten.gpkg / ruas_kabupaten_reproject,Dashboard_Analitik_Data_Jalan_2025_Revisi.xlsx / Data_Analitik,canonical_v1
39bdd42a-2e0a-508c-b119-a0a58dd5da6b,HSS-KAB-324,324,Jl. Paramaian,Paramaian,324,Jl. Paramaian,Daha Utara,Ds. Paramaian,0.3,3.0,0.0,,ruas_jalan_kabupaten.gpkg / ruas_kabupaten_reproject,Dashboard_Analitik_Data_Jalan_2025_Revisi.xlsx / Data_Analitik,canonical_v1
d76fda54-7fd4-5065-81ed-a1397d55546d,HSS-KAB-325,325,Jl. MIN Pandak Daun,MIN Pandak Daun,325,Jl. MIN Pandak Daun,Daha Utara,Ds. Paramaian,0.3,3.0,0.0,,ruas_jalan_kabupaten.gpkg / ruas_kabupaten_reproject,Dashboard_Analitik_Data_Jalan_2025_Revisi.xlsx / Data_Analitik,canonical_v1
317f9ffb-da5c-5be9-92ce-e3b2bb7caebb,HSS-KAB-326,326,Jl. Pesantren Muradiyah,Pesantren Muradiyah,326,Jl. Pesantren Muradiyah,Daha Utara,Ds. Pandak Daun,0.27,3.0,0.0,,ruas_jalan_kabupaten.gpkg / ruas_kabupaten_reproject,Dashboard_Analitik_Data_Jalan_2025_Revisi.xlsx / Data_Analitik,canonical_v1
d42db333-4284-5331-b39a-1a6bd767b565,HSS-KAB-327,327,Pandak Daun (Buntut Muradiyah) - Pakan Dalam,Pandak Daun (Buntut Muradiyah) - Pakan Dalam,327,Jl. Pandak Daun (Buntut Muradiyah) - Pakan Dalam,Daha Utara,Ds. Pandak Daun - Ds. Pakan Dalam,1.65,3.5,0.0,,ruas_jalan_kabupaten.gpkg / ruas_kabupaten_reproject,Dashboard_Analitik_Data_Jalan_2025_Revisi.xlsx / Data_Analitik,canonical_v1
9c294c3f-8ff4-5c16-a568-edc7e372c82b,HSS-KAB-328,328,Pakan Dalam - Kaminting Batu,Pakan Dalam - Kaminting Batu,328,Pakan Dalam - Keminting Batu,Daha Utara,Ds. Pakan Dalam - Ds. Tambangan,1.82,3.0,0.0,,ruas_jalan_kabupaten.gpkg / ruas_kabupaten_reproject,Dashboard_Analitik_Data_Jalan_2025_Revisi.xlsx / Data_Analitik,canonical_v1
5c168fcc-154b-5305-85a1-4c1303f4e75f,HSS-KAB-329,329,Jl. Samping Kantor Camat Daha Utara,Samping Kantor Camat Daha Utara,329,Jl. Samping Kantor Camat Daha Utara,Daha Utara,Ds. Tambak Bitin,0.15,3.5,0.0,,ruas_jalan_kabupaten.gpkg / ruas_kabupaten_reproject,Dashboard_Analitik_Data_Jalan_2025_Revisi.xlsx / Data_Analitik,canonical_v1
a6a090b6-8d95-5246-b25f-9248fb373589,HSS-KAB-330,330,Jl. Gang Bidan (Ds. Tambak Bitin),Gang Bidan (Ds. Tambak Bitin),330,Jl. Gang Bidan (Ds. Tambak Bitin),Daha Utara,Ds. Tambak Bitin,0.57,3.0,0.0,,ruas_jalan_kabupaten.gpkg / ruas_kabupaten_reproject,Dashboard_Analitik_Data_Jalan_2025_Revisi.xlsx / Data_Analitik,canonical_v1
c0135875-b0f4-5bbe-ad24-6bd4625b5932,HSS-KAB-331,331,Jl. Cangkingan Herman,Cangkingan Herman,331,Jl. Cakingan Herman,Daha Utara,Ds. Panggandingan,0.32,3.0,0.0,,ruas_jalan_kabupaten.gpkg / ruas_kabupaten_reproject,Dashboard_Analitik_Data_Jalan_2025_Revisi.xlsx / Data_Analitik,canonical_v1
976acc69-e1ac-5a83-89ab-fdb28fbbc698,HSS-KAB-332,332,Jl. Kampung Kawat,Kampung Kawat,332,Jl. Kampung Kawat,Daha Utara,Ds. Pekapuran,0.33,3.0,0.0,,ruas_jalan_kabupaten.gpkg / ruas_kabupaten_reproject,Dashboard_Analitik_Data_Jalan_2025_Revisi.xlsx / Data_Analitik,canonical_v1
c636da74-786c-5f4c-9dcb-380f5f9df3e3,HSS-KAB-333,333,Jl. Kaminting Batu,Kaminting Batu,333,Jl. Keminting Batu,Daha Utara,Ds. Tambangan,0.35,3.0,0.0,,ruas_jalan_kabupaten.gpkg / ruas_kabupaten_reproject,Dashboard_Analitik_Data_Jalan_2025_Revisi.xlsx / Data_Analitik,canonical_v1
9ec62650-c12f-5176-83de-37c9447cd224,HSS-KAB-334,334,Jl. Hamayung - Hakurung Dalam,Hamayung - Hakurung Dalam,334,Jl. Hamayung - Ds. Hakurung Dalam,Daha Utara,Ds. Hamayung - Ds. Hakurung,4.1,3.0,0.0,,ruas_jalan_kabupaten.gpkg / ruas_kabupaten_reproject,Dashboard_Analitik_Data_Jalan_2025_Revisi.xlsx / Data_Analitik,canonical_v1
0b8c43f6-a56c-53cf-9243-328992f2cc0a,HSS-KAB-335,335,Simpang Jadi Makmur - Ds. Samuda,Simpang Jadi Makmur - Ds. Samuda,335,Simpang Jadi Makmur Ds. Samuda,Daha Utara,Ds. Samuda,0.66,2.0,0.0,,ruas_jalan_kabupaten.gpkg / ruas_kabupaten_reproject,Dashboard_Analitik_Data_Jalan_2025_Revisi.xlsx / Data_Analitik,canonical_v1
2a6806d8-2410-5e62-8a3b-3b1d35c3dc27,HSS-KAB-336,336,Jl. Sakincung - Ds. Hakurung Dalam,Sakincung - Ds. Hakurung Dalam,336,Jl. Sakincung Ds. Hakurun Dalam,Daha Utara,Ds. Hakurung,1.34,2.0,0.0,,ruas_jalan_kabupaten.gpkg / ruas_kabupaten_reproject,Dashboard_Analitik_Data_Jalan_2025_Revisi.xlsx / Data_Analitik,canonical_v1
97827c64-94f0-56ea-8a4b-228423522d66,HSS-KAB-337,337,Jl. Hakurung Dalam - Ds. Sungai Haji,Hakurung Dalam - Ds. Sungai Haji,337,Hakurung Dalam - Ds. Sungai haji,Daha Utara,Ds. Hakurung,0.57,3.0,0.0,,ruas_jalan_kabupaten.gpkg / ruas_kabupaten_reproject,Dashboard_Analitik_Data_Jalan_2025_Revisi.xlsx / Data_Analitik,canonical_v1
88954cf3-fd8f-5d17-81fc-a1a9ad9e7a6a,HSS-KAB-338,338,Jl. Siang Gantung - Ds. Baru,Siang Gantung - Ds. Baru,338,Jl. Siang Gantung - Ds. Baru,Daha Barat,Ds. Siang Gantung - Ds. Baru,6.93,3.61,0.0,,ruas_jalan_kabupaten.gpkg / ruas_kabupaten_reproject,Dashboard_Analitik_Data_Jalan_2025_Revisi.xlsx / Data_Analitik,canonical_v1
7994301c-04fe-57b8-a41f-7369b5f3eecb,HSS-KAB-339,339,Jl. Baru - Ds. Bajayau,Baru - Ds. Bajayau,339,Jl. Baru - Ds. Bajayau,Daha Barat,Ds. Baru,2.33,4.0,0.0,,ruas_jalan_kabupaten.gpkg / ruas_kabupaten_reproject,Dashboard_Analitik_Data_Jalan_2025_Revisi.xlsx / Data_Analitik,canonical_v1
143eca14-15c1-554c-b41a-3d59aac6f461,HSS-KAB-340,340,Jl. Bajayau - Ds. Bajayau Tengah,Bajayau - Ds. Bajayau Tengah,340,Bajayau - Bajayau Tengah,Daha Barat,Ds. Bajayau - Ds. Bajayau Tengah,7.58,3.5,0.0,,ruas_jalan_kabupaten.gpkg / ruas_kabupaten_reproject,Dashboard_Analitik_Data_Jalan_2025_Revisi.xlsx / Data_Analitik,canonical_v1
2fe8eb3a-dd78-57a5-82b3-e41bca1eea2e,HSS-KAB-341,341,Jl. Banua Hanyar - Ds. Tanjung Selor,Banua Hanyar - Ds. Tanjung Selor,341,Jl. Banua Hanyar - Tanjung Selor,Daha Barat,Ds. Banua Hanyar - Ds. Tanjung Selor,5.61,3.0,0.0,,ruas_jalan_kabupaten.gpkg / ruas_kabupaten_reproject,Dashboard_Analitik_Data_Jalan_2025_Revisi.xlsx / Data_Analitik,canonical_v1
e2c5d564-181b-5177-8d13-e4a9c4495525,HSS-KAB-342,342,Jl. Tanjung Selor - Ds. Badaun,Tanjung Selor - Ds. Badaun,342,Jl. Tanjung Selor - Ds. Badaun,Daha Barat,Ds. Tanjung Selor - Ds. Badaun,8.03,3.0,0.0,,ruas_jalan_kabupaten.gpkg / ruas_kabupaten_reproject,Dashboard_Analitik_Data_Jalan_2025_Revisi.xlsx / Data_Analitik,canonical_v1
5c7d3072-227d-5177-b4a8-d5dc58ee69b5,HSS-KAB-343,343,Jl. Badaun - Ds. Bjayau Lama,Badaun - Ds. Bjayau Lama,343,Jl. Badaun - Ds. Bajayau Lama,Daha Barat,Ds. Bajayau Lama,3.1,3.0,0.0,,ruas_jalan_kabupaten.gpkg / ruas_kabupaten_reproject,Dashboard_Analitik_Data_Jalan_2025_Revisi.xlsx / Data_Analitik,canonical_v1
9293a73b-ae3e-51cd-b1ce-d056f93816a8,HSS-KAB-344,344,Jl. Goha - Ds. Amawang Kanan,Goha - Ds. Amawang Kanan,344,Jl. Goha - Ds. Amawang Kanan,Kandangan,Ds. Amawang Kanan,0.7,3.5,0.0,,ruas_jalan_kabupaten.gpkg / ruas_kabupaten_reproject,Dashboard_Analitik_Data_Jalan_2025_Revisi.xlsx / Data_Analitik,canonical_v1
53dec18e-46b3-5380-8603-c351d34ad056,HSS-KAB-345,345,Jl. Al - Ikhlas - Ds. Baluti,Al - Ikhlas - Ds. Baluti,345,Jl. Al - Ikhlas - Ds. Baluti,Kandangan,Ds. Baluti - Ds. Tibung Raya,0.38,3.5,0.0,,ruas_jalan_kabupaten.gpkg / ruas_kabupaten_reproject,Dashboard_Analitik_Data_Jalan_2025_Revisi.xlsx / Data_Analitik,canonical_v1
5840f213-71b5-5b8b-87b0-0cd0aa3489ad,HSS-KAB-346,346,Jl. Angkakai - Ds. Amawang Kiri,Angkakai - Ds. Amawang Kiri,346,Jl. Angkakai - Ds. Amawang Kiri,Kandangan,Ds. Amawang Kiri,0.4,3.5,0.0,,ruas_jalan_kabupaten.gpkg / ruas_kabupaten_reproject,Dashboard_Analitik_Data_Jalan_2025_Revisi.xlsx / Data_Analitik,canonical_v1
0eb1416a-1bf5-5dd2-8630-e73bbe698a2c,HSS-KAB-347,347,Jl. Anjiran Rantauan - Ds. Taniran Tengah,Anjiran Rantauan - Ds. Taniran Tengah,347,Jl. Anjiran Rantauan - Ds. Taniran Tengah,Angkinang,Ds. Taniran Selatan,1.21,3.5,0.0,,ruas_jalan_kabupaten.gpkg / ruas_kabupaten_reproject,Dashboard_Analitik_Data_Jalan_2025_Revisi.xlsx / Data_Analitik,canonical_v1
fa677f1f-7b6c-5a16-93c6-c173c21808c4,HSS-KAB-348,348,Jl. Asam Duhat - Ds. Pantai Ulin,Asam Duhat - Ds. Pantai Ulin,348,Jl. Asam Duhat - Ds. Pantai Ulin,Simpur,Ds. Pantai Ulin,1.11,3.5,0.0,,ruas_jalan_kabupaten.gpkg / ruas_kabupaten_reproject,Dashboard_Analitik_Data_Jalan_2025_Revisi.xlsx / Data_Analitik,canonical_v1
c3b402b7-ee09-52cb-937a-a8a5eb4abb66,HSS-KAB-349,349,Jl. Pertanian - Ds. Wasah Tengah,Pertanian - Ds. Wasah Tengah,349,Jl. Pertanian - Ds. Wasah Tengah,Simpur,Ds. Wasah Tengah - Ds. Wasah Hulu,0.36,3.0,0.0,,ruas_jalan_kabupaten.gpkg / ruas_kabupaten_reproject,Dashboard_Analitik_Data_Jalan_2025_Revisi.xlsx / Data_Analitik,canonical_v1
358c9fac-6cda-5436-ace9-36c5d18087e3,HSS-KAB-350,350,Jl. Keramat Sakti - Ds. Tebing Tinggi,Keramat Sakti - Ds. Tebing Tinggi,350,Jl. Keramat Sakti - Ds. Tebing Tinggi,Simpur,Ds. Tebing Tinggi,0.69,3.0,0.0,,ruas_jalan_kabupaten.gpkg / ruas_kabupaten_reproject,Dashboard_Analitik_Data_Jalan_2025_Revisi.xlsx / Data_Analitik,canonical_v1
