road_key,road_id,nomor_ruas,canonical_name,display_name,source_ml_row_id,source_ml_name,norm_panjang_ruas,norm_lebar_ruas,norm_kondisi_sedang,norm_rusak_ringan,norm_rusak_berat,norm_permukaan_aspal_penmac,norm_permukaan_beton,norm_penduduk_dilayani,norm_desa_dilalui,norm_kecamatan_dilalui,norm_koneksi_jalan_provinsi,norm_koneksi_jalan_nasional,norm_jarak_rsud_cost,norm_jarak_puskesmas_cost,norm_jarak_sd_smp_cost,norm_jarak_pasar_cost,norm_jarak_ibukota_kabupaten_cost,label_top105
HSS-KAB-035,ba4021f1-0ea4-501b-b0ef-2cb4ac3bebd7,035,Jl. AES Nasution,AES Nasution,325,AES Nasution,0.010557184750733138,0.045454545454545456,0.0,0.0,0.0,0.9999999683701768,0.0,0.13840482573726542,0.0,0.0,0.0,0.0,0.9671274253236647,0.9550242615536816,0.9793676213176418,0.9979778558078949,0.9970510727736346,0
HSS-KAB-234,931275e5-9775-5489-880e-e85018397906,234,Jl. Air Miris - Ds. Wasah Hilir,Air Miris - Ds. Wasah Hilir,189,Air Miris - Ds. Wasah Hilir,0.05865102639296187,0.0,0.0,0.0,0.0,1.0,0.0,0.1291331546023235,0.125,0.0,0.0,1.0,0.8699669129938552,0.9051915013897395,0.9171725447841793,0.9972784164920429,0.8677847837915693,0
HSS-KAB-345,53dec18e-46b3-5380-8603-c351d34ad056,345,Jl. Al - Ikhlas - Ds. Baluti,Al - Ikhlas - Ds. Baluti,285,Al - Ikhlas - Ds. Baluti,0.0187683284457478,0.045454545454545456,0.0,0.0,0.0,0.0,0.0,0.24318588025022342,0.125,0.0,0.0,0.0,0.9712846289528597,0.9336882272577378,0.9471279778530906,0.9964390893130204,0.9718720993502544,0
HSS-KAB-008,ec69190b-9671-5012-a17e-681bea59d85b,008,Jl. Aluh Idut,Aluh Idut,160,Aluh Idut,0.0750733137829912,0.18181818181818182,0.0,0.0,0.0,0.9999999211090332,0.0,0.6777256478999106,0.25,0.0,0.0,1.0,0.9362147081541601,0.9782446883685871,0.9827691085372363,0.9968581865549074,0.9853343148865346,1
HSS-KAB-032,35edcfd4-2de4-5e10-9eaa-d26d512ba917,032,Amawang Kanan - Wasah Hulu,Amawang Kanan - Wasah Hulu,75,Amawang Kanan - Wasah Hulu,0.18240469208211144,0.045454545454545456,0.9369085173501578,0.06309148264984228,0.0,0.9999999219509463,0.0,0.10991957104557641,0.125,0.5,0.0,1.0,0.9423848007286059,0.9205116125688981,0.9429195684828622,0.990709067225463,0.9385803753374089,1
HSS-KAB-031,b6930abb-0d46-52fe-a70b-1dd585b89608,031,Amawang Muka - Getek,Amawang Muka - Getek,33,Amawang Muka - Getek,0.31378299120234604,0.045454545454545456,0.07578558225508317,0.07393715341959335,0.0,0.9999999742232204,0.0,0.2615058087578195,0.375,0.0,0.0,0.0,0.8769071142827498,0.8244405709709333,0.976276488771368,0.9883499461969757,0.9245014883333866,0
HSS-KAB-139,9370dbb5-cab2-5d64-9523-4428df36d546,139,Ambarai - Madang,Ambarai - Madang,133,Ambarai - Madang,0.09853372434017595,0.045454545454545456,0.0,0.0,0.0,0.9999999405375483,0.0,0.10612153708668454,0.125,0.0,0.0,0.0,0.8366539468071615,0.8482640033919066,0.8723200873958761,0.9932570651866115,0.8876121584568276,0
HSS-KAB-187,fba74e7a-a278-590c-a3c9-dac943efbd3b,187,Jl. AMD - Ds. Lok Binuang,AMD - Ds. Lok Binuang,148,AMD - Ds. Lok Binuang,0.08856304985337243,0.045454545454545456,0.0,0.0,1.0,0.12738852389929495,0.0,0.06981680071492403,0.125,0.0,0.0,0.0,0.6795679090626117,0.8672351250765534,0.8349657989150001,0.9881647505238715,0.7478219121083123,0
HSS-KAB-214,43d4c9d9-e55b-5731-a202-9fcc92780a46,214,Amparaya - Karangan - Hanau,Amparaya - Karangan - Hanau,53,Amparaya - Karangan - Hanau,0.2521994134897361,0.045454545454545456,0.4495412844036696,0.0,0.0,0.9999999153958679,0.0,0.09986595174262734,0.125,0.0,0.0,0.0,0.7643997648170991,0.7560088566448391,0.8500738644122503,0.986949368522399,0.7830639396558162,0
HSS-KAB-011,3c8f50f8-34f8-5658-b73f-8209b7f2ae7b,011,Jl. Anggrek,Anggrek,328,Anggrek,0.00997067448680352,0.0,0.0,0.0,0.0,0.9999999278778922,0.0,0.4683869526362824,0.125,0.0,0.0,0.0,0.9370055683010341,0.9624581900409855,0.975630951050861,0.9977867134847369,0.9860662121648582,0
HSS-KAB-346,5840f213-71b5-5b8b-87b0-0cd0aa3489ad,346,Jl. Angkakai - Ds. Amawang Kiri,Angkakai - Ds. Amawang Kiri,280,Angkakai - Ds. Amawang Kiri,0.01994134897360704,0.045454545454545456,0.0,0.0,0.0,0.0,0.0,0.07238605898123325,0.0,0.0,0.0,0.0,0.881140406497504,0.8503603900692515,0.9390835847206187,0.9867919238828793,0.9127612585219089,0
HSS-KAB-178,f9fb610c-66bd-5d6b-99aa-946bd8309439,178,Angkinang - Kayu Abang - Panggang Hijau,Angkinang - Kayu Abang - Panggang Hijau,18,Angkinang - Kayu Abang - Panggang Hijau,0.40703812316715543,0.0,0.1428571428571428,0.1428571428571428,0.48571428571428577,0.77142852978565,0.0,0.265638963360143,0.25,0.0,0.0,1.0,0.718262413391591,0.7736891694539973,0.8720221469094882,0.9881899529931472,0.7836315334634958,1
HSS-KAB-175,fb1c51a8-83d4-5145-bba5-69916b462224,175,Angkinang - Telaga Langsat,Angkinang - Telaga Langsat,32,Angkinang - Telaga Langsat,0.3237536656891496,0.0,0.1075268817204301,0.1075268817204301,0.0,0.9999999596911842,0.0,0.25603217158176944,0.5,0.5,0.0,1.0,0.7111977035081449,0.8746831865077496,0.9947363847404814,0.9920493288780654,0.7770935356186452,1
HSS-KAB-172,c94009bc-7e04-5885-8010-bbed388215a1,172,Angkinang Selatan - Tawia - Wawaran,Angkinang Selatan - Tawia - Wawaran,26,Angkinang Selatan - Tawia - Wawaran,0.34134897360703814,0.0,0.5102040816326531,0.18367346938775508,0.0,0.9999999265556957,0.0,0.3324396782841823,0.375,0.0,0.0,0.0,0.7343286335181748,0.786074339284873,0.7767805047608407,0.9901628249419494,0.7984999306511326,0
HSS-KAB-347,0eb1416a-1bf5-5dd2-8630-e73bbe698a2c,347,Jl. Anjiran Rantauan - Ds. Taniran Tengah,Anjiran Rantauan - Ds. Taniran Tengah,175,Anjiran Rantauan - Ds. Taniran Tengah,0.06744868035190615,0.045454545454545456,0.0,0.0,1.0,0.999999914492014,0.0,0.04546470062555853,0.0,0.0,0.0,1.0,0.804127229337914,0.8519103029160975,0.9411319255645352,0.9918737611145721,0.863094666538638,1
HSS-KAB-097,2d3af059-f3d0-5a10-9aee-3b37df2fa9bf,097,Asam Cangkuk - Telaga Bidadari,Asam Cangkuk - Telaga Bidadari,212,Asam Cangkuk - Telaga Bidadari,0.04516129032258064,0.0,0.0,0.0,1.0,0.0,0.0,0.18453976764968721,0.25,1.0,0.0,0.0,0.9529173055417853,0.8597352428510858,0.8929400518913013,0.9916016310811576,0.9412497732825487,1
HSS-KAB-348,fa677f1f-7b6c-5a16-93c6-c173c21808c4,348,Jl. Asam Duhat - Ds. Pantai Ulin,Asam Duhat - Ds. Pantai Ulin,183,Asam Duhat - Ds. Pantai Ulin,0.06158357771260997,0.045454545454545456,0.0,0.0,1.0,0.0,0.0,0.06367292225201072,0.0,0.0,0.0,0.0,0.7453453384212771,0.8045602298958873,0.9338447978349658,0.9876454097525061,0.8511218512946901,0
HSS-KAB-123,37db58e5-7b11-5701-be57-10ad59d6b663,123,Asam Seranggan - Asam Tamiyang,Asam Seranggan - Asam Tamiyang,194,Asam Seranggan - Asam Tamiyang,0.056304985337243395,0.0,0.0,0.0,1.0,0.0,0.0,0.07361483467381591,0.125,0.0,0.0,0.0,0.8103019333417876,0.7666650963395676,0.8783657964321627,0.9790026618338336,0.739101025296333,0
HSS-KAB-238,3674647f-78a4-5e1e-bd71-2966eb95057c,238,Jl. At-Taubah - Ds. Kapuh,At-Taubah - Ds. Kapuh,267,At-Taubah - Ds. Kapuh,0.024046920821114367,0.0,0.0,0.0,0.0,0.9999999485548028,0.0,0.06076854334226988,0.0,0.0,0.0,0.0,0.9155140014526003,0.8565506194940407,0.9344655071816071,0.9927343263295011,0.8965827011917337,0
HSS-KAB-343,5c7d3072-227d-5177-b4a8-d5dc58ee69b5,343,Jl. Badaun - Ds. Bjayau Lama,Badaun - Ds. Bjayau Lama,78,Badaun - Ds. Bjayau Lama,0.1782991202346041,0.0,0.0,0.0,1.0,0.0,0.0,0.032171581769437,0.0,0.0,0.0,0.0,0.8539514185909778,0.8744287935176898,0.9240251759710998,0.9908305487908479,0.8239200247522112,0
HSS-KAB-249,25fb5573-87a9-5852-96e3-f0ce07e42e69,249,Bago Tanggul - Katilang - Teratai,Bago Tanggul - Katilang - Teratai,4,Bago Tanggul - Katilang - Teratai,0.5659824046920822,0.09090909090909091,0.10298661174047369,0.0,0.2520082389289392,0.7463439320622904,0.0,0.0918230563002681,0.375,0.0,0.0,0.0,0.5231136371496755,0.6317614359070994,0.9799386739165519,0.9710865379169734,0.5338454480470292,0
HSS-KAB-069,1b86fdcc-86ec-5a6b-ba6d-ad8ce546da97,069,Jl. Baiturrahim Parincahan,Baiturrahim Parincahan,158,Baiturrahim Parincahan,0.07976539589442815,0.0,0.2816901408450704,0.5633802816901409,0.1549295774647887,0.8450704024567669,0.0,0.193923145665773,0.0,0.0,0.0,1.0,0.8986407811761451,0.8771187638385075,0.8838156244956736,0.9924231183100187,0.9505617258265852,1
HSS-KAB-340,143eca14-15c1-554c-b41a-3d59aac6f461,340,Jl. Bajayau - Ds. Bajayau Tengah,Bajayau - Ds. Bajayau Tengah,14,Bajayau - Ds. Bajayau Tengah,0.4410557184750733,0.045454545454545456,0.0,0.02638522427440633,0.6569920844327177,0.23746700804096005,0.0,0.06657730116175156,0.125,0.0,0.0,0.0,0.5877128462895287,0.9260281716681584,0.8695144811490572,0.9897063487568669,0.8239200247522112,0
HSS-KAB-167,4f967d36-7605-58c3-a5b3-4dc919d00538,167,Bakarung - Rantauan,Bakarung - Rantauan,79,Bakarung - Rantauan,0.17419354838709675,0.045454545454545456,0.0,0.0,0.0,0.9999999554607544,0.0,0.2645218945487042,0.375,0.5,1.0,1.0,0.8081345615107043,0.8684317143260941,0.8074932032326543,0.9950376621170074,0.8668032305903189,0
HSS-KAB-169,9c35253d-af38-5b74-974b-67d708e9d933,169,Bakarung -Tabihi - Karang Jawa,Bakarung -Tabihi - Karang Jawa,48,Bakarung -Tabihi - Karang Jawa,0.2645161290322581,0.045454545454545456,1.0,0.0,0.0,0.9999999084557741,0.0,0.2935656836461126,0.375,0.5,0.0,1.0,0.8843107642291419,0.9269138361520705,0.9479721425645228,0.9924146230956561,0.9345368029105187,1
HSS-KAB-056,a9c5264a-bdc6-5ca2-a657-3f43c82aabc6,056,Bakarung Tengah - Karang Jawa,Bakarung Tengah - Karang Jawa,65,Bakarung Tengah - Karang Jawa,0.21759530791788856,0.045454545454545456,1.0,0.0,0.0,0.9999999510777157,0.0,0.18342269883824844,0.25,0.5,0.0,1.0,0.8958208920810228,0.913529938286145,0.9889389594428513,0.9932930282607464,0.9451909227666997,1
HSS-KAB-219,4adf2493-35c2-5cbd-a5da-4f3ca9e0b94a,219,Balaimas - Hanau,Balaimas - Hanau,101,Balaimas - Hanau,0.13313782991202344,0.045454545454545456,0.0,0.0,0.0,0.9999999787626161,0.0,0.113047363717605,0.125,0.0,0.0,0.0,0.79796405390761,0.7756630706176096,0.7996101945303092,0.9812519114232315,0.8141258308527777,0
HSS-KAB-251,5a0e8f10-fb31-557c-bd76-382faf574e7b,251,Balanti - (Ex. P3DT),Balanti - (Ex. P3DT),137,Balanti - (Ex. P3DT),0.09384164222873899,0.0,0.0,0.0,0.0,0.9999999661260248,0.0,0.032171581769437,0.125,0.0,0.0,0.0,0.659286842438985,0.9099825693691996,0.8726304420691967,0.98781021691114,0.659866210031047,0
HSS-KAB-256,d992f3da-3d54-5f47-8473-86912692c283,256,Balimau - Murung Dalam,Balimau - Murung Dalam,154,Balimau - Murung Dalam,0.08211143695014662,0.0,0.0,0.0,1.0,0.0,0.0,0.019213583556747096,0.0,0.0,0.0,0.0,0.5623937930159901,0.7120130023083808,0.7951038446736931,0.9759106869796681,0.5701970574742076,0
HSS-KAB-040,08ecba0a-2fa8-5a16-a810-2d8bd5b86ad1,040,Baluti - Jambu Hulu (Paku),Baluti - Jambu Hulu (Paku),61,Baluti - Jambu Hulu (Paku),0.23519061583577716,0.045454545454545456,1.0,0.0,0.0,0.9999999038411966,0.0,0.4066130473637176,0.25,0.5,0.0,1.0,0.9181978533796014,0.923620860225185,0.9928494283266918,0.9934983292745087,0.9497103351150658,1
HSS-KAB-191,71075970-4e1f-5f31-883c-2449ff248a16,191,Bamban (Tibung) - Martajiwa,Bamban (Tibung) - Martajiwa,239,Bamban (Tibung) - Martajiwa,0.03519061583577713,0.0,0.1515151515151515,0.0,0.8484848484848484,0.3030302746309118,0.0,0.04032618409294012,0.0,0.0,0.0,0.0,0.6949216633425946,0.935671550383945,0.9082343301925441,0.9900504049385512,0.7620309616020655,0
HSS-KAB-176,fe4653e9-8544-53f7-8b5e-fb91ba96a9c5,176,Bamban Selatan - Pakuan,Bamban Selatan - Pakuan,116,Bamban Selatan - Pakuan,0.1190615835777126,0.0,1.0,0.0,0.0,0.9999999870857497,0.0,0.1597408400357462,0.25,0.5,0.0,1.0,0.7132244267416792,0.8897536156781458,0.8614080170819212,0.9922982386588888,0.7789691557575563,1
HSS-KAB-189,3f1301e9-b2a9-5e2e-8812-2064107102e8,189,Bamban Selatan - Pakuan Balunan,Bamban Selatan - Pakuan Balunan,134,Bamban Selatan - Pakuan Balunan,0.0967741935483871,0.0,0.7017543859649122,0.0,0.0,0.9999999237102655,0.0,0.03451742627345845,0.0,0.0,0.0,1.0,0.6920141570883435,0.9039525133085222,0.8925924546571822,0.9896936059353231,0.7593402255438552,0
HSS-KAB-174,1ae6f596-32ea-5075-8d0b-b9fd5bf53ea4,174,Bamban Selatan - Tanggang - Panggang Hijau,Bamban Selatan - Tanggang - Panggang Hijau,70,Bamban Selatan - Tanggang - Panggang Hijau,0.2064516129032258,0.0,0.2793296089385475,0.027932960893854747,0.6927374301675977,0.2793295998127352,0.0,0.17817247542448614,0.25,0.0,0.0,1.0,0.7010064444726254,0.8613275545296085,0.7716782739314488,0.9869354930056068,0.767662089641413,0
HSS-KAB-181,fba82547-ce73-566f-a788-9fcbe07c453b,181,Bamban Tengah - Lok Nyiur,Bamban Tengah - Lok Nyiur,169,Bamban Tengah - Lok Nyiur,0.07038123167155425,0.045454545454545456,0.4761904761904761,0.1587301587301588,0.2063492063492064,0.7936507568153003,0.2063491990665396,0.1282394995531725,0.125,0.0,0.0,1.0,0.6905315825272939,0.9267018419936873,0.8845977182724417,0.9895112420003398,0.7579681848734117,0
HSS-KAB-177,e0ce9631-cbbe-5390-a672-355e62377076,177,Bamban Utara - Longawang,Bamban Utara - Longawang,112,Bamban Utara - Longawang,0.12023460410557184,0.045454545454545456,1.0,0.0,0.0,0.9999999957360531,0.0,0.16096961572832885,0.25,0.5,0.0,1.0,0.6625770973357467,0.9482640033919065,0.9724280908221916,0.9860780427026109,0.732097856586542,1
HSS-KAB-112,0c9496ea-4c8f-53d6-b03a-5fe21cb3d211,112,Jl. Bangga TMMD,Bangga TMMD,222,Bangga TMMD,0.042815249266862164,0.045454545454545456,0.0,1.0,0.0,0.9999999188568268,0.0,0.059204647006255585,0.0,0.0,0.0,0.0,0.9603832097854532,0.8334008573985962,0.8135513264558738,0.9904108852013366,0.9322749629250285,0
HSS-KAB-341,2fe8eb3a-dd78-57a5-82b3-e41bca1eea2e,341,Jl. Banua Hanyar - Ds. Tanjung Selor,Banua Hanyar - Ds. Tanjung Selor,31,Banua Hanyar - Ds. Tanjung Selor,0.32551319648093846,0.0,0.0,0.0,1.0,0.0,0.0,0.17627345844504022,0.125,0.5,0.0,0.0,0.8539514185909778,0.8744287935176898,0.9108971732896354,0.9908305487908479,0.8239200247522112,0
HSS-KAB-243,2ecdead4-08e6-5dd8-b278-bc46915b79a7,243,Jl. Banua Kambang - Ds. Wasah Tengah,Banua Kambang - Ds. Wasah Tengah,159,Banua Kambang - Ds. Wasah Tengah,0.07800586510263928,0.0,0.0,0.0,0.0,0.0,0.0,0.10265862377122431,0.125,0.0,0.0,1.0,0.9099572289920568,0.9321571583360814,0.8824997206807941,0.9925225123180609,0.9085704531148311,0
HSS-KAB-050,ee0db9ac-7d75-5395-8997-9439421885a6,050,Banyu Barau - Sei Kalang,Banyu Barau - Sei Kalang,114,Banyu Barau - Sei Kalang,0.11964809384164223,0.0,0.9999999999999997,0.0,0.0,0.9999999914314974,0.0,0.193923145665773,0.0,0.0,0.0,1.0,0.8960906607025513,0.8677203561501861,0.876913336561022,0.9918579033810954,0.94820173052097,1
HSS-KAB-046,9de2747a-0538-57e4-aa7f-8b1b9fce8994,046,Bariang - Getek,Bariang - Getek,172,Bariang - Getek,0.069208211143695,0.0,1.0,0.0,0.0,0.9999999383275133,0.0,0.1971626452189455,0.25,0.0,0.0,0.0,0.9163048615994743,0.8445705940547417,0.8854915397316053,0.9906207169960922,0.9379124923982972,1
HSS-KAB-075,4b05885e-fd28-5219-9de1-f058e2a7dae5,075,Bariang - Patigan,Bariang - Patigan,141,Bariang - Patigan,0.09208211143695014,0.0,0.6319018404907975,0.0,0.0,0.9999999489438158,0.0,0.1146112600536193,0.125,0.0,0.0,0.0,0.8989635812360937,0.8139445046403165,0.8886447432125433,0.9884909667553945,0.9218640975578529,0
HSS-KAB-125,e1874c39-42cc-50c0-b82d-59da78699126,125,Jl. Baru - Asam Desa Baru,Baru - Asam Desa Baru,162,Baru - Asam Desa Baru,0.07390029325513196,0.0,1.0,0.0,0.0,0.9999999062820087,0.0,0.06758266309204647,0.125,0.0,0.0,0.0,0.7610403384789199,0.8462288594714279,0.7906347373778755,0.9908438579600158,0.7477941725613204,0
HSS-KAB-339,7994301c-04fe-57b8-a41f-7369b5f3eecb,339,Jl. Baru - Ds. Bajayau,Baru - Ds. Bajayau,102,Baru - Ds. Bajayau,0.13313782991202344,0.09090909090909091,0.0,0.0,1.0,0.0,0.0,0.021447721179624665,0.0,0.0,0.0,0.0,0.7461730900035739,0.7551938568803882,0.8066986952689534,0.9911321289007192,0.12360101996180473,0
HSS-KAB-130,1f0eea52-60bb-52a7-9d4c-eb4f6ab6d87e,130,Batang Kulur Kanan - Batang Kulur Kiri,Batang Kulur Kanan - Batang Kulur Kiri,215,Batang Kulur Kanan - Batang Kulur Kiri,0.04457478005865102,0.045454545454545456,0.0,0.0,1.0,0.0,0.0,0.03585790884718499,0.125,0.0,0.0,0.0,0.8533427099065033,0.9253168134922505,0.8513401114793987,0.9955977799173132,0.8332149068057912,0
HSS-KAB-129,8de6e6e4-568f-594d-ac38-e78c212c0a6b,129,Batang Kulur Kanan - Bumi Berkat (Jl. Kisung),Batang Kulur Kanan - Bumi Berkat (Jl. Kisung),143,Batang Kulur Kanan - Bumi Berkat (Kisung),0.09090909090909091,0.045454545454545456,0.0,0.0,1.0,0.37267078402482157,0.0,0.04345397676496872,0.125,0.0,0.0,0.0,0.7309392328887147,0.7845432703632167,0.7473464675431083,0.9871359800645636,0.7199372659475722,0
HSS-KAB-091,e1d38775-86cf-5899-87df-53917fc1e61f,091,Batang Kulur Kanan - Sarangan,Batang Kulur Kanan - Sarangan,109,Batang Kulur Kanan - Sarangan,0.12434017595307918,0.0,0.9082568807339448,0.09174311926605505,0.0,0.9999999153958674,0.0,0.06847631814119749,0.125,0.0,0.0,0.0,0.802743800509563,0.9314410891788759,0.8655667697044183,0.9959659058730249,0.7863884176722252,0
HSS-KAB-113,41b41550-796c-5d08-b376-a47530e33522,113,Batang Kulur Kiri - Durian Landung,Batang Kulur Kiri - Durian Landung,255,Batang Kulur Kiri - Durian Landung,0.02873900293255132,0.045454545454545456,0.0,0.0,0.0,0.0,0.0,0.056411974977658624,0.125,0.0,0.0,0.0,0.8486943890432437,0.9380600179017289,0.9358807244919494,0.9963637650790055,0.8289131432107459,0
HSS-KAB-154,a62be348-ee42-549c-b4cf-9470c6e8477c,154,Batu Laki - Muara Pipii,Batu Laki - Muara Pipii,55,Batu Laki - Muara Pipii,0.2469208211143695,0.045454545454545456,0.04683840749414521,0.09367681498829042,0.8594847775175645,0.9999999504852937,0.0,0.04121983914209115,0.0,0.0,0.0,0.0,0.4224046298751456,0.1081217317567249,0.44316164512805234,0.9352053010137622,0.4721633645936689,0
HSS-KAB-269,53909e89-2eae-5dab-9da5-6391c7175f49,269,Jl. Bayampah - Tanuhi - Tugu Niih,Bayampah - Tanuhi - Tugu Niih,249,Bayampah - Tanuhi - Tugu Niih,0.03225806451612903,0.045454545454545456,0.4459016393442624,0.0,0.5540983606557377,0.554098317750477,0.4459016097752879,0.10277033065236818,0.25,0.0,1.0,0.0,0.2751801339620249,0.753653365996137,0.813898923689993,0.917124086764456,0.3359173788261903,0
HSS-KAB-289,b4e38c4e-8556-5195-b06a-871d9d26fdd9,289,Bayanan - Habirau Tengah,Bayanan - Habirau Tengah,86,Bayanan - Habirau Tengah,0.16422287390029325,0.045454545454545456,0.0,0.3706293706293707,0.06993006993006994,0.999999982698216,0.0,0.499106344950849,0.625,0.0,1.0,0.0,0.9458756528054784,1.0,0.985810584335779,0.9959494817919239,0.38664874265168725,0
HSS-KAB-306,f1da5afc-d6eb-5719-a5fe-8df7a4b4e6f9,306,Bayanan - Pihanin,Bayanan - Pihanin,108,Bayanan - Pihanin,0.12609970674486803,0.045454545454545456,0.3850678733031675,0.3619909502262444,0.2529411764705883,0.9280542325254979,0.0,0.21637622877569257,0.25,0.0,0.0,0.0,0.9846923600142954,0.9516040891317662,0.9755316375553983,0.9967834286685168,0.40928207918573756,0
HSS-KAB-039,c83fa071-d285-52ae-900d-d89da41d4567,039,Jl. Bina Bakat,Bina Bakat,324,Bina Bakat,0.010557184750733138,0.0,0.0,0.0,0.0,0.9999999683701768,0.0,0.08936550491510277,0.0,0.0,0.0,0.0,0.976391787044189,0.9495453903048005,0.9738433081325338,0.9973922523645014,0.9834330890119387,0
HSS-KAB-250,d5eac3d3-4e59-50c0-8320-ccf9a67c44d8,250,Binjai (Sirih Hulu) - Ds. Seranggan,Binjai (Sirih Hulu) - Ds. Seranggan,54,Binjai (Sirih Hulu) - Ds. Seranggan,0.25102639296187684,0.045454545454545456,0.5069124423963134,0.09216589861751152,0.0,0.999999910859938,0.0,0.06289097408400357,0.125,0.5,0.0,1.0,0.7156385100471518,0.7438639468601309,0.8425136245701588,0.9823259896924732,0.7116090004160932,0
HSS-KAB-082,b78e6543-ae3c-56dc-b8ec-371eae6f7aac,082,Jl. Biti - Sungai Kupang (Karya Bakti TNI),Biti - Sungai Kupang (Karya Bakti TNI),129,Biti - Sungai Kupang (Karya Bakti TNI),0.1032258064516129,0.0,0.2197802197802198,0.3406593406593407,0.0,0.9999999171986089,0.0,0.19101876675603216,0.125,0.0,1.0,0.0,0.7353062565568762,0.5590615725255571,0.8834307847007561,0.9713643314266297,0.7953674956523594,0
HSS-KAB-023,a7bbf3ed-b75d-59c4-ada6-2f53f1f6cc6f,023,Jl. Brigjen Katamso,Brigjen Katamso,291,Brigjen Katamso,0.01700879765395894,0.045454545454545456,0.5714285714285715,0.0,0.0,0.999999963048333,0.0,0.193923145665773,0.0,0.0,0.0,0.0,0.9380984770754315,0.9107551703019738,1.0,0.9961734722772838,0.9834544271250093,0
HSS-KAB-265,6deaa537-b62c-5bfd-8e34-6ee4b7dad915,265,Jl. Bubuih - Ds. Halunuk,Bubuih - Ds. Halunuk,225,Bubuih - Ds. Halunuk,0.03988269794721407,0.045454545454545456,0.0,0.4594594594594595,0.5405405405405407,0.9999999331309452,0.0,0.018431635388739945,0.0,0.0,0.0,1.0,0.6061355068537371,0.4878974890469685,0.9515846709619753,0.9577700062298239,0.6421961185972324,0
HSS-KAB-278,b54b7641-95a5-535b-9fc6-2d5d3335265d,278,Jl. Bubuih (Ds. Halunuk) - Kandihin,Bubuih (Ds. Halunuk) - Kandihin,83,Bubuih (Ds. Halunuk) - Kandihin,0.1683284457478006,0.0,0.136518771331058,0.522184300341297,0.34129692832764497,0.0,0.9999999343542063,0.018431635388739945,0.0,0.0,0.0,0.0,0.56454733055879,0.402925519385688,0.827293831390513,0.9526624001812313,0.6037085640516808,0
HSS-KAB-028,cb7c3654-8bdc-518a-bf51-dc70154388ea,028,Budi Bakti - Tiga Desember,Budi Bakti - Tiga Desember,220,Budi Bakti - Tiga Desember,0.0439882697947214,0.18181818181818182,1.0,0.0,0.0,0.9999999430749958,0.0,0.3812555853440572,0.25,0.0,0.0,1.0,0.9512963880979006,0.9226786639657041,0.928953608183432,0.9957773121141756,0.9787237674572438,1
HSS-KAB-229,ef5642ee-4a37-5549-8c7b-2116a4ec35c8,229,Jl. Buluh - Ds. Tebing Tinggi,Buluh - Ds. Tebing Tinggi,165,Buluh - Ds. Tebing Tinggi,0.07155425219941348,0.045454545454545456,0.0,0.0,0.53125,0.31249999011568,0.0,0.029714030384271672,0.0,0.0,0.0,1.0,0.7852249801132106,0.8714985631507043,0.8824997206807941,0.9931004700685281,0.7764149836229982,0
HSS-KAB-092,01344cd6-0a3c-557b-9cc8-65cc3afe3d8d,092,Bumi Berkat - Mungkur Galah,Bumi Berkat - Mungkur Galah,152,Bumi Berkat - Mungkur Galah,0.08504398826979472,0.0,0.794701986754967,0.1324503311258278,0.0728476821192053,0.9999999523341586,0.0,0.013516532618409294,0.0,0.0,0.0,0.0,0.7326869646418648,0.7883026334385452,0.9532978287587055,0.9873619527666081,0.7215568287296354,0
HSS-KAB-271,47cd9af0-ef53-59a4-8069-9a61c5b471bb,271,Jl. Buntu Muara Hatib - Bts. Kab. HST,Buntu Muara Hatib - Bts. Kab. HST,181,Buntu Muara Hatib - Bts. Kab. HST,0.06451612903225805,0.045454545454545456,0.0,0.0,0.0,0.9999999747930903,0.0,0.03753351206434316,0.0,0.0,1.0,0.0,0.3289609296641727,0.6173552550996373,0.753888744056708,0.9237291159313586,0.3856863937522005,0
HSS-KAB-331,c0135875-b0f4-5bbe-ad24-6bd4625b5932,331,Jl. Cangkingan Herman,Cangkingan Herman,299,Cangkingan Herman,0.015249266862170088,0.0,0.375,0.0,0.0,0.9999999683701756,0.0,0.05529490616621984,0.0,0.0,0.0,0.0,0.9438235667100909,0.962533565741744,1.0,0.9964351248796511,0.3847517843997055,0
HSS-KAB-015,c1c48a62-b31e-5755-9182-7b8437be6e42,015,Jl. Dahlia,Dahlia,341,Dahlia,0.007038123167155424,0.0,1.0,0.0,0.0,0.9999999062820089,0.0,0.11215370866845398,0.0,0.0,0.0,0.0,0.9210131310452958,0.990700522918924,1.0,0.9949912216118253,0.9712660969390476,1
HSS-KAB-280,abc27152-f70c-54ab-8fd6-54481fd90e6b,280,Jl. Datar Belimbing - Muara Kitar,Datar Belimbing - Muara Kitar,45,Datar Belimbing - Muara Kitar,0.28152492668621704,0.0,0.2674897119341564,0.0411522633744856,0.6913580246913581,0.0,0.31378598616066994,0.08054066130473637,0.125,0.0,0.0,0.0,0.2530360498495522,0.6036368775615961,0.694673072387124,0.9144044854731834,0.3154242550331273,0
HSS-KAB-033,225e801a-bc33-57f7-a80b-766426140f31,033,Jl. DI. Panjaitan - Loklua,DI. Panjaitan - Loklua,275,DI. Panjaitan - Loklua,0.020527859237536656,0.13636363636363635,1.0,0.0,0.0,0.9999999547410654,0.0,0.24318588025022342,0.125,0.0,0.0,1.0,0.9651491220991226,0.9714985631507043,0.9956177920127122,0.9987118423288214,0.9895912684441315,1
HSS-KAB-236,8f465ce3-a291-562c-a5eb-c45a778afd47,236,Jl. Ds. Kapuh Tengah (Jl. Menuju Majelis Talim),Ds. Kapuh Tengah (Jl. Menuju Majelis Talim),250,Ds. Kapuh Tengah (Menuju Majelis Talim),0.03167155425219941,0.045454545454545456,0.0,0.0,0.0,0.9999999062820089,0.0,0.12388293118856121,0.125,0.0,0.0,0.0,0.9280017523431826,0.8538041173976539,0.9144165952850918,0.9909565611372261,0.9081372894194967,0
HSS-KAB-239,50ccdbe5-50f5-59ff-851b-743855036009,239,Jl. Firdaus - Ds. Kapuh,Firdaus - Ds. Kapuh,308,Firdaus - Ds. Kapuh,0.014076246334310849,0.0,0.0,0.0,0.0,0.9999999062820089,0.0,0.06076854334226988,0.0,0.0,0.0,0.0,0.919678122225937,0.8650586517171527,0.8861867341998436,0.9916330633742991,0.900436364412295,0
HSS-KAB-162,aac6a0a1-392d-5683-9835-022253f2e840,162,Jl. Galuntang Tayub - Ds. Madang,Galuntang Tayub - Ds. Madang,98,Galuntang Tayub - Ds. Madang,0.1348973607038123,0.0,0.0,0.0,0.0,0.0,0.0,0.03462913315460232,0.0,0.0,0.0,0.0,0.7257444576382563,0.6341734583313705,0.8422653408315023,0.9796361216514696,0.7849737007756404,0
HSS-KAB-052,48ca613e-c5b5-5a14-9973-4a48844b058a,052,Gambah Dalam - Rantauan,Gambah Dalam - Rantauan,151,Gambah Dalam - Rantauan,0.08563049853372433,0.0,0.6578947368421053,0.34210526315789475,0.0,0.9999999585667803,0.0,0.13516532618409294,0.125,0.0,1.0,0.0,0.8624087801616306,0.8980920525745513,0.8951001204176132,0.9900928810103642,0.9170310149473482,1
HSS-KAB-076,24150386-c3e8-5a17-bb02-f5e639e211d0,076,Gambah Dalam Barat - Mahulung,Gambah Dalam Barat - Mahulung,124,Gambah Dalam Barat - Mahulung,0.10909090909090909,0.0,0.41666666666666674,0.0,0.0,0.9999999683701756,0.0,0.10567470956210903,0.125,0.5,1.0,0.0,0.8198314522544126,0.7910679794601215,0.8423646543269648,0.9844226085971569,0.8776280553510654,0
HSS-KAB-053,d3a472da-a2de-594a-8aa2-74dd2b5fd3aa,053,Gambah Luar - Gambah Dalam,Gambah Luar - Gambah Dalam,164,Gambah Luar - Gambah Dalam,0.07214076246334311,0.0,1.0,0.0,0.0,0.9999999755897312,0.0,0.16744861483467383,0.125,0.0,1.0,1.0,0.8787632146274541,0.9050831488198992,0.9134607028912641,0.9899818768760265,0.9321661385483682,1
HSS-KAB-055,2381aeeb-cb36-55ca-9865-615f2af0197d,055,Gambah Luar - Sungai Kudung,Gambah Luar - Sungai Kudung,206,Gambah Luar - Sungai Kudung,0.04868035190615836,0.045454545454545456,0.7752808988764044,0.2247191011235955,0.0,0.9999999620915971,0.0,0.07115728328865058,0.0,0.0,0.0,1.0,0.8877209162910273,0.9326659443162011,0.9858974836443087,0.9920023220252591,0.9404559954763201,1
HSS-KAB-045,07dbf8cd-a0f2-5b73-9dbe-feedaeebfd26,045,Gambir - Sp. Empat Lungau,Gambir - Sp. Empat Lungau,80,Gambir - Sp. Empat Lungau,0.16950146627565982,0.0,0.5084745762711864,0.0,0.49152542372881347,0.47457623789703396,0.0,0.1524798927613941,0.125,0.0,0.0,0.0,0.8278645623177044,0.7472370094690723,0.796543890357901,0.9816169224670103,0.8737658568852756,0
HSS-KAB-330,a6a090b6-8d95-5246-b25f-9248fb373589,330,Jl. Gang Bidan (Ds. Tambak Bitin),Gang Bidan (Ds. Tambak Bitin),251,Gang Bidan (Ds. Tambak Bitin),0.029912023460410556,0.0,0.1754385964912281,0.0,0.8245614035087719,0.0,0.17543859117308402,0.11550491510277033,0.125,0.0,0.0,0.0,0.9441394496258978,0.9712677250671314,0.9218030365101237,0.9964739196919069,0.3850441165487736,0
HSS-KAB-220,050a2a8d-fa6e-5c77-9192-96c72d540428,220,Garunggang - Hantamangu,Garunggang - Hantamangu,180,Garunggang - Hantamangu,0.06451612903225805,0.0,0.6896551724137931,0.1724137931034483,0.1379310344827585,0.8620689437871468,0.0,0.01954870420017873,0.0,0.0,0.0,0.0,0.8253259704176802,0.8952089320205399,0.8565044132434546,0.9947309848785184,0.8135262298754922,0
HSS-KAB-232,a99848c6-3654-5bc6-ab60-f753ae7d86f0,232,Jl. Gerilya - Ds. Simpur,Gerilya - Ds. Simpur,259,Gerilya - Ds. Simpur,0.026979472140762465,0.0,0.0,0.0,0.0,0.999999982698216,0.0,0.07696604110813227,0.125,0.0,0.0,1.0,0.8191259035519535,0.9407641211664389,0.929388104726081,0.994102905363312,0.8077884112707914,0
HSS-KAB-297,0c6db211-c987-556e-b9c7-5a4c022ad0aa,297,Jl. Gerilya / (Depan PUSTU Habirau),Gerilya / (Depan PUSTU Habirau),326,Gerilya / (Depan PUSTU Habirau),0.010557184750733138,0.045454545454545456,0.0,0.0,1.0,0.9999999683701768,0.0,0.07071045576407507,0.0,0.0,0.0,0.0,0.9307248014203202,0.9690441418947566,0.9576055516243963,0.9940890298465198,0.3726296023642629,0
HSS-KAB-344,9293a73b-ae3e-51cd-b1ce-d056f93816a8,344,Jl. Goha - Ds. Amawang Kanan,Goha - Ds. Amawang Kanan,231,Goha - Ds. Amawang Kanan,0.037536656891495594,0.045454545454545456,0.0,0.0,0.0,0.0,0.0,0.054959785522788206,0.0,0.0,0.0,0.0,0.9505700879630163,0.8747491402459132,0.8464613360147977,0.992896018576202,0.9550598000618805,0
HSS-KAB-196,afffb22f-d27b-5ab4-9b2c-8f299cd8c61d,196,Gumbil - Masimpan,Gumbil - Masimpan,39,Gumbil - Masimpan,0.28973607038123167,0.0,1.0,0.0,0.0,0.9999999460184349,0.0,0.10857908847184987,0.125,0.0,0.0,0.0,0.6223193184307305,0.8645545767183305,0.949747371295917,0.976375092031489,0.6892594607858827,0
HSS-KAB-226,6cb07bea-41d6-538e-beaf-4b568e24b1e4,226,Jl. Guru H. Izim - Ds. Pantai Ulin,Guru H. Izim - Ds. Pantai Ulin,248,Guru H. Izim - Ds. Pantai Ulin,0.03284457478005865,0.0,0.0,0.0,1.0,0.0,0.0,0.18286416443252904,0.25,0.0,0.0,0.0,0.8508202580094765,0.8836576058793046,0.8738097898278152,0.9864008608483887,0.8630434550672684,0
HSS-KAB-074,4cb75dc6-2c0d-5baa-8dbc-872af69a9343,074,Jl. H. Jarkasi - Ds. Sungai Paring,H. Jarkasi - Ds. Sungai Paring,346,H. Jarkasi - Ds. Sungai Paring,0.003519061583577712,0.0,1.0,0.0,0.0,0.9999999683701756,0.0,0.048927613941018765,0.0,0.0,0.0,1.0,0.9340842277584994,0.8859330098459509,0.9645947388675778,0.9928042702610863,0.954366311387084,1
HSS-KAB-230,5766eff4-e1cb-5a49-b98e-2a48b603bed0,230,Jl. H. Saim Garunggang - Kalimput,H. Saim Garunggang - Kalimput,228,H. Saim Garunggang - Kalimput,0.038123167155425214,0.0,0.0,0.0,0.0,0.9999999762405072,0.0,0.01954870420017873,0.0,0.0,0.0,0.0,0.8195570722034562,0.9290431996984971,0.8985140218241406,0.9940224840006796,0.8081874339852126,0
HSS-KAB-314,6cc3b8d8-7801-5a01-a5e7-2f0bfc2bdcc3,314,Jl. H.M. Thaib,H.M. Thaib,292,H.M. Thaib,0.01700879765395894,0.0,0.0,0.5714285714285715,0.4285714285714286,0.999999963048333,0.0,0.08176943699731903,0.0,0.0,1.0,0.0,0.9226847742128866,0.9087435812879823,1.0,0.993838987370448,0.3651890023365233,0
HSS-KAB-294,04ecc204-dbfe-5f2a-9069-f1229b858f77,294,Jl. Habib,Habib,300,Habib,0.015249266862170088,0.0,0.0,1.0,0.0,0.9999999683701756,0.0,0.06344950848972297,0.0,0.0,0.0,0.0,0.9474158702343759,0.9805012484100438,0.9906272888657157,0.99649062694682,0.3880762624161146,0
HSS-KAB-319,88bfad3b-da95-5f0c-b6b0-9d7714026c2a,319,Jl. Habib Ibrahim - Ds. Sei Mandala,Habib Ibrahim - Ds. Sei Mandala,343,Habib Ibrahim - Ds. Sei Mandala,0.006451612903225807,0.0,0.0,0.0,1.0,0.9999999354999689,0.0,0.03920911528150134,0.0,0.0,1.0,0.0,0.9588037952064191,0.9825411033118199,0.9906893598003799,0.9982746219629609,0.398613022650407,0
HSS-KAB-337,97827c64-94f0-56ea-8a4b-228423522d66,337,Jl. Hakurung Dalam - Ds. Sungai Haji,Hakurung Dalam - Ds. Sungai Haji,252,Hakurung Dalam - Ds. Sungai Haji,0.029912023460410556,0.0,0.2982456140350876,0.3508771929824562,0.3508771929824562,0.0,0.9999999696865792,0.059428060768543345,0.0,0.0,0.0,0.0,0.6608685627327331,0.5592876996278324,0.9826573808548409,0.9725553604802628,0.1205518036040073,0
HSS-KAB-213,f12038cb-bea1-5fa0-981a-7b78d1ccd290,213,Jl. Halaban,Halaban,111,Halaban,0.12082111436950146,0.045454545454545456,0.0,0.2830188679245283,0.7169811320754716,0.7547169811320754,0.0,0.08545576407506703,0.125,0.0,0.0,0.0,0.7990800198291466,0.8318462335704527,0.902424490707981,0.9915076173755452,0.8126876420318152,0
HSS-KAB-203,2fbc212a-0adc-5484-bbb5-a8547e4d85f9,203,Halayung - Hantarukung,Halayung - Hantarukung,125,Halayung - Hantarukung,0.10850439882697946,0.0,0.0,0.0,0.0,0.999999963494141,0.0,0.1358355674709562,0.125,0.0,0.0,0.0,0.8627154402185817,0.9079615583926132,0.828944918252579,0.9923721470238432,0.8740496537891155,0
HSS-KAB-266,e1065629-05f5-5f1c-8290-34fb3de88c1b,266,Halunuk - Riam Tajam/Talo - Hamak Umpaya,Halunuk - Riam Tajam/Talo - Hamak Umpaya,12,Halunuk - Riam Tajam/Talo - Hamak Umpaya,0.4527859237536657,0.0,0.5886889460154242,0.167095115681234,0.24421593830334187,0.7557840005165302,0.0,0.07506702412868632,0.25,0.5,0.0,1.0,0.5342756020797548,0.3410750459320676,0.9492135612578054,0.948944611202356,0.5756937554012098,0
HSS-KAB-198,b735ea45-4024-580e-9aa3-dfcf67e7959e,198,Hamak - Umbai,Hamak - Umbai,198,Hamak - Umbai,0.053372434017595304,0.0,0.0,0.0,0.6907216494845361,0.0,0.8247422083654871,0.003127792672028597,0.0,0.0,0.0,0.0,0.4074774328172375,0.08200405144391576,0.6364753640460318,0.9333720337543184,0.4583490701917229,0
HSS-KAB-197,a3a6bdd2-35f7-5669-a6a3-ef773df2472c,197,Hamak Timur - Umpaya,Hamak Timur - Umpaya,56,Hamak Timur - Umpaya,0.2422287390029326,0.0,0.5250596658711217,0.0,0.0,0.9999999323620019,0.0,0.054066130473637175,0.125,0.0,0.0,0.0,0.47252625632630474,0.21491496678758182,0.7569798766029819,0.9413609333408847,0.5185502885979792,0
HSS-KAB-199,7d3a8d39-4769-51d7-802b-851822de7d7f,199,Hamak Utara - Samaragi,Hamak Utara - Samaragi,307,Hamak Utara - Samaragi,0.014076246334310849,0.0,0.0,0.4866666666666666,0.5133333333333333,0.0,0.6999999421812644,0.012622877569258267,0.0,0.0,0.0,0.0,0.553888011436345,0.38114665284778826,0.9306915943540278,0.9513532876479583,0.5938460881904213,0
HSS-KAB-086,693065a1-f452-516c-90be-6137f1915ffb,086,Hamalau - Anjiran,Hamalau - Anjiran,204,Hamalau - Anjiran,0.04926686217008798,0.0,0.7777777777777777,0.2222222222222222,0.0,0.9999999725093875,0.0,0.15270330652368186,0.125,0.0,0.0,0.0,0.9799610334213348,0.8734017995948555,0.8934366193686145,0.9928153140397576,0.950395288544634,1
HSS-KAB-118,a3b89aaa-3431-5318-8420-deab2a7fb5e7,118,Hamalau - Asam Cangkok,Hamalau - Asam Cangkok,156,Hamalau - Asam Cangkok,0.08035190615835776,0.0,0.1398601398601399,0.0,0.0,0.999999982698216,0.0,0.12957998212689903,0.125,0.5,0.0,0.0,0.9676738797108634,0.8833608140575682,0.8239171725447841,0.993413660304695,0.9549040318364647,0
HSS-KAB-106,a72bd22a-b376-5cf6-a30c-1a4d4ab33a24,106,Hamalau - Ganda,Hamalau - Ganda,179,Hamalau - Ganda,0.06510263929618768,0.045454545454545456,0.170940170940171,0.8290598290598291,0.0,0.999999982698216,0.0,0.26988382484361034,0.25,1.0,0.0,0.0,0.9723798434419709,0.8794224336929383,0.9540054374138766,0.9931772101716033,0.9472905930928528,1
HSS-KAB-098,87d6be1f-0554-5bfd-883d-bb034356dcc4,098,Hamalau - Pahampangan,Hamalau - Pahampangan,223,Hamalau - Pahampangan,0.04222873900293255,0.045454545454545456,0.0,0.0,0.0,0.999999982698216,0.0,0.12365951742627346,0.125,0.0,0.0,1.0,0.963191570307006,0.8619070052291893,0.9123682544411754,0.9921243699382681,0.9393592164644881,0
HSS-KAB-102,8930f7ad-c381-5043-b7db-29f5cfb38876,102,Hamalau - Telaga Bidadari - Wasah Hilir,Hamalau - Telaga Bidadari - Wasah Hilir,42,Hamalau - Telaga Bidadari - Wasah Hilir,0.286217008797654,0.045454545454545456,0.7165991902834008,0.2834008097165992,0.0,0.9999999344353471,0.0,0.31032171581769435,0.375,0.5,0.0,1.0,0.9264799806319964,0.8789560465444952,0.9335096147877795,0.9927125219459705,0.90673110776814,1
HSS-KAB-334,9ec62650-c12f-5176-83de-37c9447cd224,334,Jl. Hamayung - Hakurung Dalam,Hamayung - Hakurung Dalam,59,Hamayung - Hakurung Dalam,0.23695014662756597,0.0,0.09756097560975611,0.48585365853658535,0.4165853658536585,0.0,0.5834146227105871,0.14488382484361037,0.125,0.0,1.0,0.0,0.6022227089842174,0.4397465492061996,0.9891003438729781,0.9733567423684658,0.06861910401263205,0
HSS-KAB-298,7687a261-e161-5c15-a025-706cb87b12a5,298,Jl. Harapan (SDN Habirau II)/ Sei. Palangan,Harapan (SDN Habirau II)/ Sei. Palangan,334,Harapan (SDN Habirau II)/ Sei. Palangan,0.00879765395894428,0.0,0.0,0.0,0.0,0.9999999772399152,0.0,0.06735924932975872,0.0,0.0,0.0,0.0,0.9250850232300758,0.9575257926226033,1.0,0.9936229257518264,0.3674102999071792,0
HSS-KAB-277,668ca814-6d80-53ea-9743-b74a4be442c0,277,Jl. Haratai 2 (Balai Ujung Atas) SDN Haratai2,Haratai 2 (Balai Ujung Atas) SDN Haratai2,92,Haratai 2 (Balai Ujung Atas) SDN Haratai2,0.15483870967741936,0.0,0.6155555555555555,0.0,0.3844444444444445,0.0,0.8748147618689214,0.04054959785522788,0.125,0.0,0.0,0.0,0.05793569361662887,0.774758562208508,0.8860253497697168,0.8904434501897265,0.13486754366311382,0
HSS-KAB-276,244fb471-86e0-57f9-9fec-40609f852022,276,Jl. Haratai 3 (Balai Kedayang) / SDN Haratai 3,Haratai 3 (Balai Kedayang) / SDN Haratai 3,36,Haratai 3 (Balai Kedayang) / SDN Haratai 3,0.3043988269794721,0.0,0.3047619047619048,0.3047619047619048,0.1914285714285714,0.0,0.8556303489125625,0.01083556747095621,0.0,0.0,0.0,0.0,0.0,0.6563857351486315,0.8528546422852036,0.8833281418134451,0.08125126695046347,0
HSS-KAB-110,52400d20-92c7-57ae-a238-f984bdfe2dc1,110,Jl. Haritas (PT. Pertani),Haritas (PT. Pertani),245,Haritas (PT. Pertani),0.03401759530791789,0.0,0.0,0.0,0.0,0.9999999683701768,0.0,0.03194816800714924,0.125,0.0,0.0,1.0,0.8518232439100311,0.9070193621331324,1.0,0.9906164693889109,0.8318087251544346,0
HSS-KAB-119,e8eff519-4cda-5bc0-af7f-7a0bb91dc34c,119,Hariti - Sungai Raya Selatan,Hariti - Sungai Raya Selatan,93,Hariti - Sungai Raya Selatan,0.15249266862170088,0.0,0.1503759398496241,0.112781954887218,0.7368421052631579,0.300751853759778,0.0,0.10243521000893654,0.25,0.0,0.0,1.0,0.8182105348105279,0.8383426767795732,0.7732424614849851,0.9893773007872232,0.8007041577313319,0
HSS-KAB-273,32f76ce5-ea76-5291-8acb-1320f840bd3c,273,Hulu Banyu - Datar Mangkung - Tumingki,Hulu Banyu - Datar Mangkung - Tumingki,19,Hulu Banyu - Datar Mangkung - Tumingki,0.40703812316715543,0.0,0.7714285714285716,0.22857142857142862,0.0,0.0,0.9999999571382328,0.011170688114387846,0.0,0.0,0.0,0.0,0.1802976677695668,0.8469920384416074,0.7560115700222214,0.9054712012233108,0.2481067759178056,0
HSS-KAB-268,8c94e692-937e-5a11-bb39-fcb470eb33ae,268,Jl. Hulu Banyu - Pantai Langsat,Hulu Banyu - Pantai Langsat,131,Hulu Banyu - Pantai Langsat,0.10146627565982404,0.0,0.11173184357541899,0.0,0.0,0.9999999673295918,0.0,0.03753351206434316,0.0,0.0,1.0,0.0,0.36115331849990207,0.5207754275215528,0.8972974315047236,0.9276827886957014,0.41547866722145754,0
HSS-KAB-099,0a2d6773-c22f-596d-8dfc-5f5641d14fb0,099,Ida Manggala - Padang Makmur,Ida Manggala - Padang Makmur,67,Ida Manggala - Padang Makmur,0.2129032258064516,0.045454545454545456,0.2710027100271003,0.32520325203252026,0.40379403794037944,0.7588075353475076,0.0,0.1016532618409294,0.125,0.5,0.0,1.0,0.7671758453326569,0.7683893154944175,0.6429555696249674,0.9859911083423005,0.7534743782607304,0
HSS-KAB-296,60fb7997-9fa2-58e6-93dc-a8d122ec5076,296,Jl. Inst. PDAM Negara,Inst. PDAM Negara,321,Inst. PDAM Negara,0.011730205278592375,0.045454545454545456,1.0,0.0,0.0,0.999999982698216,0.0,0.07071045576407507,0.0,0.0,0.0,0.0,0.9384858371473698,0.9849013049418194,0.9634029769220265,0.9954856430877272,0.37981201122384745,0
HSS-KAB-029,10dca42e-3d77-5119-a93c-725df44e12e5,029,Jl. Jafri Zamzam,Jafri Zamzam,187,Jafri Zamzam,0.05923753665689149,0.0,0.6261682242990653,0.37383177570093457,0.0,0.9999998969977975,0.0,0.17973637176050045,0.25,0.0,0.0,0.0,0.947441233096229,0.9005087859801196,0.9143421101634949,0.9944444129806875,0.9667274802889181,1
HSS-KAB-159,713c55c3-7321-5d4b-b20c-5c86afd346db,159,Jambu Hulu - Paku Pantai,Jambu Hulu - Paku Pantai,142,Jambu Hulu - Paku Pantai,0.09149560117302052,0.0,1.0,0.0,0.0,0.9999999430749958,0.0,0.046134941912421804,0.0,0.0,0.0,0.0,0.878541866014918,0.8692655580157347,0.8830459449058384,0.9897638330407204,0.8889436567124369,0
HSS-KAB-233,a3f72fd6-5c93-543d-b1a3-5c371e0f87db,233,Jl. Jangkang - Ds. Wasah Hilir,Jangkang - Ds. Wasah Hilir,294,Jangkang - Ds. Wasah Hilir,0.016422287390029325,0.0,0.0,0.0,0.0,0.9999999354999689,0.0,0.06601876675603217,0.0,0.0,0.0,1.0,0.8585190394392501,0.9427238893861591,0.9445706553449282,0.998941213116611,0.844244577452016,0
HSS-KAB-062,857c0452-caaf-53cb-ac8d-b7ceafe46795,062,Jangkang - Pantai Ulin,Jangkang - Pantai Ulin,136,Jangkang - Pantai Ulin,0.09560117302052785,0.0,0.23668639053254442,0.0,0.2899408284023668,0.6751478696892089,0.0,0.2158176943699732,0.25,0.5,0.0,0.0,0.8421323249674317,0.778894803787629,0.8799672265464973,0.9833692020161975,0.8869698812534008,0
HSS-KAB-127,7b352196-43db-5108-bf58-bbee336aab23,127,Jarau - Parandakan,Jarau - Parandakan,230,Jarau - Parandakan,0.037536656891495594,0.0,0.0,0.2857142857142858,0.7142857142857143,0.999999963048333,0.0,0.03853887399463807,0.0,0.0,0.0,0.0,0.7782409702447516,0.8463136571347811,0.9101088724194009,0.9908489550886334,0.7637145387233407,0
HSS-KAB-034,547c295f-812c-5b92-957f-692ec143c67f,034,Jl. Jend. Sudirman,Jend. Sudirman,96,Jend. Sudirman,0.13958944281524927,0.36363636363636365,1.0,0.0,0.0,0.9999999225674289,0.0,0.18286416443252904,0.125,0.5,0.0,1.0,0.9981646510877209,0.912992886418241,0.9020148225391978,0.9951951067565271,0.9683278387692177,1
HSS-KAB-284,51891d22-5d29-5123-b6e3-af334f4222f1,284,Jl. Kacang Parang (Ulang) - Balai Mawak-Kias,Kacang Parang (Ulang) - Balai Mawak-Kias,117,Kacang Parang (Ulang) - Balai Mawak-Kias,0.11847507331378299,0.0,0.0,0.8653846153846154,0.1346153846153846,0.0,0.9999999938180133,0.21916890080428955,0.125,0.5,0.0,0.0,0.0824638867432933,0.21934800018843914,0.5798542574454086,0.8934558532026958,0.1575670283476831,0
HSS-KAB-285,f186d2a6-578c-5e2e-9c76-3a4a7f93d5ee,285,Jl. Kacang Parang (Ulang) - Balai Wariung,Kacang Parang (Ulang) - Balai Wariung,213,Kacang Parang (Ulang) - Balai Wariung,0.04516129032258064,0.0,0.2409638554216868,0.7590361445783131,0.0,0.0,0.999999977245824,0.014298480786416443,0.0,0.0,0.0,0.0,0.1212229510842624,0.29853959579780465,0.7885367397862277,0.8982160049838591,0.19343853023077173,0
HSS-KAB-134,a518967c-6c1c-5dc6-af2e-5decaaff6cc9,134,Jl. Kalaka Dayuh - Ds. Sungai Raya Utara,Kalaka Dayuh - Ds. Sungai Raya Utara,272,Kalaka Dayuh - Ds. Sungai Raya Utara,0.021700879765395892,0.0,0.0,0.0,1.0,0.0,0.0,0.014298480786416443,0.0,0.0,0.0,0.0,0.917132613181771,0.9356762613652424,0.9643588693158541,0.9879770062864587,0.8922510642383894,0
HSS-KAB-065,5eaccb15-756e-5bc5-a204-11acf56231df,065,Jl. Kalaka Indah - Perumnas Tibung,Kalaka Indah - Perumnas Tibung,276,Kalaka Indah - Perumnas Tibung,0.020527859237536656,0.045454545454545456,1.0,0.0,0.0,0.9999999547410654,0.0,0.02848525469168901,0.0,0.0,0.0,0.0,0.9698573915449441,0.903297686908183,0.8670564721363574,0.9946123350512545,0.958106882608371,1
HSS-KAB-215,cab57aaf-7702-5061-885e-d9caf5cf366f,215,Jl. Kalimput Desa Wasah Hilir,Kalimput Desa Wasah Hilir,205,Kalimput Desa Wasah Hilir,0.04926686217008798,0.045454545454545456,0.0,0.0,0.0,0.9999999725093875,0.0,0.07808310991957104,0.0,0.0,0.0,0.0,0.8511130837781441,0.9055165590992604,0.9953446799001899,0.9978980007928867,0.8373907755337195,0
HSS-KAB-144,2e096bf6-9d98-55eb-bc95-1a313f19daa3,144,Kaliring - Sp. Padang Batung,Kaliring - Sp. Padang Batung,51,Kaliring - Sp. Padang Batung,0.26041055718475076,0.0,0.7555555555555555,0.1111111111111111,0.1333333333333333,0.9999999460184349,0.0,0.10098302055406613,0.125,0.0,0.0,1.0,0.83211630025017,0.8907146558628162,0.8252082479857982,0.9919703233844934,0.8834149516158286,1
HSS-KAB-247,1cb9eef9-1442-5ac8-946f-bec991f6f8b0,247,Kalumpang - Balimau,Kalumpang - Balimau,37,Kalumpang - Balimau,0.3020527859237537,0.045454545454545456,0.0,0.0,0.0,0.99999993869656,0.0,0.09092940125111706,0.125,0.0,0.0,1.0,0.6391879272777579,0.8689216563810241,0.8377962335356846,0.9853420739649997,0.6412657768673515,0
HSS-KAB-252,7a84a9e6-3ebe-54f8-a72d-2bd982fabe4d,252,Kalumpang - Baruh,Kalumpang - Baruh,91,Kalumpang - Baruh,0.1560117302052786,0.0,0.0,0.0,0.0,0.9999999354999689,0.0,0.1264521894548704,0.5,0.0,0.0,1.0,0.6884172421346306,0.9244688368587177,0.8490310727098929,0.9908172396216798,0.6868247820845204,0
HSS-KAB-248,75b24e37-8de4-5864-b85c-e41322459b08,248,Kalumpang (Ds. Balanti) - Teratai,Kalumpang (Ds. Balanti) - Teratai,29,Kalumpang (Ds. Balanti) - Teratai,0.3302052785923754,0.18181818181818182,0.0,0.0,1.0,0.0,0.0,0.06456657730116175,0.125,0.0,0.0,0.0,0.6257778905016083,0.8415178781740237,0.6000273112112522,0.9836948519000963,0.628853396494148,0
HSS-KAB-255,c9f91732-e62d-567f-9aa0-d63d7fd6200e,255,Kalumpang Selatan - Ds. Asam Tamiyang,Kalumpang Selatan - Ds. Asam Tamiyang,219,Kalumpang Selatan - Ds. Asam Tamiyang,0.04457478005865102,0.0,0.0,0.0,1.0,0.0,0.9999999658608635,0.04825737265415549,0.125,0.0,0.0,0.0,0.7196181736433751,0.7519951005794507,0.863940511216218,0.9828147476921334,0.7152919587320894,0
HSS-KAB-014,4c3861ad-7fa1-5951-953e-3a582417ab46,014,Jl. Kamboja,Kamboja,335,Kamboja,0.00879765395894428,0.09090909090909091,1.0,0.0,0.0,0.9999999772399152,0.0,0.07361483467381591,0.125,0.0,0.0,0.0,0.9229729885521265,0.9947048570217176,0.9894479411070972,0.9952319193520983,0.9730798365500539,1
HSS-KAB-333,c636da74-786c-5f4c-9dcb-380f5f9df3e3,333,Jl. Kaminting Batu,Kaminting Batu,293,Kaminting Batu,0.01700879765395894,0.0,0.0,0.4285714285714286,0.5714285714285715,0.999999963048333,0.0,0.11215370866845398,0.0,0.0,0.0,0.0,0.9265376234998444,0.9411033118198521,1.0,0.9943118876366314,0.36875246721932375,0
HSS-KAB-332,976acc69-e1ac-5a83-89ab-fdb28fbbc698,332,Jl. Kampung Kawat,Kampung Kawat,298,Kampung Kawat,0.015835777126099706,0.0,0.0,0.0,1.0,0.9999999062820089,0.0,0.08791331546023234,0.0,0.0,0.0,0.0,0.9294681869012347,0.9332029961841052,0.9733094980944224,0.9946720847256045,0.3714666752019119,0
HSS-KAB-049,8d5f78c7-6aa4-51d9-be11-07f0c5ee8033,049,Kandangan Hulu - Sp. Tabihi,Kandangan Hulu - Sp. Tabihi,171,Kandangan Hulu - Sp. Tabihi,0.06979472140762463,0.045454545454545456,0.0,0.8400000000000002,0.0,0.9999999460184349,0.0,0.47374888293118855,0.25,0.5,0.0,1.0,0.9256383947614162,0.9102134074527723,0.8818169403994885,0.9969550319986408,0.9727853705896787,1
HSS-KAB-307,d4368431-c828-509e-8f56-7f223d08d29c,307,Jl. Kantor Camat Daha Selatan II,Kantor Camat Daha Selatan II,301,Kantor Camat Daha Selatan II,0.015249266862170088,0.09090909090909091,0.0,0.0,0.0,0.9999999683701756,0.0,0.08768990169794459,0.0,0.0,1.0,0.0,0.9652920764113856,0.9449380505959392,0.9384008044393133,0.9972005436937192,0.4046197014797981,0
HSS-KAB-270,f4cf98e7-cd2d-5532-a08e-1994f72d998a,270,Jl. Kantor Camat Loksado II,Kantor Camat Loksado II,347,Kantor Camat Loksado II,0.003519061583577712,0.045454545454545456,0.0,0.0,1.0,0.0,0.9999999794899738,0.02323503127792672,0.0,0.0,0.0,0.0,0.17504294393654685,0.980736797474914,0.9585986865790225,0.9048258481055672,0.243245953760309,0
HSS-KAB-237,5edf09b1-6b81-53ec-80ab-e4670a872e74,237,Jl. Karampaci - Ds. Kapuh,Karampaci - Ds. Kapuh,260,Karampaci - Ds. Kapuh,0.026979472140762465,0.0,0.0,0.0,0.0,0.999999982698216,0.0,0.12388293118856121,0.125,0.0,0.0,0.0,0.9205981023967904,0.8767418853347152,0.9397415366280586,0.9932766041796455,0.9012877551238144,0
HSS-KAB-109,346d6465-dbc3-5125-90d4-659f3c9ef3fa,109,Karang Intan - Tanah Bangkang,Karang Intan - Tanah Bangkang,184,Karang Intan - Tanah Bangkang,0.06158357771260997,0.0,0.0,0.0,0.0,0.9999999331309452,0.0,0.10556300268096515,0.125,0.0,0.0,1.0,0.8862129788681247,0.9723606727281293,0.8367161992725287,0.9886857903381095,0.8636366546106328,0
HSS-KAB-138,c3d667bb-9147-539a-84b1-1e8d4d8c7ad1,138,Karang Jawa -Ambarai - Sungai Bungur,Karang Jawa -Ambarai - Sungai Bungur,62,Karang Jawa -Ambarai - Sungai Bungur,0.23343108504398827,0.045454545454545456,0.603960396039604,0.39603960396039595,0.0,0.9999999554607544,0.0,0.24084003574620197,0.375,0.0,0.0,0.0,0.8472948202118952,0.8700051820794271,0.8990850744230506,0.9945639123293878,0.8974618314502448,1
HSS-KAB-103,6da7c9fe-8af9-5b30-8640-733ab6a0fb1f,103,Karasikan - Sarang Halang,Karasikan - Sarang Halang,126,Karasikan - Sarang Halang,0.10791788856304985,0.0,0.4210526315789474,0.2631578947368421,0.3157894736842105,0.9999999585667803,0.0,0.1473413762287757,0.25,0.0,0.0,1.0,0.9413841205427652,0.8310736326376784,0.8806251784539372,0.9880775329897491,0.9146944915661108,1
HSS-KAB-257,bd1342a7-6525-5876-b152-57005bd4ab11,257,Jl. Karya Bakti - Ds. Balimau,Karya Bakti - Ds. Balimau,207,Karya Bakti - Ds. Balimau,0.0469208211143695,0.18181818181818182,0.32558139534883723,0.0,0.6744186046511628,0.0,0.3255813759781701,0.019213583556747096,0.0,0.0,0.0,0.0,0.5839383913028442,0.7560324115513262,0.911102007374027,0.9785563799059863,0.5901353903274333,0
HSS-KAB-185,cd78ad5e-57de-5f69-abe0-0b168d8d5276,185,Jl. Kayu Abang - Ds. Anjiran,Kayu Abang - Ds. Anjiran,197,Kayu Abang - Ds. Anjiran,0.05395894428152492,0.0,0.40816326530612235,0.0,0.5918367346938777,0.0,0.999999937675493,0.1282394995531725,0.125,0.0,0.0,0.0,0.729320621159544,0.8700287369859141,0.8755477759984109,0.9901248796511298,0.793865292492185,0
HSS-KAB-190,fb449268-2cdd-58b7-a175-88e3c080ff71,190,Kayu Abang - Paya,Kayu Abang - Paya,233,Kayu Abang - Paya,0.037536656891495594,0.0,0.4285714285714286,0.5714285714285715,0.0,0.999999963048333,0.0,0.07249776586237712,0.0,0.0,0.0,0.0,0.7472844444956825,0.8282800207283177,0.9113130485518851,0.9917539785920598,0.8104898163855371,0
HSS-KAB-012,d4afb532-7f1c-5116-96e6-856d656ce53e,012,Jl. Kenanga,Kenanga,329,Kenanga,0.00997067448680352,0.0,0.8695652173913043,0.0,0.1304347826086956,0.9999999278778922,0.0,0.11215370866845398,0.0,0.0,0.0,0.0,0.9370055683010341,0.9624581900409855,0.975630951050861,0.9977867134847369,0.9860662121648582,1
HSS-KAB-315,42d61d8f-6ae3-5990-9ace-8d29c41d8d1d,315,Jl. Kenanga - Ds. Baruh Kambang,Kenanga - Ds. Baruh Kambang,305,Kenanga - Ds. Baruh Kambang,0.014662756598240468,0.0,0.0,0.6451612903225807,0.35483870967741943,0.9999999383275133,0.0,0.08176943699731903,0.0,0.0,1.0,0.0,0.9329774846958185,0.9297734017995949,1.0,0.9951030752675992,0.37471433601126647,0
HSS-KAB-350,358c9fac-6cda-5436-ace9-36c5d18087e3,350,Jl. Keramat Sakti - Ds. Tebing Tinggi,Keramat Sakti - Ds. Tebing Tinggi,234,Keramat Sakti - Ds. Tebing Tinggi,0.036950146627565975,0.0,1.0,0.0,0.0,0.0,0.0,0.029714030384271672,0.0,0.0,0.0,1.0,0.7882154920971628,0.8776039949121403,0.8986009211326704,0.9943116044628193,0.779182536888263,0
HSS-KAB-037,cb8698c4-0eb2-51a7-bcc3-224d7ead33e3,037,Jl. Kesehatan - Komp. Rmh Dokter,Kesehatan - Komp. Rmh Dokter,314,Kesehatan - Komp. Rmh Dokter,0.012903225806451615,0.045454545454545456,0.0,0.0,0.0,0.9999999417609606,0.0,0.24318588025022342,0.125,0.0,0.0,1.0,0.9608674098753761,0.9422339473312291,0.945663103795017,0.9976907175624399,0.9948895219195767,0
HSS-KAB-221,8bf61cf0-47a5-5a9c-8099-3ba1011bd207,221,Jl. KH. Ramli - DS. Amparaya,KH. Ramli - DS. Amparaya,295,KH. Ramli - DS. Amparaya,0.016422287390029325,0.0,0.0,0.0,0.0,0.9999999354999689,0.0,0.050491510277033066,0.0,0.0,0.0,0.0,0.8091721331319676,0.8524661987091912,0.8888061276426701,0.9927470691510449,0.8220273341228435,0
HSS-KAB-024,8502d274-215b-5280-8d5a-09bf65784b82,024,Jl. Kolonel Sugiono,Kolonel Sugiono,331,Kolonel Sugiono,0.0093841642228739,0.0,0.0,0.0,0.0,0.9999999514370386,0.0,0.193923145665773,0.0,0.0,0.0,0.0,0.939523408768633,0.9136665567437697,0.992328032475513,0.9963484736931528,0.9847731225127762,0
HSS-KAB-016,5a6ad37b-a078-520c-99d1-91a473fec52c,016,Jl. KS. Tubun,KS. Tubun,199,KS. Tubun,0.052785923753665684,0.0,0.2083333333333334,0.41666666666666674,0.0,0.9999999683701768,0.0,0.3214924039320822,0.125,0.0,0.0,1.0,0.92225129984667,0.9438780798040232,0.9223989174828995,0.9964359744010873,0.9724119536109421,1
HSS-KAB-274,7cfd23cd-2fff-5952-ad37-59d851441b1d,274,Lambuk - Ds. Tumingki,Lambuk - Ds. Tumingki,238,Lambuk - Ds. Tumingki,0.03577712609970675,0.0,0.4029850746268657,0.5970149253731343,0.0,0.0,0.9999999322288309,0.011170688114387846,0.0,0.0,0.0,0.0,0.23470561787390054,0.7071795354972441,0.8755726043722767,0.9121532536671009,0.29845832133064465,0
HSS-KAB-261,6342e563-8575-5488-bd88-e94086dfb1c9,261,Loklahung - Kamawakan,Loklahung - Kamawakan,21,Loklahung - Kamawakan,0.3964809384164223,0.0,0.2639296187683284,0.0,0.7360703812316716,0.0,0.9384163584449925,0.042783735478105454,0.25,0.0,0.0,0.0,0.08450213855039723,0.7621095774249776,0.9210085285464229,0.8937061788525797,0.15945331754312964,0
HSS-KAB-264,a7398226-edb3-506e-ac3a-f1a72a3287eb,264,Loklahung - Malaris,Loklahung - Malaris,221,Loklahung - Malaris,0.0439882697947214,0.045454545454545456,0.2592592592592593,0.0,0.7407407407407408,0.0,0.9999999541947937,0.0,0.0,0.0,0.0,0.0,0.1375704684059441,0.9049088425118952,0.9486549228458282,0.9002237073115478,0.20856511858656335,0
HSS-KAB-260,a6003b8f-2d67-5547-8cd5-16c042c5bd1e,260,Loksado - Haratai,Loksado - Haratai,17,Loksado - Haratai,0.41700879765395893,0.0,0.027894002789400282,0.0,0.9721059972105996,0.07852161277791567,0.9214783328464561,0.04948614834673816,0.125,0.0,1.0,0.0,0.09213174853875339,0.8446271258303104,0.7019105433689621,0.8946432009967719,0.16651623296951845,0
HSS-KAB-259,e268c506-92bb-55db-abf4-5e91a1a9a26a,259,Loksado - Loklahung,Loksado - Loklahung,168,Loksado - Loklahung,0.07155425219941348,0.0,0.15625,0.0,0.0,0.9999999683701756,0.0,0.03865058087578195,0.125,0.0,1.0,0.0,0.16105186705248964,0.9528901870259575,0.9618760319292888,0.9031075494138302,0.2302958529377247,0
HSS-KAB-286,2ace56f3-a03a-5c6d-baeb-9f8b083a050f,286,Jl. Loksado - Pantai Dusin,Loksado - Pantai Dusin,103,Loksado - Pantai Dusin,0.12961876832844574,0.0,0.0,1.0,0.0,0.0,0.9999999655406494,0.049821268990169795,0.125,0.0,1.0,0.0,0.15683702055544668,0.9190135205163236,0.7959480093851253,0.9025899076853372,0.22639524586840787,0
HSS-KAB-194,327bed09-66c8-5aec-93c7-22cd9e97eef2,194,Longawang - Gumbil,Longawang - Gumbil,138,Longawang - Gumbil,0.09384164222873899,0.045454545454545456,0.2771084337349398,0.0,0.0,0.9999999661260248,0.0,0.08646112600536193,0.125,0.0,0.0,0.0,0.6347955407477432,0.8575870353794696,0.9637505741561456,0.9826660814407884,0.7063875641477024,0
HSS-KAB-081,c06a72cc-47b7-5893-928e-61c3e70724ac,081,Jl. Lorong Bupati,Lorong Bupati,283,Lorong Bupati,0.01935483870967742,0.0,0.4871794871794872,0.0,0.0,0.999999982698216,0.0,0.34081769436997317,0.0,0.0,0.0,0.0,0.9520618853829216,0.9458661139115278,1.0,0.9983692020161975,1.0,1
HSS-KAB-152,2d7dd951-57bf-5f86-b85b-2eb4be279495,152,Madang - Ambutun,Madang - Ambutun,82,Madang - Ambutun,0.1689149560117302,0.045454545454545456,1.0,0.0,0.0,0.9999999265556953,0.0,0.0627792672028597,0.125,0.5,0.0,0.0,0.7840767341856791,0.7717812220285486,0.7994736384740482,0.9868001359234299,0.8389569930331061,0
HSS-KAB-279,11a54ba7-c874-5593-a47b-1d1116f3e194,279,Jl. Makam Habib - Desa Lumpangi,Makam Habib - Desa Lumpangi,286,Makam Habib - Desa Lumpangi,0.0187683284457478,0.0,1.0,0.0,0.0,0.0,0.9999999696865782,0.02759159964253798,0.0,0.0,1.0,1.0,0.4636169746717239,0.6184058039289584,0.9727260313085795,0.9402667497309849,0.5103031078961687,0
HSS-KAB-275,3a576a0f-d022-5f8d-93cb-fe36e3c38ba3,275,Malaris - Loapanggang,Malaris - Loapanggang,147,Malaris - Loapanggang,0.08914956011730205,0.0,0.1139240506329115,0.8860759493670884,0.0,0.0,0.9999999299766243,0.0,0.0,0.0,0.0,0.0,0.11935532216598843,0.011871672869458672,0.8505828460764963,0.0,0.18306607346712322,0
HSS-KAB-141,b6d1f7fd-73ec-5b82-9300-89428d99b7f5,141,Malilingin - Lokbahan - Paniungan,Malilingin - Lokbahan - Paniungan,3,Malilingin - Lokbahan - Paniungan,0.6217008797653959,0.0,0.0,0.0,0.2870544090056281,0.7129455627135993,0.0,0.02602770330652368,0.0,0.0,0.0,0.0,0.5311628872159648,0.330334008573986,0.9004133924248632,0.9485623265560401,0.5728131101366706,0
HSS-KAB-157,c5e36c2b-794f-59f3-acb7-67ac963bb79e,157,Malilingin - Muara Hariang,Malilingin - Muara Hariang,49,Malilingin - Muara Hariang,0.2645161290322581,0.09090909090909091,0.0,0.0,1.0,0.0,0.0,0.1063449508489723,0.125,0.0,0.0,0.0,0.6015794145790342,0.4742073773967117,0.8934738619294129,0.9572104547771422,0.6379797074544697,0
HSS-KAB-287,e2a81ac5-a435-5229-96fa-b3c102b78144,287,Jl. Malinau - Kandihin,Malinau - Kandihin,57,Malinau - Kandihin,0.2404692082111437,0.0,0.0,0.1358173076923077,0.8641826923076923,0.0,0.13581730685268706,0.0679177837354781,0.125,0.0,0.0,1.0,0.26298751455482416,0.827455599001272,0.7136543642074162,0.915626663646146,0.3246337846344247,0
HSS-KAB-263,11f3bd63-2545-5251-be14-021166c99a15,263,Malinau - Katingin - Kamawakan,Malinau - Katingin - Kamawakan,5,Malinau - Katingin - Kamawakan,0.5513196480938416,0.0,0.49682875264270615,0.0,0.5031712473572939,0.5084566301218385,0.0,0.07685433422698838,0.25,0.0,0.0,1.0,0.19731153664357104,0.7377867809864795,0.3525504947053494,0.9075607407826924,0.26385216955264634,0
HSS-KAB-195,a968cba7-9f86-52bc-93d8-60aa36f9b861,195,Mandampa - Longawang,Mandampa - Longawang,87,Mandampa - Longawang,0.16422287390029325,0.0,1.0,0.0,0.0,0.999999982698216,0.0,0.10444593386952636,0.25,0.0,0.0,0.0,0.6873404733632307,0.8293729683893155,0.9102578426625948,0.9891193294444129,0.7550149900244321,0
HSS-KAB-143,a77f7d16-baaa-5342-877d-db51f4f1fe16,143,Mandapai - Madang,Mandapai - Madang,28,Mandapai - Madang,0.3378299120234604,0.045454545454545456,0.6219931271477663,0.1890034364261168,0.1890034364261168,0.9999999165233557,0.0,0.11494638069705093,0.125,0.0,0.0,1.0,0.749700833515869,0.6941772271164084,0.9712363288766402,0.9825782975590417,0.8071440002560574,1
HSS-KAB-225,dc5cfa34-6be9-5d67-9469-6f4f2ef4e5e7,225,Jl. Mangamol - Ds. Pantai Ulin,Mangamol - Ds. Pantai Ulin,235,Mangamol - Ds. Pantai Ulin,0.036950146627565975,0.0,0.0,0.0,0.0,0.0,0.0,0.13348972296693476,0.125,0.0,0.0,0.0,0.8445971339966106,0.8709426673576106,0.8635060146735689,0.985636574729569,0.8572842983494969,0
HSS-KAB-120,7d1cd87d-b23b-55ff-9865-12e6cbc06f6c,120,Mangaris - Limau Manis,Mangaris - Limau Manis,60,Mangaris - Limau Manis,0.23695014662756597,0.045454545454545456,0.0,0.0,1.0,0.0,0.0,0.06266756032171582,0.125,0.0,0.0,1.0,0.7930597987111054,0.8092429453055071,0.7575385150149592,0.988446791640709,0.7774285439938546,0
HSS-KAB-131,82bdfc29-01e3-5e61-bd9a-a769412e8714,131,Jl. Manggis - Ds. Baru,Manggis - Ds. Baru,166,Manggis - Ds. Baru,0.07155425219941348,0.045454545454545456,0.0,0.0,1.0,0.0,0.0,0.0871313672922252,0.25,0.0,0.0,0.0,0.7800532620098914,0.8754746313657135,0.8728787258078532,0.9900982613127938,0.7712212869015993,0
HSS-KAB-117,2579890f-e6bb-5e5c-8cae-c2ed45187f85,117,Jl. Mangunang - Ds. Sungai Raya Utara,Mangunang - Ds. Sungai Raya Utara,232,Mangunang - Ds. Sungai Raya Utara,0.037536656891495594,0.0,1.0,0.0,0.0,0.999999963048333,0.0,0.02848525469168901,0.0,0.0,0.0,1.0,0.9269226778570687,0.9242756866255241,0.9279108164810745,0.9872914424873988,0.901309093236885,1
HSS-KAB-115,00328dc2-3c29-5955-9ce2-75861cbd962e,115,Matang Gadung - Halalang,Matang Gadung - Halalang,274,Matang Gadung - Halalang,0.021114369501466276,0.0,0.0,0.0,0.0,0.0,0.0,0.059204647006255585,0.0,0.0,0.0,0.0,0.9332518647467749,0.8290620436236869,0.8753243206336201,0.9870787789545223,0.9071685390860886,0
HSS-KAB-142,6b5b7686-020a-5b1e-a3ae-0344ea3bccd1,142,Mawangi - Bukuanin - Telaga Langsat,Mawangi - Bukuanin - Telaga Langsat,2,Mawangi - Bukuanin - Telaga Langsat,0.8304985337243401,0.09090909090909091,0.7819971870604782,0.1406469760900141,0.07735583684950774,0.9999999272400377,0.0,0.13773458445040215,0.375,0.5,0.0,1.0,0.5484557475703532,0.3700475809111038,0.9980509726515462,0.950686130146684,0.5888166949396665,1
HSS-KAB-158,ea1331e2-f890-5eb1-af8b-115bdae157f1,158,Mawangi - Pariangan,Mawangi - Pariangan,100,Mawangi - Pariangan,0.1343108504398827,0.045454545454545456,0.5744680851063831,0.425531914893617,0.0,0.9999999866003196,0.0,0.11159517426273459,0.125,0.0,0.0,1.0,0.7091018088331931,0.6982757808451501,0.911610989038273,0.970415699156142,0.737485730136884,0
HSS-KAB-013,09027444-0312-5399-ab1e-1a7c964dca6f,013,Jl. Mawar,Mawar (Kandangan Utara),319,Mawar (Kandangan Utara),0.012316715542521995,0.045454545454545456,0.0,1.0,0.0,0.9999999062820089,0.0,0.11215370866845398,0.0,0.0,0.0,0.0,0.9376419455620756,0.9753238799641966,0.990465904435589,0.9970334711445885,0.38378303406629755,0
HSS-KAB-295,d0dac920-3169-5379-b79a-79d626e9dc96,295,Jl. Mawar,Mawar (Daha Selatan),330,Mawar (Daha Selatan),0.00997067448680352,0.36363636363636365,1.0,0.0,0.0,0.9999999278778922,0.0,0.06344950848972297,0.0,0.0,0.0,0.0,0.942776772229972,0.990328355396429,0.9691383312849925,0.9960375488474826,0.9866551440856085,1
HSS-KAB-078,f524975c-cddf-505c-8635-a890960b0e7b,078,Jl. Menuju SMP 7 - Ds. Gambah Dalam,Menuju SMP 7 - Ds. Gambah Dalam,195,Menuju SMP 7 - Ds. Gambah Dalam,0.055131964809384156,0.0,0.6,0.4,0.0,0.9999999460184349,0.0,0.19537533512064342,0.25,0.0,1.0,0.0,0.8512837066669741,0.8489376737174353,0.9610070388439909,0.9866067282097751,0.9067353753907542,1
HSS-KAB-163,2bdd0939-8ea5-57d5-a7d9-1cc229d63419,163,Jl. Menuju SMPN Malilingin,Menuju SMPN Malilingin,270,Menuju SMPN Malilingin,0.02287390029325513,0.0,1.0,0.0,0.0,0.9999999725093875,0.0,0.02602770330652368,0.0,0.0,0.0,0.0,0.6508133408653347,0.5748009610401846,0.9621243156679453,0.9632570651866116,0.6835429802942525,0
HSS-KAB-007,d69f6fb1-9fb4-5f69-81c3-9d99c4998a05,007,Jl. Menuju Stadion 2 Desember,Menuju Stadion 2 Desember,311,Menuju Stadion 2 Desember,0.01348973607038123,1.0,0.0,0.0,0.0,0.9999999747930903,0.0,0.13840482573726542,0.0,0.0,0.0,1.0,0.9518866510646637,0.9054034955481227,0.8621901108586894,0.9947389137452568,0.9590606962626295,0
HSS-KAB-006,d99d0f8e-b1cb-5b59-9cf1-65e8b4be0772,006,Jl. Merah Johansyah - Jl. Melati,Merah Johansyah - Jl. Melati,216,Merah Johansyah - Melati,0.04457478005865102,0.2727272727272727,0.0,0.0,0.0,0.9999999547410654,0.0,0.4683869526362824,0.125,0.0,0.0,1.0,0.9459379071027542,0.95682385640929,0.9607835834792,0.9980877272469842,0.9943325971684324,1
HSS-KAB-059,f188b982-5020-5ec2-a506-ddf831a8a529,059,Jl. Mesjid Quba,Mesjid Quba,336,Mesjid Quba,0.00879765395894428,0.045454545454545456,1.0,0.0,0.0,0.9999999772399152,0.0,0.054959785522788206,0.0,0.0,0.0,1.0,0.9501481421703692,0.9060394780232722,0.9289163656226336,0.9947771422098884,0.9692325747634136,1
HSS-KAB-325,d76fda54-7fd4-5065-81ed-a1397d55546d,325,Jl. MIN Pandak Daun,MIN Pandak Daun,309,MIN Pandak Daun,0.014076246334310849,0.0,0.40333333333333327,0.0,0.5966666666666667,0.4033332955337436,0.0,0.09830205540661305,0.125,0.0,0.0,0.0,0.9034136106339563,0.8880576624110802,0.9106923392052437,0.9914722206490344,0.3473546074320647,0
HSS-KAB-223,78581534-2db8-56ea-858a-308462a046ed,223,Jl. Mondar (Ulin-Pantai Ulin) - Ds. Ulin,Mondar (Ulin-Pantai Ulin) - Ds. Ulin,128,Mondar (Ulin-Pantai Ulin) - Ds. Ulin,0.10557184750733138,0.045454545454545456,0.9999999999999999,0.0,0.0,0.9999999383275133,0.0,0.13348972296693476,0.125,0.0,0.0,0.0,0.8461788542903587,0.87417440052763,0.8477399972688788,0.9858308319646599,0.8587480929061443,0
HSS-KAB-153,cf651294-7f78-5914-bf40-55c57c7890cf,153,Jl. Monumen 17 Mei - Mandapai,Monumen 17 Mei - Mandapai,350,Monumen 17 Mei - Mandapai,0.0,0.045454545454545456,1.0,0.0,0.0,0.9999999683701756,0.0,0.06490169794459338,0.0,0.0,0.0,0.0,0.7685869427375751,0.8198143873368823,0.8502104204685115,0.9777213003341451,0.7925359280478828,0
HSS-KAB-047,3730cca1-d3c1-5017-8138-ecdad5dbcb95,047,Muara Banta - Karang Jawa,Muara Banta - Karang Jawa,145,Muara Banta - Karang Jawa,0.08973607038123167,0.0,0.9999999999999999,0.0,0.0,0.9999999250256055,0.0,0.3987935656836461,0.125,0.5,0.0,1.0,0.9094776403315618,0.905803928958402,0.8649460603577769,0.9936217930565782,0.955008588590511,1
HSS-KAB-165,dc945966-148f-5565-9588-716447039a73,165,Muara Hariang - Bayumbung,Muara Hariang - Bayumbung,63,Muara Hariang - Bayumbung,0.2310850439882698,0.0,0.06625,0.0,0.93375,0.0,0.06624999716040793,0.09874888293118857,0.125,0.5,0.0,0.0,0.6642925490829019,0.6067225703113959,0.6976773056248681,0.9649124992920655,0.6960172411953611,0
HSS-KAB-267,becf5d0c-9d33-5f32-b3ce-a4bdf500149a,267,Jl. Muara Kitar - Desa Lumpangi,Muara Kitar - Desa Lumpangi,273,Muara Kitar - Desa Lumpangi,0.021700879765395892,0.0,1.0,0.0,0.0,0.9999999293845819,0.0,0.02759159964253798,0.0,0.0,0.0,1.0,0.44973887780864874,0.6452631083054601,0.9306543517932293,0.9385623265560401,0.4974596976389377,0
HSS-KAB-155,f4dbcbe1-a6c7-592e-b1a2-2627fd984fda,155,Muara Pipii - Tambak Pipii,Muara Pipii - Tambak Pipii,47,Muara Pipii - Tambak Pipii,0.26920821114369503,0.0,0.0,0.04301075268817204,0.9569892473118279,0.08998874307306692,0.13498311611058547,0.04121983914209115,0.0,0.0,0.0,0.0,0.41316793673118835,0.08925425166062084,0.9953819224609884,0.9340709067225463,0.46361745030886914,0
HSS-KAB-121,1cc397ba-3be6-5226-bc7e-cf7f8dc57a81,121,Jl. Munggu Raya - Ds. Hariti,Munggu Raya - Ds. Hariti,269,Munggu Raya - Ds. Hariti,0.02346041055718475,0.0,0.0,0.0,0.0,0.9999999278778922,0.0,0.00871313672922252,0.0,0.0,0.0,1.0,0.8491209462653186,0.9014980920525746,0.8869439996027461,0.9919388910913519,0.8293100321138602,0
HSS-KAB-128,17068322-4fea-5e57-9886-bfe73081c527,128,Mungkur Galah - Lokpaikat,Mungkur Galah - Lokpaikat,229,Mungkur Galah - Lokpaikat,0.038123167155425214,0.0,0.2816901408450704,0.7183098591549296,0.0,0.9999999762405072,0.0,0.013516532618409294,0.0,0.0,0.0,0.0,0.7174092989474412,0.7570876713619447,0.9464576117587179,0.9854856430877272,0.7074181950090154,0
HSS-KAB-301,b2f83151-22b0-544d-878b-e359fba5473a,301,Muning Tengah - Batang Alai (Pihanin Raya),Muning Tengah - Batang Alai (Pihanin Raya),35,Muning Tengah - Batang Alai (Pihanin Raya),0.30498533724340177,0.0,0.0,0.0,1.0,0.0,0.0,0.15315013404825736,0.125,0.0,1.0,0.0,0.8539514185909778,0.8744287935176898,0.7003215274415602,0.9908305487908479,0.8239200247522112,0
HSS-KAB-302,d53bb93f-1206-58ef-ad87-8d40a3a7ceaf,302,Muning Tengah - Ds. Muning Dalam,Muning Tengah - Ds. Muning Dalam,1,Muning Tengah - Ds. Muning Dalam,1.0,0.0,0.0,0.0,1.0,0.0,0.0,0.06300268096514745,0.125,0.0,1.0,0.0,0.8539514185909778,0.8744287935176898,0.0,0.9908305487908479,0.8239200247522112,0
HSS-KAB-020,3941e7a5-4ca0-5dee-8be4-5512afa77a5f,020,Jl. Musyawarah,Musyawarah (Kandangan),277,Musyawarah (Kandangan),0.020527859237536656,0.045454545454545456,1.0,0.0,0.0,0.9999999547410654,0.0,0.5501563896336015,0.125,0.0,0.0,1.0,0.9453084469858545,0.953874782117115,0.9843208819038397,0.9975397859205981,0.3970702770753982,1
HSS-KAB-292,2175bd3a-9b6b-5113-8dff-a65faae45959,292,Jl. Musyawarah,Musyawarah (Nagara),302,Musyawarah (Nagara),0.015249266862170088,0.2727272727272727,0.0,0.0,0.0,0.9999999683701756,0.0,0.08768990169794459,0.0,0.0,0.0,0.0,0.957136763468256,0.9610543176143591,0.9728625873648405,0.997882709407034,0.9937500666816034,0
HSS-KAB-304,a2bec032-9734-5a86-b347-959fb7d7e8d4,304,Negara - Tumbukan Banyu,Negara - Tumbukan Banyu,258,Negara - Tumbukan Banyu,0.02756598240469208,0.18181818181818182,0.0,0.0,0.0,1.0,0.0,0.1577301161751564,0.125,0.0,1.0,0.0,0.9728502092436103,0.9700711358175909,0.9535709408712276,1.0,0.41161433494436084,0
HSS-KAB-070,06568e0a-73bb-5920-bd70-f28ffa2d27ef,070,Jl. Newangsekarti - Ds. Gambah Luar Muka,Newangsekarti - Ds. Gambah Luar Muka,312,Newangsekarti - Ds. Gambah Luar Muka,0.01348973607038123,0.0,0.0,0.0,0.0,0.9999999747930903,0.0,0.07115728328865058,0.0,0.0,0.0,1.0,0.8902963996264742,0.9308286616102134,0.977418593969188,0.9914889279039475,0.9428394627063129,0
HSS-KAB-262,4aaf557b-752f-5120-b5d7-a8b1b3c906e0,262,Jl. Niagara (Ds. Halunuk) - Ayan,Niagara (Ds. Halunuk) - Ayan,118,Niagara (Ds. Halunuk) - Ayan,0.11730205278592375,0.045454545454545456,0.5339805825242717,0.3883495145631068,0.07766990291262131,0.9135922090693495,0.0,0.018431635388739945,0.0,0.0,0.0,1.0,0.637573926978015,0.5521364300183729,0.5641875535361811,0.9616310811576145,0.6712927695803861,0
HSS-KAB-080,ff68b2a2-baeb-57ab-bc66-af88e357e0f2,080,Jl. Nomura,Nomura,278,Nomura,0.020527859237536656,0.0,1.0,0.0,0.0,0.9999999547410654,0.0,0.5474754244861484,0.125,0.0,0.0,0.0,0.9330835475726589,0.9540349554812267,0.937482154606284,0.995326216231523,0.9674785818690054,1
HSS-KAB-010,a3d433cf-d384-57ee-9660-72b2fb240edb,010,Jl. Nusa Indah,Nusa Indah,287,Nusa Indah,0.0187683284457478,0.18181818181818182,0.4736842105263158,0.0,0.0,0.9999999585667803,0.0,0.11215370866845398,0.0,0.0,0.0,0.0,0.9367842196884979,0.9538182503415461,0.9519819249438258,0.9983261595967605,0.9858613662793799,0
HSS-KAB-140,75a409b6-0ab4-5532-a85e-63afc9ab1e06,140,Padang Batung - Batulaki - Malilingin,Padang Batung - Batulaki - Malilingin,6,Padang Batung - Batulaki - Malilingin,0.5173020527859238,0.045454545454545456,0.3693693693693693,0.3603603603603604,0.2702702702702704,0.9999999331309452,0.0,0.19269436997319034,0.5,0.0,0.0,1.0,0.7553728917121084,0.7884345409148725,0.9639119585862724,0.9760984312170811,0.7803070554470868,1
HSS-KAB-231,4a782df6-4f20-55af-9679-c131171e2a5e,231,Jl. Padang Haur - Ds. Wasah Tengah,Padang Haur - Ds. Wasah Tengah,174,Padang Haur - Ds. Wasah Tengah,0.0686217008797654,0.0,0.18699186991869918,0.6504065040650407,0.16260162601626021,0.9999999305115366,0.0,0.11751563896336015,0.125,0.0,0.0,1.0,0.8809536436056766,0.9539690017430631,0.8709296984593994,0.9938882596137509,0.8846141535703997,1
HSS-KAB-063,1bf2a17a-3772-5c58-93bb-0d2b830a9539,063,Jl. Padang Palas,Padang Palas,236,Padang Palas,0.03636363636363637,0.0,1.0,0.0,0.0,0.9999999354999689,0.0,0.07238605898123325,0.0,0.0,0.0,0.0,0.8545601272754522,0.8017807509304188,0.9402753466661701,0.9848955088633403,0.8984711241984872,0
HSS-KAB-161,2256d18f-6610-5e71-b969-a1a90d2972fd,161,Padang Rasau (Tambak Tamiang) - Paku Pantai,Padang Rasau (Tambak Tamiang) - Paku Pantai,106,Padang Rasau (Tambak Tamiang) - Paku Pantai,0.12727272727272726,0.0,0.8206278026905829,0.1793721973094171,0.0,0.9999999374653024,0.0,0.19995531724754245,0.125,0.5,0.0,0.0,0.9014283902652724,0.8207047628020917,0.9901679639492011,0.9878022880444016,0.906790854484738,1
HSS-KAB-145,4cc16a9e-bec3-5b14-9a11-02e27e521b4e,145,Pagar Haur - Malutu,Pagar Haur - Malutu,333,Pagar Haur - Malutu,0.0093841642228739,0.18181818181818182,0.0,0.0,1.0,0.0,0.0,0.02625111706881144,0.0,0.0,0.0,0.0,0.7490022019575517,0.775422810571442,0.9296239742778046,0.9753160219742878,0.7744134686169701,0
HSS-KAB-148,68f0f6a4-d847-56e6-aa2e-5d7d0df2e2fc,148,Pagat Batu - Muara Hariang,Pagat Batu - Muara Hariang,74,Pagat Batu - Muara Hariang,0.18826979472140762,0.045454545454545456,0.7553516819571865,0.1223241590214067,0.1223241590214067,0.9082568370025614,0.0,0.06490169794459338,0.0,0.0,0.0,1.0,0.7558294232254643,0.7937485278183445,0.7815227241691806,0.9761544996318741,0.780729550085886,0
HSS-KAB-122,61ab62b7-0669-5bf3-acc6-a8e37470b5de,122,Paharuangan - Asam Dua,Paharuangan - Asam Dua,202,Paharuangan - Asam Dua,0.0498533724340176,0.045454545454545456,0.2197802197802198,0.0,0.7802197802197801,0.2054944884792746,0.0,0.05026809651474531,0.0,0.0,0.0,0.0,0.850806423721193,0.9000141329438922,0.700619467927948,0.9860347171093617,0.8308677143680184,0
HSS-KAB-111,4c5ebb91-f712-5f7d-9af1-fd7a25357916,111,Paharuangan - Sei. Raya Selatan,Paharuangan - Sei. Raya Selatan,123,Paharuangan - Sei. Raya Selatan,0.11143695014662755,0.045454545454545456,0.0,0.0,0.0,0.9999999265556951,0.0,0.05026809651474531,0.0,0.0,0.0,0.0,0.8661278979951811,0.9313233146464408,0.7404938363561879,0.9869439882199694,0.8450490243147799,0
HSS-KAB-244,68196c29-33fa-5e9f-951d-ceecd1fb4eb3,244,Jl. Pajah Api - Ds. Kapuh,Pajah Api - Ds. Kapuh,296,Pajah Api - Ds. Kapuh,0.016422287390029325,0.0,0.0,0.0,0.0,0.0,0.0,0.12388293118856121,0.125,0.0,0.0,0.0,0.9246746060109983,0.847010882366797,0.8965153377279556,0.9905482245001982,0.9050603335147073,0
HSS-KAB-328,9c294c3f-8ff4-5c16-a568-edc7e372c82b,328,Pakan Dalam - Kaminting Batu,Pakan Dalam - Kaminting Batu,130,Pakan Dalam - Kaminting Batu,0.1032258064516129,0.045454545454545456,0.2307692307692308,0.4395604395604396,0.32967032967032955,0.7692307055373915,0.23076921422732466,0.4941912421805183,0.5,0.5,0.0,0.0,0.936412999619557,0.9554812267395298,0.947525231834941,0.9955250042476071,0.37789371485879497,1
HSS-KAB-321,14888f6c-bb5c-5dac-b346-51707d7c35a2,321,Jl. Pakan Dalam I,Pakan Dalam I,303,Pakan Dalam I,0.015249266862170088,0.045454545454545456,0.375,0.0,0.0,0.9999999683701756,0.0,0.04479445933869526,0.0,0.0,0.0,0.0,0.9409552576059764,0.9647618598954162,0.9892741424900376,0.9960828566574164,0.38209732313371525,0
HSS-KAB-322,30c15453-04b9-57b4-8f28-f4f46080a6be,322,Jl. Pakan Dalam II,Pakan Dalam II,313,Pakan Dalam II,0.01348973607038123,0.045454545454545456,0.0,0.0,0.0,0.9999999747930903,0.0,0.06579535299374442,0.0,0.0,0.0,0.0,0.9339597191639478,0.9504687426390918,0.9780268891288965,0.9952237073115479,0.3756233396280766,0
HSS-KAB-323,0cba13c6-1023-5034-bbb0-fc09e85b9547,323,Jl. Pakan Dalam III,Pakan Dalam III,315,Pakan Dalam III,0.012903225806451615,0.045454545454545456,0.0,0.0,0.0,0.9999999417609606,0.0,0.06579535299374442,0.0,0.0,0.0,0.0,0.9270956064606126,0.9364441513167193,0.9750350700780852,0.9943806988729682,0.36927098336694075,0
HSS-KAB-149,8bca6d26-3bbc-5e12-89d8-90d1de39e257,149,Paku (Jambu Hulu) - Ganda,Paku (Jambu Hulu) - Ganda,127,Paku (Jambu Hulu) - Ganda,0.10674486803519061,0.0,0.46808510638297884,0.5319148936170212,0.0,0.9999999485548028,0.0,0.19995531724754245,0.125,0.5,0.0,1.0,0.9352624479773117,0.87392000753757,0.8276662569984978,0.9919578637367616,0.9381024016046261,1
HSS-KAB-083,6996817d-15ff-5beb-80f5-d91283b50046,083,Jl. Palajau - Ds. Baluti,Palajau - Ds. Baluti,167,Palajau - Ds. Baluti,0.07155425219941348,0.0,0.0,0.0,0.84375,0.0,0.5312499891040489,0.28351206434316356,0.375,1.0,0.0,0.0,0.9343078820857496,0.8019362133132332,0.9084205429965364,0.9885195673104151,0.9121957985255364,1
HSS-KAB-241,9ba5d24e-4375-5214-b2fb-ee40a9898927,241,Jl. Palas - Ds. Wasah Tengah,Palas - Ds. Wasah Tengah,214,Palas - Ds. Wasah Tengah,0.04516129032258064,0.0,0.0,0.0,1.0,0.0,0.0,0.12388293118856121,0.125,0.0,0.0,1.0,0.8894617309000358,0.9252838366231686,0.8882847317914914,0.9950076456929263,0.8768854890162063,0
HSS-KAB-310,645b8b8f-e29f-5d35-a135-28bd5796db80,310,Pandak Daun - Baruh Jaya - Samuda,Pandak Daun - Baruh Jaya - Samuda,15,Pandak Daun - Baruh Jaya - Samuda,0.42639296187683284,0.045454545454545456,0.8731241473396999,0.045020463847203276,0.027285129604365622,0.9999999564268854,0.0,1.0,1.0,0.5,0.0,0.0,0.955359057423825,0.9861073161539549,0.9809566372450437,0.9978518434615167,0.3954272423689573,1
HSS-KAB-327,d42db333-4284-5331-b39a-1a6bd767b565,327,Pandak Daun (Buntut Muradiyah) - Pakan Dalam,Pandak Daun (Buntut Muradiyah) - Pakan Dalam,139,Pandak Daun (Buntut Muradiyah) - Pakan Dalam,0.09325513196480938,0.045454545454545456,0.0,0.0,1.0,0.0,0.0,0.17951295799821268,0.25,0.0,0.0,0.0,0.9039370078740158,0.889127055165591,0.9347262051071965,0.9915362179305658,0.3478368487874617,0
HSS-KAB-188,e38cfa26-f9d9-50bf-8650-76d43652f7fa,188,Jl. Pandan Sari - Ds. Angkinang,Pandan Sari - Ds. Angkinang,271,Pandan Sari - Ds. Angkinang,0.02228739002932551,0.0,0.0,0.0,0.0,0.9999999514370386,0.0,0.0694816800714924,0.0,0.0,0.0,1.0,0.7598621182601077,0.9956847411315777,0.9830422206497585,0.9980259953559495,0.8221297570655827,0
HSS-KAB-170,65afdc59-ab61-5cb5-a46e-5b8202d2dfd2,170,Pandulangan - Kalinduku,Pandulangan - Kalinduku,188,Pandulangan - Kalinduku,0.05923753665689149,0.0,0.06542056074766356,0.9345794392523366,0.0,0.9999998969977975,0.0,0.10857908847184987,0.125,0.5,0.0,0.0,0.7683263969749022,0.7739906722570311,0.8857398234702618,0.986240018123124,0.8299629783738225,1
HSS-KAB-001,ee4b422a-8cbd-51c6-af35-c06348be875d,001,Jl. Pangeran Antasari - Loklua,Pangeran Antasari - Loklua,253,Pangeran Antasari - Loklua,0.029325513196480937,0.2727272727272727,1.0,0.0,0.0,0.9999999417609606,0.0,0.49463806970509383,0.125,0.0,0.0,1.0,0.9590412838219528,0.9682102982051162,0.93913324146835,1.0,0.9987047765366108,1
HSS-KAB-183,a8a5718a-5fb7-585f-922b-0e5489dadd07,183,Panggang Hijau - Ds. Tawar,Panggang Hijau - Ds. Tawar,68,Panggang Hijau - Ds. Tawar,0.21173020527859235,0.0,0.0,0.0,1.0,0.0,0.0,0.21916890080428955,0.125,0.5,1.0,0.0,0.8539514185909778,0.8744287935176898,0.9108971732896354,0.9908305487908479,0.8239200247522112,1
HSS-KAB-009,ece10016-67d3-5058-9a6d-6cb2b90a3fd0,009,Jl. Panglima Batur,Panglima Batur,186,Panglima Batur,0.06041055718475073,0.18181818181818182,0.0,0.0,0.0,0.9999999153958677,0.0,0.6777256478999106,0.25,0.0,0.0,1.0,0.9443469639501505,0.9616290573326424,1.0,0.9974706915104491,0.9928602673665567,1
HSS-KAB-210,4fcf8593-9960-52bf-a88a-36411aea37ce,210,Panjampang Bahagia - Bayur,Panjampang Bahagia - Bayur,150,Panjampang Bahagia - Bayur,0.0879765395894428,0.045454545454545456,0.641025641025641,0.2564102564102565,0.0,0.999999982698215,0.0,0.1789544235924933,0.25,0.0,0.0,0.0,0.8191627949873762,0.8189758326659443,0.935334500266905,0.9883193634252704,0.8337440920099436,1
HSS-KAB-212,d293f439-66eb-559b-9f0f-691f88737145,212,Panjampang Bahagia - Hanau,Panjampang Bahagia - Hanau,46,Panjampang Bahagia - Hanau,0.2768328445747801,0.045454545454545456,0.5439330543933054,0.06276150627615061,0.39330543933054396,0.6066945012895166,0.0,0.09986595174262734,0.125,0.0,0.0,0.0,0.7622623672772968,0.7027182362086022,0.835971348056559,0.9821314492835702,0.7810858965741659,0
HSS-KAB-202,6d6c40df-0159-5eb6-9dfd-3c5856d4fb0c,202,Pantai Langsat - Umpaya,Pantai Langsat - Umpaya,52,Pantai Langsat - Umpaya,0.25747800586510267,0.0,1.0,0.0,0.0,0.0,1.0,0.07897676496872208,0.125,0.5,0.0,0.0,0.2897453338098478,0.3748763367409431,0.7276079103199136,0.9189128957354024,0.3493966648529271,0
HSS-KAB-218,c70ae842-f997-5c61-8814-18d054689fd9,218,Jl. Papagaran - Ds. Amawang Kanan,Papagaran - Ds. Amawang Kanan,257,Papagaran - Ds. Amawang Kanan,0.0281524926686217,0.045454545454545456,0.0,0.0,0.0,0.9999999062820089,0.0,0.054959785522788206,0.0,0.0,0.0,0.0,0.9308954243091503,0.8970415037452302,0.9071542959293881,0.9903576485246645,0.9359301816940329,0
HSS-KAB-057,c6f10ed6-cfba-58e0-869a-5a74626bcf13,057,Jl. Papagaran/Palangsatan,Papagaran/Palangsatan,196,Papagaran/Palangsatan,0.055131964809384156,0.0,0.4,0.6,0.0,0.9999999460184349,0.0,0.1193029490616622,0.125,0.0,0.0,1.0,0.9311006329186889,0.8974560700994018,0.9475997169565379,0.9912802288044401,0.9428821389324542,1
HSS-KAB-124,3ed6d008-1acd-5136-ada0-105ae52c9642,124,Jl. Papancan - Ds. Tanah Bangkang,Papancan - Ds. Tanah Bangkang,155,Papancan - Ds. Tanah Bangkang,0.08211143695014662,0.0,0.0,0.0,0.0,0.9999999198903735,0.0,0.12176050044682753,0.25,0.5,0.0,0.0,0.9111308377814413,0.8737127243604843,0.9011582436408327,0.9856731041513281,0.8907467272669078,0
HSS-KAB-324,39bdd42a-2e0a-508c-b119-a0a58dd5da6b,324,Jl. Paramaian,Paramaian,310,Paramaian,0.014076246334310849,0.0,0.0,0.0,1.0,0.5733332796016849,0.0,0.05819928507596068,0.0,0.0,0.0,0.0,0.914504098407904,0.9107221934328921,1.0,0.9928342866851674,0.3576182398190527,0
HSS-KAB-027,5e79eeb6-8425-5eb3-93bf-0b70d296464c,027,Parincahan - Singakarsa (Jl. Harapan),Parincahan - Singakarsa (Jl. Harapan),240,Parincahan - Singakarsa (Harapan),0.03519061583577713,0.045454545454545456,1.0,0.0,0.0,0.999999906282009,0.0,0.193923145665773,0.0,0.0,0.0,1.0,0.9266782720973934,0.9205116125688981,0.9808200811887825,0.9952514583451323,0.9765088713205091,1
HSS-KAB-018,80662a35-0fd3-53a9-a950-45cca8337533,018,Jl. Parindra,Parindra,316,Parindra,0.012903225806451615,0.2727272727272727,0.0,0.0,0.0,0.9999999417609606,0.0,0.4683869526362824,0.125,0.0,0.0,0.0,0.9379901084838773,0.9746125217882885,0.992328032475513,0.9970561250495554,0.9869773495929755,0
HSS-KAB-003,e734b109-3300-506c-8820-45349bb6ecfa,003,Jl. Pasar Kandangan - Oprit Jembt. Loklua,Pasar Kandangan - Oprit Jembt. Loklua,317,Pasar Kandangan - Oprit Jembt. Loklua,0.012903225806451615,0.2727272727272727,1.0,0.0,0.0,0.9999999417609606,0.0,0.34081769436997317,0.0,0.0,0.0,0.0,0.9585178865818932,0.9671409054506054,0.9363152210345983,0.9994356345925128,0.9944520906016281,1
HSS-KAB-054,f02fac21-8ad4-570c-9a20-d4f5d98e9408,054,Pegangsaan Timur - Teluk Aman,Pegangsaan Timur - Teluk Aman,191,Pegangsaan Timur - Teluk Aman,0.058064516129032254,0.0,1.0,0.0,0.0,0.9999999914314974,0.0,0.20721626452189454,0.125,0.0,1.0,0.0,0.8598332968261837,0.7812078956046544,0.7448388017826773,0.9866579826697627,0.9106082429130792,1
HSS-KAB-133,dcd193cd-ef14-5ce6-a0e0-824dceb8dfb6,133,Jl. Pembangunan - Ds. Sungai Raya Utara,Pembangunan - Ds. Sungai Raya Utara,200,Pembangunan - Ds. Sungai Raya Utara,0.052199413489736064,0.0,0.5789473684210527,0.4210526315789474,0.0,0.9999999585667813,0.0,0.07104557640750671,0.125,0.0,0.0,1.0,0.9088435687852342,0.9379657982757809,0.9399525778059166,0.9881146287591324,0.8845778787781796,1
HSS-KAB-017,b2d8f176-94e8-5b04-925b-ce2d29f1ee2a,017,Jl. Pemuda,Pemuda,322,Pemuda,0.011730205278592375,0.2727272727272727,0.0,0.0,0.0,0.999999982698216,0.0,0.34081769436997317,0.0,0.0,0.0,1.0,0.9520618853829216,0.9458661139115278,1.0,0.9983692020161975,1.0,0
HSS-KAB-224,8de7b5fe-9ec9-55f4-8903-f7e515545290,224,Jl. Pendawa - Ds. Tebing Tinggi,Pendawa - Ds. Tebing Tinggi,217,Pendawa - Ds. Tebing Tinggi,0.04457478005865102,0.0,0.0,0.0,0.02439024390243902,0.0,0.0,0.029714030384271672,0.0,0.0,0.0,1.0,0.7887826979167867,0.8787676072925991,0.9016548111181458,0.9938701364897774,0.7797074544698013,0
HSS-KAB-349,c3b402b7-ee09-52cb-937a-a8a5eb4abb66,349,Jl. Pertanian - Ds. Wasah Tengah,Pertanian - Ds. Wasah Tengah,290,Pertanian - Ds. Wasah Tengah,0.01759530791788856,0.0,0.0,0.0,0.0,0.9999999062820089,0.0,0.10265862377122431,0.125,0.0,0.0,1.0,0.887388893372223,0.9671220615254157,0.8588258661998932,0.9935563799059863,0.8905717547397284,0
HSS-KAB-317,4bacde93-adc4-5cdd-92aa-5ac3b1faaf96,317,Jl. Pertukangan,Pertukangan,304,Pertukangan,0.015249266862170088,0.0,0.375,0.625,0.0,0.9999999683701756,0.0,0.08176943699731903,0.0,0.0,1.0,0.0,0.9464359414809606,0.9572713996325435,0.9791938227005822,0.9967556776349323,0.38716725879930436,0
HSS-KAB-326,317f9ffb-da5c-5be9-92ce-e3b2bb7caebb,326,Jl. Pesantren Muradiyah,Pesantren Muradiyah,320,Pesantren Muradiyah,0.012316715542521995,0.0,0.0,0.0,0.0,0.9999999062820089,0.0,0.02468722073279714,0.0,0.0,0.0,0.0,0.8922009199801708,0.8651481603618034,0.850309733963974,0.9900948632270488,0.33697574923449514,0
HSS-KAB-228,3dded79d-aa02-5261-91bb-d9d21962c604,228,Jl. Pianggu,Pianggu,218,Pianggu,0.04457478005865102,0.0,0.0,0.0,0.0,0.9999999547410654,0.0,0.13192582663092048,0.125,0.0,0.0,0.0,0.8303962370735869,0.8631224384039196,0.9145903939021514,0.9938967548281135,0.8441400206979697,0
HSS-KAB-022,2a3ef9f5-cd5d-50f7-8e73-465150d1f0d6,022,Jl. Rahmah Bahran,Rahmah Bahran,332,Rahmah Bahran,0.0093841642228739,0.09090909090909091,1.0,0.0,0.0,0.9999999514370386,0.0,0.5501563896336015,0.125,0.0,0.0,1.0,0.9490690676842555,0.9433598718613088,0.9592318101125967,0.9980016424081101,0.9972303129234282,1
HSS-KAB-061,e649105d-360e-5f79-83fa-c38a26c92578,061,Rambai - Bariang,Rambai - Bariang,177,Rambai - Bariang,0.06744868035190615,0.0,0.33057851239669434,0.33057851239669434,0.3388429752066115,0.6611569682591828,0.0,0.10936103663985701,0.125,0.0,0.0,0.0,0.9313519558225061,0.8676355584868328,0.827728327933162,0.9924687092937645,0.9518377449882107,0
HSS-KAB-192,7c98d9e5-7940-5e50-b69e-3d027d97341c,192,Rantauan - Sungai Baru (Jl. Pulau),Rantauan - Sungai Baru (Jl. Pulau),178,Rantauan - Sungai Baru (Pulau),0.06568914956011729,0.045454545454545456,0.0,0.0,0.0,0.9999999904693555,0.0,0.20431188561215372,0.25,0.5,0.0,0.0,0.8402831417668692,0.934121637537099,0.8616438866336449,0.9956416718581865,0.8965549616447418,0
HSS-KAB-227,bd5646e6-d9fd-55ce-8f33-48b038471a72,227,Jl. Rawati - Ds. Panjampang Bahagia,Rawati - Ds. Panjampang Bahagia,176,Rawati - Ds. Panjampang Bahagia,0.06744868035190615,0.045454545454545456,0.0,0.0,0.0,0.999999914492014,0.0,0.09986595174262734,0.125,0.0,0.0,0.0,0.8149917570698977,0.81045366749894,0.9320323265427731,0.9886178286232089,0.829886161166768,0
HSS-KAB-186,ca0ccf17-ad31-5937-aa38-5cb30d030a56,186,Jl. Rel Angkinang - TMMD Angkinang,Rel Angkinang - TMMD Angkinang,69,Rel Angkinang - TMMD Angkinang,0.20938416422287387,0.0,0.33057851239669434,0.027548209366391192,0.6418732782369146,0.3856748981511899,0.0,0.22788203753351208,0.25,0.0,0.0,1.0,0.7832835683240913,0.8860978941913601,0.7742231822526784,0.9961751713201563,0.8438050123227603,1
HSS-KAB-084,4481f3f6-ec17-556c-a42b-b4083664bdc2,084,Jl. RS. Hasan Basry II,RS. Hasan Basry II,349,RS. Hasan Basry II,0.0023460410557184755,0.6363636363636364,1.0,0.0,0.0,0.9999999311172748,0.0,0.07808310991957104,0.0,0.0,0.0,0.0,1.0,0.9092476562868046,0.8972974315047236,0.9949699835759189,0.9666293249687931,1
HSS-KAB-336,2a6806d8-2410-5e62-8a3b-3b1d35c3dc27,336,Jl. Sakincung - Ds. Hakurung Dalam,Sakincung - Ds. Hakurung Dalam,161,Sakincung - Ds. Hakurung Dalam,0.0750733137829912,0.0,0.1492537313432836,0.0,0.2238805970149254,0.0,0.7753730817804143,0.059428060768543345,0.0,0.0,1.0,0.0,0.6649796520676496,0.5679700381589485,0.7138778195722071,0.9810641671858187,0.12669718016835763,0
HSS-KAB-038,db041740-2aed-5540-8038-03a47fd5e23d,038,Jl. Samping Bappeda - Mesjid Darul Halik,Samping Bappeda - Mesjid Darul Halik,340,Samping Bappeda - Mesjid Darul Halik,0.007624633431085044,0.045454545454545456,0.0,1.0,0.0,0.9999999585667803,0.0,0.08936550491510277,0.0,0.0,0.0,0.0,0.9716028175833804,0.9471663447496114,0.9586607575136866,0.997249249589398,0.9878628812854079,1
HSS-KAB-329,5c168fcc-154b-5305-85a1-4c1303f4e75f,329,Jl. Samping Kantor Camat Daha Utara,Samping Kantor Camat Daha Utara,344,Samping Kantor Camat Daha Utara,0.005278592375366569,0.045454545454545456,1.0,0.0,0.0,0.9999999062820089,0.0,0.04479445933869526,0.0,0.0,0.0,0.0,0.9445037525506969,0.9720167710934188,0.991545938698745,0.9965186611542165,0.38538125873528994,0
HSS-KAB-164,1ee9154d-82f4-5229-84c8-d1777298aeb1,164,Jl. Samping Mesjid Mandapai,Samping Mesjid Mandapai,327,Samping Mesjid Mandapai,0.010557184750733138,0.0,1.0,0.0,0.0,0.9999999683701768,0.0,0.06490169794459338,0.0,0.0,0.0,1.0,0.7617781671873739,0.8059028595656474,0.8135513264558738,0.9768850880670555,0.7862347832581165,0
HSS-KAB-299,d0d92028-3536-5919-84ce-e13758df8614,299,Samuda - Bajayau,Samuda - Bajayau,8,Samuda - Bajayau,0.49501466275659817,0.045454545454545456,0.09411764705882353,0.09411764705882353,0.2352941176470588,0.7882352515674725,0.0,0.2802725647899911,0.5,0.5,0.0,0.0,0.7729770235528758,0.7017053752296604,0.5957816592802254,0.9879169734382964,0.14841724546298374,0
HSS-KAB-105,6d420aef-6304-5a96-a6d9-eea528473636,105,Sarang Halang Padang - Sp. Batang Kulur,Sarang Halang Padang - Sp. Batang Kulur,113,Sarang Halang Padang - Sp. Batang Kulur,0.12023460410557184,0.0,0.6208530805687204,0.18957345971563982,0.18957345971563982,0.9999999957360531,0.0,0.04792225201072386,0.125,0.0,0.0,0.0,0.8436425681050483,0.9199839826635888,0.9603987436842824,0.995277227162032,0.824237962636964,0
HSS-KAB-291,c6fb8b21-1169-55bd-916b-3bd1f02360be,291,Jl. Satria,Satria,288,Satria,0.01818181818181818,0.0,0.0,0.0,0.0,0.9999999331309449,0.0,0.08768990169794459,0.0,0.0,0.0,0.0,0.9652367392582516,0.9676308475055354,0.9635891897260189,0.9990649600724925,0.40456849000842854,0
HSS-KAB-042,8c540506-86c7-5677-9c2f-4619ae4bdd67,042,Sei Kupang Utara - Simp. Empat Lungau,Sei Kupang Utara - Simp. Empat Lungau,99,Sei Kupang Utara - Simp. Empat Lungau,0.1348973607038123,0.045454545454545456,0.8305084745762712,0.08474576271186442,0.0,0.9999999904693555,0.0,0.19101876675603216,0.125,0.0,1.0,0.0,0.7718518347724836,0.6337306260894144,0.9198043524139387,0.9758529195220026,0.8291884048693574,1
HSS-KAB-311,97034ceb-c22c-5a76-bd31-819b5d4b8d5e,311,Sei. Mandala Murung Raya,Sei. Mandala Murung Raya,115,Sei. Mandala Murung Raya,0.11964809384164223,0.045454545454545456,0.2380952380952381,0.5714285714285714,0.19047619047619052,0.9999999914314974,0.0,0.18185880250223413,0.375,0.0,1.0,0.0,0.9823520595796682,0.9468224431149008,0.9693245440889849,0.9964960072492496,0.4071162607090655,0
HSS-KAB-021,fc8e6b9e-151b-566a-a5f2-4d5284b83120,021,Jl. Sekolah Islam,Sekolah Islam (Kandangan Barat),281,Sekolah Islam (Kandangan Barat),0.01994134897360704,0.045454545454545456,0.0,1.0,0.0,0.9999999311172748,0.0,0.193923145665773,0.0,0.0,0.0,1.0,0.9427790779446859,0.9306826211899939,0.9258252330763597,0.9972291442487399,0.9914092756777518,1
HSS-KAB-293,cfca9bb8-b98a-5156-a6e8-11235326a22a,293,Jl. Sekolah Islam,Sekolah Islam (Sungai Pinang),338,Sekolah Islam (Sungai Pinang),0.008211143695014663,0.2727272727272727,0.0,0.0,0.0,0.9999999311172748,0.0,0.06344950848972297,0.0,0.0,0.0,0.0,0.951430119551308,0.9674424082536393,0.9438630466897571,0.9966319306790508,0.3917912279017166,0
HSS-KAB-338,88954cf3-fd8f-5d17-81fc-a1a9ad9e7a6a,338,Jl. Siang Gantung - Ds. Baru,Siang Gantung - Ds. Baru,20,Siang Gantung - Ds. Baru,0.40293255131964806,0.045454545454545456,0.5194805194805194,0.1613275613275614,0.3191919191919192,0.5194805043060757,0.24790764342274915,0.05842269883824844,0.125,0.0,0.0,0.0,0.7006352244036845,0.6262071889574599,0.7500900028552631,0.9833788299258085,0.0,0
HSS-KAB-318,caa87a04-aabc-50d4-ac16-d06d7a2c239d,318,Jl. Silaturrahim,Silaturrahim,318,Silaturrahim,0.012903225806451615,0.0,0.0,1.0,0.0,0.9999999417609606,0.0,0.02993744414655943,0.0,0.0,1.0,0.0,0.9533115827578653,0.9713242568427003,0.9546137325735851,0.9976003851163845,0.39353241792828253,0
HSS-KAB-100,ffc14cb3-34db-5a6b-93e7-45d7d9173f3e,100,Simpang Hamalau - Teluk Pinang,Simpang Hamalau - Teluk Pinang,237,Simpang Hamalau - Teluk Pinang,0.03636363636363637,0.045454545454545456,1.0,0.0,0.0,0.9999999354999689,0.0,0.12365951742627346,0.125,0.0,0.0,0.0,0.9658477536574399,0.8445658830734442,0.9005996052288555,0.99108200713598,0.9373320957227752,1
HSS-KAB-335,0b8c43f6-a56c-53cf-9243-328992f2cc0a,335,Simpang Jadi Makmur - Ds. Samuda,Simpang Jadi Makmur - Ds. Samuda,241,Simpang Jadi Makmur - Ds. Samuda,0.03519061583577713,0.0,1.0,0.0,0.0,0.0,0.9999999174018065,0.13561215370866844,0.0,0.0,0.0,0.0,0.8448230940385746,0.5247467847552645,0.9379042369620002,0.9772801155349153,0.14136499909313016,0
HSS-KAB-146,249e1b7b-ba55-583a-aba4-f6bea9bc6ea7,146,Simpang Malutu - Pahampangan,Simpang Malutu - Pahampangan,50,Simpang Malutu - Pahampangan,0.26099706744868034,0.0,0.0,0.0,1.0,0.0,0.0,0.20665773011617516,0.375,0.5,0.0,0.0,0.7951764448184826,0.7051679464832525,0.6430797114942957,0.9746556606445036,0.8077265307428865,0
HSS-KAB-147,d853a63a-c886-5206-acc6-1755be5b5478,147,Simpang Malutu - Tambak,Simpang Malutu - Tambak,85,Simpang Malutu - Tambak,0.16480938416422286,0.045454545454545456,0.34843205574912894,0.5818815331010453,0.06968641114982578,0.9999999858933187,0.0,0.08936550491510277,0.125,0.0,0.0,0.0,0.7528319940973703,0.7832430395251331,0.7280920636102939,0.9757863736761624,0.7779555953866999,0
HSS-KAB-206,f4478042-c125-520e-9e15-0a9a0ad78661,206,Simpur - Simp. Bilui,Simpur - Simp. Bilui,193,Simpur - Simp. Bilui,0.056891495601173014,0.0,0.0,0.0,0.0,0.9999999737953564,0.0,0.03183646112600536,0.0,0.0,0.0,1.0,0.8365571067891769,0.9540867762754982,0.876118828597321,0.9962436993826811,0.8239200247522112,0
HSS-KAB-207,d7c68120-d096-583b-88fd-ddedf111aef8,207,Simpur - Sp. 3 Muara Paring Agung,Simpur - Sp. 3 Muara Paring Agung,90,Simpur - Sp. 3 Muara Paring Agung,0.1565982404692082,0.045454545454545456,0.0,0.0,0.0,0.9999999390318104,0.0,0.1343833780160858,0.375,0.5,0.0,1.0,0.815097819946738,0.9470721251236632,0.9887775750127246,0.9932412074531347,0.8036530849576973,0
HSS-KAB-026,dcb6b1ac-b95d-5213-8f1b-cd285121fd89,026,Singakarsa - Getek,Singakarsa - Getek,339,Singakarsa - Getek,0.008211143695014663,0.0,1.0,0.0,0.0,0.0,0.9999999422370726,0.2764745308310992,0.125,0.0,0.0,0.0,0.9027011447873554,0.8375182550525274,0.9822352984991248,0.991771252194597,0.9502821965453595,1
HSS-KAB-025,8bc9650b-0479-555c-bd57-6847bbb309e5,025,Singakarsa - Palas,Singakarsa - Palas,34,Singakarsa - Palas,0.3085043988269795,0.09090909090909091,0.7744360902255639,0.07518796992481203,0.03759398496240602,0.999999913751262,0.0,0.9439231456657731,0.625,0.0,1.0,1.0,0.8987906526325498,0.8295284307721298,0.9545889041997194,0.9912907062354873,0.9466632525685754,1
HSS-KAB-253,1d0e787a-e27b-536a-804a-4a8aab1a5e6d,253,Sirih - Pacakan,Sirih - Pacakan,246,Sirih - Pacakan,0.03401759530791789,0.0,0.83125,0.0,0.16875,0.8312499737077088,0.0,0.02602770330652368,0.0,0.0,0.0,1.0,0.7445129754095525,0.8855043105478871,0.965587873822204,0.9982774537010817,0.7387382773741318,0
HSS-KAB-246,44050bda-5811-56a4-9a7f-fc38b6bcce1a,246,Sirih - Taro,Sirih - Taro,170,Sirih - Taro,0.07038123167155425,0.045454545454545456,0.0,0.0,0.0,0.9999999535872786,0.0,0.02602770330652368,0.0,0.0,0.0,1.0,0.7460163014030274,0.8521411409996702,0.8664357627897161,0.9978912046213966,0.7401295223463389,0
HSS-KAB-240,fcd57801-19d9-5c04-bbf9-900ea27251f9,240,Jl. Slasa Garih - Ds. Kapuh,Slasa Garih - Ds. Kapuh,263,Slasa Garih - Ds. Kapuh,0.025806451612903226,0.0,0.0,0.0,0.0,0.9999999460184349,0.0,0.1353887399463807,0.125,0.5,0.0,0.0,0.919449856469259,0.8363310877655816,0.8683723759512371,0.9899062694681996,0.9002251170928954,0
HSS-KAB-316,e42f9d46-6be7-5a8b-88df-99e5128224db,316,Jl. SMAN Negara (KH. Abdullah),SMAN Negara (KH. Abdullah),297,SMAN Negara (KH. Abdullah),0.016422287390029325,0.0,0.0,0.0,0.26470588235294107,0.7294117176588009,0.0,0.08176943699731903,0.0,0.0,1.0,0.0,0.9420181920890929,0.948245159466717,0.9184139634774621,0.996213399784788,0.3830810101462727,0
HSS-KAB-002,bbaca3f0-0761-5618-ab2a-857962f7573b,002,Jl. Soeprapto - Jl. H.M Rusli,Soeprapto - Jl. H.M Rusli,261,Soeprapto - H.M Rusli,0.026979472140762465,0.2727272727272727,1.0,0.0,0.0,0.999999982698216,0.0,0.34081769436997317,0.0,0.0,0.0,0.0,0.9502910964826322,0.9484430206812079,0.9524288356734075,0.9988118026844878,0.9983612329161732,1
HSS-KAB-004,cc70e200-dea4-59de-a6cd-39e84355a322,004,Jl. Soetoyo - Teluk Mesjid,Soetoyo - Teluk Mesjid,323,Soetoyo - Teluk Mesjid,0.011730205278592375,0.2727272727272727,1.0,0.0,0.0,0.999999982698216,0.0,0.34081769436997317,0.0,0.0,0.0,0.0,0.9552391602587011,0.960446601026994,0.9232306680073988,0.9995330463838704,0.9977979067311078,1
HSS-KAB-041,6786b7f2-4cc8-5eb4-98c5-12972b1e6d04,041,Sp. 3 Baluti - Amawang,Sp. 3 Baluti - Amawang,149,Sp. 3 Baluti - Amawang,0.08856304985337243,0.0,0.7452229299363057,0.0,0.0,0.9999999126094649,0.0,0.1597408400357462,0.125,0.0,0.0,0.0,0.9792139818540252,0.9297828237621897,0.9959529750598984,0.9962043382228012,0.9380213167749576,1
HSS-KAB-096,ab5d6fc2-0ace-535d-9123-b93af24e08cb,096,Sp. 4 Baru/Tampang - Sp. Bilui Pamujaan,Sp. 4 Baru/Tampang - Sp. Bilui Pamujaan,66,Sp. 4 Baru/Tampang - Sp. Bilui Pamujaan,0.21759530791788856,0.0,0.5755968169761273,0.3448275862068966,0.07957559681697612,0.9999999510777157,0.0,0.23626005361930294,0.75,0.5,0.0,0.0,0.7584464094257617,0.8313233146464408,0.9566620734175015,0.9893090558985105,0.834499461212645,1
HSS-KAB-182,04c40b6c-b5e4-52ab-962c-b9b3736ac5ad,182,Sp. Bakarung Selatan - Sungai Kudung,Sp. Bakarung Selatan - Sungai Kudung,256,Sp. Bakarung Selatan - Sungai Kudung,0.02873900293255132,0.0,0.36363636363636365,0.36363636363636365,0.2727272727272728,0.7272726722501965,0.0,0.14611260053619302,0.125,0.5,0.0,1.0,0.8850900958024464,0.949889291939511,0.9632788350526982,0.99443931585207,0.8292225458502704,1
HSS-KAB-089,924ea014-84de-5bdf-a257-90850798acd6,089,Sp. Batang Kulur Kiri - Tatas,Sp. Batang Kulur Kiri - Tatas,97,Sp. Batang Kulur Kiri - Tatas,0.13548387096774192,0.045454545454545456,0.42194092827004215,0.5780590717299579,0.0,0.9999999943057413,0.0,0.03585790884718499,0.125,0.0,0.0,0.0,0.6606010998259185,0.40642577848965944,0.4812111280771666,0.9621897830888599,0.9759327422676013,0
HSS-KAB-043,66c808c0-9bc2-5713-9f8f-d1791cab8f36,043,Sp. Empat Lungau - Bangkau,Sp. Empat Lungau - Bangkau,10,Sp. Empat Lungau - Bangkau,0.47155425219941344,0.0,0.2716049382716049,0.0,0.7283950617283952,0.27160491081870436,0.0,0.13594727435210008,0.125,0.0,1.0,0.0,0.6530314384201243,0.3909596268902812,0.4404553523766961,0.96125984028997,0.636340940370643,0
HSS-KAB-044,3f8fddc8-fe60-5dc6-836c-7efb64574ef5,044,Sp. Empat Lungau - Garis,Sp. Empat Lungau - Garis,9,Sp. Empat Lungau - Garis,0.47683284457478,0.0,0.19536019536019542,0.0,0.8046398046398047,0.19316239263190835,0.0,0.13594727435210008,0.125,0.0,1.0,0.0,0.8547284444495682,0.9322278230555425,0.8588010378260276,0.9958393271790225,0.771018574827428,0
HSS-KAB-179,e1dda79f-f1ca-53fa-9a35-ef193af64cae,179,Sp. Mandampa Tel. Sili-Sili - Sp. Sei. Bungur,Sp. Mandampa Tel. Sili-Sili - Sp. Sei. Bungur,43,Sp. Mandampa Tel. Sili-Sili - Sp. Sei. Bungur,0.28387096774193554,0.045454545454545456,0.6122448979591836,0.163265306122449,0.0,0.9999999265556954,0.0,0.1934763181411975,0.25,0.5,0.0,0.0,0.7675263139691726,0.795256041833514,0.9753950814991372,0.9894076003851164,0.4226354703453573,0
HSS-KAB-150,dac3084b-1a9b-5e98-b314-50c9be538717,150,Sp.3 Bukuanin - Riam Talo,Sp.3 Bukuanin - Riam Talo,77,Sp.3 Bukuanin - Riam Talo,0.17947214076246334,0.0,0.4871794871794872,0.1923076923076923,0.3205128205128205,0.871794856711265,0.0,0.06512511170688115,0.125,0.5,0.0,0.0,0.5998086256787447,0.47497055636689123,0.7591151167554281,0.9569929772894603,0.7512232073317757,0
HSS-KAB-151,9d5016c8-4509-50bf-a735-5d53756531e2,151,Sp.3 Bukuanin - Tayub,Sp.3 Bukuanin - Tayub,72,Sp.3 Bukuanin - Tayub,0.19530791788856305,0.045454545454545456,0.1179941002949852,0.058997050147492625,0.8230088495575221,0.17257681962539856,0.0,0.08132260947274352,0.125,0.0,0.0,0.0,0.7106650834092298,0.6144203137513544,0.7828758705448586,0.9777841649204282,0.7262320093034174,0
HSS-KAB-303,830e2043-95cb-58e6-a98e-975fb970dc29,303,SP.4 Banjarbaru - Pasar Negara,SP.4 Banjarbaru - Pasar Negara,242,SP.4 Banjarbaru - Pasar Negara,0.03519061583577713,0.045454545454545456,1.0,0.0,0.0,0.999999906282009,0.0,0.15650134048257372,0.125,0.0,1.0,0.0,0.9847592257409991,0.981085410090922,0.9492880463794023,0.9985374072605765,0.7192267067823193,1
HSS-KAB-254,b6cc5c40-2ec7-5ef7-8591-f16547651c20,254,SP.4 Mesjid Sirih - Sarang Nyamuk - Asam Tamiyang,SP.4 Mesjid Sirih - Sarang Nyamuk - Asam Tamiyang,25,SP.4 Mesjid Sirih - Sarang Nyamuk - Asam Tamiyang,0.35425219941348973,0.0,0.6721311475409836,0.3114754098360656,0.01639344262295082,0.9836065196581376,0.0,0.1473413762287757,0.375,0.5,0.0,1.0,0.6991618727014907,0.7994817920572855,0.9215671669584,0.9910873874384097,0.6905290785135871,1
HSS-KAB-305,ae2ed9f3-98e9-5a17-82f0-6cf7007b09a1,305,SP.4. Banjarbaru - Pihanin Raya,SP.4. Banjarbaru - Pihanin Raya,192,SP.4. Banjarbaru - Pihanin Raya,0.057478005865102634,0.09090909090909091,0.0,0.0,0.0,0.999999982698216,0.0,0.24542001787310097,0.25,0.5,1.0,0.0,0.9962094050103181,0.9751354407123004,0.9450423944483756,0.996111457212437,0.4199404666645329,0
HSS-KAB-320,9349f414-5fb2-5c59-a05a-6e89a7e477a0,320,Jl. Sukaramai - Keramat,Sukaramai - Keramat,226,Sukaramai - Keramat,0.03929618768328445,0.0,0.0,0.0,1.0,0.9999999198903737,0.0,0.18174709562109026,0.25,0.0,0.0,0.0,0.9537450571240821,0.9682621189993875,0.9716708254192892,0.9976536217930566,0.393933574454011,0
HSS-KAB-308,79fe0265-19e1-5023-b76a-273076cf6511,308,Jl. Sungai Bugundi,Sungai Bugundi,306,Sungai Bugundi,0.014662756598240468,0.0,0.0,1.0,0.0,0.0,0.9999999494473112,0.2256478999106345,0.0,0.0,0.0,0.0,0.884393769958843,0.9552974984689311,0.951969510756893,0.9891363198731381,0.3297527979600763,0
HSS-KAB-030,142c3991-bfb8-5dba-a769-1b33f0e75d97,030,Sungai Damang - Amawang Kiri,Sungai Damang - Amawang Kiri,95,Sungai Damang - Amawang Kiri,0.14369501466275658,0.045454545454545456,0.6812749003984063,0.07968127490039842,0.0,0.9999999498179336,0.0,0.09115281501340483,0.125,0.0,0.0,1.0,0.9122214408411248,0.8758373769256136,1.0,0.9901192161748882,0.9341356463847902,1
HSS-KAB-201,1f80c40f-b30d-50c2-896b-3b730d0bf8c1,201,Jl. Sungai Durian - Ds. Gumbil,Sungai Durian - Ds. Gumbil,201,Sungai Durian - Ds. Gumbil,0.052199413489736064,0.045454545454545456,0.0,0.0,0.0,0.0,0.9999999696865792,0.04870420017873101,0.0,0.0,0.0,0.0,0.6180353004922701,0.8558015734677533,0.9266818119747247,0.9758489550886335,0.6852948393773539,0
HSS-KAB-216,490ebc10-2e9a-5d51-87a1-55665a7e7b6a,216,Jl. Sungai Kacil I - Kapuh Padang,Sungai Kacil I - Kapuh Padang,163,Sungai Kacil I - Kapuh Padang,0.07390029325513196,0.045454545454545456,0.0,0.0,0.0,0.9999999062820087,0.0,0.14220285969615729,0.125,0.0,0.0,0.0,0.8834530383555642,0.881575352145852,0.8667709458369024,0.9960573710143286,0.8669120549669793,0
HSS-KAB-217,8f5949cf-7ae7-57b6-a066-21e37f0d1017,217,Jl. Sungai Kacil II,Sungai Kacil II,284,Sungai Kacil II,0.01935483870967742,0.0,0.0,0.0,0.0,0.999999982698216,0.0,0.06601876675603217,0.0,0.0,0.0,0.0,0.8734277907794469,0.9020586988269657,0.9207478306208335,0.9972886107492779,0.8576342434038557,0
HSS-KAB-060,9508c577-3c5d-5bfb-af34-6701d2d50b5c,060,Jl. Sungai Karuh,Sungai Karuh,122,Sungai Karuh,0.11143695014662755,0.0,0.6938775510204083,0.0,0.0,0.9999999265556951,0.0,0.1524798927613941,0.125,0.0,0.0,0.0,0.8570410763076284,0.7838507561124982,0.869315854158132,0.9852002038851447,0.9007671051648902,0
HSS-KAB-180,d3b17dd6-ff2c-5c47-a595-22b2b5309716,180,Sungai Kudung - Kalinduku,Sungai Kudung - Kalinduku,81,Sungai Kudung - Kalinduku,0.16950146627565982,0.045454545454545456,0.2711864406779661,0.5423728813559322,0.06779661016949153,0.9999999298544646,0.0,0.1363941018766756,0.125,0.0,0.0,0.0,0.815097819946738,0.869548216893579,0.7799957791764428,0.9904850767401031,0.8732473407376586,0
HSS-KAB-160,7cb528c5-e7e2-5149-9829-59c5d78f65cb,160,Sungai Minting - Ds. Malutu,Sungai Minting - Ds. Malutu,268,Sungai Minting - Ds. Malutu,0.024046920821114367,0.0,1.0,0.0,0.0,0.9999999485548028,0.0,0.047698838248436105,0.0,0.0,0.0,0.0,0.7551907402497089,0.7046591605031328,0.9583876454011645,0.9762521945970437,0.7423828270866007,0
HSS-KAB-126,71553a37-3da3-5a7f-9e43-2787e848b779,126,Jl. Sungai Namang - Ds. Tanah Bangkang,Sungai Namang - Ds. Tanah Bangkang,227,Sungai Namang - Ds. Tanah Bangkang,0.03929618768328445,0.0,0.0,0.0,1.0,0.0,0.0,0.03987935656836461,0.0,0.0,0.0,0.0,0.8759894398266103,0.870283129975974,0.9096371333159534,0.9840459874270827,0.8582253091359131,0
HSS-KAB-048,fe49da32-d49c-5683-abac-775548030ff6,048,Sungai Paring - Sei Hanyar Pantai Ulin,Sungai Paring - Sei Hanyar Pantai Ulin,27,Sungai Paring - Sei Hanyar Pantai Ulin,0.3395894428152493,0.0,0.6837606837606838,0.1452991452991453,0.1709401709401709,0.9145298800709392,0.0,0.25279267202859695,0.375,0.5,0.0,1.0,0.8356832409126018,0.8185235784613936,0.9849788338112795,0.9821198391572747,0.8633016462354234,1
HSS-KAB-072,a3c61664-abe8-5309-b694-b28678e0fc73,072,Sungai Paring - Toba,Sungai Paring - Toba,210,Sungai Paring - Toba,0.04574780058651026,0.0,1.0,0.0,0.0,0.9999999772399152,0.0,0.039544235924932974,0.0,0.0,0.0,1.0,0.9099779804244821,0.9470627031610684,0.8893275234938488,0.9890541994676332,0.9167493518548154,1
HSS-KAB-094,8394baf0-01d5-5c7e-884f-9a7416f3c149,094,Sungai Raya - Jambu Hulu/Paku,Sungai Raya - Jambu Hulu/Paku,38,Sungai Raya - Jambu Hulu/Paku,0.2997067448680352,0.045454545454545456,0.1876208897485493,0.5029013539651838,0.3094777562862669,0.999999931261387,0.0,0.18331099195710457,0.375,0.5,0.0,1.0,0.8675482182589548,0.8462053045649409,0.9402256899184388,0.9836416152234242,0.8754366311387084,1
HSS-KAB-095,c3cd5c79-5065-534a-8f6c-80de38d6c268,095,Sungai Raya Selatan - Malutu - Goa Berangin,Sungai Raya Selatan - Malutu - Goa Berangin,24,Sungai Raya Selatan - Malutu - Goa Berangin,0.3689149560117302,0.045454545454545456,0.5984251968503937,0.03149606299212599,0.3700787401574803,0.9133857911833356,0.0,0.11338248436103664,0.125,0.5,0.0,1.0,0.8029236462572485,0.8021811843406982,0.7595247849242114,0.982114175681033,0.7865548549541764,1
HSS-KAB-088,eebe6dec-cae5-5e2f-8144-aed8a3d17ead,088,Sungai Raya Selatan - Sarang Halang,Sungai Raya Selatan - Sarang Halang,94,Sungai Raya Selatan - Sarang Halang,0.1501466275659824,0.0,0.8473282442748092,0.1526717557251908,0.0,0.9999999896981745,0.0,0.09405719392314567,0.125,0.0,0.0,1.0,0.8774120658050979,0.9344090073962407,0.9197546956662074,0.9920244095826019,0.8554897630402544,1
HSS-KAB-116,e28d7c24-f48d-5cee-8d91-606feffe879b,116,Sungai Raya Utara - Teluk Pinang _x000D_,Sungai Raya Utara - Teluk Pinang _x000D_,135,Sungai Raya Utara - Teluk Pinang,0.09618768328445747,0.0,1.0,0.0,0.0,0.9999999179691926,0.0,0.07406166219839141,0.125,0.0,0.0,1.0,0.9280985923611671,0.8740472040326,0.8961553263069035,0.9877569802344679,0.9064473108643003,1
HSS-KAB-077,aadba181-ba17-56a9-b828-f9a43b2dc9dc,077,Jl. Suriangpati - Gambah Dalam Barat,Suriangpati - Gambah Dalam Barat,88,Suriangpati - Gambah Dalam Barat,0.16187683284457477,0.0,0.07092198581560284,0.2127659574468085,0.7163120567375887,0.2765957362975663,0.0,0.17113494191242182,0.125,0.0,1.0,0.0,0.7975766938356716,0.7455928769962783,0.8139609946246571,0.9816894149629042,0.8570325086152631,0
HSS-KAB-090,87650e5f-f9f3-5b73-a485-d4577e7a665b,090,Taal Batang Kulur - Sp. 3 Muara Prg Agung,Taal Batang Kulur - Sp. 3 Muara Prg Agung,58,Taal Batang Kulur - Sp. 3 Muara Prg Agung,0.23812316715542525,0.045454545454545456,0.0,0.0,0.0,0.9999999737953564,0.0,0.05149687220732797,0.25,0.0,0.0,1.0,0.8315975144395384,0.9903943091345927,0.9369483445681726,0.9995095429574673,0.8130909323688507,0
HSS-KAB-093,63c442ba-5160-5179-94c3-ff7bbe1e5ca8,093,Taal Jarau - Sp. Baru/Tampang,Taal Jarau - Sp. Baru/Tampang,30,Taal Jarau - Sp. Baru/Tampang,0.3278592375366569,0.0,0.6725663716814158,0.0,0.0,0.999999929139245,0.0,0.09740840035746202,0.25,0.0,0.0,1.0,0.759373306740757,0.8426438027041032,0.9004382207987288,0.9906283626890185,0.7462514269863116,0
HSS-KAB-137,9f14ae7f-7804-57f5-a680-2f43a7eb9db8,137,Tabihi - Telaga Langsat,Tabihi - Telaga Langsat,7,Tabihi - Telaga Langsat,0.5038123167155425,0.09090909090909091,0.976878612716763,0.023121387283236993,0.0,0.9999999901189816,0.0,0.22430741733690795,0.375,0.5,0.0,0.0,0.7882593006767272,0.7964055212700806,0.9081722592578799,0.9873135300447414,0.842827726744124,1
HSS-KAB-085,2d774e5d-e5d0-545d-821d-b7e8c3f9986f,085,Tajun - Sp.3 Muara Paring Agung,Tajun - Sp.3 Muara Paring Agung,41,Tajun - Sp.3 Muara Paring Agung,0.2879765395894428,0.045454545454545456,1.0,0.0,0.0,0.9999999882333946,0.0,0.1343833780160858,0.375,0.0,0.0,1.0,0.8964249893360694,0.8289913789042258,0.9259742033195536,0.9902171943138699,0.8730873048896286,1
HSS-KAB-245,9e2e12d8-eeb0-5035-9c74-f853afe5ddcb,245,Jl. Talapak Manuk - Ds. Kapuh,Talapak Manuk - Ds. Kapuh,224,Talapak Manuk - Ds. Kapuh,0.04105571847507331,0.0,0.0,0.2631578947368421,0.736842105263158,0.21052630706669065,0.0,0.11572832886505809,0.125,0.0,0.0,0.0,0.9125327123275038,0.8222028548546663,0.8311422293396894,0.9890570312057541,0.42319026128519455,0
HSS-KAB-166,9bc7754b-68b2-5697-88cb-310136c2204f,166,Tambak Pipii - Batu Ampar,Tambak Pipii - Batu Ampar,121,Tambak Pipii - Batu Ampar,0.11260997067448679,0.0,0.0,0.0,1.0,0.0,0.9999999475051594,0.04121983914209115,0.0,0.0,0.0,0.0,0.3694861714760034,0.0,0.7694188919096744,0.9287061788525797,0.5674743142463912,0
HSS-KAB-156,9deded88-396b-5766-8cfb-9ba2ed1dc334,156,Tambak Pipii - Malilingin,Tambak Pipii - Malilingin,44,Tambak Pipii - Malilingin,0.28269794721407626,0.045454545454545456,0.0,0.0,1.0,0.0,0.0,0.08266309204647006,0.125,0.0,0.0,0.0,0.525393989001741,0.31854713336788054,0.524698024902859,0.9478538256782013,0.3409702440013229,0
HSS-KAB-300,bc4ae778-ac51-5bb6-aa90-32fa9e6ca620,300,Jl. Tambangan - Ds. Baruh Jaya,Tambangan - Ds. Baruh Jaya,105,Tambangan - Ds. Baruh Jaya,0.12727272727272726,0.0,0.0,0.4618834080717489,0.5381165919282511,0.08968609304621547,0.7309416664545801,0.41979445933869525,0.125,0.0,0.0,0.0,0.8965149122099123,0.9710839967965327,0.9749978275172868,0.9906249646032735,0.9176924964525387,1
HSS-KAB-114,97dc9501-9cba-5e4c-90a1-70ef94ea9ec8,114,Jl. Taminung,Taminung,120,Taminung,0.11495601173020527,0.045454545454545456,0.0,0.0,0.0,0.9999999554607544,0.0,0.10176496872207327,0.125,0.0,0.0,0.0,0.9446236497158207,0.8025674848070854,0.805506933323402,0.9884753921957298,0.7237674572437559,0
HSS-KAB-107,fe34cd92-c0b7-5de2-b0d4-eea5096a9c7f,107,Tamiyang - Ds. Tamiyang (Eks TMMD),Tamiyang - Ds. Tamiyang (Eks TMMD),119,Tamiyang - Ds. Tamiyang (Eks TMMD),0.11612903225806451,0.0,0.0,0.0,1.0,0.0,0.0,0.0565236818588025,0.125,0.0,0.0,0.0,0.7350756850854844,0.793183210062656,0.7781708936973173,0.9876553208359291,0.8664404826681177,0
HSS-KAB-108,541afa9e-31ab-550c-976a-c12316fe5aff,108,Tanah Bangkang Menuju Balai Benih Ikan,Tanah Bangkang Menuju Balai Benih Ikan,243,Tanah Bangkang Menuju Balai Benih Ikan,0.03519061583577713,0.0,0.6060606060606061,0.303030303030303,0.0909090909090909,0.999999906282009,0.0,0.02256478999106345,0.0,0.0,0.0,0.0,0.8586204908866626,0.8347953078626278,0.9609697962831925,0.982447471257858,0.8364198913890045,0
HSS-KAB-242,87f67fb6-ce19-5b89-89ab-f111847e4659,242,Jl. Tanah Habang - Ds. Simpur,Tanah Habang - Ds. Simpur,190,Tanah Habang - Ds. Simpur,0.058064516129032254,0.045454545454545456,0.0,0.0,1.0,0.0,0.0,0.11327077747989277,0.125,0.0,0.0,0.0,0.8505066808083835,0.9289819569416309,0.8261393120057602,0.9951302599535595,0.8972228445838535,0
HSS-KAB-136,8b41c34c-8695-5a53-81dd-861143de210a,136,Tanayung - Simp. Ambarai,Tanayung - Simp. Ambarai,144,Tanayung - Simp. Ambarai,0.09090909090909091,0.045454545454545456,1.0,0.0,0.0,0.999999937133271,0.0,0.1328194816800715,0.125,0.0,0.0,0.0,0.8470365801639363,0.8694822631554153,0.9052425111417328,0.9945324800362463,0.893403322344205,1
HSS-KAB-235,4961f521-3eb7-59ef-acb7-4217dafc623b,235,Jl. Tandik - Ds. Wasah Hilir,Tandik - Ds. Wasah Hilir,264,Tandik - Ds. Wasah Hilir,0.025806451612903226,0.0,0.0,0.0,0.0,0.9999999460184349,0.0,0.12388293118856121,0.125,0.0,0.0,0.0,0.9120784865288618,0.8941442502473265,0.957990391419314,0.9936931528572238,0.1403621077788091,0
HSS-KAB-281,79d1f115-db66-5948-be43-6d643d8f7a8d,281,Jl. Tanginau - Balai Haruyan,Tanginau - Balai Haruyan,182,Tanginau - Balai Haruyan,0.06451612903225805,0.0,0.3103448275862068,0.6896551724137931,0.0,0.0,0.9999999859128886,0.027368185880250223,0.125,0.0,0.0,0.0,0.06387290900496889,0.7499175578272954,0.809951212245354,0.8911726227558475,0.8789467507388322,0
HSS-KAB-168,570e69ce-3058-5bf2-af14-e4adaf46c6fd,168,Taniran Selatan - Rantauan,Taniran Selatan - Rantauan,185,Taniran Selatan - Rantauan,0.06158357771260997,0.0,0.0,0.0,0.0,0.9999999331309452,0.0,0.20431188561215372,0.25,0.5,0.0,1.0,0.8212563839476141,0.8952466198709191,0.8781547552543046,0.9966494874554002,0.801999381194721,0
HSS-KAB-171,85b57849-5e37-55ac-9411-7d7a37f136d7,171,Taniran Selatan Kubah - Buntut Taniran / Wawaran,Taniran Selatan Kubah - Buntut Taniran / Wawaran,22,Taniran Selatan Kubah - Buntut Taniran / Wawaran,0.39178885630498533,0.0,0.5548961424332345,0.32640949554896154,0.1186943620178042,0.999999979977164,0.0,0.3699731903485255,0.375,0.5,1.0,1.0,0.7381100056490011,0.7302209450228483,0.981937358012737,0.9902254063544204,0.8596293569759627,1
HSS-KAB-184,31db80b0-b64c-5d91-b838-5d8426adbd2c,184,Taniran Tengah - Taniran Selatan,Taniran Tengah - Taniran Selatan,104,Taniran Tengah - Taniran Selatan,0.1290322580645161,0.0,0.38053097345132747,0.1769911504424779,0.0,0.9999999502382327,0.0,0.1390750670241287,0.125,0.0,0.0,0.0,0.8003827486425105,0.8525933952042211,0.8188273559023251,0.9946633063374299,0.8239200247522112,0
HSS-KAB-342,e2c5d564-181b-5177-8d13-e4a9c4495525,342,Jl. Tanjung Selor - Ds. Badaun,Tanjung Selor - Ds. Badaun,11,Tanjung Selor - Ds. Badaun,0.4674486803519061,0.0,0.0,0.0,1.0,0.0,0.0,0.1322609472743521,0.25,0.0,0.0,0.0,0.8539514185909778,0.8744287935176898,0.9083957146226708,0.9908305487908479,0.8056524661524181,0
HSS-KAB-087,0f5ae539-3e88-59c1-afbb-a8a147fc1c4b,087,Tanjungan - Sp. 10 Batang Kulur - Sungai Kali,Tanjungan - Sp. 10 Batang Kulur - Sungai Kali,16,Tanjungan - Sp. 10 Batang Kulur - Sungai Kali,0.424633431085044,0.0,0.9726027397260275,0.02739726027397261,0.0,0.9999999198903741,0.0,0.26072386058981234,0.875,0.0,0.0,1.0,0.8235597929468187,0.9739718283318415,0.875833302297866,0.998522399048536,0.8733433622464766,1
HSS-KAB-104,16463ede-cf85-5651-b7ef-4d08b9ea9618,104,Tanjungan - Sp. 3 Sakijang,Tanjungan - Sp. 3 Sakijang,146,Tanjungan - Sp. 3 Sakijang,0.08973607038123167,0.0,0.6855345911949686,0.3144654088050314,0.0,0.9999999250256056,0.0,0.13661751563896335,0.25,0.0,0.0,0.0,0.8967016751017396,0.9131624817449475,0.8745918836045833,0.9866234354646882,0.3588963927919854,0
HSS-KAB-272,89fd0f2c-0573-5146-9bf2-50cb9e948d82,272,Tanuhi - Hulu Banyu,Tanuhi - Hulu Banyu,244,Tanuhi - Hulu Banyu,0.03519061583577713,0.0,1.0,0.0,0.0,0.0,0.9999999174018065,0.06411974977658624,0.125,0.0,1.0,0.0,0.3000126814309265,0.6996184105149102,0.9475997169565379,0.9201738687206207,0.2925241920856939,0
HSS-KAB-258,c97b2434-3549-5336-8b26-48238c1945da,258,Tanuhi - Ulang,Tanuhi - Ulang,13,Tanuhi - Ulang,0.44516129032258067,0.0,0.3464052287581699,0.2614379084967321,0.15686274509803919,0.9999999335521053,0.0,0.06724754244861483,0.125,0.0,1.0,0.0,0.22829342525449337,0.5172987233240685,0.6349980758010254,0.911365464121878,0.27089801448857875,0
HSS-KAB-282,e72c1a60-6940-5b9e-9d1f-0fc4a05ed9c8,282,Jl. Tataian - (Ds. Ulang) - Loksado,Tataian - (Ds. Ulang) - Loksado,282,Tataian - (Ds. Ulang) - Loksado,0.01994134897360704,0.0,0.5,0.0,0.5,0.0,0.9999999422370726,0.014298480786416443,0.0,0.0,0.0,0.0,0.20492270091421583,0.46955292787487635,0.7110349707645898,0.9084954975363878,0.8324830095274676,0
HSS-KAB-173,7e1308d8-e967-576d-9fd8-ab0e45916b8f,173,Tawia - Kayu Abang,Tawia - Kayu Abang,153,Tawia - Kayu Abang,0.08387096774193548,0.0,0.0,0.0,0.0,0.9999999396179367,0.0,0.17772564789991063,0.25,0.0,0.0,0.0,0.77104944605204,0.8611014274273331,0.9607339267314687,0.9946726510732288,0.9216229768801545,0
HSS-KAB-079,7cd32c2c-b9d6-5010-9233-ff3770196177,079,Telaga Banta - Patigan,Telaga Banta - Patigan,247,Telaga Banta - Patigan,0.03401759530791789,0.0,0.0,0.0,0.0,0.9999999683701768,0.0,0.06467828418230563,0.125,0.0,0.0,0.0,0.8717330904647168,0.8017430630800396,0.9164649361290083,0.9879676615506598,0.7160665322365543,0
HSS-KAB-193,fc893e7a-47bf-546c-810a-3019d59e0cec,193,Telaga Langsat - Pakuan Timur,Telaga Langsat - Pakuan Timur,89,Telaga Langsat - Pakuan Timur,0.16187683284457477,0.0,0.7163120567375887,0.2127659574468085,0.07092198581560284,0.9999999696912006,0.0,0.044459338695263625,0.25,0.0,0.0,0.0,0.646930517287096,0.9148395910868234,0.9741040060581232,0.9839508410262219,0.8938236831716971,1
HSS-KAB-312,3cd7c410-a2f4-5ab7-97fd-f71ade9cc9dd,312,Jl. Teluk Haur I,Teluk Haur I,342,Teluk Haur I,0.007038123167155424,0.0,0.0,0.0,1.0,0.9999999062820089,0.0,0.053395889186773904,0.0,0.0,1.0,0.0,0.9055648424620422,0.9326800772600933,0.8677144240437973,0.9917364218157105,0.3493454533815574,0
HSS-KAB-313,3cceb3e0-f524-5c17-967c-01536a75cc0b,313,Jl. Teluk Haur II,Teluk Haur II,337,Teluk Haur II,0.00879765395894428,0.0,0.0,0.0,1.0,0.9999999772399152,0.0,0.053395889186773904,0.0,0.0,1.0,0.0,0.914391118386922,0.9149856315070429,0.9152359316226584,0.9928204111683752,0.3575136830650065,0
HSS-KAB-005,d8432a7a-8f28-5608-8fd6-2ec839d27aea,005,Jl. Teluk Mesjid - Sp. 4 Muara Banta,Teluk Mesjid - Sp. 4 Muara Banta,157,Teluk Mesjid - Sp. 4 Muara Banta,0.08035190615835776,0.18181818181818182,0.1398601398601399,0.0,0.0,0.999999982698216,0.0,0.34081769436997317,0.0,0.0,0.0,1.0,0.9349696222086441,0.9260140387242662,0.9850409047459436,0.9970436654018237,0.9807935644250979,1
HSS-KAB-067,1fe212e9-5bdc-5bb8-999d-da6a0d45a57d,067,Teluk Pinang - Baluti,Teluk Pinang - Baluti,140,Teluk Pinang - Baluti,0.09266862170087975,0.045454545454545456,1.0,0.0,0.0,0.9999999547410654,0.0,0.24318588025022342,0.125,0.0,0.0,0.0,0.9647802077448957,0.9424506524709096,0.9598028627115067,0.996965509429688,0.9758388545700903,1
HSS-KAB-135,c92ef383-7f9e-557e-b098-2236572491a3,135,Teluk Pinang - Padang Rasau,Teluk Pinang - Padang Rasau,110,Teluk Pinang - Padang Rasau,0.12434017595307918,0.045454545454545456,1.0,0.0,0.0,0.9999999153958674,0.0,0.37723413762287755,0.25,0.5,0.0,1.0,0.926320886316736,0.8921891930089038,0.8285849068315271,0.9911417568103302,0.9298296151671308,1
HSS-KAB-101,fe3d0618-e13d-58b2-9b29-0569ef432eb5,101,Teluk Pinang - Pahampangan Utara,Teluk Pinang - Pahampangan Utara,107,Teluk Pinang - Pahampangan Utara,0.12668621700879765,0.045454545454545456,1.0,0.0,0.0,0.9999999331309448,0.0,0.06814119749776586,0.125,0.5,0.0,1.0,0.9323779988701998,0.8303057426862015,0.919208471441163,0.9882825508296993,0.910409798461522,1
HSS-KAB-073,616c0bf9-9afd-58a3-a5a4-317187692160,073,Jl. Tembok Baru - Ds. Baluti,Tembok Baru - Ds. Baluti,345,Tembok Baru - Ds. Baluti,0.004692082111436951,0.0,1.0,0.0,0.0,0.9999999417609606,0.0,0.24318588025022342,0.125,0.0,0.0,1.0,0.9711024774904601,0.9478682809629246,0.9740915918711904,0.9972914424873988,0.9782948713845234,1
HSS-KAB-071,3ed4fa00-9785-52e2-9272-114482304e9a,071,Jl. Tembok Baru (Asam Cangkok),Tembok Baru (Asam Cangkok),265,Tembok Baru (Asam Cangkok),0.025806451612903226,0.0,0.6,0.4,0.0,0.9999999460184349,0.0,0.1193029490616622,0.125,0.0,0.0,1.0,0.9451332126675966,0.8776746596316013,0.889389594428513,0.9930721526873195,0.9563848968835685,1
HSS-KAB-058,54bf6561-23a7-5d8c-a2c6-7ac892d93e0f,058,Jl. Tembok Kacil. Sei. Kudung,Tembok Kacil. Sei. Kudung,289,Tembok Kacil. Sei. Kudung,0.01818181818181818,0.0,0.4594594594594595,0.0,0.0,0.9999999331309449,0.0,0.11382931188561216,0.125,0.5,0.0,1.0,0.8730980735753565,0.987308616384793,0.9656127021960696,0.9929523701648072,0.9269233641669067,1
HSS-KAB-036,3e0cb93e-a89e-5a00-b255-6d6b1a9cd5b3,036,Tembok Lama - Loklua,Tembok Lama - Loklua,211,Tembok Lama - Loklua,0.04574780058651026,0.0,0.7619047619047621,0.2380952380952381,0.0,0.9999999772399152,0.0,0.19124218051831993,0.0,0.0,0.0,0.0,0.9384720028590863,0.9650398077919631,0.9240500043449654,0.9959879934303676,0.9684729379380981,1
HSS-KAB-066,f6389463-7b8d-585c-b1e6-8ebe838db3ce,066,Jl. Teratai Menuju Komplek Perumnas Hamalau,Teratai Menuju Komplek Perumnas Hamalau,279,Teratai Menuju Komplek Perumnas Hamalau,0.020527859237536656,0.0,0.0,0.0,0.0,0.9999999547410654,0.0,0.07808310991957104,0.0,0.0,0.0,0.0,0.9710217774754729,0.9056767324633721,0.8733132223505021,0.9947553378263578,0.9591844573184394,0
HSS-KAB-064,c72cfd8c-f9ed-54eb-a4a2-39f0d9c26777,064,Tibung Dalam - Teratai,Tibung Dalam - Teratai,262,Tibung Dalam - Teratai,0.026979472140762465,0.0,1.0,0.0,0.0,0.999999982698216,0.0,0.07808310991957104,0.0,0.0,0.0,0.0,0.9663480937503602,0.8683610496066331,0.9215175102106687,0.9925123180608257,0.9422804041438616,1
HSS-KAB-051,47641a83-e418-5e9b-948d-cd06e044de68,051,Tibung Raya - Asam Cangkuk,Tibung Raya - Asam Cangkuk,208,Tibung Raya - Asam Cangkuk,0.0469208211143695,0.0,0.0,0.0,0.0,0.5348836831591949,0.0,0.25748436103663985,0.25,0.5,0.0,0.0,0.9800255934333245,0.9085975408677628,0.8904199719439375,0.9949309055898511,0.966336992819725,0
HSS-KAB-068,1539a932-2245-5bd2-9bab-99dfd9256ac0,068,Tibung Raya - Hamalau Dalam,Tibung Raya - Hamalau Dalam,203,Tibung Raya - Hamalau Dalam,0.0498533724340176,0.045454545454545456,1.0,0.0,0.0,0.999999917198609,0.0,0.18286416443252904,0.125,0.5,0.0,0.0,0.9772310672000554,0.9353512036557214,0.9515101858403784,0.9965387664948746,0.9726232009303417,1
HSS-KAB-132,bb5f653c-ba98-5b03-96da-52a8c5a935d2,132,Jl. TPA - Ds. Sungai Raya Selatan,TPA - Ds. Sungai Raya Selatan,209,TPA - Ds. Sungai Raya Selatan,0.04633431085043988,0.2727272727272727,1.0,0.0,0.0,0.9999999179691927,0.0,0.05026809651474531,0.0,0.0,0.0,0.0,0.8335665948052248,0.8647901257832007,0.6077985922312018,0.9839174265163958,0.8149132072250851,0
HSS-KAB-309,a8dca980-c483-5422-b8ce-306d60a1e9c8,309,Jl. Tukang Garit (Tambangan),Tukang Garit (Tambangan),266,Tukang Garit (Tambangan),0.024633431085043987,0.0,0.0,0.0,1.0,0.0,0.0,0.17873100983020554,0.0,0.0,0.0,0.0,0.8974395038101936,0.986785697460781,0.9836256874356014,0.9907382341281078,0.3418237685241494,0
HSS-KAB-290,a5649b2d-31a0-5291-89c6-fb9e169dd9d2,290,Tumbukan Banyu - Banua Hanyar,Tumbukan Banyu - Banua Hanyar,40,Tumbukan Banyu - Banua Hanyar,0.28973607038123167,0.045454545454545456,0.0,0.0,0.0,0.9999999460184349,0.0,0.5529490616621984,0.625,0.0,0.0,0.0,0.9083317001187443,0.9232157158336082,0.922076148622646,0.9920762303902135,0.3519060269500368,0
HSS-KAB-222,2bf8795c-61b8-51bb-8c1f-843696f3333c,222,Jl. Tungkaran - Ds. Ulin,Tungkaran - Ds. Ulin,173,Tungkaran - Ds. Ulin,0.069208211143695,0.0,0.16129032258064518,0.0,0.4838709677419354,0.9999999383275133,0.0,0.10936103663985701,0.125,0.0,0.0,1.0,0.8844099099618404,0.9522871814198898,0.9076384492197683,0.9893682392252364,0.8989619007991123,1
HSS-KAB-288,aa286cda-77a0-5013-83c7-6a48f82927e0,288,Jl. Ulang - Bangkaun,Ulang - Bangkaun,71,Ulang - Bangkaun,0.20527859237536655,0.0,0.0,0.3820224719101123,0.6179775280898877,0.0,0.9999999732113952,0.014298480786416443,0.0,0.0,0.0,0.0,0.09924257271647785,0.25362981108965,0.6701922957555895,0.8955165090332446,0.1730947732292033,0
HSS-KAB-283,32e48c1c-9338-5f21-a616-a7ce41be6a86,283,Jl. Ulang - Kacang Parang,Ulang - Kacang Parang,132,Ulang - Kacang Parang,0.09912023460410556,0.0,0.8,0.0,0.2,0.0,0.9999999571382326,0.014298480786416443,0.0,0.0,0.0,0.0,0.12101313104529576,0.2981108964997409,0.7874070487753404,0.8981902361669593,0.19324221959052157,0
HSS-KAB-211,e678c2d8-75a2-55dc-acd4-0b4f99fb54d0,211,Ulin - Tanggul (Balai Mas),Ulin - Tanggul (Balai Mas),64,Ulin - Tanggul (Balai Mas),0.22580645161290322,0.045454545454545456,0.1534526854219949,0.5115089514066495,0.3350383631713555,0.999999924066854,0.0,0.13348972296693476,0.125,0.0,0.0,0.0,0.8294831740468751,0.8400621849531258,0.9693121299020521,0.9851228974344453,0.8432950314203715,1
HSS-KAB-200,a05eacfa-9357-5d4a-9ffa-439f2faf5026,200,Umpaya - Tumarin,Umpaya - Tumarin,254,Umpaya - Tumarin,0.029325513196480937,0.045454545454545456,0.0,0.0,0.0,0.9999999417609606,0.0,0.02602770330652368,0.0,0.0,0.0,0.0,0.4319226202142009,0.1319498751589957,0.9062728886571574,0.9363742425100526,0.48097173766923795,0
HSS-KAB-019,9e8380de-b496-5b28-b1f2-a95e5e185f0a,019,Jl. Wahab Syahrani,Wahab Syahrani,348,Wahab Syahrani,0.003519061583577712,0.2727272727272727,0.0,0.0,0.0,0.9999999683701756,0.0,0.193923145665773,0.0,0.0,0.0,1.0,0.9490690676842555,0.9433598718613088,0.9592318101125967,0.9980016424081101,0.9972303129234282,0
HSS-KAB-209,b4367de9-0904-51d4-9d9d-54239fd38b95,209,Wasah Hilir - Amparaya,Wasah Hilir - Amparaya,84,Wasah Hilir - Amparaya,0.1683284457478006,0.0,0.0,0.6587030716723548,0.0,0.9999999232344087,0.0,0.11539320822162645,0.125,0.0,0.0,1.0,0.8348624064744469,0.8704951241343571,0.8314649981999429,0.9957928866738404,0.8482732131997568,0
HSS-KAB-205,037ceb04-335d-5238-b5e7-c9aa54b97732,205,Wasah Hilir - Sarang Halang,Wasah Hilir - Sarang Halang,76,Wasah Hilir - Sarang Halang,0.18005865102639296,0.0,0.0,0.06389776357827477,0.0,0.9999999094558446,0.0,0.10857908847184987,0.125,0.5,0.0,1.0,0.8658281550823717,0.8842606114853724,0.8398818169403995,0.9954145664608937,0.8484097771234089,0
HSS-KAB-204,00f4e7dd-20bc-52f9-9538-27da26b39136,204,Wasah Hulu - Amparaya - Simpur,Wasah Hulu - Amparaya - Simpur,23,Wasah Hulu - Amparaya - Simpur,0.36950146627565983,0.045454545454545456,0.0,0.9056603773584907,0.0,0.9999999250256061,0.0,0.30685880250223413,0.625,0.0,0.0,1.0,0.8295016197645866,0.840099872803505,0.9818008019564759,0.990583621226709,0.8433121019108281,1
HSS-KAB-208,304062ed-d501-583f-98f1-e1e890d327a0,208,Wasah Tengah - Sungai Tarap,Wasah Tengah - Sungai Tarap,73,Wasah Tengah - Sungai Tarap,0.19296187683284458,0.045454545454545456,0.0,0.0,0.0,0.9999999744863244,0.0,0.16644325290437892,0.25,0.5,0.0,1.0,0.9236577858221602,0.8731898054364724,0.9076136208459027,0.9921218213739593,0.9041193227282911,0
