{
"type": "FeatureCollection",
"name": "rtrw_sda_line",
"crs": { "type": "name", "properties": { "name": "urn:ogc:def:crs:OGC:1.3:CRS84" } },
"features": [
{ "type": "Feature", "properties": { "source_feature_id": 1, "nama_objek": "Jaringan Irigasi Primer", "orde_01": 45010000, "orde_02": 25011000, "orde_03": 25011100, "orde_04": 25011100, "jenis_sistem": 45000000, "status_jaringan": 2, "provinsi": "Provinsi Kalimantan Selatan", "kabupaten": "Kabupaten Hulu Sungai Selatan", "keterangan": "Jaringan Irigasi yang melalui D.I. Telaga Langsat", "sumber_data": "Balai Wilayah Sungai Kalimantan II Kementerian PUPR, 2019", "source_shape_length": 0.0052502021901168145, "source_layer": "_6306_50KB_LN_SR_SDA_KABUPATEN_HULUSUNGAISELATAN_2024", "source_dataset": "_6306_50KB_RTRW_KABUPATEN_HULUSUNGAISELATAN_2025.gdb.zip" }, "geometry": { "type": "MultiLineString", "coordinates": [ [ [ 115.338192538132489, -2.730337197364975 ], [ 115.338193000054957, -2.730324999507502 ] ], [ [ 115.337608356032547, -2.735320573592503 ], [ 115.337784300852491, -2.735249740162487 ], [ 115.337929906537511, -2.735187969237472 ], [ 115.338001290587499, -2.735102308372518 ], [ 115.338058396544966, -2.734952403057491 ], [ 115.338054829500038, -2.734763235917512 ], [ 115.338058396559973, -2.734559791207516 ], [ 115.338069106422495, -2.73412078046249 ], [ 115.338090521455001, -2.733621094160014 ], [ 115.338133350654971, -2.732578890662523 ], [ 115.338136919942485, -2.731465302629999 ], [ 115.338165473912454, -2.731051275222512 ], [ 115.338192538132489, -2.730337197364975 ] ] ] } },
{ "type": "Feature", "properties": { "source_feature_id": 2, "nama_objek": "Jaringan Irigasi Primer", "orde_01": 45010000, "orde_02": 25011000, "orde_03": 25011100, "orde_04": 25011100, "jenis_sistem": 45000000, "status_jaringan": 2, "provinsi": "Provinsi Kalimantan Selatan", "kabupaten": "Kabupaten Hulu Sungai Selatan", "keterangan": "Jaringan Irigasi yang melalui D.I.R. Rawa Angkinang", "sumber_data": "Bidang Sumber Daya Air Dinas PUPR Provinsi Kalimantan Selatan, 2022", "source_shape_length": 0.058234757251173455, "source_layer": "_6306_50KB_LN_SR_SDA_KABUPATEN_HULUSUNGAISELATAN_2024", "source_dataset": "_6306_50KB_RTRW_KABUPATEN_HULUSUNGAISELATAN_2025.gdb.zip" }, "geometry": { "type": "MultiLineString", "coordinates": [ [ [ 115.261183169947458, -2.696846317257496 ], [ 115.260784748327524, -2.696753462657512 ], [ 115.259731952064953, -2.696363655307493 ], [ 115.259497664175001, -2.696222911687528 ], [ 115.259264318975056, -2.696225611957516 ], [ 115.258771563910045, -2.696088767632489 ], [ 115.258602807154944, -2.696023260354991 ], [ 115.25836471420746, -2.695947467397502 ], [ 115.258091767704968, -2.695801916007497 ], [ 115.257797750227496, -2.695649354054979 ], [ 115.257526640364972, -2.695484710235007 ], [ 115.257318072672547, -2.69537667643749 ], [ 115.257096812494979, -2.695243768097498 ], [ 115.256849982319977, -2.695033768259975 ], [ 115.256515521345023, -2.694783545125006 ], [ 115.256371751534971, -2.694691462200012 ], [ 115.256153140720016, -2.694600325959982 ], [ 115.255949802477517, -2.69451695422498 ], [ 115.255393064045052, -2.694251486619976 ], [ 115.255142648997548, -2.694182453297515 ], [ 115.25469974679504, -2.694000044902509 ], [ 115.254284858669962, -2.693884750717473 ], [ 115.254059945444965, -2.693835355394981 ], [ 115.253631015810015, -2.693777540119981 ], [ 115.253336422994948, -2.693800110769985 ], [ 115.25300549173005, -2.693835345985008 ], [ 115.252540189152455, -2.69402583563749 ], [ 115.252264229644993, -2.694175132837472 ], [ 115.252018029082478, -2.694319782315006 ], [ 115.251604156237477, -2.694562947177474 ], [ 115.25146006042246, -2.694655723652488 ], [ 115.251263146074962, -2.694782294904996 ], [ 115.251012075519952, -2.694938587847503 ], [ 115.250668643195013, -2.694935900870007 ], [ 115.24992942236247, -2.694939182797498 ], [ 115.249309937422481, -2.69492693435501 ], [ 115.24922157812, -2.694921738122503 ], [ 115.247399606289946, -2.694978464590008 ], [ 115.245823937657519, -2.695032324734996 ], [ 115.243728399532529, -2.695270227950004 ], [ 115.242251219860009, -2.695670624765 ], [ 115.241573304437452, -2.695955985877504 ] ], [ [ 115.241573304437452, -2.695955985877504 ], [ 115.241525094960025, -2.695976279447507 ], [ 115.238428524134974, -2.697022514592504 ], [ 115.23607330920504, -2.697551172202509 ], [ 115.23139530998003, -2.698478504272487 ], [ 115.225901377177479, -2.699748934652519 ], [ 115.222191755262543, -2.70051486632002 ], [ 115.221129757440053, -2.700901807402488 ], [ 115.220469530922514, -2.701135221552477 ] ], [ [ 115.276246080122519, -2.70020853888002 ], [ 115.276083161107522, -2.700248281212509 ], [ 115.27596802931248, -2.700219996004989 ], [ 115.27559905332248, -2.70006395452998 ], [ 115.275481537277528, -2.700014255675001 ], [ 115.275070278357475, -2.699944921432518 ], [ 115.275014640474978, -2.699933361970011 ], [ 115.27462887924753, -2.699853206957528 ], [ 115.274427369300042, -2.69983646296248 ], [ 115.274352144415047, -2.699830212705024 ], [ 115.274102754647515, -2.699809491045016 ], [ 115.273730426059956, -2.699767449509977 ], [ 115.273462462734983, -2.699741916570019 ], [ 115.273384617314946, -2.69973449958502 ], [ 115.273285729100053, -2.699643779232474 ], [ 115.273079075720034, -2.699509134195011 ], [ 115.273055165754954, -2.699495493962502 ], [ 115.272803571145005, -2.6993519660125 ], [ 115.272747056064986, -2.699363709015017 ], [ 115.272689943532555, -2.699357230434998 ], [ 115.272627691677485, -2.699350169380011 ], [ 115.272472423034969, -2.699289270042527 ], [ 115.272286514339953, -2.699203342052499 ], [ 115.272017994067483, -2.699220285727506 ], [ 115.271889750944979, -2.699235067742507 ], [ 115.271811911244981, -2.699244040204974 ], [ 115.27163455671996, -2.699240607262482 ], [ 115.271444651194997, -2.699239791482512 ], [ 115.27129281284499, -2.699271525147481 ], [ 115.271144742532556, -2.699275796107486 ], [ 115.271144182274952, -2.699275812489986 ], [ 115.270987205567508, -2.69921723100498 ], [ 115.270928573647552, -2.699196557217476 ], [ 115.270807036887504, -2.699153702394995 ], [ 115.270535356817504, -2.699060631535019 ], [ 115.270271083280022, -2.698957250480021 ], [ 115.269974625319946, -2.698929013022507 ], [ 115.269691923264986, -2.698902086514977 ], [ 115.269601311749966, -2.698896930812509 ], [ 115.269403658875035, -2.698885683442484 ], [ 115.269129602889961, -2.698804362129977 ], [ 115.268940035462492, -2.698724989264974 ], [ 115.268819560610041, -2.698705889015002 ], [ 115.268782680574986, -2.69870004149999 ], [ 115.268475528069985, -2.698709318575027 ], [ 115.268433325087472, -2.698711921322513 ], [ 115.268129230174964, -2.698730671577493 ], [ 115.267890342424948, -2.698693866492476 ], [ 115.267622416144945, -2.698629029992503 ], [ 115.267536986650043, -2.698608356607508 ], [ 115.267317401409969, -2.698517002969993 ], [ 115.267272577554991, -2.69849835547501 ], [ 115.266988406469977, -2.698412534027511 ], [ 115.266805905642514, -2.698377687782511 ], [ 115.266367401065054, -2.69834598609998 ], [ 115.266167913962477, -2.698235254942517 ], [ 115.266091941909963, -2.698193083644981 ], [ 115.266072738879984, -2.698183205630016 ], [ 115.265840007542465, -2.698063483324972 ], [ 115.265771532282542, -2.697980920635018 ], [ 115.265683583745044, -2.697913570134972 ], [ 115.265265748255047, -2.69775483159998 ], [ 115.265218258260006, -2.697736789745022 ], [ 115.265015500959976, -2.69767356824002 ], [ 115.264744116489965, -2.697609026612497 ], [ 115.264646740052513, -2.697606551192507 ], [ 115.264557494910036, -2.69757662397501 ], [ 115.264294717447456, -2.697488506077491 ], [ 115.264115847362518, -2.697417514670008 ], [ 115.263960383569952, -2.697421577137504 ], [ 115.263908493062445, -2.697422933300004 ], [ 115.263826740997501, -2.697433257925013 ], [ 115.263809652167538, -2.697435416377516 ], [ 115.263647635670054, -2.697455879642519 ], [ 115.263563366769972, -2.697497146509988 ], [ 115.263255487965012, -2.697443632587522 ], [ 115.263113054979954, -2.697397212402507 ], [ 115.263051706802457, -2.697377219029988 ], [ 115.263033459557505, -2.697371271520012 ], [ 115.262447561144995, -2.697199531572494 ], [ 115.262407184527547, -2.697187696079993 ], [ 115.262238905949971, -2.697138369407526 ], [ 115.261852657167537, -2.697022660209996 ], [ 115.261547275110047, -2.696931175549992 ], [ 115.261183169947458, -2.696846317257496 ] ] ] } },
{ "type": "Feature", "properties": { "source_feature_id": 3, "nama_objek": "Jaringan Pengendalian Banjir", "orde_01": 45010000, "orde_02": 45012000, "orde_03": 25012100, "orde_04": 25012100, "jenis_sistem": 45000000, "status_jaringan": 2, "provinsi": "Provinsi Kalimantan Selatan", "kabupaten": "Kabupaten Hulu Sungai Selatan", "keterangan": "Tidak Ada", "sumber_data": "Dinas PUPR Kabupaten Hulu Sungai Selatan, 2023", "source_shape_length": 0.012195303593925948, "source_layer": "_6306_50KB_LN_SR_SDA_KABUPATEN_HULUSUNGAISELATAN_2024", "source_dataset": "_6306_50KB_RTRW_KABUPATEN_HULUSUNGAISELATAN_2025.gdb.zip" }, "geometry": { "type": "MultiLineString", "coordinates": [ [ [ 115.111034817089944, -2.631285981152473 ], [ 115.111057516122514, -2.631287391032515 ], [ 115.111070150369983, -2.631288176145006 ], [ 115.111135639342478, -2.631292245382497 ], [ 115.111152536852501, -2.631293294687509 ], [ 115.111213319862486, -2.631290154647502 ], [ 115.111223108519994, -2.631289648719985 ], [ 115.111290879190051, -2.631286147682488 ], [ 115.111312280974971, -2.631285041854994 ], [ 115.111368435822556, -2.631282140707526 ], [ 115.111401451637448, -2.631280434977498 ], [ 115.111445989762501, -2.631278134630008 ], [ 115.111490624997487, -2.631275829905007 ], [ 115.11152760627499, -2.631273918620025 ], [ 115.11157974631999, -2.631269958842495 ], [ 115.111615284784989, -2.631267260495008 ], [ 115.111662141857551, -2.63126370137752 ], [ 115.111698747169953, -2.631259489177523 ], [ 115.111736389352473, -2.631255157390001 ], [ 115.111782009974945, -2.631249908207508 ], [ 115.111817303234943, -2.631245845917476 ], [ 115.111865272790055, -2.631240324519979 ], [ 115.111898218019974, -2.631236534440006 ], [ 115.111948533802547, -2.631230743535014 ], [ 115.111979131907447, -2.631227222049972 ], [ 115.112031887447529, -2.631221150927502 ], [ 115.112060044022542, -2.631217895184989 ], [ 115.11211151093255, -2.631211945072494 ], [ 115.112140951684978, -2.631208540274997 ], [ 115.112191040897528, -2.631202747205009 ], [ 115.112221861152534, -2.631199183552496 ], [ 115.112270568164945, -2.631193552037473 ], [ 115.112302770619976, -2.631189827727496 ], [ 115.112350096335035, -2.631184355059986 ], [ 115.112384336567516, -2.631180396942511 ], [ 115.112429644924987, -2.631175333527494 ], [ 115.112466166427453, -2.631171253190018 ], [ 115.112509207704989, -2.631166444024984 ], [ 115.112547337119963, -2.631162183480001 ], [ 115.112596146370038, -2.631156730237478 ], [ 115.112628357957533, -2.631151721034996 ], [ 115.112680335195023, -2.631143637710011 ], [ 115.112709152680054, -2.631139155927485 ], [ 115.112757182722476, -2.631131688700009 ], [ 115.112789946502517, -2.631126593524982 ], [ 115.112834031152488, -2.631119737874997 ], [ 115.112870740332482, -2.631114029307525 ], [ 115.112910877787499, -2.631107787944984 ], [ 115.11295153595745, -2.631101465992515 ], [ 115.112987726220013, -2.631095838917474 ], [ 115.113029010332525, -2.631089418447516 ], [ 115.113071335222457, -2.631082078159977 ], [ 115.113113640904999, -2.631073159977518 ], [ 115.113156300959986, -2.631064166377485 ], [ 115.113201342657476, -2.631054670937488 ], [ 115.113234421267521, -2.631047697257486 ], [ 115.113289042614952, -2.631036181885008 ], [ 115.113312539775052, -2.631031229032487 ], [ 115.113376745269989, -2.631017692830028 ], [ 115.113390654692466, -2.63101475989248 ], [ 115.113451407339994, -2.631001951757526 ], [ 115.113468485247495, -2.630997251364988 ], [ 115.113521123094984, -2.630982763502516 ], [ 115.11354531425502, -2.630976103625017 ], [ 115.113603660332501, -2.630960042957497 ], [ 115.113622142362487, -2.630954954974982 ], [ 115.113686202062468, -2.630937323314981 ], [ 115.11369065728752, -2.630936096730011 ], [ 115.113761660265027, -2.630919522707472 ], [ 115.11376956727247, -2.630917677459991 ], [ 115.113841063142445, -2.630900988437475 ], [ 115.113852978072487, -2.630898207085011 ], [ 115.113920464224975, -2.630882455064977 ], [ 115.113936391572452, -2.630878736704972 ], [ 115.113999863510003, -2.630863920777472 ], [ 115.114018088037483, -2.630859666992478 ], [ 115.114085932185048, -2.630843221967496 ], [ 115.114099392377511, -2.63083947001752 ], [ 115.114172383607524, -2.63081912114751 ], [ 115.114181742957498, -2.630816512227511 ], [ 115.114252130120008, -2.630796890910005 ], [ 115.114264098035051, -2.630793554440004 ], [ 115.114331877530049, -2.630774660667498 ], [ 115.114346445914975, -2.630770598439995 ], [ 115.114411623147475, -2.630752427699974 ], [ 115.11442879469746, -2.630747641529979 ], [ 115.114487202254963, -2.630731359362528 ], [ 115.114513386830026, -2.630724667225024 ], [ 115.11456288041245, -2.630712586082495 ], [ 115.114601629970025, -2.630703127130005 ], [ 115.114642825152487, -2.630693070582481 ], [ 115.114687780069971, -2.630682097442502 ], [ 115.114722768992465, -2.630673555980025 ], [ 115.114773934669984, -2.630661065944992 ], [ 115.114804021547457, -2.630653721455019 ], [ 115.114859986457532, -2.630639645467511 ], [ 115.114865414745054, -2.630638281107508 ], [ 115.114925508215038, -2.630623167012516 ], [ 115.114953975485037, -2.630616007232504 ], [ 115.114967052860038, -2.630613311720026 ], [ 115.11502025623497, -2.630607825250024 ], [ 115.115035684072495, -2.630606233747528 ], [ 115.115092655382455, -2.630600356042521 ], [ 115.115109405144949, -2.630598629105009 ], [ 115.115165055432499, -2.630592888640024 ], [ 115.11518312262001, -2.630591025357489 ], [ 115.115236548122539, -2.630585512990024 ], [ 115.11525686062248, -2.630583526525015 ], [ 115.115306891884984, -2.630578633817493 ], [ 115.115345031324978, -2.630574904862499 ], [ 115.115378210550034, -2.630574584522492 ], [ 115.115436518985007, -2.630574021134976 ], [ 115.115460567427476, -2.630573788200024 ], [ 115.115513602307487, -2.630569746394997 ], [ 115.115543773325044, -2.630567446662496 ], [ 115.115590690732461, -2.630563870282515 ], [ 115.115616008597499, -2.630561940237499 ], [ 115.115667777362546, -2.630557995064976 ], [ 115.115719011085048, -2.630554089764985 ], [ 115.11575426454749, -2.630545423884996 ], [ 115.115807459990037, -2.630535050950016 ], [ 115.115817611429975, -2.630533071650007 ], [ 115.115839610532475, -2.630533591525023 ], [ 115.115854012717477, -2.630535427259986 ], [ 115.115879794797479, -2.630538713467502 ], [ 115.115942252519972, -2.630546674125014 ], [ 115.115948409474981, -2.630547459294974 ], [ 115.116007249887502, -2.630553101457508 ], [ 115.11603074613754, -2.630555355187482 ], [ 115.116058259117494, -2.630557994787523 ], [ 115.116119249042526, -2.630563843657512 ], [ 115.116126633422482, -2.630564552927524 ], [ 115.11619497691504, -2.630549711699985 ], [ 115.116232598199986, -2.630538976017476 ], [ 115.116245599027479, -2.630541156845027 ], [ 115.116256073377485, -2.630543889027479 ], [ 115.116313354239992, -2.630558831445001 ], [ 115.116332867592519, -2.630563921095018 ], [ 115.116409654622544, -2.630583951337485 ], [ 115.11645258112253, -2.630595149279998 ], [ 115.11648616790751, -2.630594672197503 ], [ 115.116562332965032, -2.630593591517481 ], [ 115.116571128434998, -2.630593466522498 ], [ 115.116640057149993, -2.630592488784998 ], [ 115.116677219357484, -2.630592290197512 ], [ 115.116728324447536, -2.630581252155025 ], [ 115.116763886645003, -2.630573571407524 ], [ 115.11679497602745, -2.630572247789985 ], [ 115.116807872165055, -2.630571698605024 ], [ 115.116815052169954, -2.630571393024979 ], [ 115.116845884385043, -2.630570080767484 ], [ 115.11688748098004, -2.630571163857496 ], [ 115.116901918064968, -2.630573118087511 ], [ 115.116917806049969, -2.630575268024984 ], [ 115.116958655479948, -2.630584734832496 ], [ 115.116988990549999, -2.630591764174994 ], [ 115.117044026007534, -2.630604518560006 ], [ 115.117076017614977, -2.630606529267482 ], [ 115.117123518640028, -2.630609514750006 ], [ 115.117162781720026, -2.630611984080019 ], [ 115.117204323942474, -2.630614554522481 ], [ 115.117238756292522, -2.630610236657503 ], [ 115.117293252900026, -2.630603402039981 ], [ 115.117314763227455, -2.630600703924983 ], [ 115.117340473282525, -2.630597479592495 ], [ 115.117388674010044, -2.630595557102481 ], [ 115.117390832759952, -2.630595596544993 ], [ 115.117426761032448, -2.630596228852482 ], [ 115.117431843902523, -2.630597967245023 ], [ 115.117467183144981, -2.630610054254987 ], [ 115.117529938972552, -2.630631519860003 ], [ 115.117543632239972, -2.630631838122497 ], [ 115.117617951720035, -2.63063356309749 ], [ 115.117667753902538, -2.630633973207523 ], [ 115.117694630522465, -2.630630489317525 ], [ 115.117740071492449, -2.630624595802487 ], [ 115.117772847554988, -2.630620345035027 ], [ 115.117814738070024, -2.630614911805026 ], [ 115.11785083608504, -2.630604888089977 ], [ 115.117897767730028, -2.63059185617999 ], [ 115.117928555072467, -2.630583306427525 ], [ 115.117963877715056, -2.630573497642501 ], [ 115.118006250557528, -2.630561208412473 ], [ 115.118041601737445, -2.630550955692513 ], [ 115.118069858397462, -2.630542760169988 ], [ 115.11809942567254, -2.630531776202474 ], [ 115.118134095237451, -2.630522174390023 ], [ 115.118136810837541, -2.630521422577488 ], [ 115.118155895602513, -2.630516137399979 ], [ 115.118198454797493, -2.630512088629985 ], [ 115.118214544327543, -2.630510557764978 ], [ 115.118295736559958, -2.630502834037486 ], [ 115.11829812948497, -2.630502606185019 ], [ 115.11837527474745, -2.630486477887473 ], [ 115.118382515914959, -2.630484963442484 ], [ 115.118446187990003, -2.630471651259995 ], [ 115.118454767479989, -2.630469857632477 ], [ 115.118532983045043, -2.630453505795003 ], [ 115.118537855217483, -2.630451848505004 ], [ 115.118608131507472, -2.630429470635022 ], [ 115.118613905779966, -2.630427632062492 ], [ 115.118672085692538, -2.630409106827528 ], [ 115.118674745689987, -2.630408259082515 ], [ 115.118737720255012, -2.630388206645023 ], [ 115.118741338490054, -2.630386916377518 ], [ 115.118760066589971, -2.630380239952501 ], [ 115.11882214514003, -2.630358108244991 ], [ 115.118870849174982, -2.630340745027524 ], [ 115.118872291627554, -2.630339979527491 ], [ 115.118906628784998, -2.630315801099982 ], [ 115.118940181072503, -2.630292173960015 ], [ 115.118967693819968, -2.630272800175021 ], [ 115.118988049132554, -2.630258465627492 ], [ 115.119027936390012, -2.630227839450015 ], [ 115.119033162752544, -2.630223827192481 ], [ 115.119039847034969, -2.63022132719999 ], [ 115.119087328847513, -2.630203565160002 ], [ 115.119095995165026, -2.630201431667501 ], [ 115.119140369227466, -2.630190506272527 ], [ 115.119147574817475, -2.630188732255021 ], [ 115.11920375728505, -2.630170522242508 ], [ 115.119250461012484, -2.630155384880027 ], [ 115.119278476199952, -2.630143325204983 ], [ 115.119348475482525, -2.630113194037506 ], [ 115.119350821025023, -2.630112184860025 ], [ 115.119380877657477, -2.63009924575249 ], [ 115.119423165852481, -2.630081042699999 ], [ 115.119456253607495, -2.630066800675024 ], [ 115.119492198429953, -2.63004440054749 ], [ 115.119494945139991, -2.630042689397499 ], [ 115.119538485707494, -2.630015559932474 ], [ 115.119554294587488, -2.630005708854981 ], [ 115.119584566445042, -2.629985944079976 ], [ 115.119622939424971, -2.629962604517516 ], [ 115.119624774422505, -2.629961488772494 ], [ 115.119662511134948, -2.629938537967519 ], [ 115.119697399039978, -2.629919430314999 ], [ 115.119726741954992, -2.629903359687489 ], [ 115.119773015895021, -2.629878015669988 ], [ 115.119821522410007, -2.62985144799751 ], [ 115.119846661827523, -2.6298336168025 ], [ 115.119899826334972, -2.629795909810014 ], [ 115.119916786662543, -2.629783880384991 ], [ 115.119936606565034, -2.629769823499998 ], [ 115.119956676959987, -2.629759012252521 ], [ 115.119987862379958, -2.629742212887493 ], [ 115.120062975050018, -2.629700037897521 ], [ 115.12006725041249, -2.629697637327524 ], [ 115.120122940882538, -2.629630297292522 ], [ 115.120130600957509, -2.629621035169976 ], [ 115.120144159050028, -2.629611356994985 ], [ 115.120176298879983, -2.629593064382505 ], [ 115.120197468962488, -2.629581015102474 ], [ 115.120235252947509, -2.629559510190006 ], [ 115.120274502152483, -2.629535244182478 ], [ 115.120289985122554, -2.629525672 ], [ 115.120334425315036, -2.629498196619977 ], [ 115.120350852527508, -2.629488520072528 ], [ 115.120428081305022, -2.629443027027492 ], [ 115.120450428217509, -2.629429863707514 ], [ 115.120494854640015, -2.629385755994974 ], [ 115.120551492835034, -2.629328577215006 ], [ 115.12056658326253, -2.629313343985018 ], [ 115.120592478007552, -2.629280445005008 ], [ 115.120610137597509, -2.629274592472484 ], [ 115.120611891400017, -2.629273657447527 ], [ 115.120684291469956, -2.629235014697485 ], [ 115.120747914410003, -2.629201055197484 ], [ 115.120755794227534, -2.62919515440251 ], [ 115.120820799572471, -2.629146478022506 ], [ 115.120845596605022, -2.629127910230011 ], [ 115.120879225829981, -2.629088887777527 ], [ 115.120892868650003, -2.629073056467519 ], [ 115.120941981610031, -2.629037163454996 ], [ 115.120965759040018, -2.629019786787524 ], [ 115.121003713559958, -2.628984046880021 ], [ 115.121049596092462, -2.628940841027486 ], [ 115.121071166067509, -2.628916911717511 ], [ 115.121087691407524, -2.628890920372498 ], [ 115.12110638606498, -2.628861514339974 ], [ 115.121108573682477, -2.628859088000013 ], [ 115.121121408257522, -2.628848612084994 ], [ 115.121142584357472, -2.628831328224976 ], [ 115.121153036927467, -2.628822795500014 ], [ 115.12119309991499, -2.628793654182516 ], [ 115.121208495392466, -2.628782455144972 ], [ 115.12124388141001, -2.628756715675024 ], [ 115.121274951399982, -2.628734114567521 ], [ 115.121332926567447, -2.628691943335014 ], [ 115.121339662935043, -2.628684075014974 ], [ 115.121392440589943, -2.628622425242497 ], [ 115.121404361407485, -2.628608501034989 ], [ 115.121443694247546, -2.628562557194982 ], [ 115.12144627847249, -2.628559467749994 ], [ 115.121498287629947, -2.628496436955004 ], [ 115.121498977610031, -2.628495602494979 ], [ 115.121546113632462, -2.628438477955001 ], [ 115.121555997749965, -2.628427069832526 ], [ 115.121587172254976, -2.628391089047511 ], [ 115.121614323402468, -2.628359750797472 ], [ 115.121632400145018, -2.628338887830012 ], [ 115.12167240482745, -2.628292200809994 ], [ 115.121672979477466, -2.628291529839998 ], [ 115.121714367635036, -2.628243229057489 ], [ 115.121730177374957, -2.628224364609991 ], [ 115.121748782102486, -2.628202165992491 ], [ 115.121757115725018, -2.628192220365008 ], [ 115.121773417835016, -2.628183815832472 ], [ 115.121796405260056, -2.628164397097521 ], [ 115.121849225739993, -2.628119776607491 ], [ 115.121863085352516, -2.628108068862502 ], [ 115.121894917952545, -2.628080541750023 ], [ 115.121920747870035, -2.628055479517514 ], [ 115.121940955464993, -2.628035870304984 ], [ 115.121978301964987, -2.627999631177488 ], [ 115.121998728365043, -2.62797980889502 ], [ 115.122030181984996, -2.627938743142522 ], [ 115.122047106974946, -2.627916645957498 ], [ 115.122074542637506, -2.627880821347503 ], [ 115.122079119447449, -2.627875247387522 ], [ 115.12212004593755, -2.627825398745017 ], [ 115.122129907569956, -2.627813385649972 ], [ 115.12214798602497, -2.627791366160011 ] ] ] } },
{ "type": "Feature", "properties": { "source_feature_id": 4, "nama_objek": "Jaringan Irigasi Primer", "orde_01": 45010000, "orde_02": 25011000, "orde_03": 25011100, "orde_04": 25011100, "jenis_sistem": 45000000, "status_jaringan": 2, "provinsi": "Provinsi Kalimantan Selatan", "kabupaten": "Kabupaten Hulu Sungai Selatan", "keterangan": "Jaringan Irigasi yang melalui D.I. Telaga Langsat", "sumber_data": "Balai Wilayah Sungai Kalimantan II Kementerian PUPR, 2019", "source_shape_length": 0.011629723682776956, "source_layer": "_6306_50KB_LN_SR_SDA_KABUPATEN_HULUSUNGAISELATAN_2024", "source_dataset": "_6306_50KB_RTRW_KABUPATEN_HULUSUNGAISELATAN_2025.gdb.zip" }, "geometry": { "type": "MultiLineString", "coordinates": [ [ [ 115.322199230672481, -2.755769673605016 ], [ 115.322246827774961, -2.755602351057519 ], [ 115.322180203617449, -2.754517316659985 ], [ 115.321970811107462, -2.753689263022522 ], [ 115.321599613590024, -2.753146746127527 ], [ 115.321038062132516, -2.752380560900008 ], [ 115.320600240554995, -2.752066471827504 ], [ 115.319781706844992, -2.75163341020999 ], [ 115.318991724559964, -2.751062338015004 ], [ 115.318216020325053, -2.750438919524981 ], [ 115.317887655990035, -2.750139107239988 ], [ 115.317606879347522, -2.749687010759999 ], [ 115.317368932152476, -2.749368163207521 ], [ 115.317273754262487, -2.749182565074989 ], [ 115.317197611734969, -2.749025520679993 ], [ 115.316983460660026, -2.74873998405252 ], [ 115.316559916682536, -2.748402101729994 ], [ 115.316269622039954, -2.748183191459987 ], [ 115.315860354737538, -2.747850067089985 ], [ 115.315555783700006, -2.747507424864978 ], [ 115.315284525064953, -2.747188575487485 ], [ 115.31525597131747, -2.747150505700006 ] ] ] } },
{ "type": "Feature", "properties": { "source_feature_id": 5, "nama_objek": "Jaringan Pengendalian Banjir", "orde_01": 45010000, "orde_02": 45012000, "orde_03": 25012100, "orde_04": 25012100, "jenis_sistem": 45000000, "status_jaringan": 2, "provinsi": "Provinsi Kalimantan Selatan", "kabupaten": "Kabupaten Hulu Sungai Selatan", "keterangan": "Tidak Ada", "sumber_data": "Dinas PUPR Kabupaten Hulu Sungai Selatan, 2023", "source_shape_length": 0.0039531630529442323, "source_layer": "_6306_50KB_LN_SR_SDA_KABUPATEN_HULUSUNGAISELATAN_2024", "source_dataset": "_6306_50KB_RTRW_KABUPATEN_HULUSUNGAISELATAN_2025.gdb.zip" }, "geometry": { "type": "MultiLineString", "coordinates": [ [ [ 115.165284229007511, -2.603662596450022 ], [ 115.165274023784946, -2.603668218594976 ], [ 115.165264788794957, -2.603674415452474 ], [ 115.165208458155007, -2.603712210134972 ], [ 115.165195694172553, -2.603721437387492 ], [ 115.165175115727493, -2.603736311982516 ], [ 115.165168981279976, -2.603743172940028 ] ], [ [ 115.160989102497524, -2.609001174447485 ], [ 115.160980454085006, -2.609007370002473 ], [ 115.160912833360044, -2.609055809590018 ], [ 115.160908308689955, -2.609059050990027 ], [ 115.160844050814944, -2.609105575802516 ], [ 115.160778399129981, -2.609147252707487 ], [ 115.160714214387554, -2.609187999487517 ], [ 115.160650027842507, -2.60922874716249 ], [ 115.160585844889965, -2.609269493932516 ], [ 115.160522465610029, -2.609309730074983 ], [ 115.160452706232491, -2.609357263129993 ], [ 115.160382157527465, -2.609405333945006 ], [ 115.160311610617555, -2.609453404757517 ], [ 115.160241061902525, -2.609501476462526 ], [ 115.160169381849983, -2.609550317814978 ], [ 115.160094747647463, -2.6095926921775 ], [ 115.160021303979988, -2.609634390099984 ], [ 115.159947860312514, -2.609676088920025 ], [ 115.159874415739978, -2.609717786825001 ], [ 115.159800973865003, -2.609759484724975 ], [ 115.159733188632458, -2.609797970022498 ], [ 115.159670464845021, -2.609847435767506 ], [ 115.15960260648751, -2.609900951297504 ], [ 115.15954794370748, -2.609944059394991 ], [ 115.159536078622523, -2.609955856795011 ], [ 115.159475051362506, -2.610016534937472 ], [ 115.159413376682551, -2.61007785684501 ], [ 115.159351340812464, -2.610134667842487 ], [ 115.159289982884957, -2.610190860425007 ], [ 115.159228623157446, -2.610247052995021 ], [ 115.159167266122495, -2.610303243757528 ], [ 115.159107402745008, -2.610358065875005 ], [ 115.159051444382499, -2.610414073772517 ], [ 115.158994056102529, -2.610471512787512 ], [ 115.158936666020054, -2.610528952697507 ], [ 115.158879275929962, -2.610586392602499 ], [ 115.158821885834982, -2.610643832497487 ], [ 115.158764494835054, -2.610701273292477 ], [ 115.158707105630015, -2.610758714082522 ], [ 115.158645237587507, -2.610820634224979 ], [ 115.158574328427449, -2.610876583884988 ], [ 115.158508428717482, -2.610928577610025 ], [ 115.158442529897457, -2.610980573140012 ], [ 115.158379022832492, -2.611030680507497 ], [ 115.158376630177486, -2.611032567757491 ], [ 115.158310729549953, -2.611084565077476 ], [ 115.158244830720037, -2.611136558775002 ], [ 115.158216568942521, -2.611158858292526 ], [ 115.158195132922515, -2.611202479992528 ], [ 115.158170813675042, -2.611258234202523 ], [ 115.158113657059971, -2.61138927710499 ], [ 115.158105174572484, -2.611418921089978 ] ] ] } },
{ "type": "Feature", "properties": { "source_feature_id": 6, "nama_objek": "Jaringan Irigasi Primer", "orde_01": 45010000, "orde_02": 25011000, "orde_03": 25011100, "orde_04": 25011100, "jenis_sistem": 45000000, "status_jaringan": 2, "provinsi": "Provinsi Kalimantan Selatan", "kabupaten": "Kabupaten Hulu Sungai Selatan", "keterangan": "Jaringan Irigasi yang melalui D.I.R. Rawa Angkinang", "sumber_data": "Bidang Sumber Daya Air Dinas PUPR Provinsi Kalimantan Selatan, 2022", "source_shape_length": 0.037873044005659787, "source_layer": "_6306_50KB_LN_SR_SDA_KABUPATEN_HULUSUNGAISELATAN_2024", "source_dataset": "_6306_50KB_RTRW_KABUPATEN_HULUSUNGAISELATAN_2025.gdb.zip" }, "geometry": { "type": "MultiLineString", "coordinates": [ [ [ 115.227151806990037, -2.716822206400025 ], [ 115.227160543264972, -2.716810437465028 ], [ 115.227199433787519, -2.71679820571751 ], [ 115.227244663175043, -2.716750791570007 ], [ 115.227299126097478, -2.716691620064978 ], [ 115.227345040647492, -2.716644243995006 ], [ 115.227392367047514, -2.716608558689984 ], [ 115.227429624745014, -2.716572751822525 ], [ 115.227448891489985, -2.716560788622473 ], [ 115.22749773581495, -2.716536815935001 ], [ 115.227546689024962, -2.716512790957495 ], [ 115.227585484407541, -2.716488714825005 ], [ 115.227665478917515, -2.716464571039978 ], [ 115.227734253580024, -2.716428050134994 ], [ 115.227775417650037, -2.716427973387511 ], [ 115.227824858940039, -2.716403475269999 ], [ 115.227915676604994, -2.716378842832512 ], [ 115.228005868962555, -2.716342102999988 ], [ 115.228025669342514, -2.716329873807524 ], [ 115.228085202795, -2.716293102327484 ], [ 115.22814574277254, -2.716268480387498 ], [ 115.228197590844957, -2.716268379582516 ], [ 115.228278361287494, -2.716231359972483 ], [ 115.22837049573252, -2.716206534102525 ], [ 115.228421192807446, -2.716181732152506 ], [ 115.228431606125014, -2.716181712235027 ], [ 115.228482430070017, -2.716156855304973 ], [ 115.228554243502458, -2.716131899994991 ], [ 115.228637739804981, -2.716131733680015 ], [ 115.228658614105029, -2.716131693005025 ], [ 115.228762064155035, -2.716106615199976 ], [ 115.228866568757553, -2.716106405675021 ], [ 115.228939725490022, -2.716106260272511 ], [ 115.229054695579975, -2.716106030882486 ], [ 115.229096506237511, -2.716105947799974 ], [ 115.229148769787457, -2.716105843039998 ], [ 115.229232396507541, -2.716105676872473 ], [ 115.229295119247467, -2.716105550439977 ], [ 115.229347391797546, -2.716105445685002 ], [ 115.229378873522478, -2.716117828219978 ], [ 115.22945217212748, -2.716142531655009 ], [ 115.229535766295044, -2.716179539389998 ], [ 115.229546210175045, -2.716191880082476 ], [ 115.22968140906255, -2.716240931042478 ], [ 115.22979504637749, -2.716314274419972 ], [ 115.229897781532486, -2.71637505578002 ], [ 115.230714734702474, -2.716547397069974 ], [ 115.232140518915003, -2.717521563060018 ], [ 115.233176592972541, -2.718509769622472 ], [ 115.23317943067002, -2.718512477595027 ] ], [ [ 115.23317943067002, -2.718512477595027 ], [ 115.23384263673745, -2.718919545472488 ], [ 115.234556844874987, -2.719197135614991 ], [ 115.235230371755051, -2.71916822756998 ], [ 115.236030893084944, -2.719264452059974 ], [ 115.236049979809991, -2.719264406855018 ], [ 115.2388653103975, -2.719198338662522 ], [ 115.23944420521002, -2.719206907540013 ], [ 115.239643841387533, -2.71914014767998 ], [ 115.240012391170012, -2.719134698007508 ], [ 115.24031557147498, -2.719138518982504 ], [ 115.240742320105028, -2.719149981290002 ], [ 115.241146690927508, -2.719242085434985 ], [ 115.241660373917512, -2.719315426539993 ], [ 115.242209706200015, -2.719357193227495 ], [ 115.24247801273998, -2.719275362172482 ], [ 115.242960345174993, -2.719245082840018 ], [ 115.243284515662481, -2.71917674204002 ], [ 115.243588757845032, -2.719091535097505 ], [ 115.243920369885018, -2.718983904732511 ], [ 115.244271026722458, -2.718905277192505 ], [ 115.244519990999947, -2.718938634050005 ], [ 115.244571753839978, -2.718970513445015 ] ], [ [ 115.244571753839978, -2.718970513445015 ], [ 115.24471898052002, -2.719061187064995 ], [ 115.244979375867501, -2.719078644237527 ], [ 115.245249522654944, -2.719002878325 ], [ 115.245496100479954, -2.719003250412527 ], [ 115.245697064405022, -2.719093215754981 ], [ 115.246052739527499, -2.71915764580001 ], [ 115.246471223052481, -2.719145167520026 ], [ 115.246822696714958, -2.719112672525 ], [ 115.247110995205048, -2.719069295237489 ], [ 115.247357441217446, -2.719163028032483 ], [ 115.247567775797506, -2.719269803072507 ], [ 115.247891305682515, -2.719447570680018 ], [ 115.248255098915024, -2.719499630562495 ], [ 115.249046218429953, -2.719454734752503 ], [ 115.249286339460014, -2.719473676197481 ], [ 115.250138780257544, -2.719527754765011 ], [ 115.250702001962509, -2.719512001805015 ], [ 115.251283063302481, -2.719504408632474 ], [ 115.251750795497514, -2.719394326239978 ], [ 115.252248020387469, -2.719318885550024 ], [ 115.252456435674958, -2.719284104322526 ], [ 115.252588657710021, -2.719370956622527 ], [ 115.252788190279944, -2.719582246674975 ], [ 115.252859159875015, -2.719649217644985 ], [ 115.253320388594943, -2.719675604124973 ], [ 115.253648142714951, -2.719724409845014 ], [ 115.253682871057549, -2.719724604149974 ], [ 115.254005265180012, -2.719711853305 ], [ 115.253993012990009, -2.719708542060005 ], [ 115.255039017202535, -2.719760196897482 ], [ 115.255445744102531, -2.719752087895017 ], [ 115.255693184407505, -2.719797247852512 ], [ 115.256029690407445, -2.719971433902515 ], [ 115.256307541637511, -2.720054516910011 ], [ 115.256726665697556, -2.720098695382489 ], [ 115.257260046632496, -2.720141141532508 ], [ 115.257595972487479, -2.720359652172476 ], [ 115.257880522037453, -2.720567888702476 ], [ 115.258070987692463, -2.720591437145004 ], [ 115.258729714012475, -2.720508749747523 ], [ 115.259369867844953, -2.720435527352492 ], [ 115.259935205927491, -2.720531391987492 ], [ 115.260718146849968, -2.7206606092725 ], [ 115.26121587676505, -2.720718248622518 ], [ 115.261760742562501, -2.720871503745002 ], [ 115.262051204722525, -2.720961496602513 ], [ 115.263014609557445, -2.721488811129973 ] ] ] } },
{ "type": "Feature", "properties": { "source_feature_id": 7, "nama_objek": "Jaringan Irigasi Primer", "orde_01": 45010000, "orde_02": 25011000, "orde_03": 25011100, "orde_04": 25011100, "jenis_sistem": 45000000, "status_jaringan": 2, "provinsi": "Provinsi Kalimantan Selatan", "kabupaten": "Kabupaten Hulu Sungai Selatan", "keterangan": "Jaringan Irigasi yang melalui D.I. Telaga Langsat", "sumber_data": "Balai Wilayah Sungai Kalimantan II Kementerian PUPR, 2019", "source_shape_length": 0.04382228310906084, "source_layer": "_6306_50KB_LN_SR_SDA_KABUPATEN_HULUSUNGAISELATAN_2024", "source_dataset": "_6306_50KB_RTRW_KABUPATEN_HULUSUNGAISELATAN_2025.gdb.zip" }, "geometry": { "type": "MultiLineString", "coordinates": [ [ [ 115.338192538132489, -2.730337197364975 ], [ 115.338185286989983, -2.730332621329978 ], [ 115.337866850532464, -2.730131614792526 ], [ 115.337628904507483, -2.730017400972486 ], [ 115.33712445841752, -2.729708069385026 ], [ 115.336602088375002, -2.72943744702502 ], [ 115.336349865847524, -2.72934702693999 ], [ 115.336079424295008, -2.729345523994994 ], [ 115.335514338520056, -2.729191330310016 ], [ 115.334768855642551, -2.729030531552496 ], [ 115.334169167587447, -2.728841946517491 ], [ 115.333398222320056, -2.728694420679972 ], [ 115.332826000234945, -2.728577999865024 ], [ 115.332113314614958, -2.728394607585017 ], [ 115.331466100692523, -2.728247080547476 ], [ 115.330699914744969, -2.728094796050016 ], [ 115.329727999882493, -2.727892999834978 ], [ 115.329153000207498, -2.727760000264993 ], [ 115.32841087283748, -2.727557038229975 ], [ 115.328063472142503, -2.72753800262501 ], [ 115.327863596839961, -2.727595109160006 ], [ 115.327730347094985, -2.727671253432504 ], [ 115.327440052564953, -2.727890162792505 ], [ 115.326888267767458, -2.728436719339982 ], [ 115.326442643764949, -2.728823788935017 ], [ 115.326260736414952, -2.728970578450003 ], [ 115.326050318487546, -2.729028919507527 ], [ 115.325644110547501, -2.729062548969978 ], [ 115.325069718932468, -2.729076447420027 ], [ 115.324139179189956, -2.729107303777482 ], [ 115.323290172417501, -2.729160198057514 ], [ 115.322253453025041, -2.729142935192499 ], [ 115.321857407197513, -2.729060337799979 ], [ 115.320441517732547, -2.728592533154995 ], [ 115.319445536050011, -2.728217792187479 ], [ 115.318538964250024, -2.727874402567522 ], [ 115.31804115702505, -2.727759378034989 ], [ 115.317104954492493, -2.727627622077478 ], [ 115.315807338300033, -2.727380199257482 ], [ 115.315170064837503, -2.727231478912472 ], [ 115.314975421179952, -2.727047195084992 ], [ 115.314493579592522, -2.726767607805016 ], [ 115.314190198992492, -2.72657725032002 ], [ 115.313879502842497, -2.726401678972479 ], [ 115.313537635009993, -2.726172810220021 ], [ 115.312608527927523, -2.725611928710009 ], [ 115.311574246049986, -2.724956780177479 ], [ 115.31054516682002, -2.724255412820014 ], [ 115.309866695502478, -2.723892994577511 ], [ 115.309239718430035, -2.723543308354976 ], [ 115.308860112430011, -2.723163428625014 ], [ 115.308215151525019, -2.722371408900017 ], [ 115.307533342647503, -2.72167501573 ], [ 115.307168844127546, -2.721279574307516 ], [ 115.307017460575025, -2.721136468057523 ], [ 115.306965176125004, -2.721104745060018 ], [ 115.306892378307452, -2.721127578477478 ], [ 115.306665636477533, -2.721305170697519 ], [ 115.306507075830041, -2.721374638817508 ], [ 115.305828613017525, -2.72144089860501 ], [ 115.305232499182466, -2.7216133015325 ], [ 115.304199090852535, -2.721789820902472 ], [ 115.30305975586748, -2.721966198375014 ], [ 115.30207668770754, -2.721758386897477 ], [ 115.301277630779964, -2.721602432762495 ], [ 115.299686660429984, -2.720818373290001 ], [ 115.29900294236495, -2.720340238047527 ], [ 115.298600813312532, -2.720057081642494 ], [ 115.298422353590013, -2.719914314657501 ] ] ] } },
{ "type": "Feature", "properties": { "source_feature_id": 8, "nama_objek": "Jaringan Irigasi Primer", "orde_01": 45010000, "orde_02": 25011000, "orde_03": 25011100, "orde_04": 25011100, "jenis_sistem": 45000000, "status_jaringan": 2, "provinsi": "Provinsi Kalimantan Selatan", "kabupaten": "Kabupaten Hulu Sungai Selatan", "keterangan": "Jaringan Irigasi yang melalui D.I.R. Rawa Negara", "sumber_data": "Bidang Sumber Daya Air Dinas PUPR Provinsi Kalimantan Selatan, 2022", "source_shape_length": 0.10728517951697136, "source_layer": "_6306_50KB_LN_SR_SDA_KABUPATEN_HULUSUNGAISELATAN_2024", "source_dataset": "_6306_50KB_RTRW_KABUPATEN_HULUSUNGAISELATAN_2025.gdb.zip" }, "geometry": { "type": "MultiLineString", "coordinates": [ [ [ 115.218257041102447, -2.742579877457501 ], [ 115.208695935977516, -2.750282407732527 ], [ 115.207065109505038, -2.751824490902493 ] ], [ [ 115.207065109505038, -2.751824490902493 ], [ 115.207040204265013, -2.751848041962489 ], [ 115.206202385867527, -2.754528112680021 ], [ 115.205331502587455, -2.756655350719996 ], [ 115.204581972664982, -2.758354285852477 ], [ 115.204496311927528, -2.759389351487528 ], [ 115.204160593772485, -2.760217574652472 ], [ 115.203326017952463, -2.761424538582503 ], [ 115.19979211847749, -2.763922224937517 ], [ 115.197186607185017, -2.765585467117489 ], [ 115.195344904952549, -2.766492042697507 ], [ 115.19518738911745, -2.766812399229991 ], [ 115.194792477464944, -2.767059226982497 ], [ 115.194345484360042, -2.767448148880021 ], [ 115.194028404157507, -2.767902269332524 ], [ 115.193278048295042, -2.769512385867472 ], [ 115.192771972892501, -2.770320859757476 ] ], [ [ 115.192771972892501, -2.770320859757476 ], [ 115.192683953022538, -2.770461474527508 ], [ 115.192683071574947, -2.770571856997492 ] ], [ [ 115.192683071574947, -2.770571856997492 ], [ 115.192681576327459, -2.770759038160008 ], [ 115.192670443332531, -2.771061373697478 ], [ 115.192537298832463, -2.771264795937498 ], [ 115.192184272425038, -2.771683355670007 ], [ 115.191743406959972, -2.772118318257526 ], [ 115.191534657384977, -2.772222446837475 ], [ 115.190829360787461, -2.772527138502483 ], [ 115.190396935039985, -2.772936178900011 ], [ 115.190107978240007, -2.773185907635025 ], [ 115.189215704117487, -2.773439474680004 ], [ 115.188959928255031, -2.773462341422487 ], [ 115.188690313192524, -2.773509070950013 ], [ 115.188393649254976, -2.773674958837489 ], [ 115.188121796487508, -2.77398416066751 ], [ 115.187787885574949, -2.77407558868498 ], [ 115.187584867307464, -2.774064778547483 ], [ 115.187250403972484, -2.774110358814994 ], [ 115.187174884610045, -2.774120650484974 ], [ 115.186547360049985, -2.774070467775005 ], [ 115.185757758302543, -2.773619871060021 ], [ 115.185135819230027, -2.773197379222495 ], [ 115.184862928292546, -2.773095113150021 ], [ 115.184302124634996, -2.772917540715014 ], [ 115.183970064319965, -2.772980647440022 ], [ 115.183743569975036, -2.773105683827509 ], [ 115.182940671009987, -2.773587525585015 ], [ 115.182666490430051, -2.773770665902475 ], [ 115.182338676457448, -2.77394855094002 ], [ 115.182077642739955, -2.774131900297505 ], [ 115.181916694857478, -2.774188692 ], [ 115.181802963489986, -2.774214594972477 ], [ 115.181433225007481, -2.774468699447482 ], [ 115.181156623919946, -2.774686729612483 ], [ 115.180975701552484, -2.774895774617505 ], [ 115.180862223532472, -2.775035309904979 ], [ 115.180849763032484, -2.775191883779996 ], [ 115.180847873799962, -2.775204734817521 ] ], [ [ 115.180847873799962, -2.775204734817521 ], [ 115.180835009974999, -2.775292208655003 ], [ 115.180893013109994, -2.775566008557519 ], [ 115.180913832442457, -2.775881493102474 ], [ 115.180911454012517, -2.775860239472479 ], [ 115.180935856174983, -2.776108001905015 ], [ 115.180947763307472, -2.776226806640011 ], [ 115.180936922394949, -2.776233418047525 ] ], [ [ 115.180936922394949, -2.776233418047525 ], [ 115.180781487949957, -2.776328203762489 ], [ 115.180563252552474, -2.776466192430007 ], [ 115.180230376772556, -2.77675262299249 ], [ 115.179734671662459, -2.777450876397495 ], [ 115.179545954694959, -2.778289057700022 ], [ 115.17940295311746, -2.778925532037476 ], [ 115.179285193692522, -2.779331478214999 ], [ 115.17906045124505, -2.779769208410016 ], [ 115.178741532020013, -2.780326176272524 ], [ 115.178404264814958, -2.780684292994977 ], [ 115.178339716675055, -2.780763561747506 ] ], [ [ 115.178339716675055, -2.780763561747506 ], [ 115.177722777474969, -2.781521199072472 ], [ 115.177288018982495, -2.782254334814979 ], [ 115.176853762912515, -2.782981906957502 ], [ 115.176018629529949, -2.784424256722502 ], [ 115.175628071429969, -2.785035615062498 ], [ 115.175473319465027, -2.785524310519975 ], [ 115.175094554007501, -2.785855683745012 ], [ 115.174569399457482, -2.786507302964992 ] ], [ [ 115.174569399457482, -2.786507302964992 ], [ 115.174465371277506, -2.786636381697519 ], [ 115.174098900035005, -2.787171366040013 ], [ 115.173823603219944, -2.787600153377525 ], [ 115.173540177827476, -2.788171619284981 ], [ 115.173316362132482, -2.7887379296875 ], [ 115.17320544458255, -2.789062530360013 ], [ 115.173219930147525, -2.789381196802481 ], [ 115.173308390635043, -2.78958474571499 ], [ 115.173451498532472, -2.789773600882484 ], [ 115.173465734930005, -2.790063737009973 ] ], [ [ 115.173465734930005, -2.790063737009973 ], [ 115.173469459452463, -2.790139646412513 ], [ 115.173389562722491, -2.790415495845025 ], [ 115.173091806724983, -2.791651071612478 ] ], [ [ 115.173091806724983, -2.791651071612478 ], [ 115.173070626954996, -2.791738958662506 ], [ 115.173014840140013, -2.792136557514993 ], [ 115.173018730182548, -2.79255044107498 ], [ 115.173199356992541, -2.794706423277489 ], [ 115.173200603430018, -2.795147701482506 ], [ 115.173373682079955, -2.796912612527478 ], [ 115.173410383452506, -2.79728686543001 ], [ 115.173388522682444, -2.797580921064991 ], [ 115.17330071238996, -2.797964821822518 ] ], [ [ 115.17330071238996, -2.797964821822518 ], [ 115.173277610840046, -2.798065813790004 ] ], [ [ 115.173277610840046, -2.798065813790004 ], [ 115.173214275489954, -2.798342708717485 ], [ 115.173063825840018, -2.799084532377492 ], [ 115.172876270205052, -2.799955294269978 ], [ 115.172700763504963, -2.801138034304984 ], [ 115.172581471304966, -2.80194194768751 ], [ 115.172185570077545, -2.804028004794986 ], [ 115.172120007600029, -2.804946473552491 ], [ 115.171941302950017, -2.806614630444983 ], [ 115.171782111405037, -2.80775793953751 ], [ 115.171532530149989, -2.808562064734986 ], [ 115.171104464127552, -2.809205736652473 ], [ 115.170640731935009, -2.809658649755022 ], [ 115.169789723617555, -2.810258337499988 ], [ 115.169723171719966, -2.810323532862526 ], [ 115.169401256119954, -2.810638887259984 ], [ 115.167342001797465, -2.812413187884999 ] ], [ [ 115.167342001797465, -2.812413187884999 ], [ 115.166820747172551, -2.812862312084974 ], [ 115.163774531717536, -2.815531999575001 ] ], [ [ 115.163774531717536, -2.815531999575001 ], [ 115.16269904982255, -2.816474546912502 ], [ 115.162269508602549, -2.816850995157495 ], [ 115.160784590842468, -2.818036927517483 ], [ 115.15856480581499, -2.819949544135 ] ] ] } },
{ "type": "Feature", "properties": { "source_feature_id": 9, "nama_objek": "Jaringan Irigasi Primer", "orde_01": 45010000, "orde_02": 25011000, "orde_03": 25011100, "orde_04": 25011100, "jenis_sistem": 45000000, "status_jaringan": 2, "provinsi": "Provinsi Kalimantan Selatan", "kabupaten": "Kabupaten Hulu Sungai Selatan", "keterangan": "Jaringan Irigasi yang melalui D.I.R. Rawa Negara", "sumber_data": "Bidang Sumber Daya Air Dinas PUPR Provinsi Kalimantan Selatan, 2022", "source_shape_length": 0.0027084842798803742, "source_layer": "_6306_50KB_LN_SR_SDA_KABUPATEN_HULUSUNGAISELATAN_2024", "source_dataset": "_6306_50KB_RTRW_KABUPATEN_HULUSUNGAISELATAN_2025.gdb.zip" }, "geometry": { "type": "MultiLineString", "coordinates": [ [ [ 115.175212772919963, -2.769756430707503 ], [ 115.175210042320032, -2.769757894079987 ], [ 115.174974424077504, -2.769884174077504 ], [ 115.174523023627444, -2.770112529745006 ], [ 115.173240265290019, -2.770705565482501 ], [ 115.172776403925013, -2.770938311660018 ] ] ] } },
{ "type": "Feature", "properties": { "source_feature_id": 10, "nama_objek": "Jaringan Irigasi Primer", "orde_01": 45010000, "orde_02": 25011000, "orde_03": 25011100, "orde_04": 25011100, "jenis_sistem": 45000000, "status_jaringan": 2, "provinsi": "Provinsi Kalimantan Selatan", "kabupaten": "Kabupaten Hulu Sungai Selatan", "keterangan": "Jaringan Irigasi yang melalui D.I.R. Rawa Negara", "sumber_data": "Bidang Sumber Daya Air Dinas PUPR Provinsi Kalimantan Selatan, 2022", "source_shape_length": 0.0094532355440945307, "source_layer": "_6306_50KB_LN_SR_SDA_KABUPATEN_HULUSUNGAISELATAN_2024", "source_dataset": "_6306_50KB_RTRW_KABUPATEN_HULUSUNGAISELATAN_2025.gdb.zip" }, "geometry": { "type": "MultiLineString", "coordinates": [ [ [ 115.158780908642484, -2.815845166982513 ], [ 115.158769098570019, -2.815843270120013 ], [ 115.158114276202468, -2.815738085047485 ], [ 115.157451221997462, -2.815652424532516 ], [ 115.157063262902511, -2.815577580709999 ], [ 115.156560015872515, -2.815498389500021 ], [ 115.156236610842484, -2.815445681705 ], [ 115.155976345249996, -2.815386408180018 ], [ 115.155516220582513, -2.815276201942481 ], [ 115.154146398942544, -2.814727424447483 ], [ 115.153095139144966, -2.814306056892519 ], [ 115.151963353872475, -2.813790759500023 ], [ 115.150477435817493, -2.813237586707487 ], [ 115.150466263394947, -2.813237992085021 ], [ 115.149839674915029, -2.812966056845028 ], [ 115.149834510275014, -2.812963815147498 ] ] ] } },
{ "type": "Feature", "properties": { "source_feature_id": 11, "nama_objek": "Jaringan Pengendalian Banjir", "orde_01": 45010000, "orde_02": 45012000, "orde_03": 25012100, "orde_04": 25012100, "jenis_sistem": 45000000, "status_jaringan": 2, "provinsi": "Provinsi Kalimantan Selatan", "kabupaten": "Kabupaten Hulu Sungai Selatan", "keterangan": "Tidak Ada", "sumber_data": "Dinas PUPR Kabupaten Hulu Sungai Selatan, 2023", "source_shape_length": 0.018909149556437559, "source_layer": "_6306_50KB_LN_SR_SDA_KABUPATEN_HULUSUNGAISELATAN_2024", "source_dataset": "_6306_50KB_RTRW_KABUPATEN_HULUSUNGAISELATAN_2025.gdb.zip" }, "geometry": { "type": "MultiLineString", "coordinates": [ [ [ 115.12214798602497, -2.627791366160011 ], [ 115.122172753597511, -2.627761197957511 ], [ 115.122180472087507, -2.627751333677509 ], [ 115.122215177372482, -2.627706976022523 ], [ 115.122229846827508, -2.627688227385022 ], [ 115.122254689592523, -2.627656475995025 ], [ 115.122277831550036, -2.627626897597509 ], [ 115.122310399105004, -2.627585273792477 ], [ 115.122324533454957, -2.627561791630001 ], [ 115.122359904064979, -2.627504209767494 ], [ 115.122369953812495, -2.6274878494375 ], [ 115.122371680747506, -2.627485037192514 ], [ 115.122374114182549, -2.627482369790016 ], [ 115.122393913989981, -2.627460664849991 ], [ 115.122428382450039, -2.627428566305014 ], [ 115.122431811107504, -2.627425373242488 ], [ 115.122483783010011, -2.627376972644981 ], [ 115.122489439212472, -2.627371705942494 ], [ 115.122537873505053, -2.627326601322522 ], [ 115.122550331667526, -2.627314687990008 ], [ 115.122597493672515, -2.627269592292521 ], [ 115.122610577622481, -2.627257080402501 ], [ 115.122655023070024, -2.627214581144983 ], [ 115.122670824472493, -2.62719947280749 ], [ 115.122712556959982, -2.627159569094999 ], [ 115.122731072217448, -2.627141864304974 ], [ 115.122785235847459, -2.627090072527494 ], [ 115.122790657307519, -2.627083648057521 ], [ 115.122843996392476, -2.627020444605023 ], [ 115.122844359382498, -2.627020014742527 ], [ 115.122889256872554, -2.626966816447521 ], [ 115.122898064150036, -2.626956381427476 ], [ 115.122934519150022, -2.62691318648001 ], [ 115.122951768012513, -2.626892749007482 ], [ 115.122975449842556, -2.626864688679973 ], [ 115.123003476307531, -2.626833592194998 ], [ 115.123021414482537, -2.626812765135014 ], [ 115.123053168362503, -2.626775898082485 ], [ 115.123071060599955, -2.626755125205023 ], [ 115.123105889440012, -2.626714686582488 ], [ 115.123120703112477, -2.626697487072477 ], [ 115.123153564834979, -2.626659334974988 ], [ 115.123159366635036, -2.626654106460023 ], [ 115.12319883128248, -2.626618552225011 ], [ 115.123219964085024, -2.626599512210021 ], [ 115.123266669272539, -2.626557433162475 ], [ 115.12328021041003, -2.626544625357496 ], [ 115.123332268017521, -2.62649538387501 ], [ 115.123339281242465, -2.626488750215003 ], [ 115.123398352072513, -2.626432874160002 ], [ 115.123413873187474, -2.626418193977486 ], [ 115.123449807834959, -2.626370596434981 ], [ 115.123480650525039, -2.626329744865018 ], [ 115.123499787677474, -2.626304397562478 ], [ 115.123532130534954, -2.626262662112481 ], [ 115.123555323305027, -2.626232732887502 ], [ 115.123581001562457, -2.626199594699983 ], [ 115.123610575574958, -2.626163558919984 ], [ 115.123633775755025, -2.626135289862475 ], [ 115.123666708729957, -2.626095160292493 ], [ 115.12368958372997, -2.626067286792477 ], [ 115.123722844575013, -2.626026759854994 ], [ 115.123741204025009, -2.626004388079991 ], [ 115.12378062275252, -2.625959814979979 ], [ 115.123788148580047, -2.625951304912519 ], [ 115.123839198290057, -2.625893579310002 ], [ 115.123839463979948, -2.625893278602518 ], [ 115.123884271284965, -2.625842612812505 ], [ 115.12390599559501, -2.625820625885012 ], [ 115.123931664179963, -2.625797570687496 ], [ 115.123972208117493, -2.625761157197473 ], [ 115.123987584057545, -2.625747347549975 ], [ 115.124030636329962, -2.625708679987497 ], [ 115.124043506632461, -2.625697120792495 ], [ 115.124089060935034, -2.625656206382473 ], [ 115.124102213942479, -2.625644393525022 ], [ 115.124146619329963, -2.625602758517516 ], [ 115.12416648640999, -2.625584132497522 ], [ 115.12420392818251, -2.625549027247473 ], [ 115.12422802439005, -2.625526435340021 ], [ 115.124250657465041, -2.625505214742475 ], [ 115.124281312427456, -2.625471432980021 ], [ 115.124298078547554, -2.625454521209974 ], [ 115.124334609397465, -2.625417673939978 ], [ 115.124357336722483, -2.625394749015015 ], [ 115.124395575790004, -2.625356176340006 ], [ 115.124416153054995, -2.625334617167482 ], [ 115.124452735559998, -2.625296287939989 ], [ 115.124474169232485, -2.625273832160019 ], [ 115.124532185399971, -2.625213048952503 ], [ 115.1245352607325, -2.625209827310016 ], [ 115.124573346205011, -2.625138583784974 ], [ 115.124577136717448, -2.625131494939978 ], [ 115.12460194005746, -2.625085098509999 ], [ 115.124613090795037, -2.625062966299993 ], [ 115.124625425590011, -2.625038487597521 ], [ 115.124648173450055, -2.624993340417518 ], [ 115.124651589797509, -2.624986335102506 ], [ 115.124676090472462, -2.624936085300021 ], [ 115.12468989727995, -2.624914526754992 ], [ 115.124700482342519, -2.624897299117492 ], [ 115.124727789524968, -2.624852857775011 ], [ 115.124728179797444, -2.624852221787478 ], [ 115.124758625550044, -2.624810385729972 ], [ 115.124772425784954, -2.624791424112516 ], [ 115.12479891534997, -2.624755025530021 ], [ 115.124817106035039, -2.624730029392481 ], [ 115.124827323092518, -2.624715989499975 ], [ 115.124864341687498, -2.624674010529986 ], [ 115.124866175415036, -2.624671929957515 ], [ 115.124916547067528, -2.624614809044999 ], [ 115.124921854609966, -2.624608788567514 ], [ 115.12495146108995, -2.624571423537475 ], [ 115.124975616629968, -2.62453373561749 ], [ 115.124989274697555, -2.624512425499972 ], [ 115.12502259839755, -2.624460432062506 ], [ 115.125037424784978, -2.624435870297475 ], [ 115.125059439469965, -2.624399401657513 ], [ 115.125093697260013, -2.624342647965022 ], [ 115.125098803432479, -2.624334189387525 ], [ 115.125140434397508, -2.624285665319974 ], [ 115.125166788585034, -2.624252005414974 ], [ 115.125191041102539, -2.624221027894976 ], [ 115.125201099022547, -2.624208182235009 ], [ 115.125215146777464, -2.624190240942482 ], [ 115.125224000270009, -2.624178932462485 ], [ 115.12526350586495, -2.624128476464989 ], [ 115.12526908299003, -2.624121352330008 ], [ 115.125306821920049, -2.624061760069992 ], [ 115.125316970890026, -2.62404573437999 ], [ 115.125349727710045, -2.62399400590499 ], [ 115.125354172627453, -2.623987017504987 ], [ 115.125388092600019, -2.623933691200023 ], [ 115.125394260802523, -2.623924519880006 ], [ 115.125418581262466, -2.623888365747518 ], [ 115.125428570232543, -2.623873515309981 ], [ 115.125442220759965, -2.623859062819974 ], [ 115.125450583262477, -2.623850209477496 ], [ 115.125487896632535, -2.623810701247521 ], [ 115.125498105627457, -2.623801456442493 ], [ 115.125529765310034, -2.623772785895028 ], [ 115.125557682260023, -2.623747505982521 ], [ 115.125586079097502, -2.623721790052514 ], [ 115.125617320837478, -2.623693617100002 ], [ 115.125651374335007, -2.623662909309985 ], [ 115.125677018667488, -2.623639785262526 ], [ 115.125730510462517, -2.623591549377522 ], [ 115.125734023029963, -2.623588148444981 ], [ 115.12578027797997, -2.623533708597506 ], [ 115.125794570412495, -2.623516887089977 ], [ 115.125835087857467, -2.623469194979975 ], [ 115.125840246207531, -2.623463125440026 ], [ 115.125889901322466, -2.623404680457497 ], [ 115.125906381572463, -2.623385281574997 ], [ 115.125938683049981, -2.623334986472514 ], [ 115.12596197954997, -2.623298710505026 ], [ 115.125984872300023, -2.623263064177479 ], [ 115.126000332704962, -2.623238989804975 ], [ 115.126016930442461, -2.623213144860017 ], [ 115.126031517422462, -2.623196563404974 ], [ 115.126066669025022, -2.623156600667528 ], [ 115.126073642672509, -2.623151163200021 ], [ 115.126109483990035, -2.623123218677506 ], [ 115.126160262645044, -2.623088556537482 ], [ 115.126178430022492, -2.623076156192496 ], [ 115.126215292204961, -2.623050992797516 ], [ 115.126248723120057, -2.623030184417473 ], [ 115.126251682194948, -2.623028343342526 ], [ 115.126312793262514, -2.622990305894973 ], [ 115.126325218594957, -2.622981064409998 ], [ 115.126363125572539, -2.622952872512485 ], [ 115.12638110641501, -2.622935312357527 ], [ 115.126384214727523, -2.622932275217522 ], [ 115.126428048039998, -2.622889466357492 ], [ 115.126432489900026, -2.622885129137501 ], [ 115.126474995064996, -2.622843615839997 ], [ 115.126499325787449, -2.622819855912496 ], [ 115.126506557204948, -2.622812793027492 ], [ 115.126518292702485, -2.622798248107472 ], [ 115.126548905170011, -2.622760303069981 ], [ 115.126557980634971, -2.622749053672521 ], [ 115.126569278349962, -2.622735050630013 ], [ 115.126590835164961, -2.622708330602507 ], [ 115.126594416282501, -2.622703573427486 ], [ 115.126628502057542, -2.622664435509989 ], [ 115.126632024564969, -2.622660393487479 ], [ 115.126677691119994, -2.622607959152504 ], [ 115.126680626395, -2.622604588992488 ], [ 115.126729230025035, -2.622548781779983 ], [ 115.12673036846752, -2.622547475077511 ], [ 115.126776972572543, -2.622492175739978 ], [ 115.126784097257541, -2.622483722890024 ], [ 115.126791624567545, -2.622474791407512 ], [ 115.126810068522445, -2.622444492272507 ], [ 115.126826345669997, -2.622417754340006 ], [ 115.126855358632497, -2.622370096372492 ], [ 115.126887499217446, -2.622317298055009 ], [ 115.126897818464954, -2.622294367899997 ], [ 115.126933367944957, -2.622215376514987 ], [ 115.126934203300038, -2.622213519584989 ], [ 115.126956571129995, -2.622163821617505 ], [ 115.126970685662513, -2.62213721877248 ], [ 115.126979680590011, -2.622120266279978 ], [ 115.127001654857509, -2.622078852255015 ], [ 115.127015559740016, -2.62206262691501 ], [ 115.127066019200015, -2.62200374898498 ], [ 115.127072331720001, -2.62199364740502 ], [ 115.127118552637512, -2.621919687807519 ], [ 115.127121630485021, -2.621914763492498 ], [ 115.127164773542518, -2.621845730012524 ], [ 115.127178378267445, -2.621823958585026 ], [ 115.12720140926001, -2.621767252929999 ], [ 115.127220875639978, -2.621719323772481 ], [ 115.127234048449964, -2.621686891752518 ], [ 115.127246514654985, -2.62165619839999 ], [ 115.127272150965041, -2.621593074832504 ], [ 115.127275149747447, -2.621585691800021 ], [ 115.127316061487477, -2.621504936150018 ], [ 115.127322263607539, -2.621488656714973 ], [ 115.127353127959964, -2.621407645424995 ], [ 115.12735784070253, -2.62139527453752 ], [ 115.127383991407555, -2.621326634130014 ], [ 115.127388747470036, -2.62131415299001 ], [ 115.127414856645032, -2.621245621929972 ], [ 115.127419652430035, -2.621233034150009 ], [ 115.127422360382525, -2.621225925565 ], [ 115.127427279830044, -2.621199707637516 ], [ 115.127436582187556, -2.6211501310475 ], [ 115.127443983102467, -2.621110692517505 ], [ 115.127445623522476, -2.621101949289994 ], [ 115.127456021077478, -2.621066240682524 ], [ 115.12746842494505, -2.621023636737505 ], [ 115.127476329074966, -2.620996491034987 ], [ 115.127493712547448, -2.620936792910015 ], [ 115.127496638864955, -2.620926742295012 ], [ 115.127516951362509, -2.620856983607496 ], [ 115.127518998339951, -2.620849951789978 ], [ 115.127532324007461, -2.620804187139981 ], [ 115.127539703060052, -2.620758881939992 ], [ 115.127541764692523, -2.620746223134972 ], [ 115.127545039930055, -2.620670801872507 ], [ 115.12754721749252, -2.620620678360012 ], [ 115.127548866262487, -2.620582723149994 ], [ 115.127550919102532, -2.620535449575016 ], [ 115.127552690790026, -2.620494643522477 ], [ 115.12755462070254, -2.620450223504974 ], [ 115.127556517114954, -2.62040656208751 ], [ 115.12755832230755, -2.620364990200017 ], [ 115.127560341624985, -2.620318488785017 ], [ 115.127562023002497, -2.620279763225028 ], [ 115.127564166140019, -2.620230409154999 ], [ 115.127566824084965, -2.620169217704984 ], [ 115.127565837247516, -2.62014232357501 ], [ 115.127563318255056, -2.620073708770008 ], [ 115.12756260362255, -2.620054230622486 ], [ 115.127560743149957, -2.620003523237472 ], [ 115.12755937178747, -2.619966140384975 ], [ 115.127558168057476, -2.619933328660011 ], [ 115.127557170817454, -2.619906172287472 ], [ 115.127551766472493, -2.619862397717498 ], [ 115.127550660919951, -2.619853674777517 ], [ 115.127540767899973, -2.619775564442477 ], [ 115.127540479077538, -2.619773280832476 ], [ 115.127530296324949, -2.619692891410011 ], [ 115.127529897294949, -2.619689743192509 ], [ 115.127520363295048, -2.619614475387493 ], [ 115.127520179232533, -2.619612485810023 ], [ 115.127513848884973, -2.619543830015004 ], [ 115.127512722442475, -2.619531616722497 ], [ 115.127506354912498, -2.619462569339987 ], [ 115.127503947169998, -2.619436465180002 ], [ 115.127501517904989, -2.619381274679995 ], [ 115.127499886182477, -2.619344228717523 ], [ 115.127497937897488, -2.61929996563498 ], [ 115.127496454929997, -2.61926628000748 ], [ 115.127494358787544, -2.619218654782514 ], [ 115.127493023670013, -2.619188334915009 ], [ 115.127490477839956, -2.619130502087501 ], [ 115.127489115812523, -2.619110427984992 ], [ 115.127484175432528, -2.619037581374982 ], [ 115.127483838437456, -2.619032619369989 ], [ 115.127478336722447, -2.618951484667491 ], [ 115.127475691890027, -2.618912477720016 ], [ 115.127479462390056, -2.618864953542527 ], [ 115.12748190244497, -2.618834198984985 ], [ 115.127483742272489, -2.618827395624976 ], [ 115.127493259622497, -2.618792222789978 ], [ 115.127500156012502, -2.618766736632494 ], [ 115.127513848440003, -2.618716134897511 ], [ 115.127518597622498, -2.61869858192 ], [ 115.127532859817507, -2.618639690172472 ], [ 115.127538757389971, -2.618615338222526 ], [ 115.12755139931005, -2.618563137135027 ], [ 115.127557091514973, -2.618539635754985 ], [ 115.127569938794977, -2.618486585000028 ], [ 115.127575426545036, -2.618463926050026 ], [ 115.127588478275015, -2.618410032860027 ], [ 115.127596798562536, -2.618375673837477 ], [ 115.12760554451495, -2.618330766727524 ], [ 115.127614658125026, -2.618285915329977 ], [ 115.127623404007522, -2.618242870024972 ], [ 115.127630311219946, -2.618208876897484 ], [ 115.127640800654945, -2.618157251277523 ], [ 115.127645965207535, -2.618131838467491 ], [ 115.127658198195036, -2.618071634337525 ], [ 115.127661619187506, -2.6180548009375 ], [ 115.127675595725009, -2.61798602010748 ], [ 115.127675915447526, -2.617984449945027 ], [ 115.127692606244977, -2.617910954927481 ], [ 115.127694896912544, -2.617900866275022 ], [ 115.127710810267445, -2.617830798922512 ], [ 115.127714234949963, -2.617815717919996 ], [ 115.127729012480017, -2.617750645624994 ], [ 115.127733572080047, -2.617730570467472 ], [ 115.127747216482476, -2.617670495944992 ], [ 115.12775290919501, -2.617645429339973 ], [ 115.127758412747539, -2.617621197957476 ], [ 115.127772049155055, -2.617581041762492 ], [ 115.12777857567005, -2.617561820435014 ], [ 115.127795898420004, -2.617510809087491 ], [ 115.127816479449962, -2.617450205150021 ], [ 115.127820716279984, -2.617441017317503 ], [ 115.127851643207464, -2.617373977239993 ], [ 115.127866250639954, -2.617342315914982 ], [ 115.127880969030002, -2.617310407899993 ], [ 115.12790406020747, -2.617262052782507 ], [ 115.127912212742444, -2.617244979627515 ], [ 115.127942291167528, -2.617181986497485 ], [ 115.127945099772546, -2.617176105994986 ], [ 115.127977988587531, -2.617107235075025 ], [ 115.127980526615033, -2.617101920212519 ], [ 115.128010876504959, -2.617038361437494 ], [ 115.128018757554969, -2.617021856630004 ], [ 115.128040204502554, -2.616976943242491 ], [ 115.128057999282532, -2.616942277417479 ], [ 115.128072242139979, -2.616914530842507 ], [ 115.128098529427461, -2.616863320435016 ], [ 115.128108052612447, -2.61684477091751 ], [ 115.128139061362504, -2.616784363449995 ], [ 115.128143863080027, -2.616775010985009 ], [ 115.12817959328504, -2.616705408267478 ], [ 115.128179675347496, -2.61670524653249 ], [ 115.128215487609964, -2.616635480267519 ], [ 115.128224965702543, -2.616617018387501 ], [ 115.128253236767478, -2.616566801977513 ], [ 115.128270070489975, -2.616536899985022 ], [ 115.128291850747473, -2.616498210885027 ], [ 115.128309935890002, -2.616465992325004 ], [ 115.128332844995043, -2.616425181785019 ], [ 115.128349759072535, -2.616395051139989 ], [ 115.128373672457542, -2.616352448114981 ], [ 115.128389579550003, -2.61632411265748 ], [ 115.128414499912537, -2.616279717152509 ], [ 115.128429401819972, -2.616253171462517 ], [ 115.128455328257473, -2.616206986187478 ], [ 115.128469221377486, -2.616182238397528 ], [ 115.128477601787495, -2.616167306782472 ], [ 115.128499489085016, -2.616138275895025 ], [ 115.128516537662449, -2.616115662294987 ], [ 115.128544357364945, -2.616078763567486 ], [ 115.128565859974969, -2.616050242990013 ], [ 115.12858922474004, -2.616019251235002 ], [ 115.128615177777533, -2.615984828194996 ], [ 115.128634088505009, -2.615959744314978 ], [ 115.128674321647509, -2.615906383725019 ], [ 115.128692095414976, -2.615885858164972 ], [ 115.128735743744983, -2.615826221012526 ], [ 115.128751031964953, -2.615805332745026 ], [ 115.128785848277516, -2.615757761030011 ], [ 115.128798458872552, -2.615740532679979 ], [ 115.128835954605051, -2.615689301044995 ], [ 115.128845888474984, -2.615675729902478 ], [ 115.12888606092497, -2.615620841052475 ], [ 115.128893316275025, -2.615610926210024 ], [ 115.128922743092517, -2.615570720392498 ], [ 115.128938367549949, -2.615554096962512 ], [ 115.128961720487496, -2.615529249404972 ], [ 115.128996689552537, -2.615492043982499 ], [ 115.129021652659958, -2.615465484417484 ], [ 115.129055011547507, -2.615429992804991 ], [ 115.129081585727477, -2.61540171851999 ], [ 115.129113331737472, -2.615367941614977 ], [ 115.129141516090044, -2.615337954419999 ], [ 115.129171652822492, -2.615305889517515 ], [ 115.12920144464249, -2.615274192117511 ], [ 115.129229973897509, -2.615243838317497 ], [ 115.129267214122478, -2.615204215657513 ], [ 115.129295397967553, -2.615171531137491 ], [ 115.129327866819949, -2.615138388262494 ], [ 115.129358752614962, -2.615106862487494 ], [ 115.129384548857502, -2.615080531114984 ], [ 115.129413399550003, -2.615051081109982 ], [ 115.129441228189989, -2.615022674859972 ], [ 115.129468046482543, -2.614995299725024 ], [ 115.12949790571497, -2.614964821307524 ], [ 115.129522694305024, -2.61493951923751 ], [ 115.129554585034953, -2.614906965945011 ], [ 115.129577341224945, -2.614883738744993 ], [ 115.129611267947553, -2.614849108772489 ], [ 115.129631988139977, -2.614827958247474 ], [ 115.129666696484946, -2.614792528292526 ], [ 115.129697283382484, -2.61476185926 ], [ 115.12973023713505, -2.614733374770026 ], [ 115.129769313669954, -2.61469959886 ], [ 115.129797396019967, -2.614675325300027 ], [ 115.129830099492551, -2.614647055634975 ], [ 115.129864554000051, -2.61461727491502 ], [ 115.129890886207477, -2.614594514215014 ], [ 115.129924231575046, -2.614565690309973 ], [ 115.129952624067528, -2.614543269972501 ], [ 115.129976291530056, -2.614524580640023 ], [ 115.130015521257519, -2.614493602627476 ], [ 115.130036086709993, -2.614477361819979 ], [ 115.130095882782484, -2.614430143902496 ], [ 115.130098194440052, -2.614428318107514 ], [ 115.13016085847255, -2.614389159352527 ], [ 115.130192097792474, -2.614369636800006 ], [ 115.130226041485002, -2.614348424674972 ], [ 115.130264440862447, -2.614324428767475 ], [ 115.130272598077454, -2.61431933027751 ], [ 115.130323993312459, -2.614292966662504 ], [ 115.130339365632494, -2.614285081287505 ], [ 115.130394761407501, -2.614256667439975 ], [ 115.130414619267526, -2.614246482089982 ], [ 115.130465525004979, -2.614220368204997 ], [ 115.130516753772554, -2.6141940902275 ], [ 115.130537516347545, -2.614186201165012 ], [ 115.130572617237476, -2.614172863882516 ], [ 115.130615456285, -2.614163583707523 ], [ 115.130625820222463, -2.614161338649978 ], [ 115.130699663837504, -2.614145342152483 ], [ 115.130707146955046, -2.614143720314985 ], [ 115.130783865095054, -2.614127101484996 ], [ 115.130788469189952, -2.614126103777494 ], [ 115.13085706563254, -2.614111244167475 ], [ 115.130869891382531, -2.614108991942487 ], [ 115.130929918172455, -2.614098448952518 ], [ 115.130951853527449, -2.614094596309997 ], [ 115.131013863402472, -2.614083705442511 ], [ 115.131033817472485, -2.614080200675005 ], [ 115.131097803239982, -2.6140689628225 ], [ 115.131153181245054, -2.614059237519996 ], [ 115.131182329822536, -2.614058125537497 ], [ 115.131236431425009, -2.614056062575003 ], [ 115.131278955574999, -2.61405907581252 ], [ 115.131287167322512, -2.614059657764983 ], [ 115.131366200212483, -2.614065259287486 ], [ 115.131369213762468, -2.614065472675009 ], [ 115.131451256615037, -2.614071286670026 ], [ 115.131453443957525, -2.614071440949999 ], [ 115.13151005412999, -2.614075452729992 ], [ 115.131540502419966, -2.614080099917487 ], [ 115.131575529819997, -2.614085444790021 ], [ 115.131627224139947, -2.614093332877474 ], [ 115.131664107817528, -2.614098961740012 ], [ 115.131713944969988, -2.614106565832515 ], [ 115.131752687622452, -2.614112477785 ], [ 115.13180067029748, -2.614119800597507 ], [ 115.131841271925055, -2.614125995642496 ], [ 115.131887392034969, -2.614133034449992 ], [ 115.131934046110018, -2.614140152722484 ], [ 115.131997001019954, -2.614148696937491 ], [ 115.132009002835048, -2.614150325324999 ], [ 115.132039824642447, -2.614158978804994 ], [ 115.13210371792502, -2.614181112289998 ], [ 115.132121832314965, -2.614187388525011 ], [ 115.132181976375023, -2.614208222447473 ], [ 115.132200825874975, -2.614214752059979 ], [ 115.132257806635039, -2.614234491649995 ], [ 115.1322797408925, -2.614242335205006 ], [ 115.132358453680013, -2.614270481377503 ], [ 115.132437162877522, -2.614298626639993 ], [ 115.132515871182477, -2.614326772804986 ], [ 115.132594579495048, -2.614354918059973 ], [ 115.132673291412516, -2.61438306332002 ], [ 115.132705107239985, -2.614394441817524 ] ] ] } },
{ "type": "Feature", "properties": { "source_feature_id": 12, "nama_objek": "Jaringan Irigasi Primer", "orde_01": 45010000, "orde_02": 25011000, "orde_03": 25011100, "orde_04": 25011100, "jenis_sistem": 45000000, "status_jaringan": 2, "provinsi": "Provinsi Kalimantan Selatan", "kabupaten": "Kabupaten Hulu Sungai Selatan", "keterangan": "Jaringan Irigasi yang melalui D.I.R. Rawa Negara", "sumber_data": "Bidang Sumber Daya Air Dinas PUPR Provinsi Kalimantan Selatan, 2022", "source_shape_length": 0.0087371517631157913, "source_layer": "_6306_50KB_LN_SR_SDA_KABUPATEN_HULUSUNGAISELATAN_2024", "source_dataset": "_6306_50KB_RTRW_KABUPATEN_HULUSUNGAISELATAN_2025.gdb.zip" }, "geometry": { "type": "MultiLineString", "coordinates": [ [ [ 115.178990155917518, -2.787976407327506 ], [ 115.178984528100045, -2.787985854339979 ], [ 115.178570271847548, -2.788681245299983 ], [ 115.178444950279982, -2.789037736962484 ], [ 115.178302063672504, -2.789503021587507 ], [ 115.178246934382514, -2.789685241960001 ], [ 115.178147824462485, -2.789947212142522 ], [ 115.178078482574961, -2.79023650357999 ], [ 115.177985004890047, -2.790564900639993 ], [ 115.177448270717491, -2.791958229295005 ], [ 115.177088172275035, -2.792134933775003 ], [ 115.176795014362483, -2.792175760299983 ], [ 115.176560819622523, -2.792152382837514 ], [ 115.17620995111497, -2.792083233765027 ], [ 115.17524509712996, -2.791954314252507 ], [ 115.175059596332517, -2.79194346766252 ], [ 115.174911377082481, -2.791971560167497 ], [ 115.174633559474955, -2.791906892252484 ], [ 115.174221860964963, -2.791842857135009 ], [ 115.173394344775033, -2.79172700557001 ], [ 115.173097292887519, -2.791652448312504 ], [ 115.173091806724983, -2.791651071612478 ] ] ] } },
{ "type": "Feature", "properties": { "source_feature_id": 13, "nama_objek": "Jaringan Irigasi Primer", "orde_01": 45010000, "orde_02": 25011000, "orde_03": 25011100, "orde_04": 25011100, "jenis_sistem": 45000000, "status_jaringan": 2, "provinsi": "Provinsi Kalimantan Selatan", "kabupaten": "Kabupaten Hulu Sungai Selatan", "keterangan": "Jaringan Irigasi yang melalui D.I.R. Rawa Angkinang", "sumber_data": "Bidang Sumber Daya Air Dinas PUPR Provinsi Kalimantan Selatan, 2022", "source_shape_length": 0.081433442483025476, "source_layer": "_6306_50KB_LN_SR_SDA_KABUPATEN_HULUSUNGAISELATAN_2024", "source_dataset": "_6306_50KB_RTRW_KABUPATEN_HULUSUNGAISELATAN_2025.gdb.zip" }, "geometry": { "type": "MultiLineString", "coordinates": [ [ [ 115.22292210585249, -2.708919418687515 ], [ 115.225467859439959, -2.709827932587473 ], [ 115.225530382292504, -2.7098517492675 ], [ 115.226884107752539, -2.710367442224992 ], [ 115.22908770873255, -2.711109564137473 ], [ 115.229904415970054, -2.711129459982487 ], [ 115.230972084697555, -2.711139009199997 ], [ 115.232409381520029, -2.711432524840006 ], [ 115.233880131052501, -2.711763954127491 ], [ 115.235101306230035, -2.711756626199985 ], [ 115.235194758275043, -2.711745790650014 ] ], [ [ 115.243591623044949, -2.712050537764981 ], [ 115.244342606869964, -2.712013552009978 ], [ 115.244940341594997, -2.712024944982488 ], [ 115.246080610329955, -2.711905886484999 ], [ 115.246866348887465, -2.711813014127472 ], [ 115.248380847134968, -2.711632925152514 ], [ 115.249692557127446, -2.711540972240016 ], [ 115.253046424424952, -2.711111810417492 ], [ 115.254631763825046, -2.710986326694979 ], [ 115.256276883910004, -2.710816421635002 ], [ 115.256540000469954, -2.71080688339498 ], [ 115.256618899665, -2.710787305762494 ], [ 115.25728224566501, -2.710725944757485 ], [ 115.257347972567459, -2.710726463974993 ], [ 115.257397612087516, -2.710703492637492 ], [ 115.257795201290037, -2.710657354830005 ], [ 115.258822056442455, -2.710567113775028 ], [ 115.259125966309966, -2.710623029617523 ], [ 115.259458170417474, -2.71064630243751 ], [ 115.259481494650004, -2.710641784839993 ] ], [ [ 115.259481494650004, -2.710641784839993 ], [ 115.259596276325055, -2.710619551374975 ], [ 115.259799245902514, -2.7106292122225 ], [ 115.260055701185024, -2.710721012182489 ], [ 115.260250439249944, -2.710775831417493 ], [ 115.260439902437497, -2.710855737147483 ], [ 115.260635138620046, -2.710912549222485 ], [ 115.260837137044973, -2.710943072385021 ], [ 115.261071181672492, -2.710943261150021 ], [ 115.261185008067514, -2.710916874544978 ], [ 115.261317827102516, -2.710824790382503 ], [ 115.26138358398498, -2.710811340802479 ], [ 115.261556577004967, -2.710863188622511 ], [ 115.261579437725004, -2.710893611317488 ], [ 115.261653023505005, -2.71095832842002 ], [ 115.261771537574987, -2.711001378387493 ], [ 115.261901616149999, -2.711095457160013 ], [ 115.262080786927527, -2.711201045200028 ], [ 115.26238346155003, -2.711320941962526 ], [ 115.262581700002556, -2.711390229282472 ], [ 115.262781259179974, -2.711389157159999 ], [ 115.26295678354245, -2.711451322000016 ], [ 115.263055709354944, -2.711443817095017 ], [ 115.263241684700006, -2.71142358953 ], [ 115.263266824484958, -2.711395187537505 ], [ 115.26327156998002, -2.711392599054989 ], [ 115.263428566694984, -2.711263254544974 ], [ 115.263525094462466, -2.711230961224999 ], [ 115.263687901092453, -2.71118750861001 ], [ 115.263768309422517, -2.711209581729975 ], [ 115.263796030229969, -2.711217021544996 ], [ 115.264026854384952, -2.711188641162494 ], [ 115.26422985960005, -2.711176878647507 ], [ 115.26440423028248, -2.711158366765005 ], [ 115.264556455039951, -2.711146670262508 ], [ 115.264691887487515, -2.711161134309975 ], [ 115.264740784640026, -2.711190928957478 ], [ 115.264789246467444, -2.711236559897486 ], [ 115.264896023560027, -2.711307477582523 ], [ 115.265016735432482, -2.711401883617498 ], [ 115.26510078232252, -2.711511644207519 ], [ 115.265210048942549, -2.711617048070025 ], [ 115.265360269737471, -2.711819046299979 ], [ 115.265391037685049, -2.711862814225015 ], [ 115.265516193187523, -2.712004361272477 ], [ 115.2656419440425, -2.71214085145499 ], [ 115.265667151025013, -2.712203511152495 ], [ 115.265743463812555, -2.712312386170026 ], [ 115.265845311422481, -2.712349141512505 ], [ 115.265959447729983, -2.712393920285024 ], [ 115.266051623539965, -2.712437792962476 ], [ 115.266056914787555, -2.712454216267474 ], [ 115.266143887592534, -2.71248285491248 ], [ 115.266175202530007, -2.712482928960014 ], [ 115.266335507035024, -2.712523305187517 ], [ 115.266441623072524, -2.712590041352485 ], [ 115.266529423375005, -2.712627420290005 ], [ 115.266661548847537, -2.712656266824979 ], [ 115.266737817927492, -2.712666483082501 ], [ 115.266758519465043, -2.71262193923252 ], [ 115.266811176257534, -2.712542085227483 ], [ 115.267011451354961, -2.712481385157503 ], [ 115.267238490582486, -2.71247988716749 ], [ 115.267571219094975, -2.712517155629996 ], [ 115.267906302212509, -2.712584573942479 ], [ 115.26852751085255, -2.712306092462484 ], [ 115.268770199897517, -2.712275671024997 ], [ 115.269082953740053, -2.712229797274972 ], [ 115.269179067204959, -2.71229234737001 ], [ 115.269367678912545, -2.712331587455026 ], [ 115.269455280095031, -2.712347247427488 ], [ 115.269529987259943, -2.712401115322507 ], [ 115.269659168214957, -2.712492361994975 ], [ 115.269849444650049, -2.712523941409984 ], [ 115.269953037470032, -2.712396013732473 ], [ 115.270250777007504, -2.712406078752508 ], [ 115.270378722609962, -2.712437747557487 ], [ 115.270578062134973, -2.712291967260001 ], [ 115.270755071410008, -2.712277611729974 ], [ 115.27089909143001, -2.712433975540023 ], [ 115.271014532357526, -2.712450136602513 ], [ 115.271220671659989, -2.712351535022492 ], [ 115.271391519172539, -2.712375211670008 ], [ 115.271723002230033, -2.71259479741002 ], [ 115.271769904374992, -2.712727129277482 ], [ 115.271842405805046, -2.712904511182501 ], [ 115.271880050819959, -2.713090728675013 ], [ 115.271899140754954, -2.713344419089992 ], [ 115.271962963302485, -2.713609217052522 ], [ 115.272269371964967, -2.713923516617513 ], [ 115.272408823777482, -2.714029437569991 ], [ 115.272745889099951, -2.714250369809974 ], [ 115.273056040742517, -2.714374785520022 ], [ 115.273321495754999, -2.714472257632508 ], [ 115.273639619727533, -2.714471785587477 ], [ 115.274021121960004, -2.714471618729988 ], [ 115.274311905405057, -2.714536555060022 ], [ 115.274520113055019, -2.714450997752522 ], [ 115.274702838500048, -2.714480548350025 ], [ 115.274887866090012, -2.714528492072475 ], [ 115.275038584859999, -2.71454279001 ], [ 115.275496662010028, -2.714675133847493 ], [ 115.27571918037745, -2.714626597170025 ], [ 115.275836758882519, -2.714690706112492 ], [ 115.275955935927527, -2.714713216807525 ], [ 115.276094318642549, -2.714700232287498 ], [ 115.276305634132541, -2.714695353537479 ], [ 115.276961427349988, -2.714705009849979 ], [ 115.277281999114962, -2.714739306242507 ], [ 115.277790271569984, -2.714742198222496 ], [ 115.277868761285049, -2.714738039607482 ], [ 115.278198560205055, -2.714720567777476 ], [ 115.27835805473751, -2.714596137227488 ], [ 115.278577845042491, -2.714358813989975 ], [ 115.278661123047527, -2.714222083372476 ], [ 115.278843304575048, -2.713986849382479 ], [ 115.279040375692489, -2.713859357982528 ], [ 115.279209760479944, -2.713849171874983 ], [ 115.279658071479957, -2.713843823867478 ], [ 115.279844611490034, -2.713856683025028 ], [ 115.279909222515016, -2.713867973384993 ], [ 115.280056641155056, -2.713910389769978 ], [ 115.280241750262462, -2.713966656062496 ], [ 115.280592890822504, -2.714173778527481 ], [ 115.280723465947517, -2.714377340160013 ], [ 115.28075148624248, -2.714432761525018 ], [ 115.280871758484977, -2.714670650252515 ], [ 115.281204314754973, -2.715059928862502 ], [ 115.281584414762506, -2.715479184392507 ], [ 115.28184589523255, -2.715653024275014 ], [ 115.282262243805008, -2.715677546202528 ], [ 115.282743989689948, -2.715726087482494 ], [ 115.282816518464983, -2.715784890347493 ], [ 115.282988663509968, -2.715924460522501 ], [ 115.283350025785012, -2.71621744482502 ], [ 115.283533511857513, -2.716863720022502 ], [ 115.283914028172489, -2.716989877687524 ], [ 115.284271004145012, -2.716936552394998 ], [ 115.284592356445046, -2.716835323942519 ], [ 115.284859913269997, -2.716919448087481 ], [ 115.285079756662526, -2.717093228322483 ], [ 115.285394098522488, -2.717745673577497 ], [ 115.285993470724975, -2.718745458867488 ], [ 115.286111855094987, -2.719158359104995 ], [ 115.288915430027487, -2.72168062110751 ], [ 115.290876117097469, -2.723298456147518 ], [ 115.292726667182478, -2.724562261275025 ], [ 115.292925986714977, -2.724950154445025 ], [ 115.29291852454503, -2.72517983905999 ], [ 115.29286800219495, -2.725574554657499 ], [ 115.29266036041497, -2.726026470742511 ], [ 115.294186827992462, -2.726796687264994 ] ], [ [ 115.235194758275043, -2.711745790650014 ], [ 115.236916027612551, -2.711546202924978 ], [ 115.237774568630016, -2.711573863059982 ], [ 115.238948865582529, -2.711724438860017 ], [ 115.240628373627487, -2.711925126935 ], [ 115.241623918049982, -2.712166625500004 ], [ 115.242395968342521, -2.712088283625008 ], [ 115.24292500794752, -2.712049055824991 ], [ 115.243591623044949, -2.712050537764981 ] ] ] } },
{ "type": "Feature", "properties": { "source_feature_id": 14, "nama_objek": "Jaringan Pengendalian Banjir", "orde_01": 45010000, "orde_02": 45012000, "orde_03": 25012100, "orde_04": 25012100, "jenis_sistem": 45000000, "status_jaringan": 2, "provinsi": "Provinsi Kalimantan Selatan", "kabupaten": "Kabupaten Hulu Sungai Selatan", "keterangan": "Tidak Ada", "sumber_data": "Dinas PUPR Kabupaten Hulu Sungai Selatan, 2023", "source_shape_length": 0.0038771463772715232, "source_layer": "_6306_50KB_LN_SR_SDA_KABUPATEN_HULUSUNGAISELATAN_2024", "source_dataset": "_6306_50KB_RTRW_KABUPATEN_HULUSUNGAISELATAN_2025.gdb.zip" }, "geometry": { "type": "MultiLineString", "coordinates": [ [ [ 115.10751583976753, -2.629747536064997 ], [ 115.107557599360007, -2.629801360892486 ], [ 115.107567144182553, -2.629817051865018 ], [ 115.107658723657551, -2.629874842592528 ], [ 115.107732373682552, -2.629921319540017 ], [ 115.107737316860039, -2.629924438487478 ], [ 115.107803019000016, -2.629965901187518 ], [ 115.107806130385029, -2.629967415069984 ], [ 115.107882398367451, -2.630004550917477 ], [ 115.107905404457483, -2.630015753077487 ], [ 115.107956899974965, -2.630040825967512 ], [ 115.107987179142469, -2.63005556928249 ], [ 115.108031402487541, -2.630077101922495 ], [ 115.108068952034955, -2.630095386384994 ], [ 115.108105903210003, -2.630113377874977 ], [ 115.108163227082514, -2.630141288942525 ], [ 115.10819632082746, -2.630153440537526 ], [ 115.108248559929962, -2.630180309427487 ], [ 115.108256557737491, -2.63018442224751 ], [ 115.108277452482525, -2.630195169080025 ], [ 115.108319927472508, -2.630217014624975 ], [ 115.108335924884955, -2.630225242977474 ], [ 115.108344019724996, -2.630229405677483 ], [ 115.108391292327497, -2.630253718910012 ], [ 115.108410587872527, -2.630263644082504 ], [ 115.108461429932504, -2.630289793797488 ], [ 115.108480784777498, -2.630299747090021 ], [ 115.108531570242462, -2.630325867785018 ], [ 115.108550984385033, -2.630335852814994 ], [ 115.108601706962531, -2.630361940859984 ], [ 115.108621338527541, -2.630372037439997 ], [ 115.108671818425023, -2.630398072670005 ], [ 115.108690423045005, -2.630407668554994 ], [ 115.108741919967542, -2.630434228877505 ], [ 115.108759347649993, -2.630443218047503 ], [ 115.108805445030043, -2.630466994189987 ], [ 115.108827702512485, -2.630479763119979 ], [ 115.108874901742524, -2.630506842239981 ], [ 115.108894903474948, -2.630518316507505 ], [ 115.108950769077524, -2.63055036756748 ], [ 115.108957930714951, -2.630554475494989 ], [ 115.109026475034966, -2.630591202599987 ], [ 115.109027760644949, -2.630591890859989 ], [ 115.109099265202531, -2.630630203954979 ], [ 115.109104866725033, -2.630633205452511 ], [ 115.109172052680037, -2.63066920439752 ], [ 115.109181972812507, -2.63067452094748 ], [ 115.109244843757551, -2.630708206655015 ], [ 115.109265909447458, -2.630719492657477 ], [ 115.109318920882515, -2.630744629327523 ], [ 115.109348492675053, -2.630758651797521 ], [ 115.10939108709249, -2.630778849125022 ], [ 115.109424319429991, -2.630793931490018 ], [ 115.109461410877543, -2.63081076487498 ], [ 115.109500470062471, -2.630828491914997 ], [ 115.109534183107485, -2.630843792927521 ], [ 115.109576617104949, -2.630863052332472 ], [ 115.109606955347544, -2.630876820072501 ], [ 115.109652765952546, -2.630897612752506 ], [ 115.109679725792489, -2.630909848119984 ], [ 115.109728912112473, -2.630932172262476 ], [ 115.109752496247552, -2.630942875260018 ], [ 115.109813081987454, -2.630970372622528 ], [ 115.109815184805029, -2.630971128137503 ], [ 115.109886434222517, -2.63099143873751 ], [ 115.109900118437508, -2.630995340490017 ], [ 115.109972687209961, -2.631016028350018 ], [ 115.109974440652536, -2.631016528340012 ], [ 115.110048763772511, -2.631037715285004 ], [ 115.11005893841002, -2.631040616147516 ], [ 115.11012308420004, -2.631058902222492 ], [ 115.110145189617469, -2.631065203940011 ], [ 115.110199244355044, -2.631080613695019 ], [ 115.110231546602449, -2.631089411214987 ], [ 115.110268756967457, -2.631099545414997 ], [ 115.110318082587469, -2.631112977667499 ], [ 115.110336429827498, -2.631117975202528 ], [ 115.110404104487543, -2.631136405892505 ], [ 115.11040461408254, -2.631136545015011 ], [ 115.110466674209988, -2.631153445352481 ], [ 115.110490929502475, -2.631160903220007 ], [ 115.110526392615043, -2.631171806052521 ], [ 115.110570335062448, -2.631185316002473 ], [ 115.11059145168997, -2.63119086118752 ], [ 115.110647413674997, -2.631205556787506 ], [ 115.110657112315039, -2.631208103372501 ], [ 115.110725935719984, -2.631226176827511 ], [ 115.110730960027468, -2.631227378952474 ], [ 115.110796575320023, -2.631243086605025 ], [ 115.11081483809005, -2.631247459187477 ], [ 115.110864040349952, -2.631259237425013 ], [ 115.11089871436252, -2.631267538514976 ], [ 115.110955059415005, -2.631281025747512 ], [ 115.110983499729969, -2.631282793399976 ], [ 115.111034817089944, -2.631285981152473 ] ] ] } },
{ "type": "Feature", "properties": { "source_feature_id": 15, "nama_objek": "Jaringan Irigasi Primer", "orde_01": 45010000, "orde_02": 25011000, "orde_03": 25011100, "orde_04": 25011100, "jenis_sistem": 45000000, "status_jaringan": 2, "provinsi": "Provinsi Kalimantan Selatan", "kabupaten": "Kabupaten Hulu Sungai Selatan", "keterangan": "Jaringan Irigasi yang melalui D.I. Telaga Langsat", "sumber_data": "Balai Wilayah Sungai Kalimantan II Kementerian PUPR, 2019", "source_shape_length": 0.035399671672567828, "source_layer": "_6306_50KB_LN_SR_SDA_KABUPATEN_HULUSUNGAISELATAN_2024", "source_dataset": "_6306_50KB_RTRW_KABUPATEN_HULUSUNGAISELATAN_2025.gdb.zip" }, "geometry": { "type": "MultiLineString", "coordinates": [ [ [ 115.333639504007465, -2.739922844355021 ], [ 115.333468987957531, -2.739887454697509 ], [ 115.33336443460496, -2.739811302495013 ], [ 115.333278775612484, -2.739754194712475 ], [ 115.333235944537478, -2.739705653835017 ], [ 115.333174077794979, -2.739634269262524 ], [ 115.333126489147503, -2.739553368529982 ], [ 115.333078899245038, -2.739448671340028 ], [ 115.333017033992519, -2.739367770540014 ], [ 115.332950408812508, -2.739225002604996 ], [ 115.332898061074957, -2.739053681532482 ], [ 115.332840952542483, -2.738834770842516 ], [ 115.332764810157528, -2.738553994769973 ], [ 115.332641079579957, -2.738230386555017 ], [ 115.332541140507487, -2.737859191600023 ], [ 115.332398374490026, -2.737335710579998 ], [ 115.332184222492515, -2.736788434650009 ], [ 115.332003383012534, -2.73623259346499 ], [ 115.331875843772536, -2.735749085245004 ], [ 115.331725461437486, -2.735402636499998 ], [ 115.331649318315044, -2.735189435517498 ], [ 115.331489419304944, -2.734913420542512 ], [ 115.331274316229951, -2.734612656602508 ], [ 115.330998298794952, -2.734346155659978 ], [ 115.330830785630042, -2.734201483460026 ], [ 115.330651849070023, -2.734096787295016 ], [ 115.330319632940018, -2.733965102447485 ], [ 115.330271659129949, -2.733945709932527 ], [ 115.330197916415045, -2.733921841144991 ], [ 115.330091572369952, -2.733872309030005 ], [ 115.329882840065011, -2.733817690687488 ], [ 115.329592897602538, -2.733738313155015 ], [ 115.329099068379946, -2.733608329175013 ], [ 115.327990876212539, -2.733312768780024 ], [ 115.327045495244988, -2.733064932619982 ], [ 115.325862824197543, -2.7327566955625 ], [ 115.324963232832488, -2.732465666854978 ], [ 115.324579418917551, -2.732319259602491 ], [ 115.324116110772479, -2.73213612838498 ], [ 115.323318161917541, -2.731832323257493 ], [ 115.32265477677754, -2.731565301899991 ], [ 115.32174906266755, -2.731215729159999 ], [ 115.320832272782468, -2.730849287564979 ], [ 115.319905038937463, -2.730466944727482 ], [ 115.319693687222525, -2.730388375150028 ], [ 115.319426793677508, -2.730316365210001 ], [ 115.319052966739946, -2.730238062772514 ], [ 115.318584460055035, -2.730188625065011 ], [ 115.318065474272544, -2.730172593227508 ], [ 115.317376949520053, -2.730154202007498 ], [ 115.316472346552473, -2.730099694274998 ], [ 115.315374558512531, -2.730015404057497 ], [ 115.315235903202506, -2.730004105504975 ], [ 115.314960156655047, -2.729993015305013 ], [ 115.314748445202554, -2.729989334835011 ], [ 115.314531062634956, -2.730021255687518 ], [ 115.314359897990016, -2.730087841762497 ], [ 115.314100143505016, -2.730240148040025 ], [ 115.313514015267515, -2.730614372072523 ], [ 115.312841440589978, -2.731037693797475 ], [ 115.312112652222481, -2.731460360322501 ], [ 115.311246168002526, -2.731885160129991 ], [ 115.310518045779986, -2.732208479537519 ], [ 115.309820877615039, -2.732536677425003 ], [ 115.309618085877446, -2.732617599034995 ], [ 115.30944155673501, -2.732664181082498 ], [ 115.309341567952515, -2.73268558492498 ], [ 115.309186284822545, -2.732692912597486 ], [ 115.309036408232487, -2.732695138517499 ], [ 115.308876702537532, -2.732658662064978 ], [ 115.30847324955505, -2.732536579844975 ], [ 115.307845010577466, -2.732331311379994 ], [ 115.307121692742498, -2.73211460951751 ], [ 115.306825059829976, -2.732058629960022 ], [ 115.306652801147493, -2.73204078429751 ], [ 115.306447707302482, -2.732048007614992 ], [ 115.306077795724946, -2.732044377007526 ], [ 115.305736111030001, -2.732087787142518 ], [ 115.305472061602472, -2.732149234380017 ], [ 115.304854074982472, -2.732246161252476 ], [ 115.304497487710023, -2.732266183262482 ], [ 115.304031376902458, -2.732242745757503 ], [ 115.303470178025009, -2.732174684487518 ] ] ] } },
{ "type": "Feature", "properties": { "source_feature_id": 16, "nama_objek": "Jaringan Pengendalian Banjir", "orde_01": 45010000, "orde_02": 45012000, "orde_03": 25012100, "orde_04": 25012100, "jenis_sistem": 45000000, "status_jaringan": 2, "provinsi": "Provinsi Kalimantan Selatan", "kabupaten": "Kabupaten Hulu Sungai Selatan", "keterangan": "Tidak Ada", "sumber_data": "Dinas PUPR Kabupaten Hulu Sungai Selatan, 2023", "source_shape_length": 0.0077107496731393518, "source_layer": "_6306_50KB_LN_SR_SDA_KABUPATEN_HULUSUNGAISELATAN_2024", "source_dataset": "_6306_50KB_RTRW_KABUPATEN_HULUSUNGAISELATAN_2025.gdb.zip" }, "geometry": { "type": "MultiLineString", "coordinates": [ [ [ 115.147887474970048, -2.614476106980021 ], [ 115.147895565127556, -2.614472598780026 ], [ 115.147936086462551, -2.614459060950026 ], [ 115.148015914707457, -2.6144323921975 ], [ 115.148095741152474, -2.614405723435027 ], [ 115.148175566697546, -2.61437905647 ], [ 115.148255394942453, -2.614352386790017 ], [ 115.148335223184972, -2.614325718007478 ], [ 115.148398222187552, -2.614304671232503 ], [ 115.148432570957539, -2.614290528330002 ], [ 115.148460263099992, -2.614276003009991 ], [ 115.148516548107523, -2.614246480785027 ], [ 115.148536304684967, -2.614236117660028 ], [ 115.148579585409948, -2.614213415812515 ], [ 115.148612346270056, -2.614196231400001 ], [ 115.148642619109978, -2.6141803517325 ], [ 115.148688386949971, -2.614156346032473 ], [ 115.148730460104957, -2.614134277160019 ], [ 115.14876222499754, -2.614112611665007 ], [ 115.148827428845038, -2.614068136574986 ], [ 115.148833339369958, -2.614064104292481 ], [ 115.148901197410055, -2.614017820132517 ], [ 115.148904452832539, -2.61401559962502 ], [ 115.148974965072512, -2.613967503677486 ], [ 115.148975563594945, -2.613967095850001 ], [ 115.149046677052525, -2.613918589357525 ], [ 115.149055810592472, -2.613912360027484 ], [ 115.149089324767488, -2.61388791657248 ], [ 115.149120017372525, -2.613859236190024 ], [ 115.149127635377454, -2.613852117554984 ], [ 115.149174623725003, -2.6138082059 ], [ 115.149190498992539, -2.613793370967528 ], [ 115.149229230972537, -2.613757175604974 ], [ 115.149253370704969, -2.613734618054991 ], [ 115.149300749799977, -2.613690343465009 ], [ 115.149314988225001, -2.613674564790017 ], [ 115.149372792082545, -2.613610509127511 ], [ 115.149373367564976, -2.613609871587528 ], [ 115.149406949887521, -2.61357265764002 ], [ 115.149427033657503, -2.613543937107522 ], [ 115.14943806666497, -2.613528159104987 ], [ 115.149475836579995, -2.613474147877525 ], [ 115.149489408662475, -2.613454740400016 ], [ 115.149524644002554, -2.613404352317502 ], [ 115.149540748854974, -2.613381321687484 ], [ 115.149573446012482, -2.613334563075 ], [ 115.14959208994253, -2.613307901159999 ], [ 115.149635580422455, -2.61324570869499 ], [ 115.149642402452514, -2.613233838902488 ], [ 115.149687023279967, -2.613156201887477 ], [ 115.14969033062755, -2.613150448587476 ], [ 115.149731647705039, -2.613078559445 ], [ 115.149733493835015, -2.613075347607491 ], [ 115.149776270317489, -2.613000921514981 ], [ 115.149776657932534, -2.613000246622505 ], [ 115.149819820220046, -2.612925148342526 ], [ 115.149820892922548, -2.61292328177251 ], [ 115.149846499850014, -2.612878729832516 ], [ 115.149858977317535, -2.612847897462473 ], [ 115.149862678055001, -2.612838751132472 ], [ 115.149893250414948, -2.612763206492502 ], [ 115.149898536662477, -2.61275014534499 ], [ 115.149919329922454, -2.612686349474984 ], [ 115.149930235047464, -2.612652890670006 ], [ 115.149944469334969, -2.612609215267526 ], [ 115.149956268612527, -2.612573014322493 ], [ 115.149969609635036, -2.612532083772521 ], [ 115.149982303075035, -2.612493137069976 ], [ 115.149994749032544, -2.612454952275016 ], [ 115.150008845120055, -2.612411703465 ], [ 115.150016475142479, -2.612387764165021 ], [ 115.150031840999986, -2.612331482617492 ], [ 115.15003625422753, -2.612315319537515 ], [ 115.150053408142526, -2.612252495747498 ], [ 115.150058809417487, -2.612232714457491 ], [ 115.15007497618501, -2.612173505259989 ], [ 115.150081364602556, -2.612150110280027 ], [ 115.150098520312554, -2.612087281064987 ], [ 115.15010326000754, -2.612067374009996 ], [ 115.150120532402525, -2.611994850610017 ], [ 115.150123066437459, -2.611984215979987 ], [ 115.150140814687461, -2.611909700339993 ], [ 115.150142872867491, -2.611901055235023 ], [ 115.150161094269947, -2.611824549157518 ], [ 115.150162679292521, -2.611817893584998 ], [ 115.150182484807488, -2.611734734644983 ], [ 115.150190782630034, -2.61169990023501 ], [ 115.150193119185019, -2.611649714765008 ], [ 115.150195862332453, -2.611590799462476 ], [ 115.150197141497529, -2.611563354962527 ], [ 115.150199034295042, -2.611522715799993 ], [ 115.150200554882531, -2.611490043344986 ], [ 115.15020130784751, -2.611486088410004 ], [ 115.150206153754993, -2.611454421867506 ], [ 115.150209815864969, -2.611430495674995 ], [ 115.15021691133245, -2.61138412680998 ], [ 115.150219666542512, -2.611366122045013 ], [ 115.15022413116003, -2.611336950640009 ], [ 115.150224191899952, -2.611326777127488 ], [ 115.150224271985053, -2.611313215457528 ], [ 115.150224358842479, -2.61129871157749 ], [ 115.150220263967526, -2.61124048332249 ], [ 115.150218561945053, -2.611215876437484 ], [ 115.150221411254961, -2.611159363854995 ], [ 115.150222262247553, -2.611142488382484 ], [ 115.150225487495049, -2.611078531747523 ], [ 115.150225632875049, -2.611075650149985 ], [ 115.15023707036255, -2.61099908247752 ], [ 115.150238310724944, -2.610990777967515 ], [ 115.150248852892446, -2.61092020588751 ], [ 115.150249250547517, -2.610917584180015 ], [ 115.150261915739975, -2.610851807712493 ], [ 115.150263376232488, -2.610844226012489 ], [ 115.150271196962535, -2.61080360466002 ], [ 115.15027615561246, -2.610767382719985 ], [ 115.150280290834985, -2.610737186322524 ], [ 115.150285671164966, -2.610697898729995 ], [ 115.150292383797478, -2.610660599720006 ], [ 115.150299840639946, -2.610619181192476 ], [ 115.150307467912512, -2.610576810752491 ], [ 115.150317239589981, -2.610533226375026 ], [ 115.150323179345037, -2.61050673098498 ], [ 115.150336401015011, -2.610447759739998 ], [ 115.150337262612538, -2.610443914377527 ], [ 115.15035489452498, -2.610365268872499 ], [ 115.150354923472491, -2.610365148649976 ], [ 115.150379477467482, -2.610295334242494 ], [ 115.150388146985051, -2.610270682110013 ], [ 115.150405077912524, -2.610222537385027 ], [ 115.150415951374953, -2.610191618514989 ], [ 115.150430680154955, -2.610149738722498 ], [ 115.150443758460028, -2.610112550397503 ], [ 115.150454797147518, -2.610081159754998 ], [ 115.150472776874949, -2.610033958794986 ], [ 115.150480472417485, -2.610013753177498 ], [ 115.150502590554993, -2.609955680327516 ], [ 115.150507738060014, -2.609942167742474 ], [ 115.15053500369504, -2.609870585017518 ], [ 115.150545473817488, -2.609843093517497 ], [ 115.150556323160004, -2.609826202080001 ], [ 115.150589392172492, -2.609788792832489 ], [ 115.150622871862538, -2.609750921219984 ], [ 115.150640709564982, -2.609730744157503 ], [ 115.150678113260028, -2.60968843129001 ], [ 115.150692029655033, -2.609672690057494 ], [ 115.15073335645252, -2.609625939550028 ], [ 115.15074334613746, -2.609614640464997 ], [ 115.150744345827547, -2.609613509835015 ], [ 115.150788587930037, -2.609563461347477 ], [ 115.150794663517445, -2.609556589964996 ], [ 115.150828237762539, -2.609518609064992 ], [ 115.150830316499992, -2.609516800945016 ], [ 115.150845998409977, -2.609503162864996 ], [ 115.150875675104999, -2.609477356314983 ], [ 115.150943327240043, -2.60941852336498 ], [ 115.150944386867536, -2.609417600797485 ], [ 115.151023676222508, -2.609376772187488 ], [ 115.151062694632515, -2.609356680669976 ], [ 115.151089966937548, -2.609342636530016 ], [ 115.151139973644945, -2.60932130706999 ], [ 115.151158070960037, -2.609313587187501 ], [ 115.151217916707537, -2.609288059407504 ], [ 115.151240781492447, -2.609278306602505 ], [ 115.151295858864955, -2.609254814447524 ], [ 115.151323496517534, -2.609243025112505 ], [ 115.151373800122542, -2.609221567672478 ], [ 115.151406209747506, -2.609207741799992 ], [ 115.151435340887474, -2.609195317177523 ], [ 115.151452934347503, -2.609192137642481 ], [ 115.151458708297469, -2.609191094542496 ], [ 115.151536543307543, -2.609177030150022 ], [ 115.151539544499997, -2.609176489327524 ], [ 115.151620154064972, -2.609161925370017 ], [ 115.151620378905022, -2.609161885009996 ], [ 115.151701216014999, -2.609147277977513 ], [ 115.151725738214964, -2.609142847257488 ], [ 115.151786918430048, -2.609138139737524 ], [ 115.151830752917476, -2.609133825257516 ], [ 115.151866394237459, -2.609130317912502 ], [ 115.151913588365005, -2.609125673820017 ], [ 115.151941311690052, -2.609122945082504 ], [ 115.151996422914976, -2.609117521472513 ], [ 115.152016231844982, -2.609115571350003 ], [ 115.152079256570005, -2.609109370022509 ], [ 115.152091151099967, -2.609108198512502 ], [ 115.152162091124978, -2.609101217659997 ], [ 115.152166067660005, -2.609100825667497 ], [ 115.152242164052495, -2.609093337009995 ], [ 115.152244925707464, -2.609093049922478 ], [ 115.152262876909958, -2.609091182955012 ] ] ] } },
{ "type": "Feature", "properties": { "source_feature_id": 17, "nama_objek": "Jaringan Irigasi Primer", "orde_01": 45010000, "orde_02": 25011000, "orde_03": 25011100, "orde_04": 25011100, "jenis_sistem": 45000000, "status_jaringan": 2, "provinsi": "Provinsi Kalimantan Selatan", "kabupaten": "Kabupaten Hulu Sungai Selatan", "keterangan": "Jaringan Irigasi yang melalui D.I.R. Tanggul Lunggau", "sumber_data": "Bidang Sumber Daya Air Dinas PUPR Provinsi Kalimantan Selatan, 2022", "source_shape_length": 0.026620485986613585, "source_layer": "_6306_50KB_LN_SR_SDA_KABUPATEN_HULUSUNGAISELATAN_2024", "source_dataset": "_6306_50KB_RTRW_KABUPATEN_HULUSUNGAISELATAN_2025.gdb.zip" }, "geometry": { "type": "MultiLineString", "coordinates": [ [ [ 115.215850155979979, -2.755018751524972 ], [ 115.215929921890051, -2.754951904927509 ], [ 115.216005812445019, -2.754899818324986 ], [ 115.216775742317509, -2.754259589187484 ], [ 115.217990980802483, -2.753436329152521 ], [ 115.220329311055025, -2.751771738420018 ], [ 115.220890770752476, -2.751265250547476 ], [ 115.222576686765024, -2.750152716400009 ], [ 115.223773136304999, -2.749489766582485 ], [ 115.225243771197484, -2.748709126037511 ], [ 115.226514764165017, -2.747993729077507 ], [ 115.227302971049994, -2.747550256322484 ], [ 115.227960470330004, -2.74725623566502 ], [ 115.228708276047541, -2.747567411809996 ], [ 115.228721733074963, -2.747572675772517 ], [ 115.228739903250016, -2.747577897027497 ], [ 115.228780381787487, -2.747593394284991 ], [ 115.228803832087465, -2.747593393972522 ], [ 115.229121438032507, -2.747714568502488 ], [ 115.229591719962514, -2.747969868702512 ], [ 115.229922158682484, -2.748201595760008 ], [ 115.230217668585055, -2.748406079125004 ], [ 115.23044596875252, -2.748687466162494 ], [ 115.231058133522538, -2.749498273267477 ], [ 115.231260078340028, -2.749917447649977 ], [ 115.231462126090037, -2.750296713714988 ], [ 115.231661745562519, -2.750620649725022 ], [ 115.23205558606503, -2.751183891387484 ], [ 115.232152067850052, -2.751349101292476 ], [ 115.232265218769953, -2.751595393795014 ], [ 115.232373171259951, -2.751925731307495 ], [ 115.232555670199986, -2.752255453784983 ], [ 115.232687143502517, -2.752753484279992 ], [ 115.233017813135007, -2.753669455780027 ], [ 115.233157849035024, -2.753913299037492 ], [ 115.23344387280747, -2.754291472667489 ], [ 115.233469664112476, -2.7543433407875 ] ], [ [ 115.233469664112476, -2.7543433407875 ], [ 115.233650488367516, -2.754707014910025 ], [ 115.233917685299957, -2.755160699590022 ], [ 115.234586550567542, -2.756919851765019 ] ] ] } },
{ "type": "Feature", "properties": { "source_feature_id": 18, "nama_objek": "Jaringan Irigasi Primer", "orde_01": 45010000, "orde_02": 25011000, "orde_03": 25011100, "orde_04": 25011100, "jenis_sistem": 45000000, "status_jaringan": 2, "provinsi": "Provinsi Kalimantan Selatan", "kabupaten": "Kabupaten Hulu Sungai Selatan", "keterangan": "Jaringan Irigasi yang melalui D.I.R. Rawa Negara", "sumber_data": "Bidang Sumber Daya Air Dinas PUPR Provinsi Kalimantan Selatan, 2022", "source_shape_length": 0.025891089117555093, "source_layer": "_6306_50KB_LN_SR_SDA_KABUPATEN_HULUSUNGAISELATAN_2024", "source_dataset": "_6306_50KB_RTRW_KABUPATEN_HULUSUNGAISELATAN_2025.gdb.zip" }, "geometry": { "type": "MultiLineString", "coordinates": [ [ [ 115.157882181239984, -2.820582348355003 ], [ 115.157875091265055, -2.820603461949986 ], [ 115.157578759179955, -2.821486035712496 ], [ 115.157299059339948, -2.821804185074996 ], [ 115.156830243104991, -2.822107777644987 ], [ 115.156437788657513, -2.82225881331749 ], [ 115.156160944142471, -2.822290272799989 ], [ 115.155893198302465, -2.822349924632476 ], [ 115.155776305192489, -2.823110354102482 ], [ 115.155764845532531, -2.82375114165751 ], [ 115.155725569012475, -2.824294265807509 ], [ 115.155598513102518, -2.824872159837525 ], [ 115.155471714092528, -2.825217071407508 ], [ 115.155289791507471, -2.825546228054975 ], [ 115.155065829939986, -2.825769176047515 ], [ 115.154810150255003, -2.825964179307505 ], [ 115.154478722327553, -2.826050863814999 ], [ 115.154027555809989, -2.826155944412506 ], [ 115.15297240876248, -2.82630230620498 ], [ 115.152251522275037, -2.826303647284988 ], [ 115.150996617387477, -2.826378710284985 ], [ 115.150193899080023, -2.82657686729749 ], [ 115.149103528539968, -2.826519282252491 ], [ 115.147242784657465, -2.826411313 ], [ 115.145995473437551, -2.826242994995027 ], [ 115.145001224025009, -2.825898764675003 ], [ 115.144309653190021, -2.825545243424983 ], [ 115.143658381075056, -2.825410134772483 ], [ 115.142836584370002, -2.824746707667487 ], [ 115.142435772875046, -2.824522178217478 ], [ 115.142343636650025, -2.824470564832495 ], [ 115.142080950202512, -2.824423241914985 ] ], [ [ 115.142080950202512, -2.824423241914985 ], [ 115.141648436370019, -2.824345323420005 ], [ 115.140724141622513, -2.824432657217528 ], [ 115.139750432542542, -2.824646439795004 ], [ 115.138651156869969, -2.824735736162495 ], [ 115.138218499379946, -2.8247926252875 ], [ 115.137855450160032, -2.824874362505 ], [ 115.137800936584995, -2.824882157759987 ], [ 115.137597278287444, -2.824922214355013 ], [ 115.136958283964987, -2.825263769302524 ], [ 115.136561529575033, -2.825598089857522 ] ] ] } },
{ "type": "Feature", "properties": { "source_feature_id": 19, "nama_objek": "Jaringan Irigasi Primer", "orde_01": 45010000, "orde_02": 25011000, "orde_03": 25011100, "orde_04": 25011100, "jenis_sistem": 45000000, "status_jaringan": 2, "provinsi": "Provinsi Kalimantan Selatan", "kabupaten": "Kabupaten Hulu Sungai Selatan", "keterangan": "Jaringan Irigasi yang melalui D.I. Amandit", "sumber_data": "Balai Wilayah Sungai Kalimantan II Kementerian PUPR, 2019", "source_shape_length": 0.011973821315970907, "source_layer": "_6306_50KB_LN_SR_SDA_KABUPATEN_HULUSUNGAISELATAN_2024", "source_dataset": "_6306_50KB_RTRW_KABUPATEN_HULUSUNGAISELATAN_2025.gdb.zip" }, "geometry": { "type": "MultiLineString", "coordinates": [ [ [ 115.269316999747502, -2.825768000009987 ], [ 115.269980813479947, -2.825569693527484 ], [ 115.270630405634961, -2.825462618702488 ], [ 115.271347813262537, -2.825405512327507 ], [ 115.271743994147528, -2.825394804784992 ], [ 115.271893899290035, -2.825434066557477 ], [ 115.272461400782504, -2.825676769367476 ], [ 115.27324662365254, -2.826065813482501 ], [ 115.27369991056753, -2.826244272199972 ], [ 115.274767099002474, -2.826658297859979 ], [ 115.275488076567513, -2.826986663670027 ], [ 115.276287574562502, -2.827386412482497 ], [ 115.276994274260005, -2.827711209909978 ], [ 115.278082878157534, -2.828210896870019 ], [ 115.278375551960039, -2.828328679852518 ], [ 115.278536164817524, -2.828435754290012 ], [ 115.278903791885, -2.828717722515023 ], [ 115.279467724007532, -2.829103194824995 ], [ 115.279924580104989, -2.829374453452488 ], [ 115.280255932839964, -2.829557224517487 ] ] ] } },
{ "type": "Feature", "properties": { "source_feature_id": 20, "nama_objek": "Jaringan Pengendalian Banjir", "orde_01": 45010000, "orde_02": 45012000, "orde_03": 25012100, "orde_04": 25012100, "jenis_sistem": 45000000, "status_jaringan": 2, "provinsi": "Provinsi Kalimantan Selatan", "kabupaten": "Kabupaten Hulu Sungai Selatan", "keterangan": "Tidak Ada", "sumber_data": "Dinas PUPR Kabupaten Hulu Sungai Selatan, 2023", "source_shape_length": 0.016471384942230962, "source_layer": "_6306_50KB_LN_SR_SDA_KABUPATEN_HULUSUNGAISELATAN_2024", "source_dataset": "_6306_50KB_RTRW_KABUPATEN_HULUSUNGAISELATAN_2025.gdb.zip" }, "geometry": { "type": "MultiLineString", "coordinates": [ [ [ 115.132705107239985, -2.614394441817524 ], [ 115.132752001534982, -2.614411210382514 ], [ 115.132837707659974, -2.614441858154976 ], [ 115.132925782952498, -2.614476181552504 ], [ 115.132985276214981, -2.614499366385019 ], [ 115.133005684004956, -2.614510702502514 ], [ 115.13301477569496, -2.614515752665 ], [ 115.133083762527463, -2.61454948598498 ], [ 115.133105550587516, -2.614560139662501 ], [ 115.133162056685023, -2.61458777065252 ], [ 115.133187695619995, -2.614600307269995 ], [ 115.133240734327501, -2.614625143522517 ], [ 115.133263998402526, -2.614636037217508 ], [ 115.13329564642504, -2.614650856059995 ], [ 115.133772273585009, -2.614898310770002 ], [ 115.133814501945039, -2.614926312842499 ], [ 115.133816575997457, -2.614927687662487 ], [ 115.133882141707545, -2.61497116165998 ], [ 115.133884967592508, -2.614973034932518 ], [ 115.133949780577495, -2.615016010477518 ], [ 115.133953361887507, -2.615018384917505 ], [ 115.134017419452448, -2.615060859292498 ], [ 115.134021752597505, -2.615063731279974 ], [ 115.134085532607514, -2.61510602349 ], [ 115.134090151414966, -2.61510907132498 ], [ 115.134152580762475, -2.615150269205003 ], [ 115.134158650245013, -2.615154274077497 ], [ 115.134219150152489, -2.615194200434985 ], [ 115.134227143690055, -2.615199475917507 ], [ 115.134285724039955, -2.615238134384981 ], [ 115.134289570352507, -2.615240671982519 ], [ 115.134351239644957, -2.615279036672518 ], [ 115.134353329095006, -2.61528033646249 ], [ 115.134419075789992, -2.615321234574992 ], [ 115.134420991864999, -2.615322427407477 ], [ 115.134486912832472, -2.615363435189977 ], [ 115.134488659132444, -2.615364521974982 ], [ 115.134534933349983, -2.615393306827514 ], [ 115.134553608022543, -2.615407439850003 ], [ 115.134577184652471, -2.615425283029992 ], [ 115.13461752834246, -2.615455816842484 ], [ 115.134639596127499, -2.615472518435013 ], [ 115.134681444180046, -2.615504190215006 ], [ 115.134702008507475, -2.615519753844978 ], [ 115.134755704607528, -2.615560392512521 ], [ 115.134764056130052, -2.615567407367507 ], [ 115.134831931550025, -2.615624425687486 ], [ 115.134836646117492, -2.615628386939989 ], [ 115.13490155222496, -2.615675942555015 ], [ 115.134916736440005, -2.615687068312525 ], [ 115.134971427832511, -2.615727138805028 ], [ 115.134983345457499, -2.61573587160251 ], [ 115.135041300750004, -2.615778334144977 ], [ 115.135049949987547, -2.615784672172481 ], [ 115.135111175472503, -2.615829530392489 ], [ 115.135116557222545, -2.615833473652515 ], [ 115.135181050200003, -2.61588072664 ], [ 115.135192931007509, -2.615889431352514 ], [ 115.135252931057494, -2.615929376854979 ], [ 115.135274205087512, -2.615943539984983 ], [ 115.135316840274982, -2.615971925152508 ], [ 115.13534596173497, -2.615989848957497 ], [ 115.135381992112457, -2.616012024840018 ], [ 115.135418592022461, -2.616034550604979 ], [ 115.135455701274964, -2.616057390902483 ], [ 115.135491218719949, -2.616079251342512 ], [ 115.13552940235752, -2.616102753334985 ], [ 115.135563846324999, -2.616123952987493 ], [ 115.135603105244968, -2.616148115769988 ], [ 115.135636478424999, -2.616168657347487 ], [ 115.135656655407502, -2.616181076384976 ], [ 115.135710178710042, -2.616208485877507 ], [ 115.135711410484987, -2.616209116157506 ], [ 115.135784746389959, -2.616246670900011 ], [ 115.135787227907485, -2.616247942342511 ], [ 115.135859315874995, -2.616284857735025 ], [ 115.135863269049992, -2.616286882792508 ], [ 115.135933914225006, -2.616322984932481 ], [ 115.135940787372533, -2.616326497292505 ], [ 115.136008509892463, -2.616361106697525 ], [ 115.136018082885016, -2.616365999335017 ], [ 115.13608310646498, -2.616399229370018 ], [ 115.136095384694954, -2.616405504097486 ], [ 115.136157704845004, -2.616437352040009 ], [ 115.136172685614952, -2.616445007047503 ], [ 115.136232303230031, -2.616475473807498 ], [ 115.136249979354943, -2.616484507275004 ], [ 115.136306902517504, -2.616513598287497 ], [ 115.136345240327501, -2.61653318969752 ], [ 115.136352359680018, -2.616536201480017 ], [ 115.136406924227458, -2.616552039244993 ], [ 115.13645068767255, -2.616564741272498 ], [ 115.136493222537524, -2.616577087002497 ], [ 115.136537042605028, -2.616589806292495 ], [ 115.13657952264748, -2.616602137472512 ], [ 115.136623401137513, -2.616614873122501 ], [ 115.136665820970052, -2.616627186125015 ], [ 115.136709763275007, -2.616639939955007 ], [ 115.136752120197457, -2.616652233872514 ], [ 115.136796120027498, -2.616665004967501 ], [ 115.136838421232483, -2.616677283430022 ], [ 115.136882324897556, -2.616690027250002 ], [ 115.136942324120014, -2.616707484462495 ], [ 115.136965772930012, -2.616716343892506 ], [ 115.137034953842544, -2.616742480077505 ], [ 115.137047683815013, -2.616747289715022 ], [ 115.137110468297465, -2.616771008374997 ], [ 115.137129597404964, -2.616778235539982 ], [ 115.137185980060053, -2.616799536664985 ], [ 115.137218629937479, -2.616811871237473 ], [ 115.137262022567484, -2.616826676844994 ], [ 115.137308759177472, -2.616842624064986 ], [ 115.137338461359946, -2.616852759659992 ], [ 115.137391670250054, -2.616870914734989 ], [ 115.137414901957527, -2.616878841572486 ], [ 115.137474583125027, -2.616899205404991 ], [ 115.137478263207527, -2.616900462357478 ], [ 115.137545405930041, -2.616919224177479 ], [ 115.137570023847502, -2.616926104172478 ], [ 115.137626531297542, -2.616939022325028 ], [ 115.137659393309946, -2.616946534027477 ], [ 115.1377079560325, -2.61695763637249 ], [ 115.137737442952471, -2.616964377147497 ], [ 115.137789381672519, -2.616976250415007 ], [ 115.137815494394999, -2.61698222117252 ], [ 115.137870803722535, -2.616994864450021 ], [ 115.137893549440037, -2.617000064292483 ], [ 115.137952230272504, -2.617013478487479 ], [ 115.137971604492463, -2.617017908315006 ], [ 115.138033658624977, -2.617032094335002 ], [ 115.138048938689963, -2.617035586687507 ], [ 115.138115034557472, -2.617050897275021 ], [ 115.138129858852494, -2.617054330172493 ], [ 115.138192289325048, -2.617068790730002 ], [ 115.138211556987471, -2.617072925614991 ], [ 115.138272840307536, -2.617086076029977 ], [ 115.138293463432547, -2.61709050139001 ], [ 115.138357520597538, -2.617104246407507 ], [ 115.138375368087509, -2.617108076252521 ], [ 115.13844219819498, -2.61712241767998 ], [ 115.138457274544976, -2.617125652019979 ], [ 115.13852687580254, -2.617140587142501 ], [ 115.138537220622538, -2.617142808007486 ], [ 115.138611346702533, -2.617159306967494 ], [ 115.138611426699981, -2.6171593233625 ], [ 115.138687432249981, -2.617176241072514 ], [ 115.138695961304961, -2.617178139129976 ], [ 115.138763520499992, -2.617193176989986 ], [ 115.138780496812501, -2.617196954892506 ], [ 115.138839603362499, -2.617210110179997 ], [ 115.138865030530042, -2.617215770649977 ], [ 115.138915689822511, -2.617227046087521 ], [ 115.138949563355027, -2.617234585497499 ], [ 115.139004846265038, -2.617246888709985 ], [ 115.139034431959999, -2.617251912472511 ], [ 115.139104596970014, -2.617263826462477 ], [ 115.139119918825031, -2.617266428200026 ], [ 115.13919112657004, -2.617278519162483 ], [ 115.139205401200002, -2.617280943009973 ], [ 115.139264193262534, -2.617290924855013 ], [ 115.139277813677495, -2.617291891004982 ], [ 115.139323762577533, -2.617295148789992 ], [ 115.139365328672511, -2.617298094404987 ], [ 115.139410324595019, -2.617301284757502 ], [ 115.139480899932551, -2.61730628828002 ], [ 115.139496925062531, -2.61730574070998 ], [ 115.13958371181252, -2.617302774074972 ], [ 115.139594262755054, -2.617302411842502 ], [ 115.139670499467456, -2.617299805625009 ], [ 115.139679493934977, -2.617299498039984 ], [ 115.139757284429948, -2.61729683806999 ], [ 115.139764720622452, -2.617296584222515 ], [ 115.139844071190055, -2.617293871417473 ], [ 115.139849945515039, -2.617293669492483 ], [ 115.139930858854996, -2.61729090475751 ], [ 115.139935176704967, -2.617290756572515 ], [ 115.14001764472755, -2.617287937184983 ], [ 115.140020410597458, -2.617287841842483 ], [ 115.140104433300053, -2.617284969610012 ], [ 115.140105635500049, -2.617284928902507 ], [ 115.140178850997472, -2.617282425752478 ], [ 115.140191208577448, -2.617282484869975 ], [ 115.140251095730036, -2.617282772199985 ], [ 115.140277913047498, -2.617282900802479 ], [ 115.140335336597445, -2.617283176317528 ], [ 115.140364614819987, -2.617283317629983 ], [ 115.140419579264972, -2.617283581335016 ], [ 115.140425242857532, -2.617283607864977 ], [ 115.140483220205056, -2.617279054680012 ], [ 115.140503722787457, -2.617277444062495 ], [ 115.14056723942997, -2.617272456054991 ], [ 115.140598834090042, -2.617269974920021 ], [ 115.140650989915002, -2.617263962654988 ], [ 115.140689277865022, -2.617259549197513 ], [ 115.14073458023995, -2.617254326957493 ], [ 115.140768798930026, -2.617250382155021 ], [ 115.140818173267462, -2.617244691259998 ], [ 115.140848319094971, -2.617241216009973 ], [ 115.140901762699968, -2.617235055547496 ], [ 115.140927841065036, -2.617232048957476 ], [ 115.140985353032534, -2.617225420737498 ], [ 115.141007361232482, -2.617222883704983 ], [ 115.141068943369987, -2.617215785014992 ], [ 115.141113492149998, -2.617210649347498 ], [ 115.141152026517489, -2.617202543345002 ], [ 115.141224928282554, -2.61718720765748 ], [ 115.141234531295026, -2.617185187439986 ], [ 115.141310103412479, -2.617169289675019 ], [ 115.141317037869953, -2.617167832434973 ], [ 115.141379430917482, -2.617154706397514 ], [ 115.141394986957494, -2.617150331377502 ], [ 115.141445385327529, -2.617136157540017 ], [ 115.141478609450019, -2.6171268120425 ], [ 115.14153108207995, -2.617112054439986 ], [ 115.141562233740046, -2.617103292699994 ], [ 115.141616775234979, -2.617087951327505 ], [ 115.141645851737508, -2.617079774244985 ], [ 115.141702466587503, -2.617063850914974 ], [ 115.141722065905014, -2.617058338057518 ], [ 115.141788627544997, -2.617041408659986 ], [ 115.14179269044746, -2.617040374842475 ], [ 115.141870767095043, -2.617020516595005 ], [ 115.141874927142453, -2.617019458505013 ], [ 115.141948840145005, -2.61700066014248 ], [ 115.14196122403996, -2.616997510147485 ], [ 115.142026916794975, -2.616980801882505 ], [ 115.142047515542458, -2.616975563582514 ], [ 115.142104992545001, -2.616960943612526 ], [ 115.142133810647465, -2.616953613397527 ], [ 115.142197691870024, -2.616937366295019 ], [ 115.142219793640038, -2.616930519787502 ], [ 115.142291323494987, -2.616908363132495 ], [ 115.142304862514948, -2.616904169557472 ], [ 115.142370539944977, -2.616883824405022 ], [ 115.142389925997463, -2.616877818407488 ], [ 115.142449750999958, -2.616859286569991 ], [ 115.14245414346999, -2.616857925904981 ], [ 115.1425176309275, -2.616833092472518 ], [ 115.142527165425008, -2.616829363132524 ], [ 115.142601462189987, -2.616800300402474 ], [ 115.142604476917541, -2.616799121244981 ], [ 115.14268178301495, -2.616768880247491 ], [ 115.142685298849983, -2.616767504715028 ], [ 115.142758572707521, -2.616738842829989 ], [ 115.142769144467479, -2.616734731637507 ], [ 115.142833319944998, -2.616709771705018 ], [ 115.142853049222481, -2.616702098794974 ], [ 115.142908585380042, -2.61668049970001 ], [ 115.142936957572488, -2.616669465044993 ], [ 115.142983849915026, -2.616651227687498 ], [ 115.143020862322487, -2.616636833995017 ], [ 115.143059118944961, -2.616621954769982 ], [ 115.143104767072487, -2.616604201127473 ], [ 115.143134383477445, -2.616592681837517 ], [ 115.143188674520047, -2.616571567349979 ], [ 115.143209649807545, -2.616563409807497 ], [ 115.143272578369988, -2.616538935367487 ], [ 115.143314287839985, -2.616522712147514 ], [ 115.143354253519988, -2.616501243569985 ], [ 115.143417899495034, -2.616467054167515 ], [ 115.14343372685255, -2.616458553485018 ], [ 115.143493697859981, -2.616426339789996 ], [ 115.143513193882541, -2.616415867 ], [ 115.143569491727476, -2.616385624492523 ], [ 115.143592660912532, -2.616373178697472 ], [ 115.143645288290031, -2.616344909192492 ], [ 115.143672126137517, -2.616330492190002 ], [ 115.143721089350038, -2.616304190272501 ], [ 115.143732752229994, -2.616297924990022 ], [ 115.143787202457474, -2.616263331242521 ], [ 115.143794056659999, -2.616258976690006 ], [ 115.143859658459974, -2.616217300367509 ], [ 115.143864654215008, -2.616214125790009 ], [ 115.143932433802547, -2.616171778137527 ], [ 115.143936263129945, -2.616169385799992 ], [ 115.144005234260021, -2.616126293917489 ], [ 115.144009738557543, -2.616123480305021 ], [ 115.14407803291499, -2.616080810590006 ], [ 115.144083213985027, -2.616077573897485 ], [ 115.144150836967469, -2.616035323647509 ], [ 115.144156686704946, -2.616031669285007 ], [ 115.144223637412551, -2.615989841210023 ], [ 115.144230165720046, -2.615985762865023 ], [ 115.144296435159958, -2.615944356955026 ], [ 115.144303641137526, -2.615939854625026 ], [ 115.144369239200046, -2.615898870890021 ], [ 115.14437711204755, -2.615893952699992 ], [ 115.144442037837507, -2.615853388427524 ], [ 115.144450590154975, -2.615848045349992 ], [ 115.144514836472467, -2.61580790505252 ], [ 115.144520077837456, -2.615804630464993 ], [ 115.144587912732504, -2.615763783862519 ], [ 115.144588333899947, -2.615763529494984 ], [ 115.144659779307517, -2.615720510849997 ], [ 115.144661888742462, -2.615719239914995 ], [ 115.14473165037748, -2.615677235122519 ], [ 115.144747607027512, -2.615667626912511 ], [ 115.144805147329976, -2.615636846320001 ], [ 115.144839409657493, -2.615618517730013 ], [ 115.144880759130046, -2.615596398262483 ], [ 115.144918563702504, -2.615575851414974 ], [ 115.144952797665042, -2.615557246082517 ], [ 115.14499757968747, -2.615532908190005 ], [ 115.14502319036751, -2.615518988449992 ], [ 115.145050666440056, -2.615504056024974 ], [ 115.145073608607504, -2.615496178050023 ], [ 115.14507879472751, -2.615494396272481 ], [ 115.145164501977547, -2.615464965947524 ], [ 115.145171543044967, -2.615462547629988 ], [ 115.145246193930006, -2.615427423159986 ], [ 115.14525740218005, -2.61542214912248 ], [ 115.145316273155004, -2.61539445120502 ], [ 115.145327528192524, -2.615389155537514 ], [ 115.145381105907518, -2.615363947249989 ], [ 115.145408524472487, -2.615350210129975 ], [ 115.145448888394981, -2.615329988062513 ], [ 115.145488875299975, -2.61530995622752 ], [ 115.145510788917477, -2.615298977887505 ], [ 115.14556393532996, -2.61527235200748 ], [ 115.145569319347487, -2.615269896865016 ], [ 115.145614813587486, -2.615249154337505 ], [ 115.145646542767508, -2.615234687560019 ], [ 115.145651392285004, -2.61523312772249 ], [ 115.145674909440004, -2.61522555982998 ], [ 115.14573294894501, -2.615206883127485 ], [ 115.145737893817454, -2.615205291780001 ], [ 115.145824396247463, -2.615177456737513 ], [ 115.145855360844962, -2.61516749282498 ], [ 115.145903611217477, -2.615134918807485 ], [ 115.145977615815013, -2.615084961997525 ], [ 115.14597876784751, -2.615084184257512 ], [ 115.14604394498997, -2.615040186817509 ], [ 115.146064441270028, -2.615026349869993 ], [ 115.146072349907513, -2.61502154474249 ], [ 115.146101421297544, -2.615010105005013 ], [ 115.146156793142495, -2.61498831644252 ], [ 115.146173003990043, -2.614981938512528 ], [ 115.146217811210022, -2.614964307315006 ], [ 115.146238849477527, -2.614958559572472 ], [ 115.146274142927496, -2.61494891584249 ], [ 115.146323448697444, -2.614935445387516 ], [ 115.146358365259971, -2.614925905082487 ], [ 115.146408043417523, -2.614912332995004 ], [ 115.146458459162545, -2.614898558547509 ], [ 115.146491775589993, -2.614886963239996 ], [ 115.146555897674943, -2.61486464781251 ], [ 115.146574235877551, -2.614858264897521 ], [ 115.146637861387489, -2.614836122340023 ], [ 115.146656699762502, -2.614829566552487 ], [ 115.146719823297531, -2.614807598664981 ], [ 115.146739161847449, -2.614800868195005 ], [ 115.146801787009963, -2.614779072272484 ], [ 115.146821621234949, -2.614772169827518 ], [ 115.146875607607512, -2.614753381230003 ], [ 115.146927406542545, -2.61473754895502 ], [ 115.146949823734985, -2.614733262684979 ], [ 115.147033239067468, -2.614717317279997 ], [ 115.147033786792463, -2.614717212297478 ], [ 115.147115594027468, -2.614701572844979 ], [ 115.147125427912556, -2.614699692157501 ], [ 115.147197566942509, -2.614683321289988 ], [ 115.147209604054979, -2.61468058936498 ], [ 115.147279490004962, -2.614664727847526 ], [ 115.147286139515018, -2.614663218597514 ], [ 115.147361408572465, -2.614646137107513 ], [ 115.147362674077499, -2.61464584872499 ], [ 115.147439214034989, -2.614628477950021 ], [ 115.147443330739975, -2.614627543652489 ], [ 115.147515747700027, -2.614611108064992 ], [ 115.147525252907485, -2.614608951997525 ], [ 115.147607173277493, -2.614590359427496 ], [ 115.1476190395, -2.614587665222473 ], [ 115.147687953710033, -2.614564301577502 ], [ 115.147731381890026, -2.614549576282513 ], [ 115.14773632778747, -2.614547899025013 ], [ 115.147781999692484, -2.614526167400015 ], [ 115.147812633882495, -2.614511589500012 ], [ 115.147857986372514, -2.614490007500024 ], [ 115.147884308904963, -2.614477480342487 ], [ 115.147887474970048, -2.614476106980021 ] ] ] } },
{ "type": "Feature", "properties": { "source_feature_id": 21, "nama_objek": "Jaringan Irigasi Primer", "orde_01": 45010000, "orde_02": 25011000, "orde_03": 25011100, "orde_04": 25011100, "jenis_sistem": 45000000, "status_jaringan": 2, "provinsi": "Provinsi Kalimantan Selatan", "kabupaten": "Kabupaten Hulu Sungai Selatan", "keterangan": "Jaringan Irigasi yang melalui D.I.R. Rawa Negara", "sumber_data": "Bidang Sumber Daya Air Dinas PUPR Provinsi Kalimantan Selatan, 2022", "source_shape_length": 0.0057141836096027505, "source_layer": "_6306_50KB_LN_SR_SDA_KABUPATEN_HULUSUNGAISELATAN_2024", "source_dataset": "_6306_50KB_RTRW_KABUPATEN_HULUSUNGAISELATAN_2025.gdb.zip" }, "geometry": { "type": "MultiLineString", "coordinates": [ [ [ 115.178577112792482, -2.787517856347506 ], [ 115.178297984892538, -2.787707594522487 ], [ 115.178075019077482, -2.787806404305002 ], [ 115.176615059277538, -2.788486637207484 ], [ 115.173471962734993, -2.7900606189325 ], [ 115.173465734930005, -2.790063737009973 ] ] ] } },
{ "type": "Feature", "properties": { "source_feature_id": 22, "nama_objek": "Jaringan Pengendalian Banjir", "orde_01": 45010000, "orde_02": 45012000, "orde_03": 25012100, "orde_04": 25012100, "jenis_sistem": 45000000, "status_jaringan": 2, "provinsi": "Provinsi Kalimantan Selatan", "kabupaten": "Kabupaten Hulu Sungai Selatan", "keterangan": "Tidak Ada", "sumber_data": "Dinas PUPR Kabupaten Hulu Sungai Selatan, 2023", "source_shape_length": 0.0064450313795907212, "source_layer": "_6306_50KB_LN_SR_SDA_KABUPATEN_HULUSUNGAISELATAN_2024", "source_dataset": "_6306_50KB_RTRW_KABUPATEN_HULUSUNGAISELATAN_2025.gdb.zip" }, "geometry": { "type": "MultiLineString", "coordinates": [ [ [ 115.152262876909958, -2.609091182955012 ], [ 115.152302951919978, -2.609087014812474 ], [ 115.152327712385045, -2.609084439030028 ], [ 115.152410500867518, -2.609075827227514 ], [ 115.152482454059964, -2.609068342379999 ], [ 115.152493289349991, -2.609067216322501 ], [ 115.152530662062532, -2.609063328114985 ], [ 115.152565482649948, -2.609059706504979 ], [ 115.152598010694987, -2.609058381900013 ], [ 115.152613900515007, -2.609059371092485 ], [ 115.152638841974976, -2.609060924332482 ], [ 115.152688169282555, -2.609063995629981 ], [ 115.15270582214248, -2.609065094125015 ], [ 115.152727138632486, -2.60906642137752 ], [ 115.152791501639967, -2.609073527895021 ], [ 115.15280394902004, -2.609074903537476 ], [ 115.152877071765033, -2.609082976959996 ], [ 115.152891071699969, -2.609084522180012 ], [ 115.152962642797547, -2.609092423307516 ], [ 115.15297818988995, -2.609094139904983 ], [ 115.153048219229959, -2.609101871467487 ], [ 115.153065308087548, -2.609103757625007 ], [ 115.153133792967537, -2.609111319617512 ], [ 115.153153677677551, -2.609113514629996 ], [ 115.153219405039977, -2.609120380804995 ], [ 115.153235804517522, -2.609122095042494 ], [ 115.153305030772458, -2.609129327170024 ], [ 115.153316680857529, -2.609130544294999 ], [ 115.153390651117547, -2.609138272617486 ], [ 115.153397559000041, -2.609138993547504 ], [ 115.15347628046004, -2.609147217167504 ], [ 115.153478435352554, -2.609147441887501 ], [ 115.153559310807509, -2.609155892030003 ], [ 115.153561903512468, -2.609156162607519 ], [ 115.153629400115051, -2.609163214034993 ], [ 115.153671434902549, -2.609169770332528 ], [ 115.153705282644978, -2.609179092379975 ], [ 115.153761654507548, -2.609194618209983 ], [ 115.153775243039945, -2.609198360122491 ], [ 115.153790667759949, -2.609202608407486 ], [ 115.153828443140014, -2.609213013200019 ], [ 115.153855609417519, -2.609220494292515 ], [ 115.153876052882538, -2.609226125334999 ], [ 115.153895216495016, -2.609231403642525 ], [ 115.153935978500044, -2.609242628464983 ], [ 115.153949639834991, -2.60924639128001 ], [ 115.153961787507455, -2.609250441220013 ], [ 115.154021611902522, -2.609270385742491 ], [ 115.154037533202541, -2.60927569272252 ], [ 115.154113280700017, -2.609300946029975 ], [ 115.154147060889954, -2.609312208474989 ], [ 115.154191746240031, -2.609318216179986 ], [ 115.154265159562556, -2.609328085790025 ], [ 115.154272400662535, -2.609329058587491 ], [ 115.154338656492541, -2.609337966369992 ], [ 115.154353052389979, -2.609339901889996 ], [ 115.154375508337466, -2.609342920824986 ], [ 115.154415743980053, -2.609353794922527 ], [ 115.154431242529995, -2.609357982724987 ], [ 115.154491065267507, -2.609374151117493 ], [ 115.154508480909954, -2.609378858069988 ], [ 115.154566391947469, -2.609394510029972 ], [ 115.154586476069994, -2.609399937080013 ], [ 115.154641687845015, -2.609415018999982 ], [ 115.154668433607526, -2.609422324039997 ], [ 115.154698329577514, -2.60943049094999 ], [ 115.154746827920007, -2.609447153525025 ], [ 115.154748507560043, -2.609447730197473 ], [ 115.154813569537509, -2.609470083184988 ], [ 115.154827931397449, -2.609475017117518 ], [ 115.154880313857461, -2.609493014657517 ], [ 115.15490735614253, -2.609502304945011 ], [ 115.154924443710001, -2.609508176074996 ], [ 115.154971854642554, -2.609528790390016 ], [ 115.154985066229983, -2.609534534634975 ], [ 115.155041261527458, -2.609558968764986 ], [ 115.155062307697449, -2.60956811909 ], [ 115.155110665725033, -2.609589145327504 ], [ 115.155139549172532, -2.609601704449972 ], [ 115.155153761759948, -2.609607885109995 ], [ 115.15519760457255, -2.609632452932487 ], [ 115.155214498082501, -2.609641919947478 ], [ 115.155266794840031, -2.609671225807517 ], [ 115.155312406605049, -2.609696786384973 ], [ 115.155334210610022, -2.609712200609977 ], [ 115.155400629512542, -2.609759158217514 ], [ 115.155417980202515, -2.609771424534983 ], [ 115.155470203627488, -2.609801085655022 ], [ 115.155511301387492, -2.609824428699994 ], [ 115.155540857530013, -2.609841216147515 ], [ 115.155583602937554, -2.609865496607483 ], [ 115.155611514132488, -2.60988134935252 ], [ 115.155655904500009, -2.609906562705021 ], [ 115.155682166250017, -2.609921478935007 ], [ 115.155728206965023, -2.609947629707506 ], [ 115.155752819272493, -2.609961609422498 ], [ 115.155782518267529, -2.609978478459993 ], [ 115.15582151733247, -2.610004995015004 ], [ 115.155828196677476, -2.610009536022517 ], [ 115.155888796722479, -2.610050739490021 ], [ 115.155891006405, -2.610052241077483 ], [ 115.155953811644963, -2.610094944317495 ], [ 115.155956076117491, -2.610096483964981 ], [ 115.156016616887541, -2.610137648462512 ], [ 115.156029817487479, -2.610146623547507 ], [ 115.156082560479945, -2.610185037594988 ], [ 115.156104028057484, -2.610199954892494 ], [ 115.156158037420028, -2.610237490075008 ], [ 115.156172650639974, -2.610247645469997 ], [ 115.156229150787453, -2.610286910525019 ], [ 115.156241275925026, -2.61029533786251 ], [ 115.156300265060054, -2.610336332784982 ], [ 115.156309900320025, -2.610343029345017 ], [ 115.156371377545042, -2.610385753232492 ], [ 115.156378525619971, -2.610390719927523 ], [ 115.156442489134974, -2.610435173680003 ], [ 115.156447148229972, -2.610438411409973 ], [ 115.156513928587515, -2.610484820670024 ], [ 115.156515773550041, -2.610486098372519 ], [ 115.156580596907475, -2.610530991047483 ], [ 115.156584477257525, -2.610533677847513 ], [ 115.156646939174948, -2.610576937594999 ], [ 115.156653179170007, -2.610581259130015 ], [ 115.156713286837544, -2.610622887767477 ], [ 115.156718023200028, -2.610626167204998 ], [ 115.156780442777517, -2.610667639200017 ], [ 115.156781959949967, -2.610668646954991 ], [ 115.156847660000039, -2.61071229849 ], [ 115.156849803262503, -2.610713722214996 ], [ 115.156917645682483, -2.610758797475 ], [ 115.156924731204981, -2.610763505462501 ], [ 115.156987475247547, -2.610800756022513 ], [ 115.157005081274974, -2.610811208804989 ], [ 115.157057535525041, -2.610842351404983 ], [ 115.157074975357546, -2.610852706285016 ], [ 115.157127595810039, -2.61088394678751 ], [ 115.157144868549949, -2.610894201952476 ], [ 115.157197656999983, -2.610925543072483 ], [ 115.157214763544971, -2.610935699432503 ], [ 115.157267104617517, -2.610966774044982 ], [ 115.157267683962459, -2.610967183617504 ], [ 115.157319177430054, -2.611003621857492 ], [ 115.157334240407522, -2.611014280675022 ], [ 115.157387928210028, -2.61105226840499 ], [ 115.157393572562455, -2.611056262629972 ], [ 115.157456928125043, -2.611097785735012 ], [ 115.157458355490007, -2.611098721017527 ], [ 115.157527702577454, -2.611144168327485 ], [ 115.15752893860747, -2.611144978542484 ], [ 115.157598476135036, -2.61119055272502 ], [ 115.157599517242488, -2.611191234252487 ], [ 115.15766925150001, -2.611236936222497 ], [ 115.157695689635034, -2.611254263422495 ], [ 115.157743512305046, -2.611276887544989 ], [ 115.157792073560017, -2.611299861794976 ], [ 115.157819848522536, -2.611313001602525 ], [ 115.157860851452483, -2.61133240109001 ], [ 115.157896183844969, -2.611349115657504 ], [ 115.157972523669969, -2.611385231524991 ], [ 115.158011610969993, -2.611403723942487 ], [ 115.158050872577519, -2.611422302519998 ], [ 115.158105174572484, -2.611418921089978 ] ] ] } },
{ "type": "Feature", "properties": { "source_feature_id": 23, "nama_objek": "Jaringan Irigasi Primer", "orde_01": 45010000, "orde_02": 25011000, "orde_03": 25011100, "orde_04": 25011100, "jenis_sistem": 45000000, "status_jaringan": 2, "provinsi": "Provinsi Kalimantan Selatan", "kabupaten": "Kabupaten Hulu Sungai Selatan", "keterangan": "Jaringan Irigasi yang melalui D.I.R. Rawa Negara", "sumber_data": "Bidang Sumber Daya Air Dinas PUPR Provinsi Kalimantan Selatan, 2022", "source_shape_length": 0.019924799208965178, "source_layer": "_6306_50KB_LN_SR_SDA_KABUPATEN_HULUSUNGAISELATAN_2024", "source_dataset": "_6306_50KB_RTRW_KABUPATEN_HULUSUNGAISELATAN_2025.gdb.zip" }, "geometry": { "type": "MultiLineString", "coordinates": [ [ [ 115.174569399457482, -2.786507302964992 ], [ 115.174782542489993, -2.786519689570014 ], [ 115.17533306079747, -2.78646207459002 ], [ 115.176111017109974, -2.78638248922249 ], [ 115.176557599362468, -2.786350544434981 ], [ 115.177119613717537, -2.786350635809981 ], [ 115.177379573564963, -2.786376310404989 ], [ 115.177597754982457, -2.786475605610008 ], [ 115.177664193804958, -2.786501101227486 ], [ 115.177856317484952, -2.786692445765027 ], [ 115.178183985109968, -2.787091025902498 ], [ 115.178577112792482, -2.787517856347506 ] ], [ [ 115.178577112792482, -2.787517856347506 ], [ 115.178679161380046, -2.787628654782509 ], [ 115.178878151737536, -2.7878642053725 ], [ 115.178990155917518, -2.787976407327506 ] ], [ [ 115.178990155917518, -2.787976407327506 ], [ 115.179033541257468, -2.788019868945014 ], [ 115.179320812137462, -2.78810564175501 ], [ 115.179653065942489, -2.788190785467521 ], [ 115.179772731859998, -2.788240558884979 ], [ 115.180197683027473, -2.788396737279982 ], [ 115.180593028749968, -2.788549728215003 ], [ 115.180784111395042, -2.788606859237518 ], [ 115.181045442669983, -2.788668913627475 ], [ 115.181322800142539, -2.788785935299984 ], [ 115.181510173350034, -2.788839004010015 ], [ 115.182276532180026, -2.788891637157519 ], [ 115.182567600922539, -2.788928681502512 ], [ 115.184195011657494, -2.789027487395003 ], [ 115.185150928217467, -2.789100340807522 ], [ 115.185864870262549, -2.789129785015007 ], [ 115.186369579899974, -2.789130142990018 ], [ 115.187050095792529, -2.789189178037475 ], [ 115.18747230779752, -2.789276777022508 ], [ 115.187740096605012, -2.789334044067516 ], [ 115.188337851275037, -2.789461222632497 ], [ 115.188600296530012, -2.789528032022474 ], [ 115.188827794824988, -2.78956015606002 ], [ 115.189009156669954, -2.789557968074973 ], [ 115.189234485000043, -2.789567800557506 ], [ 115.189599202397517, -2.789530572229978 ], [ 115.18979602305501, -2.789527762392481 ], [ 115.189930819964957, -2.78957385108248 ], [ 115.190020465812495, -2.789659808285023 ], [ 115.190207063217485, -2.789802988544977 ], [ 115.190315315472503, -2.789933518257499 ], [ 115.190482861772466, -2.790091299047504 ], [ 115.190586276509976, -2.790117370467499 ], [ 115.190837029647469, -2.790140785102494 ], [ 115.191090669570031, -2.790175940519987 ], [ 115.191391633517469, -2.790231690272492 ], [ 115.191585444060024, -2.790325702635016 ], [ 115.191842318320028, -2.790440652885025 ], [ 115.192015031905044, -2.790578091282498 ], [ 115.19211750240504, -2.79074606374752 ], [ 115.192144619745022, -2.790999478917513 ], [ 115.192119762009952, -2.791309301895012 ], [ 115.192025490555011, -2.791472939110008 ], [ 115.191848101169967, -2.791719199204977 ] ] ] } },
{ "type": "Feature", "properties": { "source_feature_id": 24, "nama_objek": "Jaringan Irigasi Primer", "orde_01": 45010000, "orde_02": 25011000, "orde_03": 25011100, "orde_04": 25011100, "jenis_sistem": 45000000, "status_jaringan": 2, "provinsi": "Provinsi Kalimantan Selatan", "kabupaten": "Kabupaten Hulu Sungai Selatan", "keterangan": "Jaringan Irigasi yang melalui D.I.R. Rawa Angkinang", "sumber_data": "Bidang Sumber Daya Air Dinas PUPR Provinsi Kalimantan Selatan, 2022", "source_shape_length": 0.015193430467738238, "source_layer": "_6306_50KB_LN_SR_SDA_KABUPATEN_HULUSUNGAISELATAN_2024", "source_dataset": "_6306_50KB_RTRW_KABUPATEN_HULUSUNGAISELATAN_2025.gdb.zip" }, "geometry": { "type": "MultiLineString", "coordinates": [ [ [ 115.259785139707446, -2.701495795372523 ], [ 115.259795573330052, -2.701455027687473 ], [ 115.25985034858752, -2.701301548565027 ], [ 115.260485809217471, -2.699159784620008 ], [ 115.260589059290055, -2.699008085969979 ], [ 115.261035499487548, -2.697421861665021 ], [ 115.261183169947458, -2.696846317257496 ] ], [ [ 115.259481494650004, -2.710641784839993 ], [ 115.259387931055016, -2.709286256877476 ], [ 115.259067413859952, -2.707470553177473 ], [ 115.259020003785054, -2.707398397237512 ], [ 115.25860683513497, -2.70533418018249 ], [ 115.258173869754955, -2.704683682147504 ], [ 115.258321753962491, -2.704064631695019 ], [ 115.258400958685002, -2.703993819594984 ], [ 115.258594901470019, -2.703254840317527 ], [ 115.25925924091996, -2.703392260354974 ], [ 115.25961682793502, -2.702153442349982 ], [ 115.259785139707446, -2.701495795372523 ] ] ] } },
{ "type": "Feature", "properties": { "source_feature_id": 25, "nama_objek": "Jaringan Irigasi Primer", "orde_01": 45010000, "orde_02": 25011000, "orde_03": 25011100, "orde_04": 25011100, "jenis_sistem": 45000000, "status_jaringan": 2, "provinsi": "Provinsi Kalimantan Selatan", "kabupaten": "Kabupaten Hulu Sungai Selatan", "keterangan": "Jaringan Irigasi yang melalui D.I. Amandit", "sumber_data": "Balai Wilayah Sungai Kalimantan II Kementerian PUPR, 2019", "source_shape_length": 0.13077324271670038, "source_layer": "_6306_50KB_LN_SR_SDA_KABUPATEN_HULUSUNGAISELATAN_2024", "source_dataset": "_6306_50KB_RTRW_KABUPATEN_HULUSUNGAISELATAN_2025.gdb.zip" }, "geometry": { "type": "MultiLineString", "coordinates": [ [ [ 115.28903376425751, -2.819034057162526 ], [ 115.28897427795755, -2.819028108484986 ], [ 115.288789869567495, -2.819147080447522 ], [ 115.288296130185017, -2.81959322942248 ], [ 115.288165260770029, -2.819813329162514 ], [ 115.288089117137474, -2.820163110217493 ], [ 115.287851171342481, -2.821305251505009 ], [ 115.287546600525047, -2.821743072987488 ], [ 115.287137333094961, -2.822019091230004 ], [ 115.286680476099946, -2.822352215172486 ], [ 115.286556744897553, -2.822571125809986 ], [ 115.286632887827523, -2.822913768182502 ], [ 115.286785174565011, -2.823580016484982 ], [ 115.286670959549951, -2.823903624309992 ], [ 115.286537708504966, -2.824322409 ], [ 115.286385424172522, -2.824465176352476 ], [ 115.286214102702502, -2.824579390977476 ], [ 115.285976156777451, -2.82471264093499 ], [ 115.285585925302485, -2.825045766527523 ], [ 115.285395568702484, -2.825359853502505 ], [ 115.285138586785024, -2.826168870727486 ], [ 115.285005335534947, -2.82644488875502 ], [ 115.284891122187446, -2.82662572633501 ], [ 115.284453300424957, -2.826987405094997 ], [ 115.283872713672508, -2.827548957399983 ], [ 115.283472963219992, -2.827786905605024 ], [ 115.282911410847532, -2.827958224504982 ], [ 115.282102394102481, -2.828205689632512 ], [ 115.281360002747533, -2.828386527477505 ], [ 115.280922181145002, -2.828576885737505 ], [ 115.280550985640048, -2.828929045599978 ], [ 115.280389182087447, -2.829281206145026 ], [ 115.280255932839964, -2.829557224517487 ] ], [ [ 115.291010446564997, -2.834712481589975 ], [ 115.29109199767754, -2.834607628927472 ], [ 115.291181228074947, -2.834458912520006 ], [ 115.291246662252547, -2.834333991070025 ], [ 115.291300200652472, -2.834012763272483 ], [ 115.291323994477466, -2.833697485087498 ], [ 115.291389430799995, -2.832614830984994 ], [ 115.291425121582506, -2.83240662758999 ], [ 115.291425121317502, -2.832263859340003 ], [ 115.291609529380025, -2.83190099123749 ], [ 115.291835579672465, -2.831460792367523 ], [ 115.292073525509977, -2.831056283142516 ], [ 115.292210344764953, -2.830746953339997 ], [ 115.292246035240055, -2.83061608247499 ], [ 115.292287676749993, -2.830390034902507 ], [ 115.292323368355028, -2.830152089590001 ], [ 115.292406649459963, -2.829795168144983 ], [ 115.292531571720019, -2.829378764192484 ], [ 115.29263269931505, -2.828980204022514 ], [ 115.292620801687463, -2.828760102552508 ], [ 115.292525622380026, -2.828545951230012 ], [ 115.292234138922481, -2.828254468044975 ], [ 115.291704709140049, -2.827808319284998 ], [ 115.291621428282497, -2.827754781407521 ], [ 115.291520300662455, -2.827612013630016 ], [ 115.291502455365048, -2.8275346816975 ], [ 115.291472711927554, -2.827391913737472 ], [ 115.291609530862502, -2.827094480880021 ], [ 115.291906963685051, -2.826535307880022 ], [ 115.292121115247483, -2.825993980097508 ], [ 115.292305523092523, -2.825619214054996 ], [ 115.29240070128003, -2.825256347874983 ], [ 115.292359060807485, -2.824792352557495 ], [ 115.292228190842479, -2.824304562457485 ], [ 115.292019987347544, -2.823828670987496 ], [ 115.291912911557461, -2.823513392722475 ], [ 115.291657119779984, -2.822989910665001 ], [ 115.291276405210056, -2.822531864257485 ], [ 115.291014666414981, -2.822240380555002 ], [ 115.290949229997523, -2.822133304477518 ], [ 115.290931385497515, -2.822038126122493 ], [ 115.290848103359963, -2.821318340022515 ], [ 115.290782668197494, -2.820604501720027 ], [ 115.290705335759981, -2.820265427399988 ], [ 115.290604208307514, -2.820051276787524 ], [ 115.290140212534993, -2.819611075535022 ], [ 115.289801141502494, -2.819266054279979 ], [ 115.289539398567513, -2.819158978684982 ], [ 115.289200326825039, -2.819075697772519 ], [ 115.28903376425751, -2.819034057162526 ] ], [ [ 115.280255932839964, -2.829557224517487 ], [ 115.280141717184961, -2.829728544117472 ], [ 115.279970397465036, -2.829823722334993 ], [ 115.279075719877483, -2.829614329575008 ], [ 115.27899957754255, -2.829614329960009 ], [ 115.277771775437486, -2.830042633762503 ], [ 115.277286365350051, -2.830252025800007 ], [ 115.277076972387476, -2.830328168915003 ], [ 115.277029383242507, -2.830442383205025 ], [ 115.277143597635018, -2.831422719474972 ], [ 115.277105525934985, -2.831632113722492 ], [ 115.277029382995011, -2.831774881069975 ], [ 115.276829508769993, -2.831965237622512 ], [ 115.276543972997501, -2.832174630859981 ], [ 115.276353615962535, -2.832374504745019 ], [ 115.276156658214973, -2.832725334169993 ] ], [ [ 115.276156658214973, -2.832725334169993 ], [ 115.276049044252545, -2.832917021150024 ], [ 115.275849170664969, -2.833278699437528 ], [ 115.275734956892506, -2.833373878727514 ], [ 115.27565881355747, -2.833402431064997 ], [ 115.275535082132478, -2.833450021827502 ], [ 115.275068707782452, -2.833535682524996 ], [ 115.274749859607482, -2.833585650575003 ], [ 115.274549985154977, -2.833642757964981 ], [ 115.274243033264952, -2.833707003534983 ], [ 115.274021743539947, -2.833742694797479 ], [ 115.273743347682512, -2.833792663417512 ], [ 115.273600580332527, -2.833806940889986 ], [ 115.273425689764963, -2.833914016254994 ], [ 115.273090185387446, -2.834295919160013 ], [ 115.272901018802486, -2.834513640890009 ], [ 115.272672589567492, -2.834788467915018 ], [ 115.272429884360008, -2.834956220002482 ], [ 115.272044411282536, -2.835091849679998 ], [ 115.271658939999952, -2.835195355840028 ], [ 115.27108073126999, -2.835316709062511 ], [ 115.270945100455037, -2.835370246867512 ], [ 115.27081304184253, -2.835455907004985 ], [ 115.270670273980045, -2.835587967657489 ], [ 115.270399015145017, -2.835873501419997 ], [ 115.270170586569975, -2.836098360537505 ], [ 115.269817237075017, -2.836362481722517 ], [ 115.269488870404984, -2.836540940149973 ], [ 115.269089121984962, -2.836772937512478 ], [ 115.268218238569943, -2.837097734467477 ], [ 115.267226004097552, -2.837440377567475 ], [ 115.266604964902513, -2.837686651922525 ], [ 115.266226629302537, -2.83785797196748 ], [ 115.265862573127492, -2.838218461802512 ], [ 115.265444977737502, -2.838746702154992 ], [ 115.264731139504988, -2.839696106592498 ], [ 115.264110099869981, -2.840474191499993 ], [ 115.263721057835028, -2.840931046860021 ], [ 115.263174972010006, -2.841387902382507 ], [ 115.26309287992251, -2.841420026287494 ], [ 115.263017927610008, -2.841437871342521 ], [ 115.262571777905009, -2.841380764512508 ], [ 115.262136337417473, -2.841348642145022 ], [ 115.261740155350026, -2.841398610950023 ], [ 115.261226192727463, -2.841527101897498 ], [ 115.260647983897456, -2.841741253775012 ], [ 115.259987682309998, -2.842073187810001 ], [ 115.259134647399947, -2.84242653757002 ], [ 115.258606406842546, -2.842658535652504 ], [ 115.25828815258501, -2.842868522167521 ], [ 115.257907439257451, -2.843204621937502 ], [ 115.256988372462502, -2.843966049087499 ], [ 115.256521403390025, -2.844364609169986 ], [ 115.256289406232554, -2.844703682695013 ], [ 115.255932486974984, -2.845239060149993 ], [ 115.255551773672551, -2.845863669799996 ], [ 115.255182957345028, -2.846595353192527 ], [ 115.255025318039998, -2.846913606577516 ], [ 115.254867679499966, -2.847365704544984 ], [ 115.254820089332497, -2.847422216170003 ], [ 115.254742755442521, -2.847466831819986 ], [ 115.254591066182456, -2.847532266752523 ], [ 115.254442350019985, -2.847567958712489 ], [ 115.254067584227528, -2.847603650109988 ], [ 115.253850459467458, -2.847692880182478 ], [ 115.253457847604977, -2.847877288675022 ], [ 115.252889750500003, -2.848192566622515 ], [ 115.252143195245026, -2.848561382517516 ], [ 115.251902274324948, -2.848695228525003 ], [ 115.251845864819984, -2.848738659502487 ] ], [ [ 115.293374598567539, -2.859010291267509 ], [ 115.293203769310026, -2.859373853037482 ], [ 115.293197820760042, -2.859373852284989 ], [ 115.293156179494986, -2.859492825740006 ], [ 115.293066950835055, -2.859534465905028 ], [ 115.293007463930053, -2.859546363567517 ], [ 115.292829003447537, -2.859534465587501 ], [ 115.291121741012489, -2.859058573902473 ], [ 115.290901641297523, -2.858999087595009 ], [ 115.290782668082556, -2.858951499527507 ], [ 115.290556619192444, -2.858897960027491 ], [ 115.290461440769946, -2.858897959547505 ], [ 115.290336519194966, -2.858969343807473 ], [ 115.289842780569984, -2.859171599412491 ], [ 115.289289556307494, -2.859516619524982 ], [ 115.289188429179944, -2.859510670522525 ], [ 115.28905755758251, -2.859474980482503 ], [ 115.288920739469972, -2.859385750305023 ], [ 115.288587615647543, -2.859189444774984 ], [ 115.288319925417454, -2.859070471204973 ], [ 115.287927313445039, -2.858921754977473 ], [ 115.287594190549953, -2.858897960707509 ], [ 115.287112348217534, -2.858874165784982 ], [ 115.286684046807522, -2.858897959482476 ], [ 115.286440151440047, -2.858981241667493 ], [ 115.28597615551746, -2.859207289524988 ], [ 115.285393189137494, -2.85954041421752 ], [ 115.285101704999988, -2.859605849545005 ], [ 115.284935142845029, -2.859611798380001 ], [ 115.28478047759495, -2.859611797567482 ], [ 115.284138023075002, -2.859593952640012 ], [ 115.283727565755044, -2.859582056424983 ], [ 115.283305212112509, -2.859522568662499 ], [ 115.282763884117458, -2.85936790405998 ], [ 115.282186864539995, -2.859106162425007 ], [ 115.281740716017453, -2.858874165587508 ], [ 115.281490872334984, -2.858725448137477 ], [ 115.281246977720002, -2.858558886912476 ], [ 115.28094359643751, -2.858243608882503 ], [ 115.280818674122543, -2.858047302460022 ], [ 115.280788932004953, -2.857987816205025 ], [ 115.280765136409968, -2.857767716079991 ], [ 115.280699701682465, -2.85748812989749 ], [ 115.28064616367999, -2.857387002774999 ], [ 115.279950172062513, -2.856917058434988 ], [ 115.279040027997553, -2.856316244164987 ], [ 115.278784235259991, -2.856096144030005 ], [ 115.278760441572445, -2.855989068940005 ], [ 115.278754492014968, -2.855745174825017 ], [ 115.278778287260025, -2.855566715407519 ], [ 115.278831824492499, -2.855370408272506 ], [ 115.27893295218496, -2.855209795829978 ], [ 115.279218486457466, -2.854936156550025 ], [ 115.279367202477488, -2.854799338115015 ], [ 115.279521867595008, -2.854614930742514 ], [ 115.279753865559996, -2.854317498069975 ], [ 115.279878787742518, -2.854008167380016 ], [ 115.28003940040503, -2.853544173504986 ], [ 115.280176221002534, -2.852984999592479 ], [ 115.280253552635031, -2.852586440382481 ], [ 115.280283295447475, -2.852360390910007 ], [ 115.280330885747503, -2.852146239897479 ], [ 115.28046175613747, -2.851955882215009 ], [ 115.281014980507507, -2.851396709172491 ], [ 115.281336207610025, -2.851093328037507 ], [ 115.281728818654983, -2.850813741972502 ], [ 115.281978662235019, -2.850676922460025 ], [ 115.282686551522488, -2.850230773274973 ], [ 115.283739464450036, -2.849552627759977 ], [ 115.284167766682458, -2.849195707942499 ], [ 115.284185613660043, -2.8491302722 ], [ 115.284197509597448, -2.849011300067502 ], [ 115.28419156063751, -2.848678175029988 ], [ 115.284132073222509, -2.847875106912511 ], [ 115.284138024445042, -2.847791825935019 ], [ 115.284155869132519, -2.847684750659994 ], [ 115.284167765444977, -2.847524136290019 ], [ 115.284251046962481, -2.847423009757506 ], [ 115.284512787817448, -2.847131525872499 ], [ 115.284703145587514, -2.846988757122517 ], [ 115.284917296055028, -2.84684004192502 ], [ 115.285256369892522, -2.846612009795024 ], [ 115.285351549567508, -2.846498985767482 ], [ 115.28541698373499, -2.846344321125002 ], [ 115.285458624032458, -2.846082580347513 ], [ 115.285470521227467, -2.845957658689997 ], [ 115.285351546959987, -2.84567212260248 ], [ 115.285280163387483, -2.845582893240021 ], [ 115.284947039687495, -2.845303307599977 ], [ 115.284709093957531, -2.845101052790028 ], [ 115.284637710167544, -2.845029668950019 ], [ 115.284596068329961, -2.844976130765019 ], [ 115.284560377242542, -2.844910694517523 ], [ 115.284524685160022, -2.844815516657491 ], [ 115.284500890572531, -2.844684646567487 ], [ 115.284506839314986, -2.844559724220005 ], [ 115.284524685844985, -2.844488340812518 ], [ 115.284548480012518, -2.844393161424989 ], [ 115.284590120422536, -2.844351521725002 ], [ 115.284697195307444, -2.844250394372523 ], [ 115.285149293882455, -2.84369122206499 ], [ 115.285541905505056, -2.843227226147519 ], [ 115.285660878572457, -2.843066612287487 ], [ 115.285756056567493, -2.842971433542516 ], [ 115.28592261897245, -2.842888152525006 ], [ 115.286190308529967, -2.842781077307507 ], [ 115.286440151587499, -2.842691848034974 ], [ 115.286511534369993, -2.842608566862509 ], [ 115.286594816785055, -2.842477696357491 ], [ 115.286612661297454, -2.842406312815001 ], [ 115.286612661297454, -2.842210006542473 ], [ 115.286660250544969, -2.841525911977499 ], [ 115.286743532942523, -2.841085712497488 ], [ 115.286820865130039, -2.840913200677505 ], [ 115.287058810587496, -2.840413514067507 ], [ 115.287522806845004, -2.839586651200023 ], [ 115.288022492865025, -2.838694353832523 ], [ 115.288313976354971, -2.838194665542517 ], [ 115.288403206984981, -2.838010259547502 ], [ 115.28853407700251, -2.837748517824991 ], [ 115.288879098854977, -2.837129857879972 ], [ 115.288992123737444, -2.836921655052492 ], [ 115.289117046522506, -2.836826475452483 ], [ 115.289194376577484, -2.83668965779998 ], [ 115.289503707612539, -2.83614833014002 ], [ 115.289581039175005, -2.836070997612524 ], [ 115.289949856432486, -2.835797360052482 ], [ 115.290366262417479, -2.835434491829972 ], [ 115.290925434437554, -2.834821780997515 ], [ 115.291010446564997, -2.834712481589975 ] ], [ [ 115.251845864819984, -2.848738659502487 ], [ 115.251566175407447, -2.848953994862484 ], [ 115.251197359812522, -2.849361477109994 ], [ 115.250623314732479, -2.849917676689984 ], [ 115.250165268392493, -2.850262698527501 ], [ 115.249858913225012, -2.850459004110007 ], [ 115.249849989760037, -2.85043223355251 ], [ 115.24933840597248, -2.850815922534991 ], [ 115.249088562785005, -2.851021151697523 ], [ 115.248707848935055, -2.851461350937484 ], [ 115.248339031512501, -2.851898577595023 ], [ 115.247946421339975, -2.85226441944252 ], [ 115.247530016472524, -2.852657031195008 ], [ 115.247213546572539, -2.853030605847493 ], [ 115.246647234202555, -2.853818207587494 ], [ 115.246073785210001, -2.854639121394996 ], [ 115.245712107142481, -2.855122152547494 ], [ 115.245229076794999, -2.855771744392484 ], [ 115.245124379575032, -2.855881200079978 ], [ 115.244936403270003, -2.855981137827484 ], [ 115.244598519814986, -2.856033486224987 ], [ 115.24421304740747, -2.856107248997489 ], [ 115.243967962562465, -2.856197668937511 ], [ 115.243789503232506, -2.85629998572 ], [ 115.243715739712457, -2.856487963275015 ], [ 115.243444480727476, -2.857006684454973 ], [ 115.243173222820019, -2.857465921694995 ], [ 115.243032835570034, -2.857806184572496 ], [ 115.242742540287509, -2.857991783430009 ], [ 115.241916867254986, -2.858420084287502 ], [ 115.241505219097462, -2.858677067039991 ], [ 115.241100711747549, -2.858934048769981 ], [ 115.240838970505024, -2.858993534417493 ], [ 115.240370217299983, -2.859007812527523 ], [ 115.240163204589976, -2.858953084765005 ], [ 115.239787964899961, -2.858729940320018 ], [ 115.239558378004972, -2.858516150847493 ] ] ] } },
{ "type": "Feature", "properties": { "source_feature_id": 26, "nama_objek": "Jaringan Irigasi Primer", "orde_01": 45010000, "orde_02": 25011000, "orde_03": 25011100, "orde_04": 25011100, "jenis_sistem": 45000000, "status_jaringan": 2, "provinsi": "Provinsi Kalimantan Selatan", "kabupaten": "Kabupaten Hulu Sungai Selatan", "keterangan": "Jaringan Irigasi yang melalui D.I.R. Rawa Negara", "sumber_data": "Bidang Sumber Daya Air Dinas PUPR Provinsi Kalimantan Selatan, 2022", "source_shape_length": 0.010455351897408359, "source_layer": "_6306_50KB_LN_SR_SDA_KABUPATEN_HULUSUNGAISELATAN_2024", "source_dataset": "_6306_50KB_RTRW_KABUPATEN_HULUSUNGAISELATAN_2025.gdb.zip" }, "geometry": { "type": "MultiLineString", "coordinates": [ [ [ 115.151083869502486, -2.809032280127497 ], [ 115.151566734044991, -2.80880984424499 ], [ 115.152418446117508, -2.808417496562527 ], [ 115.153751792199955, -2.807744689892502 ], [ 115.155645617115056, -2.806777300095007 ], [ 115.157655233167475, -2.805805539227492 ], [ 115.159348025784993, -2.804962564767493 ], [ 115.160416095652522, -2.804431743959981 ] ], [ [ 115.160416095652522, -2.804431743959981 ], [ 115.160458249987528, -2.804458430562477 ] ] ] } },
{ "type": "Feature", "properties": { "source_feature_id": 27, "nama_objek": "Jaringan Irigasi Primer", "orde_01": 45010000, "orde_02": 25011000, "orde_03": 25011100, "orde_04": 25011100, "jenis_sistem": 45000000, "status_jaringan": 2, "provinsi": "Provinsi Kalimantan Selatan", "kabupaten": "Kabupaten Hulu Sungai Selatan", "keterangan": "Jaringan Irigasi yang melalui D.I.R. Tanggul Lunggau", "sumber_data": "Bidang Sumber Daya Air Dinas PUPR Provinsi Kalimantan Selatan, 2022", "source_shape_length": 0.036212371142861008, "source_layer": "_6306_50KB_LN_SR_SDA_KABUPATEN_HULUSUNGAISELATAN_2024", "source_dataset": "_6306_50KB_RTRW_KABUPATEN_HULUSUNGAISELATAN_2025.gdb.zip" }, "geometry": { "type": "MultiLineString", "coordinates": [ [ [ 115.210940354269951, -2.745114855712472 ], [ 115.210637503382486, -2.745470583300005 ], [ 115.210392810542544, -2.745761441920024 ], [ 115.210174766912473, -2.745912943969984 ], [ 115.210073834679974, -2.746117144870027 ], [ 115.209962347105034, -2.746307296509997 ], [ 115.209912791940042, -2.746512320737509 ], [ 115.209862960497503, -2.746741003805028 ], [ 115.20981265890498, -2.746848803602518 ], [ 115.209701892115049, -2.747006530085002 ], [ 115.209617304502444, -2.747196910207492 ], [ 115.209626037947487, -2.747390774892494 ], [ 115.20967813683751, -2.747553022082514 ], [ 115.20978973900003, -2.74782028295499 ], [ 115.20979265085748, -2.747823269617527 ], [ 115.209911880770051, -2.748011348019986 ], [ 115.210012281145055, -2.748162548232472 ], [ 115.210036650765005, -2.748282306429985 ], [ 115.210075648535053, -2.748394321720014 ], [ 115.210010075897458, -2.74853505000749 ], [ 115.210007103554972, -2.748538252967478 ], [ 115.209891451809995, -2.748755622960005 ], [ 115.209804831262545, -2.748837026632486 ], [ 115.209726948525031, -2.74889692731 ], [ 115.209556948659952, -2.749071570012518 ], [ 115.209407072554995, -2.74922805545998 ], [ 115.209400846287508, -2.749234534195011 ], [ 115.20916316781495, -2.749379611869983 ], [ 115.209153931410015, -2.749382676067512 ], [ 115.209126268982459, -2.749391849739993 ], [ 115.20898545658747, -2.749527152710016 ], [ 115.208923329242452, -2.749676015372472 ], [ 115.208877232009968, -2.749811705324987 ], [ 115.208844221412505, -2.74998859625498 ], [ 115.208792912072454, -2.750054937287473 ], [ 115.20871535927995, -2.750099743375017 ], [ 115.208607385715027, -2.750214171924995 ], [ 115.208308179505025, -2.750370004874981 ], [ 115.208175223317539, -2.750457413205027 ], [ 115.207978895060023, -2.75063761485751 ], [ 115.207911623257473, -2.750751236622477 ], [ 115.207776420289974, -2.750888262212527 ], [ 115.207626700347532, -2.750985638152486 ], [ 115.207499087959945, -2.751136542067513 ], [ 115.207287360382452, -2.751319833592504 ], [ 115.207175279619946, -2.751504088537502 ], [ 115.20712078975248, -2.751570807092492 ], [ 115.207019035490021, -2.751734391592493 ], [ 115.206991951524969, -2.751792712025008 ], [ 115.207065109505038, -2.751824490902493 ] ], [ [ 115.207065109505038, -2.751824490902493 ], [ 115.207324027472509, -2.751936966015023 ], [ 115.207515834305013, -2.752012742215015 ], [ 115.207763334547508, -2.752088434347513 ], [ 115.208285729079989, -2.752257574487487 ], [ 115.20857157148248, -2.752380228777497 ], [ 115.209428558722493, -2.752663316974974 ], [ 115.20963849887255, -2.752731810267505 ], [ 115.209739327992452, -2.752734934797502 ], [ 115.209962116497536, -2.752735030532506 ], [ 115.210660840242554, -2.752766834535009 ], [ 115.211256316565027, -2.752831940375017 ], [ 115.211786311719948, -2.752908769637486 ], [ 115.212310887564968, -2.752969072254984 ], [ 115.212812436955005, -2.753017918142518 ], [ 115.213228633807489, -2.753134690579998 ], [ 115.213503213385025, -2.75332435255001 ], [ 115.21349644906752, -2.753324366775018 ], [ 115.214684311260044, -2.754100014990001 ], [ 115.215210000784964, -2.754485334072513 ], [ 115.215816616199959, -2.754984716722504 ], [ 115.215850155979979, -2.755018751524972 ] ], [ [ 115.223337141065031, -2.7550893637125 ], [ 115.223905491012488, -2.755022974712517 ], [ 115.224391042699949, -2.754961065007478 ], [ 115.224740955747507, -2.754956337199985 ], [ 115.226273223545036, -2.75480153801999 ], [ 115.227073294900038, -2.754777758142495 ], [ 115.227951238549963, -2.754731443812489 ], [ 115.228348959355003, -2.754677560239998 ], [ 115.228698060727538, -2.754647465915014 ], [ 115.230336668262453, -2.75453858078248 ], [ 115.230977307357534, -2.754434326147475 ], [ 115.231080043217503, -2.754426614964984 ], [ 115.231258543297486, -2.754388387109998 ], [ 115.231477248030046, -2.754366790112499 ], [ 115.23149082719749, -2.754363083840019 ], [ 115.231837210472463, -2.754258008865008 ], [ 115.232340537422488, -2.754254844917511 ], [ 115.232852383939985, -2.754276912897524 ], [ 115.233238384987544, -2.754314628845009 ], [ 115.233469664112476, -2.7543433407875 ] ], [ [ 115.215850155979979, -2.755018751524972 ], [ 115.215944133452467, -2.755114119067514 ], [ 115.216607471029988, -2.755605703687479 ], [ 115.216802794015052, -2.755590989484972 ], [ 115.217236803012497, -2.755531278870023 ], [ 115.218116825127481, -2.755368008897506 ], [ 115.218910327484991, -2.755174517502496 ], [ 115.219542811372548, -2.755191172492516 ], [ 115.220317569067447, -2.755198405810006 ], [ 115.220345984787514, -2.75520412822749 ], [ 115.220365227424963, -2.755204132709991 ], [ 115.221098302832502, -2.755357020262522 ], [ 115.221288308474982, -2.755308598617489 ], [ 115.221303293197479, -2.75530851259748 ], [ 115.221333971407489, -2.755304007439975 ], [ 115.221563066647491, -2.755234401217479 ], [ 115.222115584742482, -2.755197547424984 ], [ 115.222625066392538, -2.755109783274975 ], [ 115.222645218217508, -2.755109787274989 ], [ 115.223090698769965, -2.755084968375002 ], [ 115.223337141065031, -2.7550893637125 ] ], [ [ 115.223337141065031, -2.7550893637125 ], [ 115.223344152522486, -2.755089489067473 ], [ 115.223336085134974, -2.755089486919985 ], [ 115.223337141065031, -2.7550893637125 ] ] ] } },
{ "type": "Feature", "properties": { "source_feature_id": 28, "nama_objek": "Jaringan Irigasi Primer", "orde_01": 45010000, "orde_02": 25011000, "orde_03": 25011100, "orde_04": 25011100, "jenis_sistem": 45000000, "status_jaringan": 2, "provinsi": "Provinsi Kalimantan Selatan", "kabupaten": "Kabupaten Hulu Sungai Selatan", "keterangan": "Jaringan Irigasi yang melalui D.I.R. Rawa Negara", "sumber_data": "Bidang Sumber Daya Air Dinas PUPR Provinsi Kalimantan Selatan, 2022", "source_shape_length": 0.0024274396932128742, "source_layer": "_6306_50KB_LN_SR_SDA_KABUPATEN_HULUSUNGAISELATAN_2024", "source_dataset": "_6306_50KB_RTRW_KABUPATEN_HULUSUNGAISELATAN_2025.gdb.zip" }, "geometry": { "type": "MultiLineString", "coordinates": [ [ [ 115.172571832512517, -2.766505217887527 ], [ 115.172560147937475, -2.766510842307525 ], [ 115.172180422552515, -2.766693623262483 ], [ 115.170367058122451, -2.767520629722526 ] ] ] } },
{ "type": "Feature", "properties": { "source_feature_id": 29, "nama_objek": "Jaringan Irigasi Sekunder", "orde_01": 45010000, "orde_02": 25011000, "orde_03": 25011200, "orde_04": 25011200, "jenis_sistem": 45000000, "status_jaringan": 2, "provinsi": "Provinsi Kalimantan Selatan", "kabupaten": "Kabupaten Hulu Sungai Selatan", "keterangan": "Jaringan Irigasi yang melalui D.I.R. Polder Bakar", "sumber_data": "Dinas PUPR Kabupaten Hulu Sungai Selatan, 2023", "source_shape_length": 0.00082891587683867952, "source_layer": "_6306_50KB_LN_SR_SDA_KABUPATEN_HULUSUNGAISELATAN_2024", "source_dataset": "_6306_50KB_RTRW_KABUPATEN_HULUSUNGAISELATAN_2025.gdb.zip" }, "geometry": { "type": "MultiLineString", "coordinates": [ [ [ 115.137473724617507, -2.543825800985019 ], [ 115.136775018504977, -2.543379806255018 ] ] ] } },
{ "type": "Feature", "properties": { "source_feature_id": 30, "nama_objek": "Jaringan Irigasi Primer", "orde_01": 45010000, "orde_02": 25011000, "orde_03": 25011100, "orde_04": 25011100, "jenis_sistem": 45000000, "status_jaringan": 2, "provinsi": "Provinsi Kalimantan Selatan", "kabupaten": "Kabupaten Hulu Sungai Selatan", "keterangan": "Jaringan Irigasi yang melalui D.I.R. Rawa Negara", "sumber_data": "Bidang Sumber Daya Air Dinas PUPR Provinsi Kalimantan Selatan, 2022", "source_shape_length": 0.015775453211446491, "source_layer": "_6306_50KB_LN_SR_SDA_KABUPATEN_HULUSUNGAISELATAN_2024", "source_dataset": "_6306_50KB_RTRW_KABUPATEN_HULUSUNGAISELATAN_2025.gdb.zip" }, "geometry": { "type": "MultiLineString", "coordinates": [ [ [ 115.170725902479944, -2.763278924687484 ], [ 115.17113363619751, -2.764008390092499 ], [ 115.171905568992543, -2.765460154784989 ], [ 115.172517564727514, -2.766423779465015 ] ], [ [ 115.172517564727514, -2.766423779465015 ], [ 115.172530730482549, -2.766444511677491 ], [ 115.172571832512517, -2.766505217887527 ] ], [ [ 115.172571832512517, -2.766505217887527 ], [ 115.173445066075033, -2.767794975297477 ], [ 115.174129267414969, -2.768646130750028 ], [ 115.175212772919963, -2.769756430707503 ] ], [ [ 115.175212772919963, -2.769756430707503 ], [ 115.175225097747443, -2.769769060465023 ], [ 115.175227511129947, -2.769771563547522 ] ], [ [ 115.175227511129947, -2.769771563547522 ], [ 115.176469888932502, -2.771059764307495 ], [ 115.177546540747471, -2.77219077077001 ], [ 115.178282334527466, -2.772973034512518 ], [ 115.178786716370041, -2.773414521097493 ], [ 115.179807255132459, -2.774443449907494 ], [ 115.180847873799962, -2.775204734817521 ] ] ] } },
{ "type": "Feature", "properties": { "source_feature_id": 31, "nama_objek": "Jaringan Irigasi Primer", "orde_01": 45010000, "orde_02": 25011000, "orde_03": 25011100, "orde_04": 25011100, "jenis_sistem": 45000000, "status_jaringan": 2, "provinsi": "Provinsi Kalimantan Selatan", "kabupaten": "Kabupaten Hulu Sungai Selatan", "keterangan": "Jaringan Irigasi yang melalui D.I.R. Rawa Negara", "sumber_data": "Bidang Sumber Daya Air Dinas PUPR Provinsi Kalimantan Selatan, 2022", "source_shape_length": 0.022471101590422381, "source_layer": "_6306_50KB_LN_SR_SDA_KABUPATEN_HULUSUNGAISELATAN_2024", "source_dataset": "_6306_50KB_RTRW_KABUPATEN_HULUSUNGAISELATAN_2025.gdb.zip" }, "geometry": { "type": "MultiLineString", "coordinates": [ [ [ 115.160416095652522, -2.804431743959981 ], [ 115.160075150454986, -2.80383399474249 ], [ 115.159662328142531, -2.803483500159984 ], [ 115.159027410654971, -2.802969975150006 ], [ 115.158543225107451, -2.802536589910005 ], [ 115.15806429502004, -2.802244308110005 ], [ 115.157583235837478, -2.801864570130022 ], [ 115.1573595020825, -2.80129349022252 ], [ 115.157279338860008, -2.80099667390499 ] ], [ [ 115.158780908642484, -2.815845166982513 ], [ 115.158835814577515, -2.815539460492516 ], [ 115.159324886154991, -2.813601034369981 ], [ 115.159704049964944, -2.812908887825017 ], [ 115.159995682392491, -2.812398927187473 ], [ 115.16007260404001, -2.811998286255005 ], [ 115.160179857020012, -2.81092933805752 ], [ 115.16017805441254, -2.810813663627528 ], [ 115.160167139037526, -2.810113152477527 ], [ 115.160471104794965, -2.808778605747477 ], [ 115.160749050614982, -2.807779944327478 ], [ 115.160840941895003, -2.807477663912493 ], [ 115.160876488872532, -2.806793325084982 ], [ 115.160876215597455, -2.806277360174988 ], [ 115.160872303432484, -2.806244756944977 ], [ 115.160868766262524, -2.806182249197491 ], [ 115.160828654650004, -2.805473542584991 ], [ 115.160716471630053, -2.805050312677508 ], [ 115.160505582477526, -2.804588635792527 ], [ 115.160416095652522, -2.804431743959981 ] ], [ [ 115.157882181239984, -2.820582348355003 ], [ 115.157846724257524, -2.820608447097527 ], [ 115.157831792772527, -2.820408253332516 ], [ 115.158048349807473, -2.819329482089984 ], [ 115.15817657192747, -2.818567104224996 ], [ 115.158556916752445, -2.817092289979996 ], [ 115.158780908642484, -2.815845166982513 ] ], [ [ 115.15856480581499, -2.819949544135 ], [ 115.158093849012516, -2.820426548067474 ], [ 115.157882181239984, -2.820582348355003 ] ] ] } },
{ "type": "Feature", "properties": { "source_feature_id": 32, "nama_objek": "Jaringan Irigasi Primer", "orde_01": 45010000, "orde_02": 25011000, "orde_03": 25011100, "orde_04": 25011100, "jenis_sistem": 45000000, "status_jaringan": 2, "provinsi": "Provinsi Kalimantan Selatan", "kabupaten": "Kabupaten Hulu Sungai Selatan", "keterangan": "Jaringan Irigasi yang melalui D.I.R. Rawa Angkinang", "sumber_data": "Bidang Sumber Daya Air Dinas PUPR Provinsi Kalimantan Selatan, 2022", "source_shape_length": 0.0069918265788935022, "source_layer": "_6306_50KB_LN_SR_SDA_KABUPATEN_HULUSUNGAISELATAN_2024", "source_dataset": "_6306_50KB_RTRW_KABUPATEN_HULUSUNGAISELATAN_2025.gdb.zip" }, "geometry": { "type": "MultiLineString", "coordinates": [ [ [ 115.244571753839978, -2.718970513445015 ], [ 115.244480936707532, -2.718040037417495 ], [ 115.244437948445011, -2.717824268169977 ], [ 115.24435225332752, -2.717094039237509 ], [ 115.244203294404997, -2.716233160852482 ], [ 115.24369775566754, -2.713030631977517 ], [ 115.243591623044949, -2.712050537764981 ] ] ] } },
{ "type": "Feature", "properties": { "source_feature_id": 33, "nama_objek": "Jaringan Irigasi Sekunder", "orde_01": 45010000, "orde_02": 25011000, "orde_03": 25011200, "orde_04": 25011200, "jenis_sistem": 45000000, "status_jaringan": 2, "provinsi": "Provinsi Kalimantan Selatan", "kabupaten": "Kabupaten Hulu Sungai Selatan", "keterangan": "Jaringan Irigasi yang melalui D.I.R. Polder Bakar", "sumber_data": "Dinas PUPR Kabupaten Hulu Sungai Selatan, 2023", "source_shape_length": 7.3481927258309231e-08, "source_layer": "_6306_50KB_LN_SR_SDA_KABUPATEN_HULUSUNGAISELATAN_2024", "source_dataset": "_6306_50KB_RTRW_KABUPATEN_HULUSUNGAISELATAN_2025.gdb.zip" }, "geometry": { "type": "MultiLineString", "coordinates": [ [ [ 115.135030572954975, -2.540259739919975 ], [ 115.13503058469496, -2.540259705230028 ] ], [ [ 115.134983102682554, -2.540404911967528 ], [ 115.134983102957449, -2.540404910722486 ] ], [ [ 115.134887189880033, -2.541044407939978 ], [ 115.134887189712458, -2.541044404132492 ], [ 115.134887190524978, -2.541044394749974 ] ], [ [ 115.135336820207499, -2.542263417100003 ], [ 115.135336818027554, -2.542263415177501 ], [ 115.135336817700022, -2.542263414715023 ] ], [ [ 115.135919489355047, -2.542777086612489 ], [ 115.135919485207523, -2.542777083689998 ], [ 115.135919475290052, -2.54277707494748 ] ], [ [ 115.137473725190034, -2.543825801117521 ], [ 115.137473724617507, -2.543825800985019 ] ] ] } },
{ "type": "Feature", "properties": { "source_feature_id": 34, "nama_objek": "Jaringan Irigasi Primer", "orde_01": 45010000, "orde_02": 25011000, "orde_03": 25011100, "orde_04": 25011100, "jenis_sistem": 45000000, "status_jaringan": 2, "provinsi": "Provinsi Kalimantan Selatan", "kabupaten": "Kabupaten Hulu Sungai Selatan", "keterangan": "Jaringan Irigasi yang melalui D.I. Amandit", "sumber_data": "Balai Wilayah Sungai Kalimantan II Kementerian PUPR, 2019", "source_shape_length": 0.034184319074323566, "source_layer": "_6306_50KB_LN_SR_SDA_KABUPATEN_HULUSUNGAISELATAN_2024", "source_dataset": "_6306_50KB_RTRW_KABUPATEN_HULUSUNGAISELATAN_2025.gdb.zip" }, "geometry": { "type": "MultiLineString", "coordinates": [ [ [ 115.229459781819969, -2.830369464675016 ], [ 115.229583513397529, -2.830769213690019 ], [ 115.229650138982493, -2.831168962795005 ], [ 115.229688209559981, -2.831321248062522 ], [ 115.230087959375055, -2.831806658905009 ], [ 115.231125404972545, -2.833177228177476 ], [ 115.231667920447535, -2.833948172417479 ], [ 115.231959406115038, -2.834221811985003 ], [ 115.232143813512494, -2.834412168737515 ], [ 115.232274684517506, -2.834697703584993 ], [ 115.232334170557465, -2.834822625910022 ], [ 115.232381759865007, -2.834846419960002 ], [ 115.232447194840006, -2.834858317587475 ], [ 115.232673243725003, -2.834882111490003 ], [ 115.233535799642482, -2.834905906924973 ], [ 115.234523275285028, -2.834935649864974 ], [ 115.234648196557487, -2.834899957744994 ], [ 115.235100295472535, -2.834328887527477 ], [ 115.235427469452475, -2.833983865387495 ], [ 115.235528596805011, -2.833942224469979 ], [ 115.236284075002459, -2.834055249650021 ], [ 115.237818828322474, -2.834370527092517 ], [ 115.238282822160045, -2.834435963372528 ], [ 115.238473179569951, -2.834507347224985 ], [ 115.238615948309985, -2.834590628260003 ], [ 115.238794406452485, -2.834911854867528 ], [ 115.239103737772552, -2.835536463575011 ], [ 115.23924650475999, -2.835810102157495 ], [ 115.239532039150049, -2.835893382692518 ], [ 115.239924650432499, -2.835940972114997 ], [ 115.240464986194979, -2.836065397947493 ], [ 115.240539345795014, -2.836083245459974 ], [ 115.240613703610052, -2.836112986082526 ], [ 115.24065831740495, -2.83615165353001 ], [ 115.240747548594982, -2.836196268802496 ], [ 115.240777291724953, -2.8362022165025 ], [ 115.24081298312251, -2.836217088604997 ], [ 115.240857598715024, -2.836217088959984 ], [ 115.240911136707496, -2.836214114294989 ], [ 115.241021185922477, -2.836199242424982 ], [ 115.241274003467538, -2.836220062737482 ], [ 115.241678512859949, -2.836389600572488 ], [ 115.241842100254985, -2.836458008909972 ], [ 115.242303121390023, -2.836755441542493 ], [ 115.242371529364959, -2.836847646292483 ], [ 115.242419118430007, -2.836969593665003 ], [ 115.242481581429956, -2.837522818005027 ], [ 115.242535118044998, -2.837802404532511 ], [ 115.24256783543251, -2.837849993554983 ], [ 115.242597579577478, -2.837894607469991 ], [ 115.242630296030029, -2.837906505352521 ], [ 115.24309429057746, -2.837802404852482 ], [ 115.243602901657482, -2.8376447654 ], [ 115.243909256874986, -2.837549586924979 ], [ 115.244203715639969, -2.837499023817486 ], [ 115.244542788432454, -2.83747522855748 ], [ 115.244733144385009, -2.837493074699978 ], [ 115.244941348015004, -2.8375406637075 ], [ 115.245235806284995, -2.837835122657509 ], [ 115.245589751327543, -2.838162298012492 ], [ 115.246226257050012, -2.838807726760024 ], [ 115.24671107121253, -2.839274696117513 ], [ 115.246981736104999, -2.839527514547513 ], [ 115.247231578372521, -2.839759511729994 ], [ 115.247418962140046, -2.839872534585027 ], [ 115.247719368294952, -2.839988534787494 ], [ 115.247972186367519, -2.840122379032493 ], [ 115.248236902315057, -2.840315710819993 ], [ 115.248406438125016, -2.840497144570008 ], [ 115.248665204512463, -2.840767807227508 ], [ 115.249010226785003, -2.84117826464751 ], [ 115.249319555522447, -2.84154113303498 ], [ 115.249860883697465, -2.842130049349976 ], [ 115.25021185486753, -2.842504814749987 ], [ 115.250262417902491, -2.842591069362527 ], [ 115.25036949359253, -2.843013423927516 ], [ 115.250592568204979, -2.844018746247514 ], [ 115.250833488892454, -2.84508653060999 ], [ 115.251005999695053, -2.845892571794991 ], [ 115.251172561727458, -2.846612358572486 ], [ 115.251362918337463, -2.847168557345015 ], [ 115.25156814717252, -2.847834807087509 ], [ 115.251624658227456, -2.848045985502495 ], [ 115.251716862380022, -2.848322597407503 ], [ 115.251743632302464, -2.848468338772477 ], [ 115.251800143994956, -2.848599208384996 ], [ 115.251845864819984, -2.848738659502487 ] ] ] } },
{ "type": "Feature", "properties": { "source_feature_id": 35, "nama_objek": "Jaringan Irigasi Primer", "orde_01": 45010000, "orde_02": 25011000, "orde_03": 25011100, "orde_04": 25011100, "jenis_sistem": 45000000, "status_jaringan": 2, "provinsi": "Provinsi Kalimantan Selatan", "kabupaten": "Kabupaten Hulu Sungai Selatan", "keterangan": "Jaringan Irigasi yang melalui D.I.R. Rawa Negara", "sumber_data": "Bidang Sumber Daya Air Dinas PUPR Provinsi Kalimantan Selatan, 2022", "source_shape_length": 0.012709390220427561, "source_layer": "_6306_50KB_LN_SR_SDA_KABUPATEN_HULUSUNGAISELATAN_2024", "source_dataset": "_6306_50KB_RTRW_KABUPATEN_HULUSUNGAISELATAN_2025.gdb.zip" }, "geometry": { "type": "MultiLineString", "coordinates": [ [ [ 115.163774531717536, -2.815531999575001 ], [ 115.16377429095246, -2.815508300767476 ], [ 115.163766212940004, -2.814712708777506 ], [ 115.163773439080046, -2.812883091832475 ], [ 115.163774722597509, -2.811462962300027 ], [ 115.163772988025016, -2.809905236375016 ], [ 115.163794588039991, -2.808583862427497 ], [ 115.16380672631999, -2.80695221556249 ], [ 115.163807950457453, -2.80365098299751 ], [ 115.163776236335025, -2.803514352335014 ], [ 115.163553694555048, -2.803294207727504 ], [ 115.163415256889948, -2.802946830270002 ], [ 115.163415810960032, -2.802946181897482 ] ] ] } },
{ "type": "Feature", "properties": { "source_feature_id": 36, "nama_objek": "Jaringan Irigasi Primer", "orde_01": 45010000, "orde_02": 25011000, "orde_03": 25011100, "orde_04": 25011100, "jenis_sistem": 45000000, "status_jaringan": 2, "provinsi": "Provinsi Kalimantan Selatan", "kabupaten": "Kabupaten Hulu Sungai Selatan", "keterangan": "Jaringan Irigasi yang melalui D.I. Amandit", "sumber_data": "Balai Wilayah Sungai Kalimantan II Kementerian PUPR, 2019", "source_shape_length": 0.053895660398765886, "source_layer": "_6306_50KB_LN_SR_SDA_KABUPATEN_HULUSUNGAISELATAN_2024", "source_dataset": "_6306_50KB_RTRW_KABUPATEN_HULUSUNGAISELATAN_2025.gdb.zip" }, "geometry": { "type": "MultiLineString", "coordinates": [ [ [ 115.288544621705, -2.789458664685014 ], [ 115.288511800367473, -2.789426488530012 ], [ 115.288392828245037, -2.789337257665011 ], [ 115.288351187217472, -2.789265873304998 ], [ 115.288285753022478, -2.789105259805012 ], [ 115.288297650577533, -2.788754288257508 ], [ 115.288309546525056, -2.78851634311502 ], [ 115.288256009735051, -2.788290294315004 ], [ 115.28814298477505, -2.787939323742478 ], [ 115.288166779050016, -2.787624044440008 ], [ 115.288196522257522, -2.787267126037477 ], [ 115.288000216585033, -2.786820977782497 ], [ 115.287613554954987, -2.786624672260018 ], [ 115.287155509250056, -2.78638672581252 ], [ 115.286566591857536, -2.786095241217481 ], [ 115.285846805669962, -2.785625297804984 ], [ 115.285364964149949, -2.785321917047497 ], [ 115.285002095514983, -2.785125611667524 ], [ 115.284734406860025, -2.784881716352515 ], [ 115.284591639842461, -2.784619975617488 ], [ 115.284544050845057, -2.784518848252503 ], [ 115.284304914929976, -2.783912085982479 ], [ 115.284152628662468, -2.783360051787497 ], [ 115.284000343924959, -2.782693801422511 ], [ 115.283648182267484, -2.781637320564982 ], [ 115.283612919884945, -2.781122328887477 ], [ 115.283555979850007, -2.780979490522498 ], [ 115.283465065232463, -2.780751424365008 ], [ 115.28334067733249, -2.780539267527502 ], [ 115.283262872752516, -2.780382948982492 ], [ 115.283241796307493, -2.780340604925016 ], [ 115.283174930857513, -2.780092392635026 ], [ 115.283137047827495, -2.779859744179987 ], [ 115.283087069794988, -2.779553075322497 ], [ 115.283041191312464, -2.77924172817751 ], [ 115.283048702817496, -2.779179873072508 ], [ 115.283060583972542, -2.779082032187489 ], [ 115.283110064194943, -2.778850224015002 ], [ 115.283208722857466, -2.778503255047497 ], [ 115.283263360060005, -2.778275530965004 ], [ 115.283264072049974, -2.778199776722488 ], [ 115.283227390187449, -2.778116624917516 ], [ 115.283164941147447, -2.777970500497474 ], [ 115.283056122277458, -2.777708580169985 ], [ 115.282956215485001, -2.777354039697514 ], [ 115.282905550250007, -2.777072192122489 ], [ 115.282871926662551, -2.776699736584987 ], [ 115.282892686294986, -2.776518704645014 ], [ 115.282928191585029, -2.776209065267494 ], [ 115.282950480587488, -2.775833906104992 ], [ 115.282952300064949, -2.775803275497481 ], [ 115.28292663265745, -2.775041333802506 ], [ 115.2828934644225, -2.774794929747486 ], [ 115.28289620325495, -2.774550374037517 ], [ 115.282882983904983, -2.774210297932484 ], [ 115.282784620347456, -2.773964002245009 ], [ 115.282726069122532, -2.77371427042749 ], [ 115.282746189359955, -2.773303606977493 ], [ 115.282747307490013, -2.773187459032499 ], [ 115.282750299727468, -2.772876205935006 ], [ 115.282753972815044, -2.772839848364981 ], [ 115.282785440342536, -2.772528384487487 ], [ 115.282743349334964, -2.772376451755008 ], [ 115.282685223317458, -2.772135486014975 ], [ 115.282624513022483, -2.771982206770019 ], [ 115.282578361437459, -2.771738087115011 ], [ 115.282586571242518, -2.770922211679988 ], [ 115.282587515882483, -2.770828378970009 ], [ 115.282749773917544, -2.769714962684986 ], [ 115.282851154667469, -2.768943779647486 ], [ 115.28290408220505, -2.76847336771749 ], [ 115.282955040987531, -2.768020448444986 ], [ 115.282430057077477, -2.767541032070028 ], [ 115.282040751122508, -2.767162663822489 ], [ 115.281934445700017, -2.767059344380016 ], [ 115.281486305007547, -2.76649637209249 ], [ 115.281273646440013, -2.765848414627499 ], [ 115.281014479092505, -2.765058755927498 ], [ 115.280613940590001, -2.763850453835005 ], [ 115.280219099777469, -2.762659343022506 ], [ 115.280095708239969, -2.762287112877516 ], [ 115.280194376027453, -2.762091901010024 ], [ 115.281862072197555, -2.759689773560012 ], [ 115.282037029422554, -2.759443691927515 ], [ 115.282129098339965, -2.759314192887473 ], [ 115.282049977772544, -2.758738946845028 ], [ 115.281924875725053, -2.757586572272487 ], [ 115.281978986384956, -2.757024732394996 ], [ 115.282462332315049, -2.756191582904989 ], [ 115.282629285817507, -2.755560810370014 ], [ 115.282687500277461, -2.754940348340028 ], [ 115.282652538082516, -2.754135760847475 ] ], [ [ 115.291603582907555, -2.791383535809985 ], [ 115.291372706445031, -2.791082393587487 ], [ 115.291271579519957, -2.790969369407492 ], [ 115.291057428129989, -2.790939625029978 ], [ 115.290236514592493, -2.790886087932506 ], [ 115.289629751522511, -2.790790909935026 ], [ 115.28959405976002, -2.790737371674993 ], [ 115.289231191509998, -2.790094917860017 ], [ 115.289130064887445, -2.789940251294979 ], [ 115.288683915952447, -2.789595230387476 ], [ 115.288544621705, -2.789458664685014 ] ], [ [ 115.300340797150056, -2.796256035099987 ], [ 115.300325429002555, -2.796126850905011 ], [ 115.30025999408997, -2.796031672794982 ], [ 115.300158866877496, -2.795972187427481 ], [ 115.300075584382512, -2.79592459621 ], [ 115.299807894992455, -2.795882955477509 ], [ 115.299171389979961, -2.795787777789997 ], [ 115.298064940934978, -2.795704496744975 ], [ 115.297630689082553, -2.795668804660011 ], [ 115.297327308182503, -2.795603369680009 ], [ 115.296405266524971, -2.79523455278752 ], [ 115.295352355570003, -2.794835993567517 ], [ 115.294870514640024, -2.794645636127484 ], [ 115.294757490564962, -2.794544509665002 ], [ 115.294150727982469, -2.794044822085027 ], [ 115.293502324655037, -2.793515392515019 ], [ 115.292978842750017, -2.793122781702493 ], [ 115.292806332594978, -2.792944322430003 ], [ 115.292294747924984, -2.792301867087474 ], [ 115.291919983357502, -2.791796232579998 ], [ 115.291603582907555, -2.791383535809985 ] ] ] } },
{ "type": "Feature", "properties": { "source_feature_id": 37, "nama_objek": "Jaringan Irigasi Primer", "orde_01": 45010000, "orde_02": 25011000, "orde_03": 25011100, "orde_04": 25011100, "jenis_sistem": 45000000, "status_jaringan": 2, "provinsi": "Provinsi Kalimantan Selatan", "kabupaten": "Kabupaten Hulu Sungai Selatan", "keterangan": "Jaringan Irigasi yang melalui D.I. Amandit", "sumber_data": "Balai Wilayah Sungai Kalimantan II Kementerian PUPR, 2019", "source_shape_length": 0.055429575774482584, "source_layer": "_6306_50KB_LN_SR_SDA_KABUPATEN_HULUSUNGAISELATAN_2024", "source_dataset": "_6306_50KB_RTRW_KABUPATEN_HULUSUNGAISELATAN_2025.gdb.zip" }, "geometry": { "type": "MultiLineString", "coordinates": [ [ [ 115.230913449724994, -2.821457124202482 ], [ 115.231208685705042, -2.821428639519979 ], [ 115.232036737237536, -2.821300148210014 ], [ 115.23270417694755, -2.821239471447484 ], [ 115.233032543502532, -2.821150241290013 ], [ 115.233717827612509, -2.820961075005016 ], [ 115.234149699677459, -2.820821876382524 ], [ 115.234210375627526, -2.820814737429998 ], [ 115.234271051630003, -2.820825446225001 ], [ 115.234695785792496, -2.820975352579978 ], [ 115.235652328540027, -2.821385809540004 ], [ 115.236448258625046, -2.821721313347496 ], [ 115.236523211712552, -2.82174629799249 ], [ 115.236794469522465, -2.822260260224994 ], [ 115.237055022412505, -2.822502966437526 ], [ 115.237251326410046, -2.822595764424989 ], [ 115.23750830854749, -2.822713548792478 ], [ 115.238004425327517, -2.822856315577496 ], [ 115.238211438350049, -2.822863454612502 ], [ 115.238339930422512, -2.822834900514977 ], [ 115.238575497000056, -2.822627887727492 ], [ 115.238907431802545, -2.822317367407493 ], [ 115.239039491872518, -2.822206722534986 ], [ 115.239182259587551, -2.822128200434975 ], [ 115.239300043180037, -2.822088940357503 ], [ 115.239392841765039, -2.822088939602509 ], [ 115.239535609759969, -2.8221853072925 ], [ 115.240199479587545, -2.82266714835248 ], [ 115.240795534427548, -2.823091882082508 ], [ 115.241677123594968, -2.823662953244991 ], [ 115.242251763520017, -2.824048426514992 ], [ 115.242979878462506, -2.824544542367505 ], [ 115.243401044127495, -2.824844355544997 ], [ 115.243650886557475, -2.825076352957524 ], [ 115.243979252079953, -2.825511793347516 ], [ 115.244097036142534, -2.825665269209992 ], [ 115.24419697232247, -2.825758069454992 ], [ 115.244379002605001, -2.825825883382493 ], [ 115.244850135777483, -2.825858005822511 ], [ 115.245221331550056, -2.825858005342525 ], [ 115.245738863170004, -2.82601861986501 ], [ 115.246042246535012, -2.826218494215027 ], [ 115.247252201877473, -2.826682488977497 ], [ 115.247791149127465, -2.826868086522495 ], [ 115.247983885690019, -2.826921625032526 ], [ 115.248833353187479, -2.82723214559752 ], [ 115.249275933205013, -2.827414173905026 ], [ 115.249857710517517, -2.827631894592514 ], [ 115.25004330973502, -2.827710417460025 ], [ 115.250175369529984, -2.827874599114978 ], [ 115.250489457887511, -2.828502776672508 ], [ 115.250432350229971, -2.82862412859248 ], [ 115.25038238158254, -2.828820434987506 ], [ 115.250368105522512, -2.828973911489982 ], [ 115.250385951322528, -2.82905600255998 ], [ 115.250525149894997, -2.82926658412498 ], [ 115.250750008022464, -2.829594949602495 ], [ 115.250896346519994, -2.829944730772525 ], [ 115.250974867069999, -2.830280233557517 ], [ 115.250992713205051, -2.830462262834999 ], [ 115.251031974982538, -2.830754936964979 ], [ 115.251185450964954, -2.830901273517497 ], [ 115.2512818194175, -2.830972657557481 ], [ 115.252095594632465, -2.831276038869987 ], [ 115.252381129964988, -2.831418805567523 ], [ 115.252520328465039, -2.831582989187496 ], [ 115.252773741180022, -2.831939908547497 ], [ 115.253330534770043, -2.832518117500001 ], [ 115.253448317577522, -2.832632331212494 ], [ 115.25353754748005, -2.832646608572475 ], [ 115.253951573880045, -2.832696577384979 ], [ 115.255397096632464, -2.832978543217507 ], [ 115.256396470055051, -2.833160572502493 ], [ 115.256785512309989, -2.833253370537477 ], [ 115.257003232842521, -2.833281924540017 ], [ 115.257131724122473, -2.833239095469992 ], [ 115.257435104977503, -2.833092757217514 ], [ 115.257670671584947, -2.833024942547524 ], [ 115.25782414711, -2.832999957515028 ], [ 115.257949067482514, -2.833035650579973 ], [ 115.258912749817455, -2.833610291457489 ], [ 115.25919828438748, -2.833785180454981 ], [ 115.259319638262468, -2.833828010152502 ], [ 115.259366037617497, -2.833828010617481 ], [ 115.259426713552443, -2.833792318579981 ], [ 115.259544497375032, -2.833653120834981 ], [ 115.259983506500021, -2.832992820192487 ], [ 115.260501040865051, -2.832143352160017 ], [ 115.261211308510042, -2.831154685197475 ], [ 115.261900163619998, -2.830237403964986 ], [ 115.262535479867552, -2.829470027897514 ], [ 115.262799599977484, -2.829191630297487 ], [ 115.263249318257522, -2.829006032759992 ], [ 115.263474176707518, -2.82894178649002 ], [ 115.263659774494954, -2.828934650510007 ], [ 115.264330783307514, -2.829230893462523 ], [ 115.264948252645013, -2.82956996446751 ], [ 115.265194526254959, -2.829705593575 ], [ 115.265290895342446, -2.829741285342493 ], [ 115.265358709407451, -2.829751993754996 ], [ 115.265483631940015, -2.829748425107482 ], [ 115.265665659532488, -2.829737716972488 ], [ 115.265954764024968, -2.829659194840019 ], [ 115.266565096560043, -2.829452182007515 ], [ 115.267136166290015, -2.829287999559995 ], [ 115.267628716037507, -2.829180923564991 ], [ 115.267782190894991, -2.829163077070007 ], [ 115.268042742332455, -2.829166646700003 ], [ 115.269541802372487, -2.829484304704977 ], [ 115.270298471422507, -2.829662763475028 ], [ 115.270530468942525, -2.82966990248002 ], [ 115.270626837045029, -2.829627072035009 ], [ 115.27113009227503, -2.829241600147498 ], [ 115.271258583932536, -2.829184492770025 ], [ 115.271379935377468, -2.829238030757494 ], [ 115.272522077412532, -2.829784117049996 ], [ 115.272604168364978, -2.829859070552516 ], [ 115.272850443172501, -2.830173159000026 ], [ 115.273318007584976, -2.830669276539993 ], [ 115.273806986512454, -2.831179670685003 ], [ 115.27404255276997, -2.831422376012483 ], [ 115.274313812037462, -2.831782863535011 ], [ 115.274592208262447, -2.831929200435013 ], [ 115.274924142922487, -2.83211836812751 ], [ 115.275841425574981, -2.832571654570017 ], [ 115.276156658214973, -2.832725334169993 ] ] ] } },
{ "type": "Feature", "properties": { "source_feature_id": 38, "nama_objek": "Jaringan Irigasi Primer", "orde_01": 45010000, "orde_02": 25011000, "orde_03": 25011100, "orde_04": 25011100, "jenis_sistem": 45000000, "status_jaringan": 2, "provinsi": "Provinsi Kalimantan Selatan", "kabupaten": "Kabupaten Hulu Sungai Selatan", "keterangan": "Jaringan Irigasi yang melalui D.I.R. Rawa Negara", "sumber_data": "Bidang Sumber Daya Air Dinas PUPR Provinsi Kalimantan Selatan, 2022", "source_shape_length": 0.0077531164031495138, "source_layer": "_6306_50KB_LN_SR_SDA_KABUPATEN_HULUSUNGAISELATAN_2024", "source_dataset": "_6306_50KB_RTRW_KABUPATEN_HULUSUNGAISELATAN_2025.gdb.zip" }, "geometry": { "type": "MultiLineString", "coordinates": [ [ [ 115.180251547097555, -2.758890038697473 ], [ 115.18060686023, -2.759548800940024 ], [ 115.180776376924996, -2.759842923160022 ], [ 115.180895432839975, -2.760136989507487 ], [ 115.181023278107546, -2.760345331700023 ], [ 115.181036465397483, -2.760371557247481 ], [ 115.181075834517515, -2.760449844762491 ], [ 115.181101304769982, -2.760480797650018 ], [ 115.181122965257487, -2.760523911407518 ], [ 115.181135845814993, -2.760549602975004 ], [ 115.181157136674983, -2.760592149197521 ], [ 115.181178345049943, -2.760634531624987 ], [ 115.181195251860004, -2.760668319742479 ], [ 115.181212107569991, -2.76070200469502 ], [ 115.181229026172446, -2.760735726819973 ], [ 115.181254568902546, -2.760786433240014 ], [ 115.181271525364991, -2.760820096649979 ], [ 115.18128050819746, -2.760857247254989 ], [ 115.181301570922528, -2.76089902270752 ], [ 115.181318848849969, -2.760952505137482 ], [ 115.181339736804944, -2.760993895112506 ], [ 115.181364688854956, -2.761043336479986 ], [ 115.181385388537478, -2.761084351804982 ], [ 115.181406004847531, -2.761125199715025 ], [ 115.181430633244986, -2.761173997665026 ], [ 115.181446983734986, -2.76120639690248 ], [ 115.181471410402537, -2.761254799382527 ], [ 115.181487630004995, -2.761286934377495 ], [ 115.181511859432476, -2.761334945014994 ], [ 115.181531962017516, -2.761374775757474 ], [ 115.181551982117526, -2.761414446319975 ], [ 115.181583336812537, -2.761439111947482 ], [ 115.181610865117477, -2.761475040502489 ], [ 115.181630342249946, -2.761495081595001 ], [ 115.181672975537481, -2.761523828287523 ], [ 115.181696198135, -2.761551520607497 ], [ 115.181719351622519, -2.761579127820028 ], [ 115.181742434192529, -2.761606651732507 ], [ 115.181765445850033, -2.761634092344991 ], [ 115.181792203067516, -2.761669123599972 ], [ 115.181818981870038, -2.761704153080018 ], [ 115.181834373540028, -2.761734924999985 ], [ 115.18186493574251, -2.761777498159972 ], [ 115.181891549505053, -2.761812251590015 ], [ 115.181906682239969, -2.761824072664979 ], [ 115.181933691710015, -2.761852892990021 ] ], [ [ 115.181933691710015, -2.761852892990021 ], [ 115.18202796629248, -2.761953492455007 ], [ 115.182461664939979, -2.762416288425015 ], [ 115.182875512124951, -2.762909052570024 ], [ 115.183189300315007, -2.763137134117528 ], [ 115.183486789355015, -2.763428029969987 ], [ 115.183810251475052, -2.763645870337484 ], [ 115.184277041024984, -2.764404755107478 ], [ 115.184489276442491, -2.764784696737479 ], [ 115.18449260274997, -2.764790651849978 ], [ 115.184714304992553, -2.765098899739996 ] ] ] } },
{ "type": "Feature", "properties": { "source_feature_id": 39, "nama_objek": "Jaringan Irigasi Primer", "orde_01": 45010000, "orde_02": 25011000, "orde_03": 25011100, "orde_04": 25011100, "jenis_sistem": 45000000, "status_jaringan": 2, "provinsi": "Provinsi Kalimantan Selatan", "kabupaten": "Kabupaten Hulu Sungai Selatan", "keterangan": "Jaringan Irigasi yang melalui D.I.R. Rawa Negara", "sumber_data": "Bidang Sumber Daya Air Dinas PUPR Provinsi Kalimantan Selatan, 2022", "source_shape_length": 0.011581431970548587, "source_layer": "_6306_50KB_LN_SR_SDA_KABUPATEN_HULUSUNGAISELATAN_2024", "source_dataset": "_6306_50KB_RTRW_KABUPATEN_HULUSUNGAISELATAN_2025.gdb.zip" }, "geometry": { "type": "MultiLineString", "coordinates": [ [ [ 115.167342001797465, -2.812413187884999 ], [ 115.167342347207523, -2.812396432755008 ], [ 115.167358785727515, -2.811600649997501 ], [ 115.167428143119992, -2.808880652957498 ], [ 115.16762912927004, -2.800894860789981 ], [ 115.167630627352537, -2.800835361035013 ] ] ] } },
{ "type": "Feature", "properties": { "source_feature_id": 40, "nama_objek": "Jaringan Pengendalian Banjir", "orde_01": 45010000, "orde_02": 45012000, "orde_03": 25012100, "orde_04": 25012100, "jenis_sistem": 45000000, "status_jaringan": 2, "provinsi": "Provinsi Kalimantan Selatan", "kabupaten": "Kabupaten Hulu Sungai Selatan", "keterangan": "Tidak Ada", "sumber_data": "Dinas PUPR Kabupaten Hulu Sungai Selatan, 2023", "source_shape_length": 0.071595607391082561, "source_layer": "_6306_50KB_LN_SR_SDA_KABUPATEN_HULUSUNGAISELATAN_2024", "source_dataset": "_6306_50KB_RTRW_KABUPATEN_HULUSUNGAISELATAN_2025.gdb.zip" }, "geometry": { "type": "MultiLineString", "coordinates": [ [ [ 115.315603401175053, -2.758018337647513 ], [ 115.315523957029995, -2.758006822957498 ], [ 115.315408300142508, -2.75794852788249 ], [ 115.315363055059947, -2.757925722600021 ], [ 115.315121698542498, -2.757808564699985 ], [ 115.31489828012252, -2.757655488370006 ], [ 115.314710618527556, -2.757520436252491 ], [ 115.31454970497748, -2.757448321147479 ], [ 115.314290406180021, -2.757367080667507 ], [ 115.313986327494945, -2.757321718507512 ], [ 115.313780587984979, -2.7573214255425 ], [ 115.313592686189963, -2.75735710186251 ], [ 115.313449535454993, -2.757374868575027 ], [ 115.313288494609992, -2.757392611589978 ], [ 115.313172207522484, -2.757392445935011 ], [ 115.313127454675055, -2.757410351870021 ], [ 115.312896759332489, -2.757351851167527 ], [ 115.312782461815004, -2.757207916330003 ], [ 115.312711061667528, -2.757092798097517 ], [ 115.312625369167449, -2.756963281767526 ], [ 115.312410967124947, -2.756761695162481 ], [ 115.312196462945053, -2.756631996194983 ], [ 115.311824582714962, -2.756458940625009 ], [ 115.311424813780036, -2.75633893316251 ], [ 115.31129524463995, -2.75630003736751 ], [ 115.310608472775016, -2.756140909452483 ], [ 115.310350848764983, -2.756140542924982 ], [ 115.309806976567529, -2.756139767057505 ], [ 115.309549352665044, -2.756139398549976 ], [ 115.309127653532528, -2.756091570630019 ], [ 115.308794411010012, -2.756034337382516 ], [ 115.308421984717484, -2.755973126095 ], [ 115.307564004629967, -2.755729324557478 ], [ 115.307267523327482, -2.755645077357485 ], [ 115.306938460757465, -2.755558345520001 ], [ 115.30665231474245, -2.755486050842478 ], [ 115.306380439817531, -2.755442530092523 ], [ 115.305593116054979, -2.755542044685001 ], [ 115.305458909714957, -2.755583963037509 ], [ 115.305364017159945, -2.755613602759979 ], [ 115.305091939937483, -2.755713851945018 ], [ 115.304787897865026, -2.755796680724984 ], [ 115.304776944497462, -2.755799664662504 ], [ 115.304615678275013, -2.755813926427493 ], [ 115.304355384342443, -2.755836947600017 ], [ 115.303746677797449, -2.755640042862524 ], [ 115.303503819504954, -2.75549566883501 ], [ 115.303223862777486, -2.755261165782485 ], [ 115.303152864434992, -2.755201694172513 ], [ 115.30261149929504, -2.75474822450002 ], [ 115.301756003760033, -2.753340333247479 ], [ 115.301635876152545, -2.753108244924988 ], [ 115.301575876174979, -2.752946824290007 ], [ 115.301445897972485, -2.752583639142472 ], [ 115.301295757074968, -2.752280923627495 ], [ 115.301035300127523, -2.751907467722503 ], [ 115.300684415957448, -2.751594381719997 ], [ 115.300152721985, -2.751371787109974 ], [ 115.299856601662555, -2.751254814339973 ], [ 115.299249682057507, -2.751108327082477 ], [ 115.298938565972549, -2.751067548914989 ], [ 115.29849693925496, -2.751036665735 ], [ 115.29794485667253, -2.751035874087506 ], [ 115.297573397277461, -2.751075673535013 ], [ 115.29725841693255, -2.751195435217483 ], [ 115.296806439489956, -2.751386369197519 ], [ 115.296344310305017, -2.751657956382473 ], [ 115.296123176292554, -2.751869389264982 ], [ 115.295932099039987, -2.752121196532528 ], [ 115.295781258922489, -2.752312562322516 ], [ 115.295620451449963, -2.752453497590011 ], [ 115.295108246177506, -2.752644344819998 ], [ 115.294807067324996, -2.752674161907521 ], [ 115.294596200387446, -2.752724274857485 ], [ 115.294084096389952, -2.752844537614976 ], [ 115.293843043622473, -2.752945024882479 ], [ 115.293732540027463, -2.753005365044999 ] ], [ [ 115.318713672589979, -2.763673286852509 ], [ 115.318698449697536, -2.763657951432492 ], [ 115.318622973755055, -2.763581919124988 ], [ 115.318601853622454, -2.763563007772518 ], [ 115.318583105622452, -2.763546219519981 ], [ 115.318462159335013, -2.763437918765021 ], [ 115.318319160212468, -2.763347858404984 ], [ 115.318211943412507, -2.763257848067497 ], [ 115.318149515037476, -2.763122973972486 ], [ 115.318087365827523, -2.762790412380014 ], [ 115.318060719732443, -2.762655589227506 ], [ 115.318052077692528, -2.762439917484983 ], [ 115.317900449304943, -2.762125201947526 ], [ 115.317732562935021, -2.761899978274982 ], [ 115.31761479201748, -2.761702465555004 ], [ 115.317514600357526, -2.76140707985752 ], [ 115.317426407392531, -2.761131568300016 ], [ 115.317346293005016, -2.760852896804977 ], [ 115.317382389502541, -2.760628303472515 ], [ 115.317463163137518, -2.760439718572513 ], [ 115.317499134047466, -2.760304983642527 ], [ 115.317499412135021, -2.760107297997479 ], [ 115.317490870147481, -2.759819741199976 ], [ 115.317410830569997, -2.759487156142484 ], [ 115.317214665972529, -2.759037590517494 ], [ 115.316936316622446, -2.758718705197509 ], [ 115.316543204305049, -2.75837668698 ], [ 115.316292949792455, -2.758223575285001 ], [ 115.316152995805055, -2.758166596740011 ], [ 115.316038711735018, -2.758120068840014 ], [ 115.315827996447524, -2.758079140742495 ], [ 115.315783191609967, -2.758065569187522 ], [ 115.315649167249944, -2.758024971734983 ], [ 115.315603401175053, -2.758018337647513 ] ], [ [ 115.322193369362481, -2.765309684182512 ], [ 115.322109348307549, -2.76525042577498 ], [ 115.322011027857457, -2.765177783885008 ], [ 115.321918228965046, -2.765109221094974 ], [ 115.321637862345028, -2.764942265622494 ], [ 115.321446670192472, -2.764852308712477 ], [ 115.321115161574994, -2.764774964735011 ], [ 115.320809142619964, -2.764710469352508 ], [ 115.320521189005035, -2.764731325885009 ], [ 115.320378037809974, -2.764749093860019 ], [ 115.320333310740011, -2.76474902934001 ], [ 115.320234911004945, -2.764748889379973 ], [ 115.320064950127517, -2.764748648520026 ], [ 115.319796588654981, -2.764748266732511 ], [ 115.319564008682505, -2.764747934897514 ], [ 115.319403043140028, -2.764711763627474 ], [ 115.319242127312464, -2.764639648400021 ], [ 115.319108087122459, -2.764540614532507 ], [ 115.31905106171746, -2.764499074814978 ], [ 115.318970767367546, -2.764346202782519 ], [ 115.318926319499951, -2.764148452444999 ], [ 115.31884620223002, -2.763869780722473 ], [ 115.318739098260039, -2.763698899917472 ], [ 115.318713672589979, -2.763673286852509 ] ], [ [ 115.323371086947532, -2.794390875009981 ], [ 115.323690141289944, -2.794263211175007 ], [ 115.323996475577474, -2.794109904102527 ], [ 115.324136906745025, -2.794020422079996 ], [ 115.324328427992555, -2.793879762635015 ], [ 115.324417858082484, -2.793777394077495 ], [ 115.324481849862536, -2.79362374109752 ], [ 115.324545897010012, -2.79343165086749 ], [ 115.324622700492455, -2.793239578907503 ], [ 115.324674081989997, -2.792983411012472 ], [ 115.324738291530025, -2.792676010820003 ], [ 115.3248407837375, -2.792355855722519 ], [ 115.324955848900004, -2.792163838475005 ], [ 115.325263495427521, -2.79191728781251 ], [ 115.325467808807502, -2.791751021317509 ], [ 115.32574863407001, -2.791597678532526 ], [ 115.325850817470041, -2.791495327940027 ], [ 115.32594026442996, -2.791380146649999 ], [ 115.325991555587507, -2.791188038769974 ], [ 115.326017428255, -2.790931832265017 ], [ 115.325966736390001, -2.790701142004991 ], [ 115.325864913934993, -2.790547250567499 ], [ 115.32569944566751, -2.790303583659977 ], [ 115.325483179305024, -2.789953298589978 ], [ 115.32527959259005, -2.789607080349981 ], [ 115.325228881762541, -2.789389201685026 ], [ 115.325203699022495, -2.789158547109992 ], [ 115.325178498139962, -2.78894070586 ], [ 115.325204297230016, -2.788735747299995 ], [ 115.325293960437534, -2.788466821475026 ], [ 115.325409007572489, -2.788287617220021 ], [ 115.325575128012474, -2.788070048622501 ], [ 115.325766684969949, -2.787903763399981 ], [ 115.325945488255002, -2.787737462597477 ], [ 115.326098817765001, -2.787545500434987 ], [ 115.326226619175031, -2.787366312385018 ], [ 115.326316265602486, -2.787110197797517 ], [ 115.326329290759986, -2.786918035072517 ], [ 115.326367575564973, -2.786565653314995 ], [ 115.326418883185056, -2.786360733707511 ], [ 115.326508456992542, -2.786155866925014 ], [ 115.326661858467446, -2.785912655697473 ], [ 115.326815187504963, -2.785720692317511 ], [ 115.327019498334948, -2.785554427467503 ], [ 115.327236566325041, -2.785388177132518 ], [ 115.327364330147475, -2.785234614474973 ], [ 115.327530450530048, -2.785017045112511 ], [ 115.327645495910019, -2.784837840217506 ], [ 115.32776054214753, -2.784658634387483 ], [ 115.327786213792479, -2.784543360662497 ], [ 115.327824676959949, -2.784402482967494 ], [ 115.327940665765027, -2.783807318339996 ], [ 115.327928289707529, -2.783538247137528 ], [ 115.327915913620018, -2.783269175035002 ], [ 115.327852484345044, -2.783025654189998 ], [ 115.327688598247505, -2.782329131919994 ], [ 115.327612466862547, -2.782047155637486 ], [ 115.327574492344979, -2.781842107592524 ], [ 115.327574835385008, -2.781598678579996 ], [ 115.327600706277508, -2.781342471665027 ], [ 115.327703121947479, -2.781073563125005 ], [ 115.327818258605021, -2.780830295777491 ], [ 115.327946111764959, -2.780612671419988 ], [ 115.328086812220022, -2.780331004805021 ], [ 115.32817649206504, -2.780049264597494 ], [ 115.328227852567466, -2.779805907215007 ], [ 115.328253668954972, -2.779588137485007 ], [ 115.328241456380056, -2.779203755207504 ], [ 115.328114175442465, -2.778480150064979 ], [ 115.327860180134962, -2.777698250167475 ], [ 115.327784373665054, -2.777185655600022 ], [ 115.327759386565049, -2.776814067707505 ], [ 115.327747081747475, -2.776493747699988 ], [ 115.327607321084997, -2.776109184157519 ], [ 115.327429297239973, -2.775724566245003 ], [ 115.327263300862455, -2.775321645684983 ], [ 115.327174360599997, -2.775078088840019 ], [ 115.327149121147499, -2.774885870599974 ], [ 115.327098571052488, -2.774552683865011 ], [ 115.327060775317477, -2.774219515269976 ], [ 115.32709948962497, -2.773899265174975 ], [ 115.327150905114991, -2.773617473202478 ], [ 115.327227828397554, -2.773335713837525 ], [ 115.327382005637446, -2.772676851722508 ], [ 115.327408128055026, -2.772241275114993 ], [ 115.327421332264976, -2.771920991392506 ], [ 115.327434572397465, -2.771575081887477 ], [ 115.327371248554982, -2.771254689507487 ], [ 115.327295079510009, -2.770998337595017 ], [ 115.327193310759981, -2.770685705839981 ], [ 115.32718079024005, -2.770519129712511 ], [ 115.327219682729947, -2.770070760582485 ], [ 115.327271330324947, -2.769622409527528 ], [ 115.327271600007521, -2.769430226624991 ], [ 115.327208097109974, -2.769237955050016 ], [ 115.327068119472528, -2.769007138512507 ], [ 115.326622211600011, -2.768647765147477 ], [ 115.326086250702474, -2.7683476364125 ], [ 115.32588232105752, -2.768244850967505 ], [ 115.325844110277444, -2.768206360282477 ], [ 115.325742163915038, -2.768142155130022 ], [ 115.325614780897467, -2.768026664972524 ], [ 115.325398185217523, -2.767859800182521 ], [ 115.325296364840028, -2.76770590987752 ], [ 115.325181878324997, -2.767487941172476 ], [ 115.325105711385049, -2.76723159044252 ], [ 115.325016790155018, -2.766975220719985 ], [ 115.324953483624995, -2.766642016312517 ], [ 115.324864580384997, -2.766372836010021 ], [ 115.324737339672538, -2.766154849279985 ], [ 115.324508099825039, -2.765911092005013 ], [ 115.324113032017522, -2.765679913595022 ], [ 115.323244125617521, -2.765521091720018 ], [ 115.322670225127467, -2.7654818401125 ], [ 115.322453396384958, -2.765481532944989 ], [ 115.322376923937554, -2.765442987899974 ], [ 115.3222367666325, -2.765340292024973 ], [ 115.322193369362481, -2.765309684182512 ] ] ] } },
{ "type": "Feature", "properties": { "source_feature_id": 41, "nama_objek": "Jaringan Irigasi Primer", "orde_01": 45010000, "orde_02": 25011000, "orde_03": 25011100, "orde_04": 25011100, "jenis_sistem": 45000000, "status_jaringan": 2, "provinsi": "Provinsi Kalimantan Selatan", "kabupaten": "Kabupaten Hulu Sungai Selatan", "keterangan": "Jaringan Irigasi yang melalui D.I. Telaga Langsat", "sumber_data": "Balai Wilayah Sungai Kalimantan II Kementerian PUPR, 2019", "source_shape_length": 0.0066566158858473367, "source_layer": "_6306_50KB_LN_SR_SDA_KABUPATEN_HULUSUNGAISELATAN_2024", "source_dataset": "_6306_50KB_RTRW_KABUPATEN_HULUSUNGAISELATAN_2025.gdb.zip" }, "geometry": { "type": "MultiLineString", "coordinates": [ [ [ 115.337608356032547, -2.735320573592503 ], [ 115.337394134382521, -2.735735603677483 ], [ 115.337361370950021, -2.73577972546002 ], [ 115.337326326154994, -2.735803468625022 ], [ 115.33727822209255, -2.735826801115024 ], [ 115.337206938164968, -2.735833201207527 ], [ 115.336993657932453, -2.735854016475002 ], [ 115.336507901530013, -2.735923393272515 ], [ 115.336361622342451, -2.736006572059978 ], [ 115.336246539692524, -2.736089558285016 ], [ 115.336131974009959, -2.736220243104981 ], [ 115.335988788550026, -2.736406347727495 ], [ 115.335785891097544, -2.73670669147748 ], [ 115.335585246452524, -2.737007578154987 ], [ 115.335411382327493, -2.737222468862512 ], [ 115.335278375820053, -2.737336335275018 ], [ 115.335168019497473, -2.737504209895008 ], [ 115.335084072057498, -2.737620215644995 ], [ 115.334916480589982, -2.737767271349981 ], [ 115.334763884002541, -2.737938599302481 ], [ 115.334677403949968, -2.738078094069976 ], [ 115.334628048800027, -2.738162656644988 ], [ 115.334541122800033, -2.738313757804974 ], [ 115.334426154979951, -2.738466356222489 ], [ 115.334293808707457, -2.738596223570028 ], [ 115.334182628137455, -2.738759667392515 ], [ 115.334131742747445, -2.73892002035501 ], [ 115.33409297314995, -2.739104268102494 ], [ 115.334096712637461, -2.739259021834982 ], [ 115.334024901444991, -2.739437283762527 ], [ 115.333960699517547, -2.739467087460014 ], [ 115.333850851595002, -2.739475043000027 ], [ 115.333793476192454, -2.739470499030006 ], [ 115.333760753292495, -2.739490323157497 ], [ 115.333704742112445, -2.739531988592489 ], [ 115.333679903222446, -2.7396424192425 ], [ 115.333661821367514, -2.739773304367475 ], [ 115.333664289837543, -2.739854701787522 ], [ 115.333639504007465, -2.739922844355021 ] ], [ [ 115.333639504007465, -2.739922844355021 ], [ 115.333612359582503, -2.740031073349996 ] ] ] } },
{ "type": "Feature", "properties": { "source_feature_id": 42, "nama_objek": "Jaringan Irigasi Primer", "orde_01": 45010000, "orde_02": 25011000, "orde_03": 25011100, "orde_04": 25011100, "jenis_sistem": 45000000, "status_jaringan": 2, "provinsi": "Provinsi Kalimantan Selatan", "kabupaten": "Kabupaten Hulu Sungai Selatan", "keterangan": "Jaringan Irigasi yang melalui D.I. Telaga Langsat", "sumber_data": "Balai Wilayah Sungai Kalimantan II Kementerian PUPR, 2019", "source_shape_length": 0.03335219124299553, "source_layer": "_6306_50KB_LN_SR_SDA_KABUPATEN_HULUSUNGAISELATAN_2024", "source_dataset": "_6306_50KB_RTRW_KABUPATEN_HULUSUNGAISELATAN_2025.gdb.zip" }, "geometry": { "type": "MultiLineString", "coordinates": [ [ [ 115.338193000054957, -2.730324999507502 ], [ 115.338194303609953, -2.730321397567479 ], [ 115.338380972949949, -2.73023075829002 ], [ 115.33860107320254, -2.730031478557521 ], [ 115.338877685967532, -2.729766763965017 ], [ 115.33959747236247, -2.729121335635 ], [ 115.339871109595038, -2.728835800545028 ], [ 115.33998413502502, -2.728701955520023 ], [ 115.340231005474948, -2.728252831334999 ], [ 115.340554134262447, -2.727614897159981 ], [ 115.341033001990013, -2.726698805584988 ], [ 115.341333408647529, -2.726133683957528 ], [ 115.341651661702485, -2.725619124420007 ], [ 115.342198936185014, -2.724756570202487 ], [ 115.342447378912539, -2.72433321111248 ], [ 115.342570515955003, -2.724079204579994 ], [ 115.342659745792503, -2.723186905554996 ], [ 115.342817385412445, -2.72196743147498 ], [ 115.342954203772479, -2.720646831352497 ], [ 115.343114817652463, -2.719168590874972 ], [ 115.34316240625003, -2.718552905122522 ], [ 115.343175493897547, -2.718407163872484 ], [ 115.343062468587505, -2.718273318767501 ], [ 115.342925650719963, -2.718184089507474 ], [ 115.342384322842463, -2.718088909552478 ], [ 115.341569357540038, -2.717928296770026 ], [ 115.34128084782003, -2.717847989917516 ], [ 115.341144028527538, -2.717740913592479 ], [ 115.341028030077496, -2.717598146754995 ], [ 115.340796033130005, -2.717336406039976 ], [ 115.340326089702444, -2.716732617312516 ], [ 115.339680660845033, -2.715870064494993 ], [ 115.339041181420043, -2.71504319953749 ], [ 115.338371956594983, -2.714141979475016 ], [ 115.337479659562518, -2.713026606507526 ], [ 115.337066228207505, -2.712467433867516 ], [ 115.336902639819982, -2.712330614362486 ], [ 115.336722662779948, -2.712318784845024 ], [ 115.33656931053747, -2.71231205633751 ], [ 115.335969613037491, -2.712346488129981 ], [ 115.335771149172501, -2.712336045477514 ], [ 115.335711642964952, -2.712319470962484 ], [ 115.335638124665024, -2.712263562294993 ], [ 115.335517592442557, -2.712098233607492 ], [ 115.335447305499997, -2.712107310832494 ], [ 115.335321670882536, -2.712135863997503 ], [ 115.335187468809977, -2.712171555822522 ], [ 115.334860530209994, -2.712270066057499 ], [ 115.334413835670034, -2.712270956467478 ], [ 115.333859999029983, -2.712298300119983 ], [ 115.333540463489953, -2.712270040669978 ], [ 115.333043682255038, -2.712305005012524 ], [ 115.331801491759961, -2.712909396445013 ], [ 115.330932974212487, -2.713011100915026 ], [ 115.330117285557549, -2.712930869722527 ], [ 115.32946328261005, -2.712788057074988 ], [ 115.328809935930053, -2.712748484667486 ], [ 115.32764054861002, -2.712270422189988 ], [ 115.326609945322502, -2.711675641905003 ] ] ] } },
{ "type": "Feature", "properties": { "source_feature_id": 43, "nama_objek": "Jaringan Pengendalian Banjir", "orde_01": 45010000, "orde_02": 45012000, "orde_03": 25012100, "orde_04": 25012100, "jenis_sistem": 45000000, "status_jaringan": 2, "provinsi": "Provinsi Kalimantan Selatan", "kabupaten": "Kabupaten Hulu Sungai Selatan", "keterangan": "Tidak Ada", "sumber_data": "Dinas PUPR Kabupaten Hulu Sungai Selatan, 2023", "source_shape_length": 0.0014368362656104611, "source_layer": "_6306_50KB_LN_SR_SDA_KABUPATEN_HULUSUNGAISELATAN_2024", "source_dataset": "_6306_50KB_RTRW_KABUPATEN_HULUSUNGAISELATAN_2025.gdb.zip" }, "geometry": { "type": "MultiLineString", "coordinates": [ [ [ 115.092298756012497, -2.634327974632527 ], [ 115.092330074339998, -2.634316617149977 ], [ 115.092339439342481, -2.634313219985017 ], [ 115.092406409692444, -2.634291726039976 ], [ 115.092426531919955, -2.634285268409997 ], [ 115.092485732782507, -2.634266268062504 ], [ 115.092512046225011, -2.634257527789998 ], [ 115.092573494335056, -2.63423711580748 ], [ 115.092597373529998, -2.634229183765001 ], [ 115.092658393442548, -2.634208913982491 ], [ 115.092682705335051, -2.634200837929995 ], [ 115.092743295249988, -2.634180712152499 ], [ 115.092768038035047, -2.634172492992491 ], [ 115.092828187162468, -2.634152512107505 ], [ 115.092853368940041, -2.634144147137476 ], [ 115.092913086267458, -2.634124312065012 ], [ 115.092938697144973, -2.634115803982525 ], [ 115.092997987172453, -2.634096110207508 ], [ 115.093024028044965, -2.634087459920011 ], [ 115.093082883582497, -2.634067909240002 ], [ 115.093100858872504, -2.634061938372497 ], [ 115.093167109462456, -2.634037795732525 ], [ 115.093176365635031, -2.634034421900026 ], [ 115.093251152699963, -2.634007168342521 ], [ 115.093260289224986, -2.634003837727505 ], [ 115.093340411927556, -2.633974640182487 ], [ 115.093344185044998, -2.633973187497475 ], [ 115.093424472175002, -2.633942288472497 ], [ 115.093427550765, -2.633941103267489 ], [ 115.093503355857479, -2.633911927999975 ], [ 115.093510917382446, -2.633909018127497 ], [ 115.09358223864001, -2.633881567517506 ], [ 115.093594284902451, -2.633876932077499 ], [ 115.093654715042476, -2.633853673804992 ] ] ] } },
{ "type": "Feature", "properties": { "source_feature_id": 44, "nama_objek": "Jaringan Irigasi Primer", "orde_01": 45010000, "orde_02": 25011000, "orde_03": 25011100, "orde_04": 25011100, "jenis_sistem": 45000000, "status_jaringan": 2, "provinsi": "Provinsi Kalimantan Selatan", "kabupaten": "Kabupaten Hulu Sungai Selatan", "keterangan": "Jaringan Irigasi yang melalui D.I.R. Rawa Negara", "sumber_data": "Bidang Sumber Daya Air Dinas PUPR Provinsi Kalimantan Selatan, 2022", "source_shape_length": 0.0087298270098693752, "source_layer": "_6306_50KB_LN_SR_SDA_KABUPATEN_HULUSUNGAISELATAN_2024", "source_dataset": "_6306_50KB_RTRW_KABUPATEN_HULUSUNGAISELATAN_2025.gdb.zip" }, "geometry": { "type": "MultiLineString", "coordinates": [ [ [ 115.178339716675055, -2.780763561747506 ], [ 115.178338828182518, -2.780762984362525 ], [ 115.178158119077466, -2.780645530122513 ], [ 115.177633759382502, -2.780286429344983 ], [ 115.175646598670028, -2.778837505147521 ], [ 115.17581040436005, -2.778656348732511 ], [ 115.177340268322496, -2.777363225445015 ], [ 115.176957395020054, -2.776800847594984 ], [ 115.175921921990039, -2.775356160602485 ], [ 115.175647380575015, -2.774960937262506 ], [ 115.175567325977454, -2.774840836262513 ], [ 115.175567311345048, -2.77483689009 ], [ 115.175521522099984, -2.774766810204994 ] ] ] } },
{ "type": "Feature", "properties": { "source_feature_id": 45, "nama_objek": "Jaringan Irigasi Primer", "orde_01": 45010000, "orde_02": 25011000, "orde_03": 25011100, "orde_04": 25011100, "jenis_sistem": 45000000, "status_jaringan": 2, "provinsi": "Provinsi Kalimantan Selatan", "kabupaten": "Kabupaten Hulu Sungai Selatan", "keterangan": "Jaringan Irigasi yang melalui D.I. Amandit", "sumber_data": "Balai Wilayah Sungai Kalimantan II Kementerian PUPR, 2019", "source_shape_length": 0.029002759685281067, "source_layer": "_6306_50KB_LN_SR_SDA_KABUPATEN_HULUSUNGAISELATAN_2024", "source_dataset": "_6306_50KB_RTRW_KABUPATEN_HULUSUNGAISELATAN_2025.gdb.zip" }, "geometry": { "type": "MultiLineString", "coordinates": [ [ [ 115.287705917785047, -2.809391454119975 ], [ 115.286992079835045, -2.809427145902475 ], [ 115.28579640078749, -2.809483657185012 ], [ 115.28505579290254, -2.809507452800005 ], [ 115.284490670754963, -2.809563964232495 ], [ 115.284276519390005, -2.809611553552486 ], [ 115.283425863477532, -2.809861397822488 ], [ 115.282144626479976, -2.810111337210003 ], [ 115.28135577008004, -2.810291030097517 ], [ 115.28065843361253, -2.810449877952522 ], [ 115.279773119759966, -2.810621165024997 ], [ 115.278675704380021, -2.810771349832521 ], [ 115.278142484184968, -2.810790154867504 ], [ 115.278038844799994, -2.810792611049976 ], [ 115.277559627497453, -2.81090775677751 ], [ 115.277244014539974, -2.811006689370004 ], [ 115.276694394049969, -2.811190457882503 ], [ 115.276461124477464, -2.811277404680027 ], [ 115.276282682732472, -2.811343915137513 ], [ 115.27599204301498, -2.811418117367509 ], [ 115.275909226457543, -2.81140322179499 ], [ 115.275643007812505, -2.811355337295026 ], [ 115.27482054176005, -2.811228482565014 ], [ 115.273685591855042, -2.811053431400012 ], [ 115.273458675094957, -2.811019471417524 ], [ 115.273106924080025, -2.810966826595006 ], [ 115.272671915785054, -2.810804745477526 ], [ 115.272305573680001, -2.810527401547517 ], [ 115.272205465940033, -2.810438415392525 ], [ 115.27140043353495, -2.809722822304991 ], [ 115.271296414437529, -2.809630359644984 ], [ 115.270866198580052, -2.809400635897475 ], [ 115.270677288272509, -2.80932471130501 ] ], [ [ 115.28903376425751, -2.819034057162526 ], [ 115.289017595247515, -2.818959861254996 ], [ 115.288972980182507, -2.81885575954999 ], [ 115.288836161549966, -2.81878735022002 ], [ 115.288345398152501, -2.81858509535499 ], [ 115.288119348312534, -2.818442328795015 ], [ 115.288030118965025, -2.81833525294752 ], [ 115.287771352614982, -2.817835565932512 ], [ 115.287393613925019, -2.817196085802493 ], [ 115.287340075794987, -2.817041420354997 ], [ 115.287295461232475, -2.816303787402489 ], [ 115.287271666187507, -2.81593199719498 ], [ 115.287039667437512, -2.815253851215004 ], [ 115.286899875555036, -2.814822573717493 ], [ 115.286626237769951, -2.814334783960021 ], [ 115.286400188624953, -2.813888635410024 ], [ 115.286373419879965, -2.81380832803751 ], [ 115.286373418462517, -2.813728020404994 ], [ 115.286373419617462, -2.813680432307478 ], [ 115.286572699187445, -2.813296744532522 ], [ 115.286929617472538, -2.812520445000018 ], [ 115.287280589167494, -2.811806606552523 ], [ 115.287604789539955, -2.811196869802473 ], [ 115.287714840977515, -2.810947026142514 ], [ 115.287821916925054, -2.810557389710027 ], [ 115.288036067332541, -2.80977514151499 ], [ 115.288030119667496, -2.809540169910008 ], [ 115.287917094869954, -2.809436068932484 ], [ 115.287789198897485, -2.809388479569975 ], [ 115.287705917785047, -2.809391454119975 ] ] ] } },
{ "type": "Feature", "properties": { "source_feature_id": 46, "nama_objek": "Jaringan Irigasi Primer", "orde_01": 45010000, "orde_02": 25011000, "orde_03": 25011100, "orde_04": 25011100, "jenis_sistem": 45000000, "status_jaringan": 2, "provinsi": "Provinsi Kalimantan Selatan", "kabupaten": "Kabupaten Hulu Sungai Selatan", "keterangan": "Jaringan Irigasi yang melalui D.I. Telaga Langsat", "sumber_data": "Balai Wilayah Sungai Kalimantan II Kementerian PUPR, 2019", "source_shape_length": 0.02962717807671256, "source_layer": "_6306_50KB_LN_SR_SDA_KABUPATEN_HULUSUNGAISELATAN_2024", "source_dataset": "_6306_50KB_RTRW_KABUPATEN_HULUSUNGAISELATAN_2025.gdb.zip" }, "geometry": { "type": "MultiLineString", "coordinates": [ [ [ 115.333612359582503, -2.740031073349996 ], [ 115.333357777157516, -2.740541252422474 ], [ 115.332925350590017, -2.741383178880028 ], [ 115.332728650827448, -2.741727151787472 ], [ 115.332425920535002, -2.742187418097501 ], [ 115.331724421907552, -2.74321308263751 ], [ 115.331406902820049, -2.743669082572524 ], [ 115.331274137012542, -2.743881527872475 ], [ 115.331220132507497, -2.744015472347485 ], [ 115.331080330180043, -2.744438717847515 ], [ 115.330851066327455, -2.745196926630001 ], [ 115.330642113754948, -2.745922225444986 ], [ 115.33062202815745, -2.746096610025006 ], [ 115.33063095137004, -2.74628300137249 ], [ 115.330630951125045, -2.746563579277506 ], [ 115.330687463639947, -2.747143572892526 ], [ 115.330735052942487, -2.747928794339998 ], [ 115.330830231740038, -2.749115551792499 ], [ 115.330862948597542, -2.749451650662479 ], [ 115.330854026642555, -2.749749082624987 ], [ 115.330815359014991, -2.749990002142511 ], [ 115.330705309542509, -2.750453998010016 ], [ 115.33040787660002, -2.751652651182496 ], [ 115.330294852802467, -2.752232645879985 ], [ 115.330202649510056, -2.752553872664976 ], [ 115.330128291114988, -2.752699614874984 ], [ 115.330033111897478, -2.752863202645017 ], [ 115.329860602485041, -2.753056534175016 ], [ 115.32947512864996, -2.753499113262478 ], [ 115.329193400607551, -2.753757046692499 ], [ 115.329062053919984, -2.753850321760012 ], [ 115.328810782850042, -2.754038774337516 ], [ 115.327898973039964, -2.754628880587518 ], [ 115.327607727885038, -2.754868730535009 ], [ 115.327374370285042, -2.755049308542482 ], [ 115.326932624427513, -2.755439593449978 ], [ 115.326690874502447, -2.755685599824972 ], [ 115.326490998905001, -2.755729382505024 ], [ 115.326334906347483, -2.755746513272527 ], [ 115.325508037915029, -2.755805625300013 ], [ 115.324870149644994, -2.75587648882248 ], [ 115.324358317404972, -2.755909691582474 ], [ 115.324310205259962, -2.755916244080026 ], [ 115.324230880764958, -2.755896119217482 ], [ 115.323936645882554, -2.755844609675023 ], [ 115.323254167512459, -2.755713286832474 ], [ 115.323033727412508, -2.755686987337526 ], [ 115.322780336337473, -2.755699125487524 ], [ 115.322213688904981, -2.755767863732501 ], [ 115.322199230672481, -2.755769673605016 ] ], [ [ 115.322199230672481, -2.755769673605016 ], [ 115.321789311819998, -2.755820996564978 ], [ 115.321537774047556, -2.755881501062504 ], [ 115.32130060895247, -2.755964670059996 ], [ 115.320190947477499, -2.756368541227516 ], [ 115.318847375417477, -2.75685290882501 ], [ 115.317382824959964, -2.757379293340023 ], [ 115.316222191777456, -2.757796111617495 ], [ 115.315603401175053, -2.758018337647513 ] ] ] } },
{ "type": "Feature", "properties": { "source_feature_id": 47, "nama_objek": "Jaringan Irigasi Primer", "orde_01": 45010000, "orde_02": 25011000, "orde_03": 25011100, "orde_04": 25011100, "jenis_sistem": 45000000, "status_jaringan": 2, "provinsi": "Provinsi Kalimantan Selatan", "kabupaten": "Kabupaten Hulu Sungai Selatan", "keterangan": "Jaringan Irigasi yang melalui D.I. Amandit", "sumber_data": "Balai Wilayah Sungai Kalimantan II Kementerian PUPR, 2019", "source_shape_length": 0.032137998634301099, "source_layer": "_6306_50KB_LN_SR_SDA_KABUPATEN_HULUSUNGAISELATAN_2024", "source_dataset": "_6306_50KB_RTRW_KABUPATEN_HULUSUNGAISELATAN_2025.gdb.zip" }, "geometry": { "type": "MultiLineString", "coordinates": [ [ [ 115.291106535872473, -2.775047821869975 ], [ 115.290913470737451, -2.774234917780007 ], [ 115.290704078779982, -2.773682883497486 ], [ 115.290456614857476, -2.772997597789981 ], [ 115.290456614655, -2.772911936442483 ], [ 115.291027684560049, -2.771655581724985 ], [ 115.29114189928498, -2.771170172562506 ], [ 115.291284666255024, -2.769980440884979 ], [ 115.290818292079962, -2.768191085582487 ], [ 115.290704078625026, -2.767696157542503 ], [ 115.290751667994982, -2.767448695112478 ], [ 115.290857331172447, -2.767056471247486 ], [ 115.293170357194981, -2.764851624082496 ] ], [ [ 115.291816260929977, -2.77741247007998 ], [ 115.291646344867445, -2.776928467692528 ], [ 115.291417917587523, -2.776290772052505 ], [ 115.291275148799969, -2.775757771384974 ], [ 115.291106535872473, -2.775047821869975 ] ], [ [ 115.292008255250039, -2.778216341812481 ], [ 115.29196043403249, -2.77782314463002 ], [ 115.291816260929977, -2.77741247007998 ] ], [ [ 115.294972197492484, -2.781306638720025 ], [ 115.294858616132501, -2.781310244712472 ], [ 115.294615911467531, -2.781270982472506 ], [ 115.294369637475029, -2.78099258694499 ], [ 115.293869951609963, -2.780528591097493 ], [ 115.293088297552458, -2.77984687763751 ], [ 115.292284040642471, -2.779041427522486 ], [ 115.292179343432508, -2.778974803322512 ], [ 115.292122237182525, -2.778841553824975 ], [ 115.292046094087482, -2.778527464039996 ], [ 115.292008255250039, -2.778216341812481 ] ], [ [ 115.295248366409965, -2.78376296326752 ], [ 115.295344026359999, -2.78345889735499 ], [ 115.295415411332556, -2.783034164052481 ], [ 115.295440395852552, -2.782270356914978 ], [ 115.295361872324975, -2.781692148085028 ], [ 115.295344027587475, -2.781403043587488 ], [ 115.295240521162555, -2.781331659970022 ], [ 115.295083475572483, -2.781303105332483 ], [ 115.294972197492484, -2.781306638720025 ] ], [ [ 115.294350194132448, -2.786061507832528 ], [ 115.294640896025044, -2.785307738590006 ], [ 115.294812216482455, -2.784922266782473 ], [ 115.295112029175016, -2.784129905367479 ], [ 115.295244090337519, -2.783776556047485 ], [ 115.295248366409965, -2.78376296326752 ] ], [ [ 115.29109508534998, -2.789171596817482 ], [ 115.291264441567478, -2.78913034359249 ], [ 115.291357240565048, -2.789005422454977 ], [ 115.291632067312548, -2.788516441559977 ], [ 115.292006833710047, -2.787870418647515 ], [ 115.292635010062554, -2.787434976417501 ], [ 115.292756363157537, -2.787395715545017 ], [ 115.293648660387476, -2.787377871517492 ], [ 115.293787859860004, -2.787338609380015 ], [ 115.29386995018001, -2.78730291654 ], [ 115.29394133516746, -2.787145872570022 ], [ 115.294237577632543, -2.786353512339986 ], [ 115.294350194132448, -2.786061507832528 ] ], [ [ 115.288544621705, -2.789458664685014 ], [ 115.288844529535027, -2.789426586137495 ], [ 115.289437016432544, -2.789398032354995 ], [ 115.290054484415009, -2.789358771590003 ], [ 115.290489927435033, -2.789315941222526 ], [ 115.290986044302485, -2.78919815718001 ], [ 115.29109508534998, -2.789171596817482 ] ] ] } },
{ "type": "Feature", "properties": { "source_feature_id": 48, "nama_objek": "Jaringan Irigasi Primer", "orde_01": 45010000, "orde_02": 25011000, "orde_03": 25011100, "orde_04": 25011100, "jenis_sistem": 45000000, "status_jaringan": 2, "provinsi": "Provinsi Kalimantan Selatan", "kabupaten": "Kabupaten Hulu Sungai Selatan", "keterangan": "Jaringan Irigasi yang melalui D.I. Amandit", "sumber_data": "Balai Wilayah Sungai Kalimantan II Kementerian PUPR, 2019", "source_shape_length": 0.11667930975417624, "source_layer": "_6306_50KB_LN_SR_SDA_KABUPATEN_HULUSUNGAISELATAN_2024", "source_dataset": "_6306_50KB_RTRW_KABUPATEN_HULUSUNGAISELATAN_2025.gdb.zip" }, "geometry": { "type": "MultiLineString", "coordinates": [ [ [ 115.322193369362481, -2.765309684182512 ], [ 115.322567011369983, -2.765192207425002 ], [ 115.322620550007514, -2.765156516652496 ], [ 115.322638396229991, -2.765097028589992 ], [ 115.322638395942477, -2.765001850532485 ], [ 115.322626498582508, -2.764882877337527 ], [ 115.322507526219965, -2.764520009317494 ], [ 115.321906711890051, -2.762830592319972 ], [ 115.32174609851495, -2.762396342422505 ], [ 115.321686612105054, -2.762283316355024 ], [ 115.321472460769996, -2.762307112422491 ], [ 115.320580162789952, -2.762551006314993 ], [ 115.320020989452473, -2.762777055002516 ], [ 115.319586737097552, -2.762979309219986 ], [ 115.319540337562444, -2.763016191052486 ], [ 115.318713672589979, -2.763673286852509 ] ], [ [ 115.300340797150056, -2.796256035099987 ], [ 115.300438520369994, -2.79615435011749 ], [ 115.301252295307449, -2.795276328382499 ], [ 115.301951857417521, -2.794583905775028 ], [ 115.302551481502519, -2.794027110489992 ], [ 115.302679972987448, -2.793905758487483 ], [ 115.302783479745017, -2.793866497987494 ], [ 115.302904831954947, -2.793884343572472 ], [ 115.304193310564983, -2.793994988324982 ], [ 115.304885733222477, -2.794041389434994 ], [ 115.304928563247472, -2.79403781893501 ], [ 115.304946408570004, -2.793998557842485 ], [ 115.304960686822483, -2.793955727674984 ], [ 115.304996377302473, -2.792867124762495 ], [ 115.305017793755042, -2.792445959289978 ], [ 115.305060622572455, -2.792381713854979 ], [ 115.305117730447478, -2.792331745609999 ], [ 115.305720923582498, -2.792060486517528 ], [ 115.307223552534992, -2.791382340680002 ], [ 115.307337768510024, -2.791332371687474 ], [ 115.307459119499981, -2.791300249697485 ], [ 115.307551918087484, -2.7913002483225 ], [ 115.307673271872545, -2.791335940847489 ], [ 115.307866008127462, -2.791514400387484 ], [ 115.308437078580027, -2.792153285612528 ], [ 115.308583415334965, -2.792310330802479 ], [ 115.308683352517505, -2.792392421659997 ], [ 115.308733320550004, -2.792420974430001 ], [ 115.308818982327466, -2.792445959757515 ], [ 115.309332946452514, -2.792513774277495 ], [ 115.309968261392555, -2.792553035727508 ], [ 115.310228812400055, -2.792578019642519 ], [ 115.310346596794943, -2.792578019852499 ], [ 115.310392995480015, -2.792563742647474 ], [ 115.310557177415035, -2.7922532235375 ], [ 115.310906959800036, -2.791364495087521 ], [ 115.310992619630042, -2.791021851369976 ], [ 115.31103188045995, -2.790807700910023 ], [ 115.311188924454996, -2.790208076667511 ], [ 115.311306709282462, -2.789790481522516 ], [ 115.311645781664993, -2.788994551992516 ], [ 115.311702888300033, -2.788755415544983 ], [ 115.311745719882538, -2.78848772550748 ], [ 115.311999131137554, -2.787509767802476 ], [ 115.312077653887513, -2.786995804132516 ], [ 115.312049101027469, -2.786792360499987 ], [ 115.31198792865996, -2.786274231937512 ], [ 115.311916544554947, -2.785935159637518 ], [ 115.311898698872483, -2.785584189502515 ], [ 115.311946287942533, -2.785364088619986 ], [ 115.31247571782751, -2.784370664040011 ], [ 115.312921866250008, -2.783270164417502 ], [ 115.313373964832522, -2.781967408540027 ], [ 115.313659499820005, -2.781253569994988 ], [ 115.313962881034968, -2.780533782867508 ], [ 115.314165134559971, -2.779712868752483 ], [ 115.314367390210009, -2.779153695627485 ], [ 115.314516105839971, -2.778850314132512 ], [ 115.315159749832446, -2.777770039054985 ], [ 115.315227564112547, -2.77764511608251 ], [ 115.315477407012509, -2.777354823547512 ], [ 115.315582104782493, -2.777040734704997 ], [ 115.315648729522536, -2.776098468022496 ], [ 115.315677282932484, -2.775689200850024 ], [ 115.315715354224949, -2.775527396837504 ], [ 115.315877158192507, -2.775165718425001 ], [ 115.316391120507546, -2.773823703479991 ], [ 115.316695692289954, -2.773300221927514 ], [ 115.317152548605009, -2.77256734745248 ], [ 115.317295315594947, -2.772310365800024 ], [ 115.317466636442532, -2.771510866774975 ], [ 115.317599887777533, -2.77099690360501 ], [ 115.317704583212503, -2.77062570789252 ], [ 115.317676030565053, -2.770178368154973 ], [ 115.317676029877475, -2.769902350882489 ], [ 115.318018673022493, -2.76919803037498 ], [ 115.318618295519968, -2.768265282084997 ], [ 115.319056116504953, -2.767522890559974 ], [ 115.319360687592507, -2.7669708544625 ], [ 115.319622429567517, -2.766566346729974 ], [ 115.319741402017485, -2.766352195804984 ], [ 115.319842529092512, -2.76615588971498 ], [ 115.319931759609972, -2.766078556252523 ], [ 115.321204771464977, -2.765620510270026 ], [ 115.322193369362481, -2.765309684182512 ] ], [ [ 115.292205546335026, -2.83481724556998 ], [ 115.292556555962506, -2.834843195962492 ], [ 115.292637456590001, -2.834857472807528 ], [ 115.292756431629982, -2.834805124307479 ], [ 115.292975341125043, -2.834738498389981 ], [ 115.293032447442556, -2.8347194632575 ], [ 115.293203769747493, -2.834676634132506 ], [ 115.293403643884972, -2.834605248565026 ], [ 115.293674903154965, -2.834505311190014 ], [ 115.293841465565038, -2.834414892947507 ], [ 115.293998510617484, -2.834338749534993 ], [ 115.29408417030254, -2.834267366462484 ], [ 115.294345910965035, -2.833929483287477 ], [ 115.29466951781751, -2.833529733779983 ], [ 115.294802766284988, -2.833396483165018 ], [ 115.294869392567534, -2.833363171190001 ], [ 115.294926499060011, -2.833348894369976 ], [ 115.29505023105753, -2.833396483967476 ], [ 115.295292935904968, -2.833515456580017 ], [ 115.29553088160003, -2.833639188739994 ], [ 115.295611783679988, -2.833662983192482 ], [ 115.295711720142549, -2.833634429167489 ], [ 115.295787863570013, -2.833601118550007 ], [ 115.296068640230033, -2.833382206424972 ], [ 115.296658746672506, -2.832949144462475 ], [ 115.29708705032499, -2.832627917537479 ], [ 115.297422553670003, -2.832278137155015 ], [ 115.297793749377547, -2.831828418872476 ], [ 115.298007901107553, -2.831628543520026 ], [ 115.298172084367479, -2.831507190587502 ], [ 115.298354113014966, -2.831371562287472 ], [ 115.298511156209997, -2.831285901772503 ], [ 115.298632509940035, -2.83105033452 ], [ 115.298789553437473, -2.830564924725024 ], [ 115.298960875109969, -2.830097360725006 ], [ 115.299128627207551, -2.829801118287492 ], [ 115.299285671744997, -2.82937995308248 ], [ 115.299407024717539, -2.829090849467491 ], [ 115.299474838612468, -2.829005188237488 ], [ 115.299510530349949, -2.828962357534976 ], [ 115.299635452309985, -2.828894543782496 ], [ 115.29990671165001, -2.828737499322472 ], [ 115.30012443204248, -2.828555469397486 ], [ 115.300356430462443, -2.828223535680024 ], [ 115.300513473312549, -2.827948707242513 ], [ 115.300749040857454, -2.827677448760028 ], [ 115.301088112367552, -2.827399051879979 ], [ 115.301252296777534, -2.827156347559992 ], [ 115.30152355459245, -2.82673161450748 ], [ 115.301669892094992, -2.826510322280001 ], [ 115.301709152857484, -2.826367555807508 ], [ 115.301734136592472, -2.826185526664972 ], [ 115.301741274567462, -2.825054093760002 ], [ 115.301726998804952, -2.824179641852481 ], [ 115.301734137079961, -2.823708507109984 ], [ 115.301848352534989, -2.823312327882491 ], [ 115.301926873662524, -2.823062483395006 ], [ 115.301958996735038, -2.822830486985026 ], [ 115.301973272337477, -2.822680580359986 ], [ 115.302069640507511, -2.822509259857497 ], [ 115.302215977862488, -2.822362922822492 ], [ 115.302683541860006, -2.82199886563501 ], [ 115.303400950019977, -2.8214527791975 ], [ 115.303497318007544, -2.82134213410751 ], [ 115.3036079630225, -2.821095859487514 ], [ 115.30370433062501, -2.820778201922508 ], [ 115.303750730670004, -2.820478390047526 ], [ 115.303761437904996, -2.82003937934752 ], [ 115.303707899792471, -2.819525416472516 ], [ 115.303597255030013, -2.818843700567527 ], [ 115.303561564489996, -2.818654532215021 ], [ 115.303557993712502, -2.818465365689974 ], [ 115.303586548587532, -2.818368997879986 ], [ 115.303715038534961, -2.818172692542475 ], [ 115.303847098419965, -2.817954971037523 ], [ 115.304114787762501, -2.817508822440004 ], [ 115.304339646979997, -2.817137625529995 ], [ 115.304510968692512, -2.816873506702507 ], [ 115.304685858702555, -2.816591540077525 ], [ 115.304792933470026, -2.816380958332502 ], [ 115.304803641215017, -2.816284589625013 ], [ 115.304803641334956, -2.816245327982472 ], [ 115.304792933127487, -2.816170375547472 ], [ 115.304650166534998, -2.815999054564998 ], [ 115.304189740527477, -2.815395860482511 ], [ 115.303647224107522, -2.814749837600004 ], [ 115.303108276307512, -2.814053845045009 ], [ 115.302690680947535, -2.813522035182473 ], [ 115.302276653517538, -2.813029486777509 ], [ 115.302030380555038, -2.812883150775008 ], [ 115.30133438858752, -2.812597614487515 ], [ 115.300438521099977, -2.812201434184999 ], [ 115.300210092102475, -2.812030114539994 ], [ 115.300045908505012, -2.811815962227513 ], [ 115.29991741853496, -2.811630364237487 ], [ 115.299817482522485, -2.811337690674975 ], [ 115.299781788290034, -2.811102122520026 ], [ 115.299778220672465, -2.810166995164991 ], [ 115.299753235230014, -2.809588786802522 ], [ 115.299788927270015, -2.809303250534981 ], [ 115.299810342434967, -2.809203313047476 ], [ 115.299846035325004, -2.809139068779984 ], [ 115.29991741916001, -2.809049839064983 ], [ 115.300038770104948, -2.8089748855175 ], [ 115.300381413380023, -2.808921347672481 ], [ 115.301202327584974, -2.808839256097485 ], [ 115.301484293722524, -2.808735750100027 ], [ 115.301705584187516, -2.808700057395015 ], [ 115.302983353505056, -2.80874645711998 ], [ 115.304261124104983, -2.808810702110009 ], [ 115.305064192852456, -2.808832117257509 ], [ 115.305214098595002, -2.808839256527506 ], [ 115.305335452505005, -2.808807132287484 ], [ 115.305895814625046, -2.808343137417523 ], [ 115.306459747102508, -2.807782774500026 ], [ 115.306873772847553, -2.807383025889976 ], [ 115.307159308107543, -2.807126044832501 ], [ 115.307223552509981, -2.807051091120002 ], [ 115.307287799607479, -2.806790540512509 ], [ 115.30751265753247, -2.805962487884983 ], [ 115.307641149597544, -2.80559129190749 ], [ 115.307791054252448, -2.805245080645022 ], [ 115.30790526908504, -2.804938129782499 ], [ 115.307990929882521, -2.804734685892527 ], [ 115.308137266805034, -2.804417028422506 ], [ 115.308326434122478, -2.804024416597485 ], [ 115.308658368575038, -2.803164241654997 ], [ 115.308761874299989, -2.802835875184996 ], [ 115.309011718162537, -2.802264805812513 ], [ 115.309197315432471, -2.801807948442502 ], [ 115.309390052887466, -2.801368938922508 ], [ 115.309422175835039, -2.801286847477513 ], [ 115.30942217537995, -2.80112980140251 ], [ 115.309393622614948, -2.800269627909984 ], [ 115.309357930300052, -2.799798494007518 ], [ 115.309315100145, -2.799723541060018 ], [ 115.309104518487516, -2.799423729349996 ], [ 115.308433509522501, -2.798502877529984 ], [ 115.307976653004971, -2.797871131074999 ], [ 115.307894561682474, -2.79774620851498 ], [ 115.307708963717459, -2.797610579820002 ], [ 115.307559057907497, -2.797564180020004 ], [ 115.307362751997516, -2.797539195807474 ], [ 115.307287799559958, -2.797539195622505 ], [ 115.30724139978247, -2.797553472560026 ], [ 115.307066508332468, -2.797692671352479 ], [ 115.306845219202501, -2.798049591422512 ], [ 115.306638206697471, -2.798331556330027 ], [ 115.306316979332451, -2.798774135985013 ], [ 115.306184918462463, -2.798977580310009 ], [ 115.306124243120053, -2.7990489637275 ], [ 115.30544609667254, -2.799370190142497 ], [ 115.305242652799961, -2.799455851329981 ], [ 115.305042777032554, -2.799498681242483 ], [ 115.304557367705002, -2.799566495505019 ], [ 115.303914913569997, -2.799670002255027 ], [ 115.30375072942752, -2.799702126099987 ], [ 115.303593686219983, -2.799723540582477 ], [ 115.303090429932467, -2.799623603575014 ], [ 115.302212408385003, -2.799398744592509 ], [ 115.301787674787533, -2.799302376847493 ], [ 115.300481350530049, -2.79872416856 ], [ 115.300067324337533, -2.798538569587492 ], [ 115.29994240352255, -2.798460047129993 ], [ 115.299899573192533, -2.798345833582516 ], [ 115.299924557374993, -2.79785685311748 ], [ 115.300042340020013, -2.796750404222507 ], [ 115.300081601882539, -2.796589790682503 ], [ 115.300174400672518, -2.796429176400011 ], [ 115.300340797150056, -2.796256035099987 ] ], [ [ 115.291010446564997, -2.834712481589975 ], [ 115.291333512202527, -2.834752776559981 ], [ 115.292205546335026, -2.83481724556998 ] ] ] } },
{ "type": "Feature", "properties": { "source_feature_id": 49, "nama_objek": "Jaringan Irigasi Primer", "orde_01": 45010000, "orde_02": 25011000, "orde_03": 25011100, "orde_04": 25011100, "jenis_sistem": 45000000, "status_jaringan": 2, "provinsi": "Provinsi Kalimantan Selatan", "kabupaten": "Kabupaten Hulu Sungai Selatan", "keterangan": "Jaringan Irigasi yang melalui D.I.R. Rawa Negara", "sumber_data": "Bidang Sumber Daya Air Dinas PUPR Provinsi Kalimantan Selatan, 2022", "source_shape_length": 0.01377764137038724, "source_layer": "_6306_50KB_LN_SR_SDA_KABUPATEN_HULUSUNGAISELATAN_2024", "source_dataset": "_6306_50KB_RTRW_KABUPATEN_HULUSUNGAISELATAN_2025.gdb.zip" }, "geometry": { "type": "MultiLineString", "coordinates": [ [ [ 115.187562531247522, -2.763656963679978 ], [ 115.187437210410053, -2.763727767304999 ], [ 115.187307150049946, -2.763813644827508 ], [ 115.187195604254953, -2.763885534759993 ], [ 115.187040355590057, -2.763945292102505 ], [ 115.18692651308254, -2.763975107937483 ], [ 115.186678125232447, -2.7641170683425 ], [ 115.186035454767534, -2.764435345362472 ], [ 115.185219735975011, -2.764847305310013 ], [ 115.184714304992553, -2.765098899739996 ] ], [ [ 115.184714304992553, -2.765098899739996 ], [ 115.184580714602475, -2.765165399444982 ], [ 115.184380220742469, -2.765307065532511 ], [ 115.182772199767555, -2.766045063707509 ], [ 115.18158468071249, -2.76664586110752 ], [ 115.179450254067547, -2.767706379925016 ], [ 115.176207840057486, -2.769275847642518 ], [ 115.175425731882456, -2.769683970910023 ], [ 115.175227511129947, -2.769771563547522 ] ] ] } },
{ "type": "Feature", "properties": { "source_feature_id": 50, "nama_objek": "Jaringan Pengendalian Banjir", "orde_01": 45010000, "orde_02": 45012000, "orde_03": 25012100, "orde_04": 25012100, "jenis_sistem": 45000000, "status_jaringan": 2, "provinsi": "Provinsi Kalimantan Selatan", "kabupaten": "Kabupaten Hulu Sungai Selatan", "keterangan": "Tidak Ada", "sumber_data": "Dinas PUPR Kabupaten Hulu Sungai Selatan, 2023", "source_shape_length": 0.6684096339250577, "source_layer": "_6306_50KB_LN_SR_SDA_KABUPATEN_HULUSUNGAISELATAN_2024", "source_dataset": "_6306_50KB_RTRW_KABUPATEN_HULUSUNGAISELATAN_2025.gdb.zip" }, "geometry": { "type": "MultiLineString", "coordinates": [ [ [ 115.221222549899949, -2.741851057647523 ], [ 115.221226488507455, -2.741851778812475 ], [ 115.221230901797526, -2.741852586592472 ], [ 115.221262487080025, -2.741858366870019 ], [ 115.221280517494961, -2.741867373242485 ], [ 115.22129219480496, -2.741873206070011 ], [ 115.221306333384973, -2.741880267867487 ], [ 115.22135711329247, -2.741905631737495 ], [ 115.2213605423525, -2.741907344127526 ], [ 115.221378627584954, -2.741916377710027 ], [ 115.221428891702544, -2.741941482184984 ], [ 115.221433707302481, -2.741943888417495 ], [ 115.221450919997551, -2.741952484834997 ], [ 115.221497236562527, -2.74197562114 ], [ 115.221510301317494, -2.741982146 ], [ 115.221523211514977, -2.741988593767474 ], [ 115.221586655417468, -2.742020282955025 ], [ 115.221586912507519, -2.742020350255018 ], [ 115.221596216289981, -2.742022783987522 ], [ 115.221669672140024, -2.742042000105016 ], [ 115.221674323134948, -2.742043215162482 ], [ 115.221687465294963, -2.742046652947522 ], [ 115.221732518087492, -2.742058438722495 ], [ 115.221766314842512, -2.742061669530017 ], [ 115.221795939602544, -2.742064502555024 ], [ 115.221861732145044, -2.742070791474987 ], [ 115.221879911670044, -2.742070178397512 ], [ 115.221964219157485, -2.742067337379979 ], [ 115.221965997092525, -2.742067276734986 ], [ 115.222048520352473, -2.742064496344994 ], [ 115.22205472828, -2.742064287685025 ], [ 115.222132824250025, -2.742061656212513 ], [ 115.222143459474978, -2.742061297722501 ], [ 115.222175482959983, -2.742060218815027 ], [ 115.222220752335033, -2.74204531524498 ], [ 115.222230476307459, -2.742042114164974 ], [ 115.222306406604957, -2.742017115839985 ], [ 115.222326071380053, -2.742010641659988 ], [ 115.222392765550012, -2.741981844245004 ], [ 115.222401685639966, -2.741977993597516 ], [ 115.222452396082531, -2.741963956295024 ], [ 115.222496092992515, -2.741951861752511 ], [ 115.222512398817457, -2.741947348445024 ], [ 115.222577215479987, -2.741929408547492 ], [ 115.22258791210254, -2.741926447645028 ], [ 115.222658336172458, -2.741906954430021 ], [ 115.222663426287454, -2.741905545932525 ], [ 115.22273941907747, -2.741884512002514 ], [ 115.222739457762486, -2.741884501207494 ], [ 115.222818598057529, -2.741862194227508 ], [ 115.222820477402479, -2.741861663510008 ], [ 115.222897298432486, -2.74184000956501 ], [ 115.222901501542538, -2.741838824907518 ], [ 115.222976001505003, -2.741817824900011 ], [ 115.222982522985035, -2.741815986295023 ], [ 115.223054702777517, -2.74179564112751 ], [ 115.223063544425031, -2.741793148577472 ], [ 115.223133404050031, -2.741773457350007 ], [ 115.223151484982509, -2.741768361615016 ], [ 115.223213253457516, -2.741755084082513 ], [ 115.223238582075055, -2.741749640162482 ], [ 115.223281924175012, -2.741740323887484 ], [ 115.223319074784968, -2.741735920337476 ], [ 115.223354788119991, -2.741731686457513 ], [ 115.223400087489949, -2.741726317542486 ], [ 115.22343930857005, -2.741721669307481 ], [ 115.223481102897495, -2.741716714744996 ], [ 115.223523829922556, -2.741711650344996 ], [ 115.223562115607479, -2.741707111937501 ], [ 115.22360835127995, -2.741701631377509 ], [ 115.223643129220022, -2.741697509125004 ], [ 115.223692871737512, -2.741691613302521 ], [ 115.223724143732511, -2.741687906305003 ], [ 115.223777394897525, -2.741681594322472 ], [ 115.223805158247501, -2.741678304385005 ], [ 115.223861914462532, -2.741671575329974 ], [ 115.223886170070045, -2.74166869974249 ], [ 115.223946434927484, -2.741661557234977 ], [ 115.223971149240015, -2.74165862716751 ], [ 115.224029527769972, -2.74165370093499 ], [ 115.224063412887517, -2.741651312639988 ], [ 115.224111234454995, -2.7416479422875 ], [ 115.224151738847468, -2.741645087310019 ], [ 115.224194586067483, -2.741642067627481 ], [ 115.224240068407539, -2.741638862879995 ], [ 115.224277938582532, -2.741636192962517 ], [ 115.224328398872444, -2.741632637540022 ], [ 115.224361292899971, -2.741630319197498 ], [ 115.22441672844252, -2.741626411289985 ], [ 115.224444644522464, -2.741624443615024 ], [ 115.22450505621498, -2.741620185932504 ], [ 115.224527997045016, -2.741618568929994 ], [ 115.224601728237531, -2.741613372569986 ], [ 115.224602926964963, -2.741613368027515 ], [ 115.224679209815008, -2.741618240955006 ], [ 115.224693403374999, -2.741619147400002 ], [ 115.224763923385012, -2.741623650022518 ], [ 115.224776725912534, -2.741624468487487 ], [ 115.224806038292513, -2.741626340629978 ], [ 115.224848635160015, -2.741629060889977 ], [ 115.224860050254961, -2.741629790474974 ], [ 115.224933348737522, -2.741634471754992 ], [ 115.224943373699944, -2.741635112457516 ], [ 115.225018062322533, -2.741639882615004 ], [ 115.225026698049987, -2.741640433529994 ], [ 115.22510277680999, -2.741645292565011 ], [ 115.225110022405033, -2.741645755502475 ], [ 115.225187490402504, -2.741650703415019 ], [ 115.225193343167462, -2.741651077465008 ], [ 115.225268092947545, -2.741655850412485 ], [ 115.225287685179978, -2.741657719812508 ], [ 115.225351942077509, -2.741669380357507 ], [ 115.225383467282541, -2.741675100765008 ], [ 115.225385851497549, -2.74167553294501 ], [ 115.225439659932476, -2.741685297925017 ], [ 115.225468332535002, -2.741690500449977 ], [ 115.225473101862462, -2.741691365714985 ], [ 115.225527374197554, -2.741701214577517 ], [ 115.225553200487525, -2.741705901945011 ], [ 115.225560354029994, -2.741707199390021 ], [ 115.225615091167469, -2.741717132135022 ], [ 115.22563805406503, -2.741721298892514 ], [ 115.225647592717451, -2.741723030324977 ], [ 115.225702808139999, -2.741733049687525 ], [ 115.225722923827448, -2.741736699477485 ], [ 115.225734843104988, -2.741738861274996 ], [ 115.225790525122534, -2.741748966330022 ], [ 115.225807783710025, -2.741752098232496 ], [ 115.225822088100017, -2.741754693115013 ], [ 115.225867429535015, -2.741762920857525 ], [ 115.225892252714971, -2.74176912500252 ], [ 115.22590867984502, -2.741773230475019 ], [ 115.22593414486505, -2.741779594730019 ], [ 115.225989860835057, -2.741793517682481 ], [ 115.22601150268747, -2.741798926749993 ], [ 115.22607104003248, -2.741813804882497 ], [ 115.226088855122498, -2.741818256950012 ], [ 115.226152219235018, -2.741834092982515 ], [ 115.226166211157533, -2.741837588959982 ], [ 115.226233401145009, -2.741854379277527 ], [ 115.226243565399955, -2.741856920060002 ], [ 115.226314579459995, -2.741874667367483 ], [ 115.226320917849989, -2.74187625115502 ], [ 115.226395759579987, -2.741894954554994 ], [ 115.226398273002474, -2.741895583154985 ], [ 115.226471607224994, -2.741913909030018 ], [ 115.226473449234959, -2.741914306039973 ], [ 115.226550083982488, -2.741931878140008 ], [ 115.226557650547534, -2.741933612962498 ], [ 115.226633919427513, -2.741951097704998 ], [ 115.226644057925, -2.741953423229972 ], [ 115.226717756672542, -2.741970319977497 ], [ 115.226730462610021, -2.741973234395005 ], [ 115.226801594825019, -2.741989543155 ], [ 115.226816870897551, -2.74199304555998 ], [ 115.226885432082554, -2.742008765419996 ], [ 115.226903278290024, -2.742012857625014 ], [ 115.226969267552477, -2.742027986774985 ], [ 115.226983381267473, -2.742031222494973 ], [ 115.227052529879984, -2.742050474425014 ], [ 115.227063402050021, -2.742053500045017 ], [ 115.227135677935053, -2.742073622019973 ], [ 115.22714967647255, -2.742077518595011 ], [ 115.227199492497448, -2.742091387510015 ], [ 115.227261625792494, -2.742097918472496 ], [ 115.227265993755054, -2.742098377112484 ], [ 115.227341169049964, -2.742086630357505 ], [ 115.227369924317486, -2.742082137314981 ], [ 115.227420533192458, -2.742074229707498 ], [ 115.227447233167481, -2.742070055527506 ], [ 115.227499899139957, -2.742061826342479 ], [ 115.22752454381498, -2.742057975544981 ], [ 115.227579268687464, -2.742049422975015 ], [ 115.227595478100056, -2.74204688890751 ], [ 115.227668135997533, -2.742040271052474 ], [ 115.227668227722461, -2.742040271189978 ], [ 115.227747585997463, -2.742040414635028 ], [ 115.227759553407509, -2.742040436064997 ], [ 115.22782694607497, -2.742040558982524 ], [ 115.227842089687556, -2.742040586042492 ], [ 115.22790630795248, -2.742040702422514 ], [ 115.227924626870049, -2.742040735112482 ], [ 115.227985668937549, -2.742040845855001 ], [ 115.228007164055043, -2.742040884175026 ], [ 115.228064995749946, -2.742040990137525 ], [ 115.228089697635028, -2.74204104227249 ], [ 115.228144766770015, -2.742041158584982 ], [ 115.228172233892451, -2.742041216642519 ], [ 115.228224569264967, -2.742041327077516 ], [ 115.228254770152489, -2.74204139100749 ], [ 115.228304368167528, -2.742041495554986 ], [ 115.228337304617526, -2.742041565362513 ], [ 115.228384173367544, -2.74204166494502 ], [ 115.228441906132502, -2.742041787017513 ], [ 115.228464072127508, -2.742046090897475 ], [ 115.228525443962553, -2.742058005637489 ], [ 115.228542331739959, -2.742063818137524 ], [ 115.228574344724962, -2.742074836457505 ], [ 115.228617174912529, -2.742089578410003 ], [ 115.228640985340007, -2.742097774032516 ], [ 115.228692019889991, -2.742115337777477 ], [ 115.2287076250675, -2.74212070798751 ], [ 115.22876686397251, -2.742141098047512 ], [ 115.228773586189959, -2.742143412147527 ], [ 115.228795513442492, -2.74215107325 ], [ 115.228838578589944, -2.742174208147503 ], [ 115.228851348884973, -2.742181068002481 ], [ 115.228908417152525, -2.742211725614993 ], [ 115.22892876498247, -2.742222656044987 ], [ 115.228978256622554, -2.742249242177479 ], [ 115.22900618108747, -2.742264244082492 ], [ 115.229043639252495, -2.742284365722526 ], [ 115.229084557105011, -2.742304347822483 ], [ 115.229113955522507, -2.742318705359992 ], [ 115.229163832642485, -2.742343061212523 ], [ 115.229188837700008, -2.742355272695022 ], [ 115.229259185437513, -2.742389625942508 ], [ 115.22926400078245, -2.742391006702519 ], [ 115.22934352995253, -2.742413810605001 ], [ 115.229352671652464, -2.742416431232527 ], [ 115.229423061824946, -2.742436615412487 ], [ 115.229429082582556, -2.742438341590002 ], [ 115.22950259100503, -2.742459420212526 ], [ 115.229505493517536, -2.742460252847479 ], [ 115.229581905359964, -2.742482162292504 ], [ 115.229582119294946, -2.742482223197499 ], [ 115.229658318104953, -2.742504073547479 ], [ 115.229661648487536, -2.742505027992479 ], [ 115.229731089457459, -2.742524939462498 ], [ 115.229742697144957, -2.742528652507474 ], [ 115.229801563005026, -2.742548374630019 ], [ 115.229827464449954, -2.742557053519988 ], [ 115.229875580365047, -2.742573173289998 ], [ 115.229910612082449, -2.742584910459982 ], [ 115.229949595934954, -2.742597971040027 ], [ 115.229993759719946, -2.742612768299978 ], [ 115.230023612410037, -2.742622768787498 ], [ 115.230076910062508, -2.742640626139973 ], [ 115.230097627989949, -2.742647567437473 ], [ 115.230160060409958, -2.742668484880028 ], [ 115.230171643577478, -2.742672365177498 ], [ 115.230242694842445, -2.742696170134991 ], [ 115.23024320535751, -2.742696353557506 ], [ 115.230323988879945, -2.742725411465017 ], [ 115.230325687600043, -2.742726022567524 ], [ 115.230408171647468, -2.742755691577486 ], [ 115.230408226474992, -2.742755711554992 ], [ 115.230490651207447, -2.742785360580001 ], [ 115.23049246137748, -2.742786010732516 ], [ 115.230573132575046, -2.742815027770007 ], [ 115.230576693595026, -2.742816308999977 ], [ 115.230652099665008, -2.742843432787481 ], [ 115.230661006182459, -2.742846382217522 ], [ 115.230728614464965, -2.742868773175019 ], [ 115.23074598437745, -2.742874526692503 ], [ 115.230808678755011, -2.742895288972477 ], [ 115.230830959882496, -2.742902668447528 ], [ 115.230888741252556, -2.742921804762489 ], [ 115.230915934497489, -2.742930810197493 ], [ 115.230968805557495, -2.7429483205525 ], [ 115.23099661180504, -2.742957530360002 ], [ 115.231048345817499, -2.742976520232503 ], [ 115.231073154055025, -2.742985627015003 ], [ 115.231127603297523, -2.743005613820003 ], [ 115.231153949357463, -2.743015284444994 ], [ 115.231206864380056, -2.743034708315008 ], [ 115.231234747364965, -2.743044943684993 ], [ 115.231286125469978, -2.743063802805011 ], [ 115.231315542682523, -2.74307460110748 ], [ 115.231365383869957, -2.743092897290012 ], [ 115.231396339802473, -2.743104260337475 ], [ 115.231444644075054, -2.743121991775013 ], [ 115.231477137829984, -2.743133919567526 ], [ 115.231527118339955, -2.743152265692515 ], [ 115.231557560452529, -2.743164473475019 ], [ 115.231607621160038, -2.743184548695012 ], [ 115.231637378435039, -2.743196483270026 ], [ 115.231684950535055, -2.743215560087492 ], [ 115.231718370180033, -2.743228961417515 ], [ 115.231762467697536, -2.743246072592513 ], [ 115.231795804397507, -2.743259008094981 ], [ 115.231840127505052, -2.74327620731998 ], [ 115.231872063945048, -2.74328859998252 ], [ 115.231917786422514, -2.743306342042501 ], [ 115.231948328892486, -2.743318193682512 ], [ 115.231995447144982, -2.743336476765023 ], [ 115.232024589352477, -2.74334778466249 ], [ 115.232073107869951, -2.743366612389991 ], [ 115.232100850715028, -2.743377377447473 ], [ 115.232150767707481, -2.743396746202507 ], [ 115.232177111190026, -2.743406968422505 ], [ 115.232228426649954, -2.743426880915024 ], [ 115.232253371667525, -2.743436560297482 ], [ 115.232306085602545, -2.743457014719979 ], [ 115.23232963395003, -2.74346615307752 ], [ 115.232382194202501, -2.743486547587509 ], [ 115.232406037962505, -2.7434953807375 ], [ 115.232460905847461, -2.743515704522508 ], [ 115.232484872744976, -2.743524582162479 ], [ 115.232541594127497, -2.743544228682481 ], [ 115.232565906115042, -2.743552650172489 ], [ 115.232622457627485, -2.743572237657474 ], [ 115.232644809307544, -2.743579979834976 ], [ 115.232703324729982, -2.743600247542474 ], [ 115.232723711607491, -2.743607309495019 ], [ 115.232784186447475, -2.743628256510021 ], [ 115.232802613012495, -2.743634639150002 ], [ 115.232865050867531, -2.743656265480013 ], [ 115.232881515327449, -2.743661967899982 ], [ 115.232945915294977, -2.743684274445002 ], [ 115.232960417647519, -2.743689297552521 ], [ 115.233026779730039, -2.743712283409991 ], [ 115.233039319072532, -2.7437166271975 ], [ 115.233107641472543, -2.743740292364976 ], [ 115.233118221407494, -2.743743955939976 ], [ 115.233188506820056, -2.743768301322518 ], [ 115.233197123744958, -2.74377128558001 ], [ 115.233269372172458, -2.743796311182507 ], [ 115.23327602518998, -2.74379861612249 ], [ 115.233351707992483, -2.743824829619996 ], [ 115.233353356377506, -2.743825427082527 ], [ 115.233432909072462, -2.743855708347496 ], [ 115.233435057127508, -2.743856527195021 ], [ 115.233512645119959, -2.743886060412478 ], [ 115.233518305562484, -2.743888215577499 ], [ 115.233592380277514, -2.743916410667509 ], [ 115.233601556705025, -2.743919903959977 ], [ 115.233672115442459, -2.743946760919982 ], [ 115.233684805157509, -2.743951591430005 ], [ 115.233751853309968, -2.743977112980019 ], [ 115.233768053617496, -2.743983279802478 ], [ 115.233831587592476, -2.744007462319985 ], [ 115.233851302985045, -2.744014967267503 ], [ 115.233911324572546, -2.744037814375019 ], [ 115.233934552359983, -2.744046655634975 ], [ 115.233991059765003, -2.744068166422494 ], [ 115.234017801740038, -2.744078344902505 ], [ 115.234070794964964, -2.744098516660017 ], [ 115.234101051129983, -2.744110033264974 ], [ 115.234150531967543, -2.744128867802488 ], [ 115.234184301424989, -2.744141721624999 ], [ 115.23423026718001, -2.744159218940013 ], [ 115.234267550830054, -2.744173409980021 ], [ 115.234310003300038, -2.74418957007498 ], [ 115.234350800240009, -2.744205098332486 ], [ 115.234392075327492, -2.744220809962485 ], [ 115.234433673202489, -2.744237782640027 ], [ 115.234473982294958, -2.744254229825003 ], [ 115.234513732377536, -2.744270448300028 ], [ 115.234553158157496, -2.744287665522506 ], [ 115.234590120617554, -2.74430380570999 ], [ 115.234631924354971, -2.744322059150022 ], [ 115.234668929055033, -2.744338218387497 ], [ 115.234710690552447, -2.74435645548499 ], [ 115.234747735702513, -2.744372630154999 ], [ 115.234789454067482, -2.744390847294994 ], [ 115.234826543252552, -2.744407042827504 ], [ 115.234868221182523, -2.744425242725015 ], [ 115.234905350812483, -2.744441455497508 ], [ 115.234946987402509, -2.744459638149976 ], [ 115.234984155682469, -2.744475868160009 ], [ 115.235025750937552, -2.744494031759984 ], [ 115.235062963252517, -2.744510281727514 ], [ 115.235104517175046, -2.744528426274996 ], [ 115.235142562589999, -2.744545038287526 ], [ 115.235183424187539, -2.74456249274499 ], [ 115.235221901512546, -2.744578929062527 ], [ 115.23526246115, -2.744596254662497 ], [ 115.235300447787495, -2.744612479552472 ], [ 115.235341499020024, -2.744630014769996 ], [ 115.235378992267556, -2.744646030037472 ], [ 115.235420537797495, -2.744663774874994 ], [ 115.23545753585995, -2.74467957871002 ], [ 115.23550205252252, -2.74469859485248 ], [ 115.235535734707469, -2.744713965137521 ], [ 115.23558497109002, -2.744736432684988 ], [ 115.235613482324993, -2.744749443264993 ], [ 115.235665438092497, -2.744773150995002 ], [ 115.235691228155019, -2.744784919580013 ], [ 115.235745903302472, -2.744809869302514 ], [ 115.235764720577549, -2.744818456230007 ], [ 115.235825201369948, -2.744848968654992 ], [ 115.235836640644948, -2.744854740464973 ], [ 115.235904147657493, -2.744888797237479 ], [ 115.235912731160056, -2.744893127910018 ], [ 115.235983092155038, -2.744928625817522 ], [ 115.235988821680053, -2.744931516257509 ], [ 115.236062037562533, -2.7449684525875 ], [ 115.236064914905, -2.744969905512505 ], [ 115.236140981177527, -2.745008281162484 ], [ 115.236141005440004, -2.745008292952491 ], [ 115.236217096882456, -2.745046680392477 ], [ 115.236219925702471, -2.745048107925015 ], [ 115.236293186535022, -2.745085067827517 ], [ 115.236298872030034, -2.745087936499999 ], [ 115.236375036272534, -2.745126361120015 ], [ 115.236377891440043, -2.745127605122491 ], [ 115.236450294254951, -2.745159132637525 ], [ 115.236459034395011, -2.74516212701252 ], [ 115.236523973370026, -2.745184372767483 ], [ 115.236539254240029, -2.745189607702514 ], [ 115.236606663182556, -2.745212699002479 ], [ 115.236619477687555, -2.745217088392508 ], [ 115.236689351204973, -2.745241024325026 ], [ 115.236699696645019, -2.745244568169994 ], [ 115.236772040134952, -2.745269348745012 ], [ 115.236779918307548, -2.745272047949982 ], [ 115.23685472996749, -2.745297674970004 ], [ 115.236868341729974, -2.745302336824977 ], [ 115.236939189132499, -2.745320171199978 ], [ 115.236957206624993, -2.745324707562474 ], [ 115.237023997109986, -2.745341519505018 ], [ 115.237037658327495, -2.74534495884501 ], [ 115.237108807787536, -2.745362868715006 ], [ 115.237118110937445, -2.745365211032492 ], [ 115.237176256302519, -2.745379848922482 ], [ 115.237199219537501, -2.745382113822473 ], [ 115.237228173762446, -2.745384971770022 ], [ 115.237282035169983, -2.745390286495024 ], [ 115.237297957209989, -2.745391857319987 ], [ 115.237373133722485, -2.745399277152501 ], [ 115.237376920474958, -2.745399337927495 ], [ 115.237462112337539, -2.745408508819992 ], [ 115.237473979979995, -2.745409786072514 ], [ 115.237542817534973, -2.745417195594996 ], [ 115.237561882732507, -2.745419248537473 ], [ 115.237623520940019, -2.745425882364998 ], [ 115.237649787287523, -2.745428710097485 ], [ 115.237704224349955, -2.745434570035002 ], [ 115.237737690952486, -2.745438171647493 ], [ 115.237775385272471, -2.745442228952527 ], [ 115.237824928342548, -2.745451257472496 ], [ 115.237846798244959, -2.745455242494984 ], [ 115.237911668947504, -2.745467065347498 ], [ 115.237927628602506, -2.745469972750016 ], [ 115.237998410462524, -2.745482870504986 ], [ 115.238008461662503, -2.74548470300499 ], [ 115.238085149279982, -2.745498678367483 ], [ 115.238089292032555, -2.745499432347515 ], [ 115.238151842340017, -2.745510831259992 ], [ 115.238198486637543, -2.745526288532517 ], [ 115.238210844367472, -2.745533720144977 ], [ 115.238281112902541, -2.74557598097249 ], [ 115.238300193979967, -2.745587456547526 ], [ 115.238351382342444, -2.745618241800003 ], [ 115.238377539872545, -2.745633973462475 ], [ 115.238421650892519, -2.74566050172001 ], [ 115.238454885775013, -2.745680489472477 ], [ 115.238491916750036, -2.745702761637517 ], [ 115.238532233479987, -2.745727009099994 ], [ 115.238544785287445, -2.745734558555 ], [ 115.238596478902537, -2.745775271762511 ], [ 115.238604057340012, -2.745781240399992 ], [ 115.238618695032528, -2.745792769075024 ], [ 115.238664090202519, -2.745828522912518 ], [ 115.238685473667488, -2.745845364290005 ], [ 115.238728346800031, -2.745885740697474 ], [ 115.238756835194977, -2.745912569544998 ], [ 115.238791048572466, -2.745944790064982 ], [ 115.238818307557494, -2.745970461419972 ], [ 115.238853750347516, -2.746003840337494 ], [ 115.238879783520019, -2.74602835691752 ], [ 115.23889977470003, -2.746047185652515 ], [ 115.238935710222449, -2.746091665367487 ], [ 115.238941721767446, -2.746099106567499 ], [ 115.238988965862518, -2.746157581429998 ], [ 115.238998119177495, -2.746168910272502 ], [ 115.239054513892484, -2.746238713975004 ], [ 115.239054759849978, -2.746239017275002 ], [ 115.239100930215045, -2.746315297677484 ], [ 115.239104605650027, -2.74632136995001 ], [ 115.239138970122553, -2.74637814829498 ], [ 115.239143231132516, -2.746387191099984 ], [ 115.239169294735007, -2.746442509395024 ], [ 115.239175804137517, -2.746456323812481 ], [ 115.239206484662532, -2.746521435995021 ], [ 115.239208379837464, -2.74652545923999 ], [ 115.239240956434969, -2.746594598290017 ], [ 115.239243671897498, -2.746600362592517 ], [ 115.23927693521, -2.746670956744993 ], [ 115.239283713729947, -2.746688295549973 ], [ 115.239292998282508, -2.746740181660016 ], [ 115.239300544377556, -2.746782352294986 ], [ 115.239307172634994, -2.746819390669998 ], [ 115.239312701080053, -2.746850290957525 ], [ 115.239319736972448, -2.746889606017476 ], [ 115.239321346092538, -2.746898596970027 ], [ 115.239327297339969, -2.746931854442494 ], [ 115.239335411617503, -2.746977203569998 ], [ 115.239335518650023, -2.746977804172502 ], [ 115.239341891804997, -2.747013416117511 ], [ 115.239349693, -2.747057014089989 ], [ 115.239351087162504, -2.747064799315012 ], [ 115.239356487164969, -2.747094978699977 ], [ 115.239360906887555, -2.747119679394984 ], [ 115.239363423159944, -2.747152758157483 ], [ 115.239365279480012, -2.747177163874994 ], [ 115.239365994992454, -2.747186583942494 ], [ 115.239370158482529, -2.747241319094996 ], [ 115.239371549825023, -2.747259622025013 ], [ 115.239372355340038, -2.7472702168875 ], [ 115.239376892905057, -2.747329877317497 ], [ 115.239377821062476, -2.747342081984982 ], [ 115.239378716589954, -2.74735384531499 ], [ 115.239383627319967, -2.747418439157514 ], [ 115.239384091402485, -2.747424538327493 ], [ 115.239385075142536, -2.747437472832473 ], [ 115.239390703202503, -2.747511469564984 ], [ 115.23939115309247, -2.747521117117515 ], [ 115.239394804612516, -2.747599361049993 ], [ 115.239395137707447, -2.747606478245018 ], [ 115.239399502569995, -2.747682731099985 ], [ 115.239400198772501, -2.747694893827486 ], [ 115.239404277874996, -2.747766092224992 ], [ 115.239405171379985, -2.747781690612499 ], [ 115.239409052267547, -2.747849459677525 ], [ 115.239410142184965, -2.747868486492507 ], [ 115.239413826659984, -2.747932825319992 ], [ 115.239416479977535, -2.747979152932487 ], [ 115.239424257, -2.74801591902002 ], [ 115.239435713555054, -2.74807007538999 ], [ 115.2394379184625, -2.748075679782517 ], [ 115.239442981419984, -2.748088547087491 ], [ 115.239455902664986, -2.748121385362481 ], [ 115.239460805247518, -2.748133845499979 ], [ 115.239464945387454, -2.748144366635017 ], [ 115.239490736817515, -2.748209909272475 ], [ 115.239491974110024, -2.748213053487518 ], [ 115.239520669279955, -2.748285977567491 ], [ 115.239527057334953, -2.74830221076752 ], [ 115.239558298730003, -2.748358928454991 ], [ 115.239575159382525, -2.748389537182504 ], [ 115.239598018440006, -2.748431036030013 ], [ 115.239612570494955, -2.748457454510003 ], [ 115.239637739049954, -2.748503145419988 ], [ 115.239649982507444, -2.74852537364751 ], [ 115.23966576509747, -2.748554026625015 ], [ 115.23969159866499, -2.748590209990027 ], [ 115.23970048865749, -2.748602661572477 ], [ 115.239724520177447, -2.748636321127492 ], [ 115.239745780687485, -2.748673278112506 ], [ 115.239751307952474, -2.748682887072505 ], [ 115.239787761724983, -2.748746250829981 ], [ 115.239788243409976, -2.748747088907521 ], [ 115.239825178867477, -2.748811291649986 ], [ 115.239829744562485, -2.748819226262526 ], [ 115.239862113435038, -2.748875490774992 ], [ 115.239871724707541, -2.748892198982503 ], [ 115.239903392132533, -2.748947244387523 ], [ 115.239914549257492, -2.748964570702526 ], [ 115.239953226389957, -2.749024638934998 ], [ 115.239959964629975, -2.749035103335018 ], [ 115.239998360930031, -2.749094735289987 ], [ 115.240005379107515, -2.749105635062506 ], [ 115.240043493679991, -2.74916482893002 ], [ 115.240050793592445, -2.749176165889992 ], [ 115.240088626432453, -2.749234923475001 ], [ 115.240096208077489, -2.749246696717478 ], [ 115.24013375919003, -2.749305017117479 ], [ 115.240141620770032, -2.74931722754252 ], [ 115.240178893744996, -2.749375114382474 ], [ 115.240187036165025, -2.749387758375008 ], [ 115.240224029205024, -2.749445209840019 ], [ 115.240226831274981, -2.749449560880009 ], [ 115.240264901297451, -2.749500505819981 ], [ 115.240273868402483, -2.749512505377481 ], [ 115.240274383577457, -2.749513195204997 ], [ 115.240309217154959, -2.749559808352501 ], [ 115.240328185302474, -2.7495851916525 ], [ 115.24033187410248, -2.749590128174987 ], [ 115.240356176060004, -2.749616609942507 ], [ 115.240388099825054, -2.749651396185016 ], [ 115.240396013427471, -2.749660019399983 ], [ 115.240448467309989, -2.749717178187495 ], [ 115.240451337719946, -2.749720305832511 ], [ 115.240506662914981, -2.749780594982496 ], [ 115.240508829412533, -2.74978295566001 ], [ 115.240561989014964, -2.749840882324975 ], [ 115.240569195117473, -2.749848734947477 ], [ 115.240617314220003, -2.749901170572514 ], [ 115.240629118187485, -2.749914032502488 ], [ 115.24062918013999, -2.749914099510022 ], [ 115.240672642127493, -2.749961458824998 ], [ 115.240727968242481, -2.750021746169978 ], [ 115.24078106770753, -2.750079607642476 ], [ 115.240866083214996, -2.750177544504993 ], [ 115.240934803427535, -2.750256709624978 ], [ 115.240940389010007, -2.750262737714991 ], [ 115.24116279770999, -2.750502805427516 ], [ 115.241377621559991, -2.750737628829995 ], [ 115.241494473855028, -2.750865371944997 ], [ 115.241497949970039, -2.750869397539986 ], [ 115.241656345624961, -2.751060838452474 ], [ 115.24185099644501, -2.751289902459973 ], [ 115.241935748452534, -2.751381205139978 ], [ 115.241950668329991, -2.751392925059974 ], [ 115.241967729477551, -2.751403976267511 ], [ 115.242030688610043, -2.751450897874975 ], [ 115.242287422770005, -2.751669831857498 ], [ 115.242351592137538, -2.751716295882488 ], [ 115.242596713422472, -2.751865648809996 ], [ 115.242663896430031, -2.751910803369981 ], [ 115.242812208177497, -2.752020378122495 ], [ 115.242875060317488, -2.752067337549988 ], [ 115.242976612607549, -2.752144069977476 ], [ 115.243021327259953, -2.752189113489976 ], [ 115.24302600679755, -2.752193632797514 ], [ 115.243060032689982, -2.752237380920008 ], [ 115.243085017342537, -2.7522681427875 ], [ 115.243121002259954, -2.752316539119988 ], [ 115.243175611170045, -2.752396954805022 ], [ 115.243199334342535, -2.752440467927499 ], [ 115.243223311094994, -2.752496886467497 ], [ 115.243247853744947, -2.752540857470024 ], [ 115.24345534158499, -2.752833682677476 ], [ 115.243491733760038, -2.752882176377511 ], [ 115.243712471915046, -2.753160138525004 ], [ 115.243758305707502, -2.753209838967507 ], [ 115.243970868482506, -2.753408664130006 ], [ 115.244030231712486, -2.753456725247474 ], [ 115.244320231317488, -2.753659001895016 ], [ 115.244377493090042, -2.753707585289987 ], [ 115.244907898122506, -2.754251536642528 ], [ 115.244959245792529, -2.754301051742516 ], [ 115.24524973552252, -2.754564407257476 ], [ 115.245305843585015, -2.754617298774974 ], [ 115.245687729367546, -2.754964364562511 ], [ 115.246430111090035, -2.755577484832486 ], [ 115.246489140630047, -2.755626355702475 ], [ 115.246759617034968, -2.755852519105019 ], [ 115.24698557581246, -2.75605004752498 ], [ 115.24703873205749, -2.756097760357477 ], [ 115.247361095769975, -2.756378605867496 ], [ 115.24742400069249, -2.756426062747494 ], [ 115.247778991322548, -2.75665427281001 ], [ 115.247819617414962, -2.756679549844989 ], [ 115.248258957650023, -2.756936164414981 ], [ 115.248325984732446, -2.756980723720005 ], [ 115.248485502542508, -2.757098541359994 ], [ 115.248550793705022, -2.757144546762504 ], [ 115.248809468019999, -2.7573182983175 ], [ 115.248880739447486, -2.757361252454984 ], [ 115.248949277890006, -2.757398094997484 ], [ 115.249029081537515, -2.757434449602499 ], [ 115.249105833819954, -2.757463486724987 ], [ 115.249196110467551, -2.757484558085025 ], [ 115.249299866449974, -2.75749463696252 ], [ 115.249392912170038, -2.75750699869252 ], [ 115.249406381987455, -2.757509273899984 ], [ 115.249499261184951, -2.757522360614985 ], [ 115.249559618664989, -2.757529187695013 ], [ 115.249650680584978, -2.757548304217494 ], [ 115.249656100837456, -2.757549986969991 ], [ 115.249734604185051, -2.757587564032519 ], [ 115.249758704847522, -2.757603752039984 ], [ 115.249819667139946, -2.757644699672483 ], [ 115.249826392339969, -2.757648173035022 ], [ 115.249891797727514, -2.757681944479998 ], [ 115.249895891387496, -2.757684339659988 ], [ 115.249967108877513, -2.757715655510026 ], [ 115.250023446692467, -2.75773469717501 ], [ 115.250035574647541, -2.757737676642478 ], [ 115.25030483906005, -2.757797902292509 ], [ 115.250323228620005, -2.757802830709977 ], [ 115.250353938117541, -2.75781106080251 ], [ 115.250420572522444, -2.757835226897498 ], [ 115.250563544035003, -2.757887077534974 ], [ 115.250618247069951, -2.757909746577525 ], [ 115.250680275074956, -2.75794270276748 ], [ 115.250749637664967, -2.757983062349979 ], [ 115.25077907807497, -2.758008047919986 ], [ 115.250849857537446, -2.758081309397483 ], [ 115.250935618987455, -2.758179932969995 ], [ 115.251015168469962, -2.758295572395014 ], [ 115.251018403962462, -2.75830121721998 ], [ 115.251103429024965, -2.758453924272487 ], [ 115.251117253499956, -2.758478755650003 ], [ 115.251193366569964, -2.758593951429987 ], [ 115.251240612087486, -2.758672452857525 ], [ 115.251279147375044, -2.758739060879975 ], [ 115.251307962502551, -2.758788869145008 ], [ 115.251367060545022, -2.758865618400023 ], [ 115.25139602257002, -2.758897984975022 ], [ 115.251454333080005, -2.758952417947512 ], [ 115.251575802677507, -2.759060337942515 ], [ 115.251576583185056, -2.759061006460001 ], [ 115.251680971802443, -2.759152219810005 ], [ 115.251695797367461, -2.75916339792002 ], [ 115.251834118700003, -2.759263406780008 ], [ 115.25184382961254, -2.759271774037472 ], [ 115.251975588807454, -2.759400737559986 ], [ 115.252020666429985, -2.759442770372516 ], [ 115.252049628954978, -2.759476661582482 ], [ 115.252132057997528, -2.759579468029983 ], [ 115.252133720417532, -2.759582183350005 ], [ 115.252197369929945, -2.759692122212527 ], [ 115.252249589762528, -2.759793847722506 ], [ 115.25225827793497, -2.759821468487473 ], [ 115.252278086680008, -2.759921764365004 ], [ 115.252312047262535, -2.76006166819252 ], [ 115.252325891912506, -2.760147183707488 ], [ 115.252330790262477, -2.760210639450008 ], [ 115.252332995425036, -2.760356425785005 ], [ 115.252328568809958, -2.76040955343251 ], [ 115.252307597332447, -2.760494461364999 ], [ 115.252282358510001, -2.760578271514987 ], [ 115.252263749592544, -2.760621248359996 ], [ 115.252215618387481, -2.760725964377514 ], [ 115.252207649339994, -2.760736093292508 ], [ 115.252133796715043, -2.760797634009975 ], [ 115.25204853922753, -2.760848734129979 ], [ 115.251896702400018, -2.760915357399995 ], [ 115.251722377777469, -2.760984495677519 ], [ 115.251681960659994, -2.760997558047507 ], [ 115.251532350087473, -2.76104045692 ], [ 115.251400485267482, -2.761069201867485 ], [ 115.251396350682512, -2.761069569222514 ], [ 115.251256094377482, -2.761069546285 ], [ 115.251129699627541, -2.761072697985014 ], [ 115.251122611329947, -2.761072134982498 ], [ 115.251000513252507, -2.761053260047504 ], [ 115.250822647155019, -2.761003805505027 ], [ 115.250742215372497, -2.760977986667513 ], [ 115.250683191437474, -2.760955108587495 ], [ 115.250565956755054, -2.760902442157487 ], [ 115.250461102134977, -2.760850735402528 ], [ 115.250434913277445, -2.76083822562498 ], [ 115.250431492600001, -2.760836840622517 ], [ 115.250323869752492, -2.760793278300014 ], [ 115.25030448440998, -2.760785431149998 ], [ 115.250252426597513, -2.760766117217486 ], [ 115.250142073037523, -2.760730259900015 ], [ 115.250137270024993, -2.760728961470022 ], [ 115.250018130609988, -2.760707094035013 ], [ 115.249995083702515, -2.760705158214989 ], [ 115.249989961177448, -2.760704654182518 ], [ 115.249859266077465, -2.760690642362476 ], [ 115.249717361724947, -2.760704002994999 ], [ 115.249590648464959, -2.760735620139997 ], [ 115.249491913809948, -2.760803581292521 ], [ 115.249456447727539, -2.760839094410017 ], [ 115.249427108117516, -2.760862595 ], [ 115.249354407230044, -2.760975872324991 ], [ 115.249326320475006, -2.761060077750017 ], [ 115.249326211690004, -2.761134373817526 ], [ 115.249326101725046, -2.761209472892517 ], [ 115.249325944132465, -2.761317708592514 ], [ 115.249298417957448, -2.761438524000027 ], [ 115.249293646450042, -2.76152256137749 ], [ 115.249292565520022, -2.761541585072507 ], [ 115.249284435392497, -2.761564052707513 ], [ 115.249220467907548, -2.761740864565013 ], [ 115.249181804700015, -2.761952648299996 ], [ 115.249181157567477, -2.76195670216498 ], [ 115.249154885564963, -2.762104712222481 ], [ 115.24913972087495, -2.762165437047486 ], [ 115.249099891672472, -2.762321662355021 ], [ 115.249099300722492, -2.762324196197483 ], [ 115.249063665987478, -2.762515890227519 ], [ 115.248968863685036, -2.762707847444972 ], [ 115.248871660705049, -2.762938749619991 ], [ 115.248772782472543, -2.763097123664977 ], [ 115.248744901892451, -2.763141781239995 ], [ 115.248635610824977, -2.763275536887477 ], [ 115.248631483334975, -2.763280877817522 ], [ 115.248529001549969, -2.763403682675005 ], [ 115.2484516287725, -2.763529639097499 ], [ 115.248373207317513, -2.763686315279983 ], [ 115.248372863727468, -2.763686969472474 ], [ 115.248183675410019, -2.764034956817511 ], [ 115.248134936447514, -2.764206604019989 ], [ 115.248089816017455, -2.764365511562517 ], [ 115.248075562817462, -2.764552679530027 ], [ 115.248118020547508, -2.764812991642486 ], [ 115.248168657074984, -2.765043452742475 ], [ 115.248230274357525, -2.765236267512478 ], [ 115.248264644422534, -2.765305558824991 ], [ 115.248307431390003, -2.765379478102489 ], [ 115.248453784054959, -2.765602147940001 ], [ 115.248617231565049, -2.766038627387502 ], [ 115.248738961882509, -2.766530746332478 ], [ 115.248871335542503, -2.767123212650006 ], [ 115.248951955119992, -2.767719650699973 ], [ 115.249091782354981, -2.768249420424979 ], [ 115.249149758294948, -2.768816513389993 ], [ 115.249224482617478, -2.769219519450019 ], [ 115.24926857871003, -2.769571647362511 ], [ 115.249373139907448, -2.769966673137503 ], [ 115.249398083494953, -2.770290084132512 ], [ 115.249393382050016, -2.770837247664986 ], [ 115.249387436482493, -2.771107350267528 ], [ 115.249364140052535, -2.771289774547483 ], [ 115.249342910602536, -2.771456006109986 ], [ 115.249360664034953, -2.771678478954982 ], [ 115.24944711368255, -2.771966665352522 ], [ 115.249530894869963, -2.772177929142515 ], [ 115.249667561684987, -2.772401718159983 ], [ 115.249901627650047, -2.772759843655024 ], [ 115.249928506072479, -2.772788510624991 ], [ 115.250032046630054, -2.772887909137523 ], [ 115.250054915052488, -2.772909863047516 ], [ 115.250065576749989, -2.772920544962517 ], [ 115.250092664265026, -2.772947684902476 ], [ 115.25020265080002, -2.773071720360008 ], [ 115.250249419252555, -2.773116787207528 ], [ 115.250445975052457, -2.773304586032509 ], [ 115.250447850352543, -2.773306246377501 ], [ 115.250774681554958, -2.773628175552517 ], [ 115.250907470312541, -2.773754455897517 ], [ 115.251132523495016, -2.773988095647496 ], [ 115.25115244020003, -2.774010831002499 ], [ 115.251387736590004, -2.77432888408498 ], [ 115.25150900469248, -2.774503395617501 ], [ 115.251522219415051, -2.774524562930026 ], [ 115.251720298077544, -2.774843998580025 ], [ 115.251878179107507, -2.77513572411749 ], [ 115.251894101357493, -2.775164429082508 ], [ 115.25196000148253, -2.775282487777474 ], [ 115.252003347324944, -2.775356321305026 ], [ 115.252023998467507, -2.775382339424993 ], [ 115.252150975997552, -2.775519178709999 ], [ 115.252206028477531, -2.775576226150008 ], [ 115.252410903932514, -2.775757010229995 ], [ 115.252456820282532, -2.775792109680026 ], [ 115.252630498317444, -2.775915182744995 ], [ 115.252634534777485, -2.7759179838975 ], [ 115.252883390445049, -2.776073339609979 ], [ 115.25299873777999, -2.776134660762523 ], [ 115.253262302309963, -2.776257154744997 ], [ 115.253373054149961, -2.776312424792479 ], [ 115.253403815227443, -2.776327489812502 ], [ 115.253783939725054, -2.776511219872475 ], [ 115.253823610667496, -2.776525989757488 ], [ 115.253982720857493, -2.776565388067525 ], [ 115.254119093434952, -2.776594710472523 ], [ 115.254257484339973, -2.776612213182489 ], [ 115.254320386267523, -2.776615276252528 ], [ 115.254355485990004, -2.776616006577513 ], [ 115.254443154817523, -2.776617829552492 ], [ 115.25444917886, -2.776617493959975 ], [ 115.254697954590029, -2.776585093589972 ], [ 115.254739456929997, -2.776575713502496 ], [ 115.254953095607448, -2.776526358839988 ], [ 115.254995877395004, -2.776509806909985 ], [ 115.25514476570504, -2.776444144004984 ], [ 115.255257275605004, -2.776399102782477 ], [ 115.255329991332474, -2.776366856080017 ], [ 115.255351221542469, -2.776356234139996 ], [ 115.255484161825052, -2.776296510395014 ], [ 115.255503202207478, -2.776288353007487 ], [ 115.255716259787505, -2.776186369422476 ], [ 115.255772591392542, -2.77615940474999 ], [ 115.255778067947517, -2.776157102412526 ], [ 115.255883831444976, -2.776124181237492 ], [ 115.25598365329995, -2.776107765385007 ], [ 115.256036698892444, -2.776096095507512 ], [ 115.256132609639963, -2.776083993634984 ], [ 115.256197560937494, -2.776082278644992 ], [ 115.25635528269504, -2.77608251339251 ], [ 115.256427413187453, -2.776082620327486 ], [ 115.256549492840008, -2.776082801304995 ], [ 115.256567491987539, -2.77608618651999 ], [ 115.256627170402453, -2.776103667202506 ], [ 115.256704092487553, -2.776142983122497 ], [ 115.256764129039993, -2.776189769675 ], [ 115.256785971217482, -2.776202773192495 ], [ 115.256852995347458, -2.776260017370021 ], [ 115.25690335294496, -2.776314597219994 ], [ 115.256939901624946, -2.776385787412494 ], [ 115.25695458957, -2.776423502727482 ], [ 115.256985615757458, -2.776583543947481 ], [ 115.25698721346248, -2.776719973022523 ], [ 115.256966398334953, -2.776832066965028 ], [ 115.256938868995007, -2.776928197457494 ], [ 115.256920327742478, -2.776957187749986 ], [ 115.256733453965012, -2.777096721227508 ], [ 115.25667341096505, -2.777143846104991 ], [ 115.256461822765004, -2.777273307942494 ], [ 115.256369683989988, -2.777336024890019 ], [ 115.256236518800051, -2.777454535357492 ], [ 115.256185061242491, -2.777515289722487 ], [ 115.256115211289966, -2.777601623579983 ], [ 115.256032310087448, -2.777721999055018 ], [ 115.256005710787463, -2.777814871782482 ], [ 115.255976401092539, -2.777946877254976 ], [ 115.255963757287532, -2.778055026054972 ], [ 115.255961498290048, -2.778081945227484 ], [ 115.255973113729965, -2.778174479480015 ], [ 115.256005313804962, -2.77829555021998 ], [ 115.256034100852503, -2.778369546689987 ], [ 115.25604623230754, -2.778384392340001 ], [ 115.256133657082501, -2.778471149460017 ], [ 115.256220286432495, -2.77855024606248 ], [ 115.256337083097492, -2.778650168022523 ], [ 115.256523144982452, -2.778793272252528 ], [ 115.256618706152494, -2.778862675460005 ], [ 115.256648269235029, -2.77889384952249 ], [ 115.256697548290049, -2.778965786602498 ], [ 115.256712867255033, -2.778991426977484 ], [ 115.256716951399994, -2.778998519057495 ], [ 115.25674825023998, -2.779071304812476 ], [ 115.256777417880016, -2.779178911634972 ], [ 115.256779012157494, -2.779185173500025 ], [ 115.256787818117459, -2.779216474112502 ], [ 115.256800783697486, -2.779353570222497 ], [ 115.256800961757449, -2.779356022922514 ], [ 115.256791958800022, -2.779753662255018 ], [ 115.256790073447519, -2.779788245855002 ], [ 115.256755540625022, -2.78003898147 ], [ 115.256745993872528, -2.780132492635005 ], [ 115.256742678154978, -2.780200462320011 ], [ 115.256740807394976, -2.780291253017481 ], [ 115.256734532572523, -2.780402965167525 ], [ 115.256734553062529, -2.780404321632489 ], [ 115.256740477317521, -2.780520968520023 ], [ 115.256746073322461, -2.78057513749502 ], [ 115.256768928450015, -2.780659000959986 ], [ 115.256781957372482, -2.780700225200007 ], [ 115.256804176965034, -2.780769199485007 ], [ 115.256841719614954, -2.780865927492528 ], [ 115.256877732842554, -2.780933666199985 ], [ 115.256921016004981, -2.78101984061999 ], [ 115.256921417167518, -2.781020404589981 ], [ 115.257186725825022, -2.781293273895017 ], [ 115.257389344947455, -2.781482570547496 ], [ 115.257531146907468, -2.78160906978502 ], [ 115.257678265279992, -2.781784194302475 ], [ 115.257688874795008, -2.781803562779999 ], [ 115.257744841217459, -2.781912873349995 ], [ 115.257794642159979, -2.7820024530875 ], [ 115.25781331009, -2.782027549552481 ], [ 115.257867368060033, -2.78209958061251 ], [ 115.257917134299987, -2.782149712419994 ], [ 115.257943616237526, -2.782162636972487 ], [ 115.257991270572461, -2.782175624604974 ], [ 115.258140743305034, -2.782205673612509 ], [ 115.258155388459954, -2.78220944182749 ], [ 115.258204404765024, -2.782216029092524 ], [ 115.258362824182541, -2.78224893354502 ], [ 115.258439091240007, -2.78226607544002 ], [ 115.258550136512554, -2.78229606918751 ], [ 115.258661657705034, -2.782324108554974 ], [ 115.258672525422526, -2.782329329782499 ], [ 115.258810225770048, -2.782400762429972 ], [ 115.258830020904952, -2.782410924387477 ], [ 115.259031561939992, -2.782552645569979 ], [ 115.259103138749992, -2.782616014195014 ], [ 115.259483636030041, -2.783010169837496 ], [ 115.259515648475031, -2.783044149972511 ], [ 115.259516971102471, -2.783045554490002 ], [ 115.259543070267455, -2.783074221277502 ], [ 115.259739343809997, -2.783289796299982 ], [ 115.259799715719964, -2.783344271782482 ], [ 115.259917885314962, -2.783432046740018 ], [ 115.260033314174962, -2.783507323032495 ], [ 115.260095376825006, -2.783536662610004 ], [ 115.260203227372472, -2.783580554147477 ], [ 115.260227256807525, -2.783591130217474 ], [ 115.26024124135995, -2.783596495325014 ], [ 115.260323606540055, -2.78363407326998 ], [ 115.260367401207532, -2.783654382612497 ], [ 115.260436939657552, -2.783682648117519 ], [ 115.260527657352554, -2.783724744532492 ], [ 115.260668318642502, -2.783790016059982 ], [ 115.260740013599957, -2.783832434217516 ], [ 115.260778777427504, -2.783862008705 ], [ 115.260896128922468, -2.783951545802495 ], [ 115.260962653870024, -2.784011047417494 ], [ 115.261079700012488, -2.784146315937505 ], [ 115.261109682052506, -2.784189383012517 ], [ 115.261233112942477, -2.784359892244993 ], [ 115.261262152194945, -2.784401946022513 ], [ 115.261272902630026, -2.784419712322517 ], [ 115.261296782022555, -2.784451678302503 ], [ 115.261345802480037, -2.784503392424995 ], [ 115.261413151950023, -2.784564258040007 ], [ 115.261448523030026, -2.784593611374987 ], [ 115.261591080000017, -2.784694637814994 ], [ 115.261653539067538, -2.784737073022484 ], [ 115.261867313304947, -2.784893000665022 ], [ 115.261912259559949, -2.784929619720003 ], [ 115.26191662403005, -2.784932624827491 ], [ 115.262040174804952, -2.785049705027518 ], [ 115.262208556227506, -2.785204387082501 ], [ 115.262215453239946, -2.785212866915003 ], [ 115.262334093787445, -2.785369833635002 ], [ 115.262472349895006, -2.785541762937498 ], [ 115.26247579120502, -2.785546311207497 ], [ 115.262521418467486, -2.785606732270026 ], [ 115.262584989127504, -2.785690915822499 ], [ 115.262669711177523, -2.78579080484252 ], [ 115.262705646322502, -2.785826209644995 ], [ 115.262713904927523, -2.785831606047509 ], [ 115.26278590000004, -2.785878649202516 ], [ 115.262920574802479, -2.78596492488748 ], [ 115.262945512595024, -2.785977372372486 ], [ 115.263022631282524, -2.785999749472523 ], [ 115.263164763440045, -2.786027617940022 ], [ 115.263193861709965, -2.786033774087514 ], [ 115.263333027177509, -2.786049890464994 ], [ 115.263384866832553, -2.786054580087523 ], [ 115.263485769620047, -2.786052527652487 ], [ 115.263579977115, -2.786048553612488 ], [ 115.263644161234993, -2.78604190177748 ], [ 115.263751958592479, -2.786016259275016 ], [ 115.263835725344961, -2.78599549418999 ], [ 115.263848889967448, -2.785993367802519 ], [ 115.263909485722479, -2.785978801680017 ], [ 115.264062371542536, -2.785952963690022 ], [ 115.264183337524969, -2.785943954332481 ], [ 115.264276307659998, -2.785942996929975 ], [ 115.264399377392465, -2.785947335329979 ], [ 115.264424020484967, -2.785952250492528 ], [ 115.264488634215013, -2.785975266414994 ], [ 115.264520384749972, -2.78598438892999 ], [ 115.264573416799976, -2.786009433212485 ], [ 115.26461316359746, -2.786033001910027 ], [ 115.264750762667518, -2.786145468357518 ], [ 115.264759308524958, -2.786154925459982 ], [ 115.265093857694978, -2.78671732398999 ], [ 115.265163779167551, -2.786828838402528 ], [ 115.26516494466, -2.786830696644984 ], [ 115.265253426097502, -2.786971810780017 ], [ 115.265307478089994, -2.787050248834987 ], [ 115.265497874925018, -2.787360813197495 ], [ 115.265603456382451, -2.787523209024982 ], [ 115.26562745672004, -2.787553772645026 ], [ 115.26569240888, -2.78762519687001 ], [ 115.265778201749981, -2.787727412440006 ], [ 115.26578224211255, -2.787731287899987 ], [ 115.265870955882519, -2.787805324549993 ], [ 115.265897829732467, -2.787830242392488 ], [ 115.266015279455019, -2.787933162262505 ], [ 115.266129015420006, -2.788049311895008 ], [ 115.266155055262516, -2.788081225032499 ], [ 115.266271062162446, -2.788253791565012 ], [ 115.266358024547458, -2.788411682704975 ], [ 115.2663709510025, -2.788432205827519 ], [ 115.266498918592447, -2.78861297666748 ], [ 115.266558355884968, -2.788730691747503 ], [ 115.266599527057451, -2.788825697352479 ], [ 115.266676343440054, -2.789008098887507 ], [ 115.266766701487541, -2.789202387545004 ], [ 115.266775347869952, -2.789220599287489 ], [ 115.266830721550036, -2.789328834974981 ], [ 115.26691606206748, -2.789479071620008 ], [ 115.266922853902543, -2.789487560347482 ], [ 115.267022705314957, -2.7896191493125 ], [ 115.267044584947485, -2.789644301222495 ], [ 115.267131401112465, -2.789727716262519 ], [ 115.267231633435017, -2.789817845665027 ], [ 115.267320823179944, -2.789883898134974 ], [ 115.267328051742538, -2.789887710495009 ], [ 115.267509575962549, -2.789956100715017 ], [ 115.267606535169989, -2.789980259624997 ], [ 115.267787243844964, -2.789998216952483 ], [ 115.267863541380052, -2.790007472312482 ], [ 115.267966236575035, -2.790011915195009 ], [ 115.268032726932461, -2.790007092425014 ], [ 115.26815838278003, -2.789992458787481 ], [ 115.268221122, -2.789980924194992 ], [ 115.268394336384972, -2.789925960584981 ], [ 115.268421532094976, -2.78991476133001 ], [ 115.268558300712471, -2.789847999665028 ], [ 115.268569712907492, -2.7898419939375 ], [ 115.268700407160054, -2.789761936437515 ], [ 115.268766401932453, -2.789722121145019 ], [ 115.268936677794954, -2.789599812842482 ], [ 115.2690373413825, -2.789497316867482 ], [ 115.269168197672457, -2.789339633815018 ], [ 115.269385150504945, -2.78906019151998 ], [ 115.269453254859968, -2.788962672497519 ], [ 115.269689445907488, -2.788595806692513 ], [ 115.26970216357995, -2.788575255452486 ], [ 115.269859081452523, -2.788296709872498 ], [ 115.269994712080006, -2.788046615409996 ], [ 115.270022162257533, -2.787992324007519 ], [ 115.270142238150015, -2.787743440872475 ], [ 115.270182425937492, -2.787649377402488 ], [ 115.270292351832495, -2.787401831142517 ], [ 115.270328106712554, -2.787309077764974 ], [ 115.270374870480055, -2.787166232640004 ], [ 115.27039167827752, -2.787085907062476 ], [ 115.270420924272457, -2.786902935017508 ], [ 115.270431787219991, -2.786806813440023 ], [ 115.270443951375, -2.7866885882475 ], [ 115.270457586362454, -2.786542948747524 ], [ 115.270495935029999, -2.786247969432509 ], [ 115.270514817710023, -2.786142240675019 ], [ 115.270521580934997, -2.786113052717496 ], [ 115.270552449305001, -2.785939845822497 ], [ 115.270560236155006, -2.785911749955005 ], [ 115.270599018295002, -2.785795388892495 ], [ 115.270649023654983, -2.785680452372503 ], [ 115.270654355829947, -2.785670519302528 ], [ 115.270696396879998, -2.785610993582509 ], [ 115.270736505007449, -2.785569531957492 ], [ 115.270774729452455, -2.785532111564976 ], [ 115.270806497180047, -2.78551229192999 ], [ 115.27087286913752, -2.785484328597477 ], [ 115.270923654577473, -2.785469582987503 ], [ 115.271048274845043, -2.785459333932522 ], [ 115.27109306851753, -2.785457259532507 ], [ 115.271103210835008, -2.785456790692479 ], [ 115.271153667114959, -2.785461165047479 ], [ 115.271220896394993, -2.785471858950018 ], [ 115.271269081422474, -2.785486422284976 ], [ 115.271382317402526, -2.785567296920021 ], [ 115.271413322119997, -2.785603850034988 ], [ 115.271570707919977, -2.785776360747491 ], [ 115.271583639074947, -2.785797448139988 ], [ 115.271797005407507, -2.786097288739995 ], [ 115.271897551722532, -2.786269655067485 ], [ 115.272065411700055, -2.786557102122515 ], [ 115.272126675549998, -2.786645712362485 ], [ 115.272327378984983, -2.786883728327496 ], [ 115.272487753072483, -2.787054681787481 ], [ 115.272534915965025, -2.787088774637482 ], [ 115.27274203784998, -2.787198632127513 ], [ 115.272758008620031, -2.787205002040025 ], [ 115.272894058770021, -2.787256977314996 ], [ 115.27301180788254, -2.787295277030012 ], [ 115.273117678912513, -2.787310645214973 ], [ 115.273123884894972, -2.787309578250017 ], [ 115.273251538875002, -2.787287631017477 ], [ 115.273412392135015, -2.787245407697526 ], [ 115.273482867402549, -2.787218372672498 ], [ 115.273523754757548, -2.787199488787508 ], [ 115.273643816497497, -2.787125205797508 ], [ 115.273765829152467, -2.78705812658751 ], [ 115.273878484219949, -2.786990516310027 ], [ 115.274034204322447, -2.786885822682507 ], [ 115.274110776700013, -2.786872558197501 ], [ 115.274379807152513, -2.78687638629998 ], [ 115.274401077295011, -2.78688053128252 ], [ 115.274483640302492, -2.786934404409976 ], [ 115.274580681910038, -2.787092966935006 ], [ 115.27458732515754, -2.787118932810017 ], [ 115.274641694527531, -2.787411022760011 ], [ 115.274620725610021, -2.787515547815019 ], [ 115.274594648677521, -2.787684780589984 ], [ 115.274613329977456, -2.787943021614979 ], [ 115.274656797777538, -2.788102955752493 ], [ 115.274747647404979, -2.788296193597489 ], [ 115.274814356497473, -2.788415978562512 ], [ 115.274991131675051, -2.788746526092496 ], [ 115.275067544249964, -2.788920185427514 ], [ 115.275174879262522, -2.789166638482527 ], [ 115.275219799827482, -2.78934239733502 ], [ 115.275228013492551, -2.789570630130015 ], [ 115.275231922517492, -2.78992194887752 ], [ 115.275245614644973, -2.790047883672514 ], [ 115.275329457952466, -2.790362484520017 ], [ 115.275375141079962, -2.790493228515004 ], [ 115.275380237349964, -2.790501393709974 ], [ 115.275487871252494, -2.790641540592503 ], [ 115.275590776859985, -2.790728398292515 ], [ 115.275726599365044, -2.790832097347504 ], [ 115.275825428212556, -2.790861678849978 ], [ 115.276047093620036, -2.790910860297515 ], [ 115.276127864437512, -2.790917937000017 ], [ 115.276129362087545, -2.790917750207484 ], [ 115.276336605040001, -2.790862020642521 ], [ 115.276588944455057, -2.790775623927516 ], [ 115.276617290042509, -2.790764100592526 ], [ 115.276921351312467, -2.790611797719976 ], [ 115.277089327432464, -2.790514970287518 ], [ 115.27725193083495, -2.790428725162485 ], [ 115.277264006320024, -2.790423632742488 ], [ 115.277393806412533, -2.790379007627507 ], [ 115.277537028542497, -2.790347640302514 ], [ 115.277661573260048, -2.79031887336248 ], [ 115.27777072492745, -2.790301344094985 ], [ 115.27780100973996, -2.790302600432483 ], [ 115.277953172045045, -2.790318222800011 ], [ 115.277978868145055, -2.790324041809981 ], [ 115.278069626589968, -2.790372144895002 ], [ 115.278203464092485, -2.790462636252528 ], [ 115.278274089315005, -2.790521864255027 ], [ 115.278280972814969, -2.790531101867487 ], [ 115.278344510952479, -2.790668460057475 ], [ 115.278394760190054, -2.790814771170005 ], [ 115.278397874389952, -2.790827866409984 ], [ 115.278412975740025, -2.791041772012477 ], [ 115.278431142044951, -2.791170988044996 ], [ 115.278450760442524, -2.791279417244994 ], [ 115.278477167217488, -2.791383351215018 ], [ 115.278521069192493, -2.791517167327527 ], [ 115.278568993427484, -2.791642018699974 ], [ 115.278585688197495, -2.791681808992507 ], [ 115.278706830982514, -2.791832197074996 ], [ 115.278828226885025, -2.791940311279973 ], [ 115.278862323065027, -2.791966313087528 ], [ 115.279090797992467, -2.792076021812477 ], [ 115.279293879895022, -2.7921607570525 ], [ 115.279643996679965, -2.792276486499986 ], [ 115.279701712797532, -2.792295134907476 ], [ 115.279885966097481, -2.792356018574992 ], [ 115.279973240062532, -2.792384857624995 ], [ 115.280034032507501, -2.792403710399981 ], [ 115.280277761082516, -2.792475842402496 ], [ 115.280389811579994, -2.792515840782528 ], [ 115.280475827132477, -2.792553538305015 ], [ 115.280483379794987, -2.792557805055026 ], [ 115.280594751957551, -2.792654250744988 ], [ 115.280728808270055, -2.792772737787516 ], [ 115.280757411590002, -2.792798008965008 ], [ 115.281010355334956, -2.793078862790026 ], [ 115.281018365924979, -2.79308673024002 ], [ 115.281391785549999, -2.793323354575023 ], [ 115.281665288722479, -2.79353711049248 ], [ 115.281707236835018, -2.793573810872488 ], [ 115.281799673517526, -2.793664258524984 ], [ 115.281865119087456, -2.793781564062499 ], [ 115.281953828567453, -2.794116590170006 ], [ 115.281962829227496, -2.794211115652502 ], [ 115.281957327482473, -2.794519452939994 ], [ 115.281947123387454, -2.794770069832509 ], [ 115.281961111100031, -2.794866256620026 ], [ 115.282071583710035, -2.795149177237477 ], [ 115.282100076207485, -2.795193807575004 ], [ 115.282229815407504, -2.79528619109999 ], [ 115.282336275047555, -2.795385612032476 ], [ 115.282353301647504, -2.795393977452477 ], [ 115.282458589672501, -2.795408548670025 ], [ 115.282554699100046, -2.795373037864977 ], [ 115.282638638554999, -2.795332713639993 ], [ 115.282690875927528, -2.795309486564975 ], [ 115.282698015824963, -2.795302620745019 ], [ 115.282741793964988, -2.795278227337519 ], [ 115.282810937102454, -2.795230192052486 ], [ 115.282867500567477, -2.795214177712523 ], [ 115.283002751124968, -2.795157388270013 ], [ 115.283145738030044, -2.795099165099998 ], [ 115.283330699244971, -2.794984818342527 ], [ 115.283468453042474, -2.794859667187495 ], [ 115.283503157859968, -2.794817896879977 ], [ 115.28353520409496, -2.794779325702507 ], [ 115.283576156127538, -2.794716819855012 ], [ 115.283705965304989, -2.79453214477752 ], [ 115.283718297554969, -2.794511927302494 ], [ 115.283818375247506, -2.7943398949825 ], [ 115.283912469604957, -2.79416231227998 ], [ 115.284017413872448, -2.793968974432516 ], [ 115.284085982427541, -2.793850816659983 ], [ 115.284137663755018, -2.793784364755027 ], [ 115.284297722914971, -2.793600743102502 ], [ 115.284411784994973, -2.793478904627477 ], [ 115.284420349932475, -2.7934710633225 ], [ 115.284556761177555, -2.793333202612473 ], [ 115.284590051855048, -2.793305883627511 ], [ 115.284721176712537, -2.793232519092498 ], [ 115.284781347842454, -2.793206850107481 ], [ 115.28478729429753, -2.793204945324987 ], [ 115.284894908622505, -2.793172596222519 ], [ 115.285028585984946, -2.793144327580023 ], [ 115.285242413322521, -2.793131804672498 ], [ 115.285278684315017, -2.793129945274984 ], [ 115.285362744822464, -2.793127556422519 ], [ 115.285624828012487, -2.793147060520027 ], [ 115.285787891480027, -2.793167523512523 ], [ 115.285900009047509, -2.793175925230003 ], [ 115.285972794379973, -2.793178061214974 ], [ 115.285990379175018, -2.793176728734977 ], [ 115.286229520937468, -2.793091716652498 ], [ 115.286307466267544, -2.793059381767478 ], [ 115.286386764105032, -2.793026487282475 ], [ 115.286463571790023, -2.792998485950022 ], [ 115.286871512410016, -2.792816465845021 ], [ 115.286967283557487, -2.792775342757523 ], [ 115.287081380089944, -2.792730722430008 ], [ 115.287363677124972, -2.792620320667481 ], [ 115.287460156390011, -2.792596334229984 ], [ 115.287670468287502, -2.792562143025009 ], [ 115.287880907614976, -2.792532495190017 ], [ 115.288016272742539, -2.792533027994978 ], [ 115.288032464959997, -2.792538193585017 ], [ 115.288104731449948, -2.792573845825018 ], [ 115.288231972197536, -2.792640087099983 ], [ 115.288316853845004, -2.79267188737748 ], [ 115.288450944872466, -2.792747433122486 ] ], [ [ 115.293374598567539, -2.859010291267509 ], [ 115.294672869762508, -2.859367988632528 ], [ 115.294739795887494, -2.859386903592508 ], [ 115.29541170573998, -2.85957263419499 ], [ 115.29647362065748, -2.859885922187516 ], [ 115.297011355704967, -2.860053052917522 ], [ 115.297058376537507, -2.860075114932499 ], [ 115.29750659651495, -2.860279416542483 ], [ 115.297733531282461, -2.860413780747479 ], [ 115.297895030990048, -2.860539578517489 ], [ 115.297972603044968, -2.860596559840019 ], [ 115.298217413294992, -2.860737676017493 ], [ 115.298723340859965, -2.861006520822514 ], [ 115.298790459650036, -2.861035868040005 ], [ 115.299209830825021, -2.861178542 ], [ 115.299349899742538, -2.861210660200015 ], [ 115.299764082577553, -2.861242252650015 ], [ 115.300052156045012, -2.86125999661499 ], [ 115.300052202809979, -2.861259999397475 ], [ 115.300274301087484, -2.861273679635019 ], [ 115.300332469412524, -2.861277261427517 ], [ 115.30056655275996, -2.861268537089984 ], [ 115.30067850474245, -2.861237332372525 ], [ 115.300892287842544, -2.861168203269983 ], [ 115.301168146355053, -2.860992628802478 ], [ 115.301246070277443, -2.86092628068252 ], [ 115.301436111129988, -2.860596275852515 ], [ 115.301445683664952, -2.860573461680019 ], [ 115.301507500292473, -2.860332968167484 ], [ 115.301537828877485, -2.860241784629977 ], [ 115.301565251252555, -2.860159338735002 ], [ 115.301608628475037, -2.860018461934999 ], [ 115.301640215874954, -2.859915871474982 ], [ 115.30173486469505, -2.859728534187525 ], [ 115.301934666677539, -2.85952841617501 ], [ 115.302043692949951, -2.859416990859984 ], [ 115.302050360004955, -2.859407298422525 ], [ 115.302140149104957, -2.85932588116998 ], [ 115.302144291570016, -2.859321079107474 ], [ 115.302165754532552, -2.859294252080019 ], [ 115.302226285087499, -2.859235135930021 ], [ 115.302245534454983, -2.859218836307491 ], [ 115.302470360082452, -2.859022354450019 ], [ 115.302477939032542, -2.859013331647475 ], [ 115.302561289722462, -2.858951224454984 ], [ 115.302745576414964, -2.858872610739979 ], [ 115.302879700177527, -2.858813745855002 ], [ 115.302997153385036, -2.858755102149985 ], [ 115.303184374134958, -2.858694056222475 ], [ 115.303318529855005, -2.858653830070011 ], [ 115.303428201380029, -2.858637513699989 ], [ 115.30344918323749, -2.858633877879981 ], [ 115.303616028584997, -2.858616081945001 ], [ 115.30369718741747, -2.858609071975025 ], [ 115.303885763304947, -2.858592284922508 ], [ 115.303896429997508, -2.858591738277482 ], [ 115.303911865332452, -2.858593596045012 ], [ 115.304051604660003, -2.858617558889989 ], [ 115.304095381129969, -2.858622827294994 ], [ 115.304159379474982, -2.858635485914988 ], [ 115.304301850954971, -2.858668791622506 ], [ 115.30437778211251, -2.858689642022512 ], [ 115.30445655113499, -2.858713978232515 ], [ 115.304638113669967, -2.858770071817503 ], [ 115.304643634537456, -2.858772251265009 ], [ 115.304743737380022, -2.858811763642507 ], [ 115.305148350335003, -2.859025287140014 ], [ 115.305157749137493, -2.859030701642496 ], [ 115.305328579467528, -2.859178633864985 ], [ 115.305463623819946, -2.859299647677517 ], [ 115.305489741984957, -2.859327371052473 ], [ 115.305609687232504, -2.859444792235024 ], [ 115.305682632992443, -2.859532118697473 ], [ 115.305704963425001, -2.859555821307481 ], [ 115.305710500622467, -2.859562813529976 ], [ 115.305927675552539, -2.859833602090021 ], [ 115.306055623659972, -2.859992725779989 ], [ 115.306104239902538, -2.860054969409987 ], [ 115.306104806212488, -2.860055793172478 ], [ 115.306265750502462, -2.86027555116749 ], [ 115.306410172377468, -2.860457096432526 ], [ 115.306614694055042, -2.860693532232517 ], [ 115.306718685432543, -2.860807100917498 ], [ 115.306806954287481, -2.860858299322501 ], [ 115.306933057647484, -2.860919552840016 ], [ 115.307067588167456, -2.861021398094977 ], [ 115.307087288227535, -2.861036311407474 ], [ 115.307146779180016, -2.861077695109998 ], [ 115.307179731777524, -2.861100617684997 ], [ 115.307377863480042, -2.861221215060027 ], [ 115.307469988152548, -2.861274233222503 ], [ 115.307636681952545, -2.861351025137481 ], [ 115.307835699627503, -2.861429349854973 ], [ 115.307967171375026, -2.861479140070003 ], [ 115.308078104437527, -2.861509981582515 ], [ 115.308213091605012, -2.861530574895028 ], [ 115.308270403372489, -2.861537637544984 ], [ 115.308573540007501, -2.86158025778002 ], [ 115.30868428254746, -2.861595700309977 ], [ 115.308794128430009, -2.861603147367475 ], [ 115.309004246002473, -2.861605246589988 ], [ 115.309118760299953, -2.861599448717527 ], [ 115.309284741854981, -2.86158187876498 ], [ 115.309518477375036, -2.861552858352525 ], [ 115.309616908365001, -2.861531930027525 ], [ 115.309943544439989, -2.86145808461248 ], [ 115.309983999525002, -2.861447507075013 ], [ 115.310476217519977, -2.86129983697748 ], [ 115.310966888992539, -2.861110076577518 ], [ 115.311120710337491, -2.861042403717477 ], [ 115.311465596844982, -2.860857408219999 ], [ 115.311675946167497, -2.860782364600027 ], [ 115.311797076249945, -2.860755215352526 ], [ 115.312196542185006, -2.860679954827503 ], [ 115.312400407577456, -2.860616710894988 ], [ 115.312419424537552, -2.860611108739988 ], [ 115.312664515579968, -2.860546042907515 ], [ 115.312707403810009, -2.860529123252491 ], [ 115.312836508777536, -2.860479884172491 ], [ 115.312961998767491, -2.860443766777507 ], [ 115.313051872672531, -2.86042052754749 ], [ 115.313177524240018, -2.860382779880013 ], [ 115.313467769484987, -2.860319600924981 ], [ 115.313501462335012, -2.860308174025022 ], [ 115.313540085499994, -2.860301181937473 ], [ 115.3137066966475, -2.860284909812492 ], [ 115.313889828072547, -2.860280862192496 ], [ 115.314196051852491, -2.860295411820005 ], [ 115.314257084820042, -2.860301084289972 ], [ 115.314391951212542, -2.860319055965022 ], [ 115.314430723800001, -2.860333541585021 ], [ 115.314518064134973, -2.86041560795752 ], [ 115.314621126527527, -2.860557644697508 ], [ 115.314622056234953, -2.860559677164986 ], [ 115.314666150800008, -2.860726738817505 ], [ 115.314682488377457, -2.860859138627518 ], [ 115.31468174351005, -2.860878958342482 ], [ 115.314659840362538, -2.861048971 ], [ 115.314639391864944, -2.861221212230021 ], [ 115.314627593382511, -2.861268734732505 ], [ 115.314466530077539, -2.861580723022485 ], [ 115.314406547150043, -2.861726119964999 ], [ 115.314304200347465, -2.862000990415027 ], [ 115.314253405664999, -2.862164201465021 ], [ 115.314133490280028, -2.862491080259986 ], [ 115.314065157352502, -2.86265358349749 ], [ 115.314027989342549, -2.862744225164988 ], [ 115.314012106235054, -2.862811073170008 ], [ 115.313990407537517, -2.862983763712521 ], [ 115.313987087132546, -2.863070981927478 ], [ 115.31398880142001, -2.863225339507494 ], [ 115.313983879742523, -2.863509580564994 ], [ 115.314004736020024, -2.863641746489975 ], [ 115.31408823340746, -2.863811047645015 ], [ 115.314164386354946, -2.863886225739975 ], [ 115.314328960782518, -2.864010290792521 ], [ 115.314421770767467, -2.864027590124977 ], [ 115.314443109504964, -2.864020519170026 ], [ 115.314735405484953, -2.863876860150015 ], [ 115.314781585587525, -2.863852630320025 ], [ 115.315106580169981, -2.86372864858248 ], [ 115.315149322452498, -2.863711392262474 ], [ 115.315375500522464, -2.863607220857489 ], [ 115.315429731242489, -2.863582929632514 ], [ 115.315552867952533, -2.863536367384995 ], [ 115.315945637667483, -2.863368733640016 ], [ 115.316175127980046, -2.86328008677998 ], [ 115.316493240224986, -2.863166579859978 ], [ 115.316822023622535, -2.86307479218749 ], [ 115.317238164482546, -2.862981509125007 ], [ 115.317398884515001, -2.862958324404985 ], [ 115.317875670104968, -2.8628996809 ], [ 115.317886087047555, -2.862898399469998 ], [ 115.31791146720002, -2.862895364027509 ], [ 115.318207140510026, -2.862859996265001 ], [ 115.318432382880019, -2.862839831985013 ], [ 115.318634027897474, -2.862830605869988 ], [ 115.318800271897544, -2.862822998719992 ], [ 115.31892487080745, -2.862817296155015 ], [ 115.318936476779982, -2.86281723729752 ], [ 115.319345259777492, -2.862810366407473 ], [ 115.319416778257505, -2.862814210240003 ], [ 115.319824241734977, -2.862864877247489 ], [ 115.319857357740034, -2.862867967252498 ], [ 115.319874142570029, -2.862868464032488 ], [ 115.320332139204993, -2.862920936184992 ], [ 115.320604943435001, -2.862957996294995 ], [ 115.320801228672508, -2.862986761415016 ], [ 115.32116597766003, -2.863031543112527 ], [ 115.321359574202461, -2.863069890885015 ], [ 115.321561993690011, -2.863109018482476 ], [ 115.321931459527491, -2.863208067025028 ], [ 115.3220418996425, -2.863238623720008 ], [ 115.322180712600016, -2.863284473510021 ], [ 115.322470243167459, -2.863406409335028 ], [ 115.322553492852535, -2.863437992194974 ], [ 115.322688029924961, -2.86349386457249 ], [ 115.322859464187445, -2.863544796647489 ], [ 115.323058944142531, -2.863596674270013 ], [ 115.32313855226505, -2.863609038552511 ], [ 115.323195035792537, -2.863615838002488 ], [ 115.323235403007516, -2.86362069749498 ], [ 115.32325455967748, -2.863623002744987 ], [ 115.323336203255053, -2.863632831582493 ], [ 115.323445472417461, -2.863641178154978 ], [ 115.323484850982481, -2.863641236052501 ], [ 115.323527196679947, -2.863641298309972 ], [ 115.323610282075038, -2.863639336002507 ], [ 115.323703092539972, -2.863631328129998 ], [ 115.323771445887473, -2.863623659590019 ], [ 115.323810582935039, -2.863617246705019 ], [ 115.323981264240047, -2.863569418457473 ], [ 115.324034750792521, -2.863551596939999 ], [ 115.324265045380002, -2.863447595720004 ], [ 115.324270809092468, -2.86344489846249 ], [ 115.324660196829996, -2.863236249525016 ], [ 115.324849967244973, -2.863110929799973 ], [ 115.325165617175003, -2.862842787272484 ], [ 115.325564454524965, -2.862445955094984 ], [ 115.325634011392481, -2.862378720487527 ], [ 115.326192076325015, -2.861867876745009 ], [ 115.32620839176252, -2.861852840100028 ], [ 115.326336196544958, -2.86173985076249 ], [ 115.326352697400011, -2.861725335272524 ], [ 115.326391372555008, -2.861678327460027 ], [ 115.326429090025044, -2.861629950902511 ], [ 115.326435530817548, -2.861553586724995 ], [ 115.326414360534955, -2.861439574009978 ], [ 115.326382577057529, -2.861209767177513 ], [ 115.326348440604988, -2.861130718250024 ], [ 115.326276399595031, -2.860949406350016 ], [ 115.326180291230003, -2.860761419635026 ], [ 115.326177206082548, -2.86074853033 ], [ 115.326113522322544, -2.860524456272515 ], [ 115.326093233549955, -2.860448201219981 ], [ 115.32603754424747, -2.860264668802472 ], [ 115.325999160837455, -2.860155848812497 ], [ 115.32589325666504, -2.859975618612509 ], [ 115.325819479077495, -2.859827715295012 ], [ 115.325653521392496, -2.859631028832496 ], [ 115.325611735294956, -2.859578830695 ], [ 115.325480218495045, -2.859401989442517 ], [ 115.325384104540035, -2.859271909230017 ], [ 115.325367505087456, -2.859257082952524 ], [ 115.325053310452518, -2.859056896439995 ], [ 115.324934466465038, -2.858972365227487 ], [ 115.324810128014974, -2.858884759399984 ], [ 115.324617116335048, -2.858762665117524 ], [ 115.324593231022504, -2.858740899242491 ], [ 115.324321499770008, -2.858524255732505 ], [ 115.324147378952489, -2.858357740860015 ], [ 115.324101843890048, -2.858282866807485 ], [ 115.324067324187467, -2.858020528682516 ], [ 115.324062618062499, -2.857885090649972 ], [ 115.324137265552508, -2.857609884994986 ], [ 115.324340300507515, -2.857313031832518 ], [ 115.324399941149977, -2.857238892589976 ], [ 115.324878313372551, -2.856633409082519 ], [ 115.325086532434966, -2.856379722817508 ], [ 115.32528429327499, -2.856146451575 ], [ 115.325408953680039, -2.855946580117518 ], [ 115.325476621877556, -2.855718070292482 ], [ 115.325492251752507, -2.855447272315018 ], [ 115.32543890440752, -2.854894214084993 ], [ 115.325414674792455, -2.854822657612488 ], [ 115.32524742590499, -2.854493058772505 ], [ 115.325124881202555, -2.85420788058002 ], [ 115.324902541692495, -2.85370926393 ], [ 115.324771964007482, -2.853421352030011 ], [ 115.324583038417472, -2.852971621369988 ], [ 115.324391371017555, -2.852525971570003 ], [ 115.324348748787543, -2.852425835174984 ], [ 115.324190809927472, -2.851958302304979 ], [ 115.324120239587501, -2.851604273910027 ], [ 115.324118782099958, -2.851576637527501 ], [ 115.324162239239968, -2.850993084749973 ], [ 115.324209153522474, -2.850807877860007 ], [ 115.324345997662476, -2.850390010304977 ], [ 115.32436749154499, -2.850292938430016 ], [ 115.324487194789981, -2.849939125932508 ], [ 115.324536318792525, -2.849727735764986 ], [ 115.32467051195249, -2.849337867362522 ], [ 115.324875194197489, -2.84885894575001 ], [ 115.325119928467529, -2.848384671042481 ], [ 115.325406595909953, -2.847908439865023 ], [ 115.325420401014981, -2.847888924865003 ], [ 115.325508462894959, -2.847684390957511 ], [ 115.325618754917514, -2.847498620702481 ], [ 115.325856964455056, -2.847141252137476 ], [ 115.325910081392522, -2.847022499035006 ], [ 115.326050149604953, -2.846791765814999 ], [ 115.326177735802503, -2.846525628200027 ], [ 115.326199904087503, -2.846477610287479 ], [ 115.326447330044971, -2.846248060882488 ], [ 115.326542687364963, -2.84620062358249 ], [ 115.326793105320007, -2.846147634705005 ], [ 115.327025838517557, -2.846142663017474 ], [ 115.327246920132552, -2.84619629158999 ], [ 115.327397758145025, -2.846273710835021 ], [ 115.327769086827516, -2.846556462422484 ], [ 115.328278235542484, -2.847033046750028 ], [ 115.328326408072485, -2.847076667362501 ], [ 115.328633870949943, -2.847274798747492 ], [ 115.328979096767512, -2.847620874592508 ], [ 115.329317600744957, -2.848028704157514 ], [ 115.330206617594968, -2.849027989620026 ], [ 115.330497803804974, -2.84935242413502 ], [ 115.330947055119964, -2.850021816475021 ], [ 115.330985151902496, -2.850082300739984 ], [ 115.331112668619994, -2.850501691529985 ], [ 115.331168993127449, -2.850797116017475 ], [ 115.33118480581004, -2.850905458140005 ], [ 115.331134501242445, -2.851172125295022 ], [ 115.331125312892482, -2.851398064607508 ], [ 115.331125248404987, -2.851413475107506 ], [ 115.331242894647517, -2.851656571627473 ], [ 115.331475470962459, -2.851837077332505 ], [ 115.331919521422492, -2.852059405997522 ], [ 115.332540908650003, -2.852312344762481 ], [ 115.332930654834968, -2.852448462600023 ], [ 115.333189125817512, -2.852562522625021 ], [ 115.333570797862535, -2.852744574649989 ], [ 115.33379897838995, -2.852922146519973 ], [ 115.334119822067464, -2.853241855932481 ], [ 115.334417854050002, -2.853479961050027 ], [ 115.334576326374986, -2.853565302337472 ], [ 115.334756280254965, -2.853626763592501 ], [ 115.335060292202456, -2.853703329445011 ], [ 115.335232282655056, -2.853730560262477 ], [ 115.335635455105034, -2.853738778384979 ], [ 115.335700380349977, -2.853733117687511 ], [ 115.335988285572512, -2.853742469349982 ], [ 115.336103731095022, -2.853773772295028 ], [ 115.336158685335022, -2.853800168115015 ], [ 115.336554182825012, -2.854045193575018 ], [ 115.336718113014967, -2.854156245419972 ], [ 115.33682687946748, -2.854211452645018 ], [ 115.337208542852522, -2.854292463612524 ], [ 115.33722779774746, -2.854293399544986 ], [ 115.33764746788745, -2.854256423782488 ], [ 115.337880342735048, -2.854163030402503 ], [ 115.338067346092544, -2.854002074925006 ], [ 115.338450022355005, -2.853573474737516 ], [ 115.338581869449968, -2.853422014009993 ], [ 115.339297833675005, -2.852485236869995 ], [ 115.339395130549974, -2.852334593039984 ], [ 115.33976339258254, -2.851654624552509 ], [ 115.339811308029994, -2.851503028194998 ], [ 115.339919708552543, -2.851072740352492 ], [ 115.34009485776005, -2.850613172967485 ], [ 115.340192454075009, -2.850414621630023 ], [ 115.340506257495008, -2.849889122249976 ], [ 115.340534427402531, -2.849825898015013 ], [ 115.340654339632465, -2.849382971332489 ], [ 115.340676623550053, -2.849142208852527 ], [ 115.34070080394747, -2.848823783537512 ], [ 115.340701136102552, -2.84871681095251 ], [ 115.340659883642502, -2.848445813397518 ], [ 115.340548866147515, -2.848202038262514 ], [ 115.340542754937474, -2.848193718635002 ], [ 115.340292817024988, -2.848048515927474 ], [ 115.340129297155045, -2.847995032330005 ], [ 115.340120503427556, -2.847986441137493 ], [ 115.340087715845016, -2.847867064795025 ], [ 115.340089779497475, -2.847622427897477 ], [ 115.340170657032445, -2.847303384772488 ], [ 115.340300272435002, -2.847085863357506 ], [ 115.340302869357515, -2.847083101680028 ], [ 115.340703396457457, -2.846820982707527 ], [ 115.340794379597469, -2.846773311492484 ], [ 115.341250462787457, -2.846581395144995 ], [ 115.341264143977469, -2.846577330072478 ], [ 115.341734527175049, -2.846496390814991 ], [ 115.341779212724987, -2.846489641287519 ], [ 115.342107223214953, -2.846419685295018 ], [ 115.342172237964974, -2.846376401274995 ], [ 115.342481659135046, -2.845928550425015 ], [ 115.342485785179974, -2.84591624302999 ], [ 115.342597814249984, -2.845194905217511 ], [ 115.342713783502518, -2.844630176702481 ], [ 115.342727361462494, -2.844359533989973 ], [ 115.342695759890034, -2.84348473821251 ], [ 115.342688799550046, -2.843429852524991 ], [ 115.342401269457469, -2.842407084597482 ], [ 115.342385466590031, -2.842362663724998 ], [ 115.341859820122522, -2.840858642687522 ], [ 115.341691215850005, -2.840375806737484 ], [ 115.341450521217553, -2.839685157772522 ], [ 115.341335304599966, -2.839314876719982 ], [ 115.341329930052552, -2.839253559057511 ], [ 115.341356066659955, -2.838545297979977 ], [ 115.34135612148998, -2.838544691254981 ], [ 115.341386515995055, -2.838138880200006 ], [ 115.341390578377514, -2.838121975097522 ], [ 115.34160389838496, -2.837515636692501 ], [ 115.341649413035043, -2.837369268732516 ], [ 115.341781768589954, -2.836907935764998 ], [ 115.341786405120047, -2.836901510852499 ], [ 115.341850591527532, -2.836781334720001 ], [ 115.341926742887495, -2.836731611332482 ], [ 115.342068965465046, -2.836683118940016 ], [ 115.343420503784955, -2.836590893247489 ], [ 115.344194901622473, -2.83653875228498 ], [ 115.344512031159979, -2.836496533025013 ], [ 115.345104489217533, -2.836365901470003 ], [ 115.345359837715023, -2.836316684027508 ], [ 115.345544497472474, -2.836323139565025 ], [ 115.345862574314992, -2.83637068697999 ], [ 115.346225945050037, -2.836445857989986 ], [ 115.346397508724976, -2.836535948887501 ], [ 115.346715064444993, -2.836732694747525 ], [ 115.346840180915024, -2.836803698100027 ], [ 115.346950977674965, -2.836835138970002 ], [ 115.34728119867998, -2.836817375502505 ], [ 115.347571527300033, -2.836779804050025 ], [ 115.347756798442447, -2.836732763479972 ], [ 115.347890191700003, -2.836687533042493 ], [ 115.348193440765044, -2.836543084227515 ], [ 115.348556076629961, -2.836358862922509 ], [ 115.349392729167448, -2.835962593957504 ], [ 115.349470140509993, -2.835929339559982 ], [ 115.34999670975003, -2.835728694722491 ], [ 115.350570713292541, -2.83550438957252 ], [ 115.350681985422511, -2.835449921765019 ], [ 115.351161072397531, -2.835145342682495 ], [ 115.351187799537456, -2.835115627457526 ], [ 115.351467417852518, -2.834686267400002 ], [ 115.351474925932507, -2.834676151412509 ], [ 115.351665282565023, -2.834572211072498 ], [ 115.351925405709949, -2.834527703859976 ], [ 115.351961987802497, -2.834533999720009 ], [ 115.352178741504986, -2.834625958652509 ], [ 115.352552197127466, -2.834872309022501 ], [ 115.352552607952475, -2.834872449779994 ], [ 115.353263460537505, -2.835043814932476 ], [ 115.35345742840002, -2.835092485012524 ], [ 115.354245743637534, -2.835267868995004 ], [ 115.354297071832548, -2.835275782025008 ], [ 115.354948917560023, -2.835377325164984 ], [ 115.35500414724504, -2.835377686209995 ], [ 115.355339180290002, -2.83525969312501 ], [ 115.355361999424986, -2.835257412419992 ], [ 115.355523373704955, -2.83526959817749 ], [ 115.355620943690042, -2.835311179590008 ], [ 115.355861860090045, -2.835502155777476 ], [ 115.356269124757546, -2.835805891454982 ], [ 115.356306489589997, -2.83584522373252 ], [ 115.356664243059981, -2.836289439774987 ], [ 115.356835235519952, -2.836476994525015 ], [ 115.356842598009962, -2.836485270667481 ], [ 115.357049746285043, -2.836700283852508 ], [ 115.357205873520002, -2.836831183319987 ], [ 115.35728835615248, -2.836887535402525 ], [ 115.357532620942493, -2.837008300039997 ], [ 115.357572819062511, -2.837015702427493 ], [ 115.357880924934989, -2.836988764157525 ], [ 115.357931358509973, -2.836975575817519 ], [ 115.358052088777526, -2.836926986205015 ], [ 115.358186557930026, -2.836879914655015 ], [ 115.358249291652555, -2.836869311254986 ], [ 115.358305484229959, -2.836877696835018 ], [ 115.35839192956746, -2.836885066582511 ], [ 115.358642328529982, -2.836839396532525 ], [ 115.358853444639976, -2.836752099827493 ], [ 115.358881786192455, -2.836730023760026 ], [ 115.358978208952522, -2.836524737372486 ], [ 115.359008917562505, -2.836361157570025 ], [ 115.359013852562498, -2.836215713687523 ], [ 115.35901572874252, -2.836210587862524 ], [ 115.359039077730017, -2.83611257468749 ], [ 115.359050075332448, -2.835916889027487 ], [ 115.359043837967533, -2.835652752109979 ], [ 115.359041489075025, -2.835585511274985 ], [ 115.359060709030018, -2.835361675352488 ], [ 115.359084711899982, -2.835142984684978 ], [ 115.359126214514959, -2.834974596487484 ], [ 115.359137182935001, -2.834943780535014 ], [ 115.359334514237503, -2.834372696627497 ], [ 115.359440632080009, -2.834116918387508 ], [ 115.359486313562456, -2.834030610145021 ], [ 115.359679206285023, -2.833661672609992 ], [ 115.359734498665034, -2.833591987987518 ], [ 115.360032298487454, -2.833258390105016 ], [ 115.360133011937478, -2.833173570862527 ], [ 115.360404153660056, -2.833032819289997 ], [ 115.360525768257503, -2.832992056515025 ], [ 115.360756226945, -2.832964199695027 ], [ 115.36130806354754, -2.832944371800011 ], [ 115.361702738817485, -2.832948611699976 ], [ 115.362207819852529, -2.832962459595024 ], [ 115.362909656892498, -2.832955375477525 ], [ 115.363161616222555, -2.83297853352002 ], [ 115.363501970745006, -2.833057777549982 ], [ 115.363593087644972, -2.833090057094978 ], [ 115.364083018817496, -2.833367215592489 ], [ 115.364117349540038, -2.833395596385003 ], [ 115.364492641357515, -2.833765879287512 ], [ 115.364525257734954, -2.833809073447526 ], [ 115.364781775302504, -2.834238033202496 ], [ 115.364846857930047, -2.834341054852473 ], [ 115.364965493474983, -2.834545397007503 ], [ 115.365036424199957, -2.834598329232506 ], [ 115.365106556199976, -2.834611584204993 ], [ 115.365633243412503, -2.834591433182482 ], [ 115.365648616297449, -2.834585442937509 ], [ 115.365944748249944, -2.834372358180019 ], [ 115.365954230054967, -2.834362519742513 ], [ 115.36626214145997, -2.833906972472505 ], [ 115.366536717057556, -2.833506673647491 ], [ 115.366726972169999, -2.833220314255016 ], [ 115.367186564322537, -2.832450679325007 ], [ 115.367237022212521, -2.832382827532513 ], [ 115.367474905812514, -2.83215406221251 ], [ 115.367828915444989, -2.831855258954988 ], [ 115.367844012157548, -2.831844141552494 ], [ 115.368475551779966, -2.831457023869973 ], [ 115.368523730602533, -2.83142185887499 ], [ 115.368795657375017, -2.831168395664974 ], [ 115.36891040154751, -2.830998311049996 ], [ 115.368921872365036, -2.830959182829986 ], [ 115.368988982282531, -2.830515253942508 ], [ 115.369034107682523, -2.83020279612748 ], [ 115.369036135709962, -2.830175221085028 ], [ 115.368991558529956, -2.829793284277514 ], [ 115.368924181865054, -2.829550080210026 ], [ 115.368884703010053, -2.829353020744975 ], [ 115.368862187489981, -2.829073762484995 ], [ 115.368868859292547, -2.828925724802502 ], [ 115.368918070640007, -2.828765601917496 ], [ 115.368976148592537, -2.828661854664972 ], [ 115.369065492219988, -2.828571695002495 ], [ 115.369335578797518, -2.828376070327522 ], [ 115.369385411787448, -2.828356743477514 ], [ 115.369657899467484, -2.828282329254989 ], [ 115.370033841909958, -2.828126374459998 ], [ 115.370037606719961, -2.82812320643751 ], [ 115.370380286229988, -2.827683419070013 ], [ 115.370380633019977, -2.827683045159972 ], [ 115.370822467649987, -2.827333244782494 ], [ 115.370968596540024, -2.827192674560024 ], [ 115.371169406817444, -2.826938755089998 ], [ 115.371293645287551, -2.826749084247524 ], [ 115.371409611224976, -2.826607011755016 ], [ 115.371514714587533, -2.82650852954248 ], [ 115.371660534102489, -2.826457482337503 ], [ 115.371842187695052, -2.826400440980024 ], [ 115.371860526192449, -2.826398024192486 ], [ 115.372525417389966, -2.826372647347512 ], [ 115.37275437688254, -2.826403891185009 ], [ 115.372831744942459, -2.826398723309978 ], [ 115.373002529835048, -2.826389106495014 ], [ 115.373145690097545, -2.826377920600009 ], [ 115.373453480552485, -2.826417938027475 ], [ 115.373500678332448, -2.826437938029983 ], [ 115.37376172193251, -2.826610213220022 ], [ 115.373766443592444, -2.826616158695003 ], [ 115.373871551764978, -2.826835210419972 ], [ 115.373898368904975, -2.82694842595248 ], [ 115.373878157937497, -2.827447421892487 ], [ 115.373740039175004, -2.827936658474982 ], [ 115.37373772091496, -2.827949933694981 ], [ 115.373535099357468, -2.829033736190013 ], [ 115.373491148569997, -2.829353604954974 ], [ 115.373489544657446, -2.829363485364979 ], [ 115.373433820862488, -2.829761889742485 ], [ 115.37334831199496, -2.830105738244981 ], [ 115.373315472177524, -2.830214066717474 ], [ 115.373219466622459, -2.830477046594979 ], [ 115.373186464624951, -2.830546863334973 ], [ 115.373140866059998, -2.830656969819984 ], [ 115.373124294824947, -2.830714177849984 ], [ 115.373026022702447, -2.830888792837527 ], [ 115.37295855002003, -2.830894266615019 ], [ 115.37295763264251, -2.830895547679972 ], [ 115.372904261260032, -2.831050228220022 ], [ 115.372896353519991, -2.831194750187478 ], [ 115.372913574045015, -2.831227213292493 ], [ 115.373013060264952, -2.831346002644977 ], [ 115.373068260539981, -2.831407628350007 ], [ 115.373278477627537, -2.831548988979989 ], [ 115.37349698754997, -2.831622461342477 ], [ 115.37357054503002, -2.831632262372523 ], [ 115.373878987090052, -2.831678102677472 ], [ 115.374124113397556, -2.83172561711001 ], [ 115.374407447494946, -2.831776866052508 ], [ 115.374578411932475, -2.831841699864981 ], [ 115.375010169590041, -2.832076001027474 ], [ 115.375014236950051, -2.832079042644978 ], [ 115.375370760242504, -2.832494261340003 ], [ 115.37540181751001, -2.832545280315003 ], [ 115.375584588232527, -2.832957562857473 ], [ 115.375623979005013, -2.833078546472507 ], [ 115.375684184710053, -2.833453078977527 ], [ 115.375718986059951, -2.833802253124986 ], [ 115.375738103479989, -2.833894743922485 ], [ 115.375941228577517, -2.834476143397524 ], [ 115.375943600042547, -2.834481496847502 ], [ 115.376350889455011, -2.835187505475005 ], [ 115.376487285599978, -2.835409259640016 ], [ 115.376706225060047, -2.83576183432001 ], [ 115.376929536300054, -2.836173346867497 ], [ 115.377058763064952, -2.836411481342509 ], [ 115.377402140910021, -2.837148152507496 ], [ 115.377448328317541, -2.837234534707477 ], [ 115.377681738709953, -2.837515575407508 ], [ 115.377738229249985, -2.837564924710023 ], [ 115.378071978217463, -2.837867031625024 ], [ 115.378162573319969, -2.837924904529984 ], [ 115.3785531294875, -2.838069421459977 ], [ 115.378621656312475, -2.838081771922475 ], [ 115.379138268537531, -2.838148905992512 ], [ 115.379251223239976, -2.838171822999982 ], [ 115.379758324470004, -2.838302203392516 ], [ 115.379998925802511, -2.838353905500014 ], [ 115.380237851827474, -2.838386055945023 ], [ 115.380503937252456, -2.838477099487477 ], [ 115.380784548440033, -2.838579632369999 ], [ 115.380848959274999, -2.838627808982494 ], [ 115.381138202962461, -2.838793128332497 ], [ 115.381174347049978, -2.8388226157075 ], [ 115.381363940677488, -2.838991042309999 ], [ 115.381465182277452, -2.839211250507503 ], [ 115.381493991190041, -2.839361268037521 ], [ 115.38149298192252, -2.839403356757487 ], [ 115.381482051250032, -2.839620517709989 ], [ 115.381392427220021, -2.839986973314979 ], [ 115.381405783635046, -2.840240715835023 ], [ 115.381414403295025, -2.8402674215925 ], [ 115.381577025415027, -2.840597374732511 ], [ 115.381644877969961, -2.840683986475028 ], [ 115.381855738384957, -2.840854430904983 ], [ 115.38195512113748, -2.840920148677526 ], [ 115.382101584709972, -2.841080115112504 ], [ 115.382133518747537, -2.841094079785023 ], [ 115.382414368964987, -2.841183178055019 ], [ 115.382531795880027, -2.841206226037514 ], [ 115.382574116417459, -2.841202710709979 ], [ 115.382908946827456, -2.841030131255025 ], [ 115.382923264864985, -2.84101895647251 ], [ 115.383318191609987, -2.840713674115023 ], [ 115.383318559972508, -2.840713313797494 ], [ 115.383536872392483, -2.840420170622508 ], [ 115.383606025097492, -2.840262115404983 ], [ 115.383669221772493, -2.839981224097528 ], [ 115.383707505062489, -2.83977764396252 ], [ 115.383790556879944, -2.839067253864982 ], [ 115.383796133609962, -2.839045634204979 ], [ 115.383835423849973, -2.838830583785011 ], [ 115.383884767222526, -2.838722015529981 ], [ 115.384018222075042, -2.838412638157479 ], [ 115.384038202589977, -2.83832843880748 ], [ 115.38399493136501, -2.837772012804976 ], [ 115.383975857850032, -2.837624804184998 ], [ 115.38387127805504, -2.837017894582516 ], [ 115.383858368399956, -2.836860167107488 ], [ 115.383842645754953, -2.836345934237499 ], [ 115.38387992910998, -2.836065396144988 ], [ 115.383907220445053, -2.835895293017472 ], [ 115.383966125230017, -2.835762706842502 ], [ 115.384136170795045, -2.83545988103748 ], [ 115.384369965797532, -2.834974722052493 ], [ 115.384372741557513, -2.834969406564994 ], [ 115.384689046502444, -2.83433432799751 ], [ 115.384711885142451, -2.834292226400009 ], [ 115.38501350513252, -2.833797771315005 ], [ 115.385074513442532, -2.833741645190003 ], [ 115.385261867195027, -2.833662169465015 ], [ 115.385459311739965, -2.833637626254983 ], [ 115.385508112070056, -2.83365114049252 ], [ 115.385896666924964, -2.833829716872515 ], [ 115.385904995934993, -2.833836516587496 ], [ 115.386055698627501, -2.834038888707482 ], [ 115.386113647677462, -2.834151161684986 ], [ 115.386144714369948, -2.834268542757513 ], [ 115.386192241325034, -2.834667526105022 ], [ 115.386188634475047, -2.835011012040013 ], [ 115.38618502874499, -2.835221917602496 ], [ 115.386137165692503, -2.835877883832495 ], [ 115.386111199777474, -2.836169735315025 ], [ 115.38612085647253, -2.836441085382489 ], [ 115.38617525851248, -2.836642019505007 ], [ 115.38622585581254, -2.836749719802526 ], [ 115.386265840975057, -2.836817186987503 ], [ 115.386403905195039, -2.836977475762524 ], [ 115.386451527165036, -2.837015841735024 ], [ 115.386704910710023, -2.837128019782483 ], [ 115.386716843717522, -2.837128960755024 ], [ 115.386964219659944, -2.837085137217514 ], [ 115.387145456595022, -2.837017143524974 ], [ 115.38730372596001, -2.836887603715013 ], [ 115.387349476312465, -2.836833800197496 ], [ 115.387647211502554, -2.836435998407524 ], [ 115.387675937282552, -2.836380570314986 ], [ 115.387822174852545, -2.835994021544991 ], [ 115.387903064140005, -2.835792240387491 ], [ 115.388034334960025, -2.83544552527502 ], [ 115.388131878427544, -2.835145066550012 ], [ 115.388255421094982, -2.834673697492519 ], [ 115.388275500407531, -2.834537905695015 ], [ 115.388294401329972, -2.833960202230003 ], [ 115.388310134542508, -2.83389272802998 ], [ 115.388440658669992, -2.833615912505024 ], [ 115.388623984860033, -2.833301057797485 ], [ 115.388743048695005, -2.833147685392476 ], [ 115.389024106372517, -2.832821821919993 ], [ 115.389134116302444, -2.832680394995009 ], [ 115.389294854422474, -2.832369345584993 ], [ 115.389342506617481, -2.832136594207498 ], [ 115.38935853455996, -2.831795163467518 ], [ 115.389363136525049, -2.831041429417496 ], [ 115.389382845032515, -2.830814990235012 ], [ 115.389394420475014, -2.830790210897476 ], [ 115.389708808394971, -2.830434324572479 ], [ 115.389795303954998, -2.830351378825014 ], [ 115.39016168210253, -2.830129641227472 ], [ 115.390625272617513, -2.829926930932515 ], [ 115.39073085592247, -2.829884647819995 ], [ 115.391208993095006, -2.829731721237522 ], [ 115.391318811582551, -2.829706486465 ], [ 115.391875534799965, -2.829669580799987 ], [ 115.392224903155011, -2.829674214072497 ], [ 115.392693194052526, -2.829742958762495 ], [ 115.392816436284988, -2.829807818765005 ], [ 115.393034456149962, -2.829983330807522 ], [ 115.393322129585044, -2.830198349737486 ], [ 115.393335198542445, -2.830202541525011 ], [ 115.393498272115039, -2.830244594024975 ], [ 115.393633786312535, -2.830255702774991 ], [ 115.39367619395, -2.830235801844992 ], [ 115.393819385599954, -2.830065924937514 ], [ 115.393920225405054, -2.829919173037524 ], [ 115.393985887300005, -2.829743116325005 ], [ 115.394073301762546, -2.829215887007479 ], [ 115.394156388329975, -2.828821146602479 ], [ 115.394238864970021, -2.828334879324984 ], [ 115.394294427895034, -2.827858794670021 ], [ 115.394312419909966, -2.827539493422478 ], [ 115.394308992067522, -2.827506280802481 ], [ 115.394118181784961, -2.826675530677505 ], [ 115.394086160205006, -2.826569528514995 ], [ 115.393821657852527, -2.825851290675018 ], [ 115.393814003199964, -2.825836749792472 ], [ 115.393542520577512, -2.825464647117485 ], [ 115.393542295620023, -2.82546406982749 ], [ 115.393497552532494, -2.825200649174974 ], [ 115.393501464907445, -2.825155540962498 ], [ 115.393550420132556, -2.825075346767505 ], [ 115.393677888105003, -2.824954619147491 ], [ 115.393748803234985, -2.824922181782483 ], [ 115.394001598960017, -2.824851217555022 ], [ 115.394156144887461, -2.824838149125014 ], [ 115.395109490302502, -2.824837409410009 ], [ 115.395401688115044, -2.824849718167513 ], [ 115.395730122282544, -2.824846243717502 ], [ 115.396020196572522, -2.824821942927485 ], [ 115.396246681400044, -2.824795361682504 ], [ 115.39668902734752, -2.824704134494993 ], [ 115.396756244654966, -2.824681137742516 ], [ 115.397402488194984, -2.824313754347486 ], [ 115.397559320527535, -2.824221980754999 ], [ 115.397882859532501, -2.824058273325022 ], [ 115.39827033931499, -2.823943705642478 ], [ 115.398618062007472, -2.823864339927525 ], [ 115.398806785364968, -2.823770012932528 ], [ 115.399123559987515, -2.823500396482473 ], [ 115.399125351532462, -2.823496510234975 ], [ 115.399145584782445, -2.823090387637478 ], [ 115.3991449429775, -2.823088143947473 ], [ 115.398908705980034, -2.822774423422516 ], [ 115.398780870192468, -2.822659051495009 ], [ 115.398405023947475, -2.822439844537485 ], [ 115.398164296899949, -2.822309759805023 ], [ 115.397948664084993, -2.822154191615027 ], [ 115.397843454950021, -2.822063042497518 ], [ 115.397784247515006, -2.821937920774985 ], [ 115.397763054712527, -2.821837514360027 ], [ 115.397648403460039, -2.821584294484978 ], [ 115.397461882745006, -2.821333549814995 ], [ 115.397420869057555, -2.821128575262492 ], [ 115.397416319140007, -2.820882813250023 ], [ 115.397445881244948, -2.82061711222002 ], [ 115.397485380572448, -2.820505977372477 ], [ 115.397655902669953, -2.820247531709981 ], [ 115.397770140997523, -2.820090168347519 ], [ 115.397771174659965, -2.820088673070018 ], [ 115.397893031522472, -2.820003811512493 ], [ 115.398021917647498, -2.819931780695015 ], [ 115.398032731142507, -2.819927871660013 ], [ 115.398227198302493, -2.819898531190006 ], [ 115.398563250814959, -2.819887502547488 ], [ 115.398598340129979, -2.819887551977502 ], [ 115.398763137852484, -2.819894963172487 ], [ 115.398814130502501, -2.819902208840006 ], [ 115.399036407035055, -2.819963836007503 ], [ 115.399420905187526, -2.820071928917514 ], [ 115.399795291324949, -2.820201172405007 ], [ 115.39988217971495, -2.820227196860003 ], [ 115.399985526797536, -2.820258147474988 ], [ 115.400361925427546, -2.82032727655502 ], [ 115.400463561487527, -2.820337456234995 ], [ 115.400591082317533, -2.82032799558749 ], [ 115.400940765117525, -2.820285879802498 ], [ 115.401003737857536, -2.820268824697507 ], [ 115.401243846920011, -2.820156244654981 ], [ 115.401490258767467, -2.820016828312475 ], [ 115.401550463592457, -2.81997506051249 ], [ 115.401791587197522, -2.819783361322493 ], [ 115.402040904020055, -2.819583316182502 ], [ 115.402068916705048, -2.819547231202478 ], [ 115.402091375347482, -2.819484935720027 ], [ 115.40215922879247, -2.819309286557484 ], [ 115.402219613457532, -2.819126442865013 ], [ 115.402219937745031, -2.819124756685028 ], [ 115.402243967092545, -2.818983743602473 ], [ 115.402277509130045, -2.818561426205008 ], [ 115.40227557370747, -2.818300899079986 ], [ 115.402277975512447, -2.818086952322517 ], [ 115.402299980400016, -2.817858077237474 ], [ 115.402344654315016, -2.817395354907489 ], [ 115.402383474807493, -2.817244000959988 ], [ 115.402536728269979, -2.816776611617513 ], [ 115.402726497947469, -2.816274435742514 ], [ 115.402818877202549, -2.816101718620018 ], [ 115.403040347939964, -2.815776403460006 ], [ 115.403192275629976, -2.815573354717515 ], [ 115.403412549815016, -2.815367016810001 ], [ 115.403857273357517, -2.815032049802483 ], [ 115.404123611402497, -2.814867195507475 ], [ 115.40456809489001, -2.81465359704498 ], [ 115.404855782914979, -2.814478774157521 ], [ 115.405108452057448, -2.814285833024996 ], [ 115.405233976937552, -2.814196125909973 ], [ 115.40560254100501, -2.813970975074994 ], [ 115.405666526280015, -2.81394919740751 ], [ 115.405986505662554, -2.813889989122515 ], [ 115.406146458754961, -2.813884351299976 ], [ 115.406472231814973, -2.813965094027481 ], [ 115.406650304840014, -2.814099483032521 ], [ 115.406826579572453, -2.814344782875025 ], [ 115.40703778114505, -2.81476476244751 ], [ 115.407078874230024, -2.814901041595022 ], [ 115.407265377342469, -2.815629579102506 ], [ 115.407351938265037, -2.816010031707492 ], [ 115.40738117754745, -2.816202979845002 ], [ 115.407425331689979, -2.816834122317516 ], [ 115.407466735232447, -2.816984835514972 ], [ 115.407677590662502, -2.817272520660026 ], [ 115.407872175474949, -2.817596260182484 ], [ 115.407991160767551, -2.817788209362504 ], [ 115.408311689467496, -2.818325316597509 ], [ 115.40835958753496, -2.818387466692513 ], [ 115.408459856295053, -2.818517168439996 ], [ 115.408602842857476, -2.818618782484975 ], [ 115.408790050610037, -2.818669464029995 ], [ 115.408914265067551, -2.818683474964985 ], [ 115.409125856920014, -2.818628737965014 ], [ 115.409222363502522, -2.818577051562499 ], [ 115.409311477682536, -2.818482434065004 ], [ 115.409494546197493, -2.818036480417504 ], [ 115.409504318452491, -2.818008519257489 ], [ 115.409723877149986, -2.817083678102506 ], [ 115.40980579094753, -2.816848846710002 ], [ 115.409949003175029, -2.816436785942528 ], [ 115.410017560550045, -2.816188082265001 ], [ 115.410082083167481, -2.815979806992516 ], [ 115.41030416316255, -2.815289732550013 ], [ 115.410372259874975, -2.815070150354984 ], [ 115.4105721870975, -2.814450282479982 ], [ 115.410651732924975, -2.814224167417478 ], [ 115.410693614184993, -2.814004102467493 ], [ 115.410606604417467, -2.813254747539986 ], [ 115.410586408077506, -2.813208412092479 ], [ 115.410443033997467, -2.812842470584997 ], [ 115.410332345327447, -2.81228848674499 ], [ 115.410326030014971, -2.812147453907528 ], [ 115.410418831762513, -2.811922021642488 ], [ 115.410438263027459, -2.811873790649997 ], [ 115.410475776822523, -2.811823555022499 ], [ 115.41052403876995, -2.811800350977478 ], [ 115.410650080655046, -2.811776862697513 ], [ 115.411025999227491, -2.811774154884972 ], [ 115.411179360447477, -2.811799912917479 ], [ 115.411201381502451, -2.811811178827497 ], [ 115.411410117862488, -2.811944182099978 ], [ 115.41213684529248, -2.812511048585009 ], [ 115.412388996952473, -2.812688067687475 ], [ 115.412869942492534, -2.812994581357486 ], [ 115.413373685994998, -2.813297477940012 ], [ 115.413860885987447, -2.813601825044998 ], [ 115.414162416140016, -2.813773864282496 ], [ 115.414318549072505, -2.813862101034999 ], [ 115.414851121350011, -2.814248209212508 ], [ 115.415025179359986, -2.814425842254991 ], [ 115.415218120029976, -2.814572532099987 ], [ 115.415515222319982, -2.814652503759987 ], [ 115.415777324015039, -2.814699326075015 ], [ 115.416252117585032, -2.814707759119983 ], [ 115.416438919205007, -2.814683232764992 ], [ 115.416551550100053, -2.814632792800012 ], [ 115.416699959267476, -2.814513205187495 ], [ 115.416885213365049, -2.814321805284976 ], [ 115.417208852607473, -2.813922111147519 ], [ 115.417333676489989, -2.813738476715002 ], [ 115.417552163719961, -2.813368831092475 ], [ 115.417683911137487, -2.813113795617483 ], [ 115.417696454640009, -2.813089515172521 ], [ 115.417759137049984, -2.812934101577525 ], [ 115.417867597587474, -2.812665186667516 ], [ 115.417901775552536, -2.812565414074982 ], [ 115.417993549694984, -2.812116655349996 ], [ 115.418041050982538, -2.811884383522511 ], [ 115.41805228459998, -2.811843648182503 ], [ 115.418149559522476, -2.811450104679977 ], [ 115.418186564644998, -2.811274558320008 ], [ 115.418187741100041, -2.811074214332507 ], [ 115.418163297585011, -2.810811359275021 ], [ 115.418137051777535, -2.810756765962481 ], [ 115.417997772882472, -2.810608163835013 ], [ 115.417979757845046, -2.810598762857524 ], [ 115.417747534724981, -2.810574088469991 ], [ 115.417453172322553, -2.810514892132517 ], [ 115.417370235452495, -2.810491491790003 ], [ 115.416702566727508, -2.810218093767503 ], [ 115.416567409189952, -2.810110879987519 ], [ 115.416306933662554, -2.80979171071499 ], [ 115.416275646960003, -2.809741001125019 ], [ 115.416116963452509, -2.809414510507509 ], [ 115.416081659059955, -2.809268424919992 ], [ 115.416097903139985, -2.808952816152498 ], [ 115.416112004907518, -2.808888071202489 ], [ 115.416196663472533, -2.80878034936751 ], [ 115.416322974232457, -2.808660008702475 ], [ 115.416377398875056, -2.808622028135005 ], [ 115.41649452080253, -2.808530091819989 ], [ 115.416497132845052, -2.80852862669002 ], [ 115.416512784797533, -2.808510879077517 ], [ 115.416681093082502, -2.808433339370026 ], [ 115.417205528445038, -2.808154769634996 ], [ 115.417283517934948, -2.808107062985016 ], [ 115.41774229365501, -2.807814659860014 ], [ 115.418142230294961, -2.8075763414775 ], [ 115.418197769894959, -2.807542536822496 ], [ 115.41867582003249, -2.807247074497525 ], [ 115.418679554012556, -2.807245325107488 ], [ 115.419057671220003, -2.807095716394997 ], [ 115.4190940085075, -2.807088009045003 ], [ 115.419573987497529, -2.807085122494982 ], [ 115.419586072840048, -2.807088433514991 ], [ 115.419829106554971, -2.80728033439749 ], [ 115.419839062982533, -2.807291031185002 ], [ 115.419917383747475, -2.807488034105006 ], [ 115.41996303396752, -2.807613847162486 ], [ 115.419985489544956, -2.807701427430004 ], [ 115.419992356117518, -2.807738525670004 ], [ 115.420017364262549, -2.808512025904975 ], [ 115.420067273952554, -2.808695461865 ], [ 115.420235931402544, -2.809149817960019 ], [ 115.420267868954966, -2.809207626779994 ], [ 115.420470667065047, -2.809504054829972 ], [ 115.420713999115037, -2.809655730122472 ], [ 115.420770613707532, -2.809661351720024 ], [ 115.420785169902501, -2.809655852160006 ], [ 115.420909446757491, -2.809581916429977 ], [ 115.421070936355022, -2.809488716702504 ], [ 115.421146637397555, -2.809410563897472 ], [ 115.421402617022522, -2.809198042040009 ], [ 115.421803993639969, -2.808921965127524 ], [ 115.421948261967486, -2.808827584217511 ], [ 115.422894057209987, -2.808224450844989 ], [ 115.423236423862477, -2.807974738492476 ], [ 115.423551888545035, -2.807683214089991 ], [ 115.423574003102544, -2.807661111505013 ], [ 115.42384506592748, -2.807343942212526 ], [ 115.423849822372517, -2.807338956554986 ], [ 115.424037593370031, -2.807156297395011 ], [ 115.424054014397484, -2.80712298468751 ], [ 115.424168653732522, -2.806989315420026 ], [ 115.424201399995013, -2.806971352932521 ], [ 115.424245027345023, -2.806964075807514 ], [ 115.424305376417465, -2.806977638950002 ], [ 115.424305562312497, -2.806977850824978 ], [ 115.4244117474625, -2.807178995615004 ], [ 115.424423263932454, -2.807211540387527 ], [ 115.424449373745006, -2.807333017757514 ], [ 115.424536556174985, -2.807516101037493 ], [ 115.42457597966245, -2.807631719872518 ], [ 115.424586654514997, -2.807674837365028 ], [ 115.424609198107532, -2.807770861935012 ], [ 115.424678967042496, -2.807988926069982 ], [ 115.424733202062498, -2.808187044157478 ], [ 115.424744700767519, -2.808216068212516 ], [ 115.42497810105499, -2.808566127564973 ], [ 115.425002258062477, -2.808599828974991 ], [ 115.42514990537245, -2.808839080362475 ], [ 115.425234962895047, -2.808975641990003 ], [ 115.425334640120013, -2.809064688075011 ], [ 115.425452069795028, -2.809126275389985 ], [ 115.425521032780011, -2.809135711824979 ], [ 115.425623715027541, -2.809131393279984 ], [ 115.425916781360002, -2.809029043184978 ], [ 115.426141725400043, -2.808904661702513 ], [ 115.426515910797548, -2.808674247887495 ], [ 115.426854237537555, -2.808421683502502 ], [ 115.427327120155041, -2.808001023345014 ], [ 115.427369568767517, -2.807959230212475 ], [ 115.428013491452475, -2.80720891525749 ], [ 115.42818096182998, -2.806935909237495 ], [ 115.428322274970014, -2.806724578307524 ], [ 115.428404504605055, -2.80647858266002 ], [ 115.428406217714951, -2.80647473959749 ], [ 115.428581033729984, -2.806177838150006 ], [ 115.428803303654945, -2.805902866527504 ], [ 115.429164003582514, -2.805528440989974 ], [ 115.429298885962453, -2.805432698415018 ], [ 115.429420293082444, -2.805343936542499 ], [ 115.42951021954002, -2.805288574835004 ], [ 115.429732977657522, -2.805215673015027 ], [ 115.429845978057529, -2.805182133174981 ], [ 115.430254698515, -2.805070122090001 ], [ 115.430377651377512, -2.805034842932514 ], [ 115.430667980902513, -2.804924280882517 ], [ 115.431094974097505, -2.80471075501498 ], [ 115.43114060349501, -2.804681242707488 ], [ 115.431467507327511, -2.804437048392515 ], [ 115.431593241415044, -2.804314456774989 ], [ 115.431784558379945, -2.804089963115018 ], [ 115.432012924989976, -2.80382663948501 ], [ 115.432134597082495, -2.803687271627496 ], [ 115.432335908674986, -2.803560263344991 ], [ 115.432483536562472, -2.803506127467472 ], [ 115.432500334055021, -2.80349519181749 ], [ 115.432524698752445, -2.803480505980019 ], [ 115.43275245792745, -2.803358476462506 ], [ 115.432815830160052, -2.803298317990027 ], [ 115.432935563325032, -2.803096512319996 ], [ 115.432990414252458, -2.802938554570005 ], [ 115.433051683452504, -2.802723028682522 ], [ 115.433052376242472, -2.802714730205025 ], [ 115.432989078367541, -2.802374207392518 ], [ 115.432962400359997, -2.80230036672998 ], [ 115.432945058197447, -2.802263708257499 ], [ 115.432736409027484, -2.801779893255002 ], [ 115.432557742749964, -2.801412212667515 ], [ 115.432278839575019, -2.800887696154973 ], [ 115.432245604254945, -2.800787321514974 ], [ 115.432197739, -2.800542392545026 ], [ 115.432170098592451, -2.800250159652478 ], [ 115.432170290005047, -2.80023337298752 ], [ 115.432161362892543, -2.799867847954999 ], [ 115.432165359914961, -2.79985020725502 ], [ 115.432267931804972, -2.799656550327484 ], [ 115.432350593055048, -2.799556629025005 ], [ 115.432602882739957, -2.799364028777518 ], [ 115.432655790409967, -2.79932866301499 ], [ 115.432909888807444, -2.799140053350015 ], [ 115.433017117057489, -2.799061215082475 ], [ 115.433130034395049, -2.798936057139997 ], [ 115.433147800220013, -2.798919205442473 ], [ 115.433295469804989, -2.798877855160015 ], [ 115.433522690422478, -2.798840153187484 ], [ 115.433801891089956, -2.798816762077479 ], [ 115.433967251934973, -2.798814725842476 ], [ 115.434139959260051, -2.79882410537499 ], [ 115.43416837690495, -2.798825408732512 ], [ 115.434333364102486, -2.798844696114998 ], [ 115.434514848250046, -2.798847000720002 ], [ 115.434681537612505, -2.798835447659997 ], [ 115.434693733762515, -2.798831211670006 ], [ 115.434966235039951, -2.798669419817486 ], [ 115.434999812085039, -2.798635162042501 ], [ 115.435094719612493, -2.798448958040012 ], [ 115.435124262857471, -2.798361104494973 ], [ 115.435131117377523, -2.798207736777499 ], [ 115.435115744137534, -2.798042067832512 ], [ 115.435082059980004, -2.797875001502518 ], [ 115.435033755269956, -2.797760714592528 ], [ 115.43490856536755, -2.797504444970002 ], [ 115.434851265904967, -2.797391390427492 ], [ 115.434787739799958, -2.797301452315025 ], [ 115.434708389852517, -2.797179452914975 ], [ 115.434664776247473, -2.797021247899977 ], [ 115.434663135289952, -2.796933417665002 ], [ 115.434676771164959, -2.79655085787499 ], [ 115.434687561817555, -2.796407338637493 ], [ 115.434727298142548, -2.796250091857473 ], [ 115.434802894537484, -2.796038550352478 ], [ 115.434848987214991, -2.795927194457477 ], [ 115.434920499295004, -2.795728591717477 ], [ 115.434957156944961, -2.795450479645012 ], [ 115.434965548770037, -2.79533343535752 ], [ 115.43498808207255, -2.795126648417522 ], [ 115.435021113269954, -2.795013460817472 ], [ 115.435068687280022, -2.794917621357513 ], [ 115.435074980047489, -2.794911092987491 ], [ 115.43521877873502, -2.794873335447505 ], [ 115.435286585777476, -2.79484055506498 ], [ 115.435466558570056, -2.794820323822478 ], [ 115.435666300522485, -2.794816845380012 ], [ 115.435724924947522, -2.794818493862522 ], [ 115.435881163125032, -2.794850130874977 ], [ 115.436022022655038, -2.794875496262478 ], [ 115.436177059937449, -2.794924971280011 ], [ 115.436213631885039, -2.794940929045026 ], [ 115.436295612272488, -2.794970912905001 ], [ 115.436405310887494, -2.795012791987517 ], [ 115.436601612350046, -2.795090475307518 ], [ 115.43668194776501, -2.795106866944991 ], [ 115.436713103325019, -2.795109390237485 ], [ 115.436801756929981, -2.795109766614985 ], [ 115.436926107387535, -2.795106397815005 ], [ 115.43704902454499, -2.795086459882498 ], [ 115.43721545158246, -2.795054681309978 ], [ 115.43728971702501, -2.795058787027472 ], [ 115.43762964461996, -2.795115131932505 ], [ 115.437678577165002, -2.795138529287499 ], [ 115.437726586510053, -2.795174479007528 ], [ 115.438064678435012, -2.795379167467502 ], [ 115.43808761964749, -2.795398787765009 ], [ 115.438600530134977, -2.796062969597472 ], [ 115.438687526499962, -2.796201939757509 ], [ 115.439268457874959, -2.797242178772478 ], [ 115.439451889904944, -2.797518235327516 ], [ 115.439951636215028, -2.798186518407476 ], [ 115.440064395275044, -2.798343956027509 ], [ 115.440301734972536, -2.798643411234991 ], [ 115.440520110142529, -2.798819533337507 ], [ 115.440714818334982, -2.798924937924994 ], [ 115.441059935222484, -2.799173343290022 ], [ 115.441316225555056, -2.799397489472483 ], [ 115.441495151649974, -2.799573974844975 ], [ 115.441518137290018, -2.799598193954978 ], [ 115.441755365427525, -2.799700759502514 ], [ 115.441777355672457, -2.799715267012516 ], [ 115.442046630712525, -2.799870237727475 ], [ 115.442128809270002, -2.799905931032526 ], [ 115.442192269042494, -2.799964999119993 ], [ 115.442277767237556, -2.800204993289981 ], [ 115.442325377317502, -2.800318089259974 ], [ 115.442389795544955, -2.80060613546749 ], [ 115.442457282057489, -2.801024556834989 ], [ 115.442462183809994, -2.801043635744975 ], [ 115.442526342172528, -2.801364965339985 ], [ 115.442616664807474, -2.801643083612475 ], [ 115.442689508212538, -2.801761356514987 ], [ 115.442875644989954, -2.801906137905007 ], [ 115.443083277889968, -2.801991581217521 ], [ 115.443174704220041, -2.802000842072516 ], [ 115.443426577665036, -2.801991452884977 ], [ 115.443533071342472, -2.801952068502487 ], [ 115.443621958380049, -2.801893448950011 ], [ 115.443934451985001, -2.801667588810005 ], [ 115.444024668310021, -2.801564700897472 ], [ 115.444088420337494, -2.801459788014995 ], [ 115.444109564115024, -2.801396783982511 ], [ 115.44414442462255, -2.801042308992521 ], [ 115.444130646727444, -2.801004026477472 ], [ 115.443975619524963, -2.800678638714999 ], [ 115.443965659374953, -2.800635777017476 ], [ 115.443878707435033, -2.800480203359996 ], [ 115.443722134149994, -2.800306816457521 ], [ 115.443707604110045, -2.800295975310007 ], [ 115.443512856274992, -2.800050424387507 ], [ 115.443487820274981, -2.799994592827488 ], [ 115.44346897375749, -2.799708655777522 ], [ 115.443469628424964, -2.799703962944989 ], [ 115.443629191462492, -2.799348374750025 ], [ 115.44367852870505, -2.799239869419978 ], [ 115.443833917169968, -2.799041252512495 ], [ 115.443900399332506, -2.798969229919976 ], [ 115.444014738922533, -2.798838638677523 ], [ 115.44410928293496, -2.798747270907484 ], [ 115.444165245977501, -2.7987110909325 ], [ 115.444348459912476, -2.798676358512523 ], [ 115.444484304547473, -2.798696991185011 ], [ 115.444737103132525, -2.79877884411502 ], [ 115.444914407787451, -2.798841828772481 ], [ 115.445309339610048, -2.798978634649984 ], [ 115.445522315897506, -2.799060682199979 ], [ 115.445940303667498, -2.799264881135002 ], [ 115.445944441415008, -2.799267259730016 ], [ 115.446166280002444, -2.799467200867525 ], [ 115.446225396767545, -2.799658067772498 ], [ 115.44624306382002, -2.799798725457492 ], [ 115.446239405064944, -2.799813025104982 ], [ 115.446230621535051, -2.799856626049973 ], [ 115.446224585347522, -2.799936669789986 ], [ 115.446213996052506, -2.799965744042481 ], [ 115.446182545094985, -2.800062947017523 ], [ 115.446141593232483, -2.800214381822514 ], [ 115.446109479867459, -2.800411530149972 ], [ 115.446103828662444, -2.800434888087523 ], [ 115.446081883432498, -2.800662487650015 ], [ 115.446066882102514, -2.800818089115012 ], [ 115.446080166754996, -2.800875129559984 ], [ 115.446076288080008, -2.800882949052493 ], [ 115.446018243972503, -2.80098166032252 ], [ 115.445857508622453, -2.801141820892497 ], [ 115.445810426012486, -2.801259317077495 ], [ 115.445775454904947, -2.801323582449982 ], [ 115.445692164840011, -2.801459365662481 ], [ 115.445636783470036, -2.801541971682525 ], [ 115.44560995135248, -2.801585598272482 ], [ 115.445555268337444, -2.801766742414998 ], [ 115.445526202627548, -2.802049236157472 ], [ 115.44553351851755, -2.802157569370024 ], [ 115.445571792919964, -2.802328036535016 ], [ 115.445601944109967, -2.802425355067498 ], [ 115.445712232884944, -2.802577225762491 ], [ 115.44573591979497, -2.802622902129997 ], [ 115.445784468167517, -2.802667964132525 ], [ 115.445850237317472, -2.802708459397479 ], [ 115.445976849439944, -2.802769084937495 ], [ 115.446043350630021, -2.802793973447478 ], [ 115.44607308493255, -2.802790769110004 ], [ 115.446267426212444, -2.802713833460018 ], [ 115.446332456139999, -2.802672454525009 ], [ 115.446457502260046, -2.802567493840002 ], [ 115.446676312320051, -2.80235799825499 ], [ 115.446766080739962, -2.80224825787252 ], [ 115.446790054137523, -2.802215842602493 ], [ 115.44693593489751, -2.802028440382514 ], [ 115.446961188894988, -2.801996139860023 ], [ 115.447059620974983, -2.801865484594998 ], [ 115.447081904587549, -2.80183289613251 ], [ 115.447129974572476, -2.801762595152525 ], [ 115.44717452380246, -2.801692634947528 ], [ 115.447282368990045, -2.801504017100001 ], [ 115.447316427485021, -2.801447005334978 ], [ 115.447376774710051, -2.801341655277497 ], [ 115.447406191060054, -2.801285529942504 ], [ 115.447582009530038, -2.801018125509984 ], [ 115.447625207742476, -2.800972089652475 ], [ 115.447724238797491, -2.800852924245021 ], [ 115.447869012564979, -2.800710184725006 ], [ 115.447941337660041, -2.800667289632486 ], [ 115.448077671749957, -2.800584330817514 ], [ 115.448101869172547, -2.800577760167528 ], [ 115.448285928697487, -2.800547432669987 ], [ 115.448536701852504, -2.800548723220004 ], [ 115.44867296892005, -2.800552900982495 ], [ 115.448829952657547, -2.800544392550023 ], [ 115.449083219149998, -2.800527826650011 ], [ 115.449165616932532, -2.800504614159991 ], [ 115.449383786942462, -2.800397524844982 ], [ 115.449621629530043, -2.800242056604986 ], [ 115.449691464045031, -2.800189635847516 ], [ 115.44997375980995, -2.799963844274998 ], [ 115.45003822912247, -2.799907457882512 ], [ 115.450073884927519, -2.799876344924996 ], [ 115.450209300979964, -2.799758185205008 ], [ 115.450371237787522, -2.799616884190016 ], [ 115.450554951115009, -2.799481062744974 ], [ 115.45061854009748, -2.799427229992489 ], [ 115.450664035347472, -2.799401664865002 ], [ 115.450800192049996, -2.799364575375023 ], [ 115.450801835499988, -2.79936440391748 ], [ 115.450831426622472, -2.799361303217495 ], [ 115.450977358839964, -2.79934832565749 ], [ 115.451051273042481, -2.799341752212513 ], [ 115.451104118655053, -2.799337133182519 ], [ 115.451359551737482, -2.799308289849989 ], [ 115.451456504867451, -2.799294499274993 ], [ 115.451539083524949, -2.799286245204996 ], [ 115.452071929052522, -2.799249535557522 ], [ 115.452151779082556, -2.799243204147501 ], [ 115.452270140545011, -2.799231774297482 ], [ 115.452290969074966, -2.799229763462506 ], [ 115.452565800447474, -2.799203224609982 ], [ 115.452735189472492, -2.799185407842515 ], [ 115.453027071107499, -2.799098477134976 ], [ 115.453050120745047, -2.799092690734994 ], [ 115.453545044592488, -2.798859086415007 ], [ 115.453600787000028, -2.798823094552517 ], [ 115.453761084414964, -2.79870057003501 ], [ 115.453851070099972, -2.798644023572479 ], [ 115.454004124, -2.798598751462521 ], [ 115.454234508790023, -2.798578647570025 ], [ 115.454608665429987, -2.798603314570016 ], [ 115.454681966567478, -2.798614380882498 ], [ 115.455025980819983, -2.798670991242489 ], [ 115.455162126595042, -2.798754912607478 ], [ 115.455272097149987, -2.798934009754987 ], [ 115.455288288505017, -2.798974439810024 ], [ 115.45529566738503, -2.799037552714992 ], [ 115.455328914179972, -2.799194836819993 ], [ 115.455344347687515, -2.799336630627522 ], [ 115.45536693945246, -2.799532116122521 ], [ 115.455368363324965, -2.799553326630019 ], [ 115.455382622095044, -2.799810542232478 ], [ 115.455449960687474, -2.799972308395013 ], [ 115.455486801442476, -2.800308160852524 ], [ 115.455521924204959, -2.800729880147514 ], [ 115.455512425420011, -2.800920067797506 ], [ 115.455504295415039, -2.801012192582505 ], [ 115.45545067322746, -2.80112335127501 ], [ 115.455434732165031, -2.801159595805018 ], [ 115.455379805090047, -2.80125757774249 ], [ 115.455234485102551, -2.801484460575011 ], [ 115.455226892657492, -2.801495806815012 ], [ 115.454934597800047, -2.801958979297524 ], [ 115.454924713370019, -2.801973957197504 ], [ 115.454805929232521, -2.802138654617522 ], [ 115.454795098492468, -2.802153038890026 ], [ 115.454717896562556, -2.802318066354985 ], [ 115.454626251067452, -2.802508322219978 ], [ 115.454553491472552, -2.802675947492503 ], [ 115.454524289212486, -2.802750003697497 ], [ 115.454461556355, -2.802903850454982 ], [ 115.45441257580751, -2.803040362205024 ], [ 115.454352978695056, -2.803209645437505 ], [ 115.454267234560007, -2.8035530232425 ], [ 115.454238554077506, -2.803759176532481 ], [ 115.454218306857456, -2.804069183702495 ], [ 115.454185119639988, -2.804448393102518 ], [ 115.454178756012539, -2.804545161424983 ], [ 115.454190309034971, -2.804693779017498 ], [ 115.454196085555054, -2.804768079675 ], [ 115.454207107862544, -2.80490988567999 ], [ 115.454234037259994, -2.805141401957485 ], [ 115.454240869402497, -2.805187158174988 ], [ 115.454347259704946, -2.80550833980999 ], [ 115.454505903992526, -2.805849711505005 ], [ 115.454585839287461, -2.805989788534987 ], [ 115.454594520437468, -2.806004195982496 ], [ 115.454624289830008, -2.806036043462484 ], [ 115.454763380220015, -2.806141644507477 ], [ 115.454882218460057, -2.806204758917488 ], [ 115.454944493507469, -2.806236115072522 ], [ 115.45495188664745, -2.80623960132499 ], [ 115.455060613070032, -2.806249050857502 ], [ 115.45533853565496, -2.806270702614995 ], [ 115.455386281582491, -2.806275291515021 ], [ 115.45560898389499, -2.806269227524979 ], [ 115.456030122447487, -2.806253523849989 ], [ 115.456586293442456, -2.806188585577502 ], [ 115.456595755979947, -2.806188094389995 ], [ 115.457074589817466, -2.80617439949998 ], [ 115.457233120539968, -2.806173779474989 ], [ 115.457317666404947, -2.806219420822515 ], [ 115.457389527652481, -2.806265830352515 ], [ 115.457416269942541, -2.806295447207503 ], [ 115.457463090707506, -2.806387618684994 ], [ 115.457500834317557, -2.806513563097496 ], [ 115.457502034640015, -2.806517985304993 ], [ 115.457497133812467, -2.806656451315007 ], [ 115.457479125744953, -2.806874457445019 ], [ 115.457469701682498, -2.807006767662472 ], [ 115.457441232829979, -2.80733416379752 ], [ 115.457323206112505, -2.807705255679991 ], [ 115.457160542592533, -2.808064160532524 ], [ 115.457140975392463, -2.808111676067483 ], [ 115.457082784187492, -2.808289522237487 ], [ 115.457013330459972, -2.80848924851 ], [ 115.456988126497549, -2.808566277354998 ], [ 115.456911906355003, -2.808794787392515 ], [ 115.456892088017526, -2.808871883970028 ], [ 115.456859428197504, -2.809128099635018 ], [ 115.456851613364961, -2.809378609980001 ], [ 115.456845901740053, -2.809561704237524 ], [ 115.456850840040033, -2.809588740024992 ], [ 115.456923778542546, -2.809812114930025 ], [ 115.457027031215034, -2.809972464907503 ], [ 115.457053724119987, -2.810011622060017 ], [ 115.457336031054979, -2.810178248329976 ], [ 115.457441999280036, -2.810220013150001 ], [ 115.457650140264946, -2.810296640019999 ], [ 115.457959889312519, -2.810381352144987 ], [ 115.458676501132459, -2.810533641317477 ], [ 115.459907718099998, -2.810825108625011 ], [ 115.459963031542543, -2.810847942540022 ], [ 115.460670090139956, -2.81119154654499 ], [ 115.460976648785049, -2.811382711465001 ], [ 115.461160241202492, -2.811494640549995 ], [ 115.461404387555035, -2.811629176212477 ], [ 115.461600813399969, -2.811729194370002 ], [ 115.461803302022531, -2.811817770150014 ], [ 115.461929048432467, -2.811878598187491 ], [ 115.46202403683003, -2.811922533210009 ], [ 115.462107426810007, -2.811972898404974 ], [ 115.462221316252453, -2.812043246539986 ], [ 115.462325585389976, -2.812136986462519 ], [ 115.462332714187482, -2.81214046240251 ], [ 115.462472902627496, -2.812204837537479 ], [ 115.462528847232534, -2.812230724522522 ], [ 115.462635946507476, -2.812217633394994 ], [ 115.462788367992516, -2.812163941187521 ], [ 115.462848018652494, -2.812120141284993 ], [ 115.46290851129254, -2.812045334807522 ], [ 115.462967951065025, -2.811941391312473 ], [ 115.463073260342526, -2.81164530533249 ], [ 115.463237003719996, -2.811187496092487 ], [ 115.463265466067469, -2.811111191120006 ], [ 115.463420615010023, -2.810742893522502 ], [ 115.463590640540019, -2.810406049182518 ], [ 115.463598718349999, -2.810393617352474 ], [ 115.464013020809944, -2.809973290214998 ], [ 115.464417919712446, -2.809604405267521 ], [ 115.464519270580013, -2.809544508874978 ], [ 115.464671324792448, -2.809458415227482 ], [ 115.464741682794966, -2.809407812912525 ], [ 115.464781048160035, -2.809382861400024 ], [ 115.464982264035029, -2.809293326325019 ], [ 115.465039378060055, -2.809267453157474 ], [ 115.465071059832553, -2.809276777595016 ], [ 115.465201879042525, -2.809199961909997 ], [ 115.465360778632544, -2.809097406509977 ], [ 115.465369049317474, -2.809089470602487 ], [ 115.465415418762518, -2.809029183150017 ], [ 115.465518057314966, -2.808895741957485 ], [ 115.465526341652549, -2.808879413377497 ], [ 115.465553588672492, -2.808734173537516 ], [ 115.465568359892472, -2.808623275697528 ], [ 115.465591254172523, -2.808569289739978 ], [ 115.46565878692752, -2.808389881139988 ], [ 115.465667095849994, -2.808365045947482 ], [ 115.465779048087484, -2.808263112167481 ], [ 115.465813457180047, -2.808240525342512 ], [ 115.465845277915037, -2.80824191938251 ], [ 115.465977379965011, -2.808290924114999 ], [ 115.46599678491998, -2.808311021630004 ], [ 115.466190969509967, -2.808593939649995 ], [ 115.466241976057518, -2.808713083672501 ], [ 115.466347947679992, -2.809002961247472 ], [ 115.466350802922534, -2.809017080652495 ], [ 115.466361733254985, -2.809347518409993 ], [ 115.466360698762514, -2.809601245829981 ], [ 115.466316672857488, -2.810092453185007 ], [ 115.466295403689969, -2.810209906507509 ], [ 115.466208606154964, -2.810478698989982 ], [ 115.46608361106496, -2.810734192677501 ], [ 115.466070548685025, -2.810781027985001 ], [ 115.466053496592508, -2.810976503594986 ], [ 115.466071977707543, -2.811137195559979 ], [ 115.466130054257519, -2.811298613582494 ], [ 115.466377946329999, -2.811719403894983 ], [ 115.466448923132475, -2.811799778962495 ], [ 115.466830475537449, -2.812134001732488 ], [ 115.466964980230046, -2.812258909394984 ], [ 115.467288394462457, -2.81254790578248 ], [ 115.467401331374958, -2.812621515372484 ], [ 115.467536969657544, -2.812717349447496 ], [ 115.467561610860002, -2.81272527545002 ], [ 115.467714698739996, -2.812666980969993 ], [ 115.467955019635042, -2.812547973517496 ], [ 115.468002295295037, -2.812514996890002 ], [ 115.46808409933999, -2.812459807987523 ], [ 115.468358698905035, -2.812320369437487 ], [ 115.468389040220018, -2.812316252002518 ], [ 115.46857437624999, -2.81231513355749 ], [ 115.468595780562509, -2.812316055322526 ], [ 115.468796823304956, -2.812388056355019 ], [ 115.468897505892528, -2.812455277380025 ], [ 115.469173361862545, -2.812689036025006 ], [ 115.46923854720751, -2.812778633582525 ], [ 115.469411073557467, -2.813238322657526 ], [ 115.469431166112486, -2.813309901467505 ], [ 115.469551322627467, -2.81387274363999 ], [ 115.469626799805042, -2.814161233840025 ], [ 115.469722340239969, -2.814412079215003 ], [ 115.46989969274, -2.814676898557479 ], [ 115.470190965255028, -2.814992274137524 ], [ 115.470354454637459, -2.815149777917497 ], [ 115.470632798924953, -2.815400343495014 ], [ 115.471095554027556, -2.815779212462473 ], [ 115.471367810369998, -2.81596770374 ], [ 115.471770589609946, -2.816178496485009 ], [ 115.471938046469973, -2.816225857454981 ], [ 115.472116542777485, -2.816235436807517 ], [ 115.472390296344997, -2.816186340187528 ], [ 115.472445936022496, -2.816163019705016 ], [ 115.472595409395012, -2.816057344504998 ], [ 115.472751682090006, -2.815911908692499 ], [ 115.472862162632509, -2.815808023404998 ], [ 115.472936412625018, -2.815719671177476 ], [ 115.473245626295011, -2.815236758162484 ], [ 115.473249881552533, -2.815225675969998 ], [ 115.473299065469973, -2.814819253710027 ], [ 115.473266959062471, -2.814516783310012 ], [ 115.473240344240025, -2.814459200287502 ], [ 115.473163041315047, -2.814278364827487 ], [ 115.47303920957745, -2.814099128602493 ], [ 115.472975310940001, -2.814036446422506 ], [ 115.472893133827483, -2.813976696632494 ], [ 115.472673595054971, -2.81373000281252 ], [ 115.472465015904959, -2.813598032299979 ], [ 115.472401316629998, -2.813566033532481 ], [ 115.472385531405052, -2.813555132975011 ], [ 115.472307603115041, -2.813512781042505 ], [ 115.472006065502455, -2.813334932470013 ], [ 115.471882384027481, -2.813244962190026 ], [ 115.471679720174961, -2.813065704499991 ], [ 115.471594588302537, -2.812910172597526 ], [ 115.471585906957444, -2.812869452899974 ], [ 115.471615250962486, -2.812748521629999 ], [ 115.471633724135017, -2.812729362092512 ], [ 115.471775973505032, -2.812618915687494 ], [ 115.471863284347478, -2.812581993247477 ], [ 115.472117484409978, -2.812552796855016 ], [ 115.472458558962444, -2.812521346114977 ], [ 115.472725602277478, -2.812494734027496 ], [ 115.473183044420011, -2.81243837464001 ], [ 115.473610658162556, -2.81237971576752 ], [ 115.473698632612468, -2.8123588333425 ], [ 115.474095474715, -2.812250612232503 ], [ 115.474197818732478, -2.812215005307507 ], [ 115.474424975982515, -2.812115008942499 ], [ 115.474879568447477, -2.811847774194973 ], [ 115.475318771582465, -2.811506356377492 ], [ 115.475422253637475, -2.811427554467514 ], [ 115.475546671405027, -2.811314371644983 ], [ 115.475817526732499, -2.811094256107481 ], [ 115.475842092, -2.811073464790013 ], [ 115.475955313885038, -2.810937170907494 ], [ 115.475967204175049, -2.810916523030016 ], [ 115.476010137285016, -2.810834296244991 ], [ 115.476012293792451, -2.810782559890015 ], [ 115.476004657657541, -2.810736086892518 ], [ 115.475946826705012, -2.810621195242504 ], [ 115.475834765162517, -2.810486442615002 ], [ 115.475225307002461, -2.809966263427498 ], [ 115.475164164639978, -2.809904584389983 ], [ 115.474977812740008, -2.80968898143999 ], [ 115.474397867227481, -2.809253536922483 ], [ 115.474292796502482, -2.809120746967494 ], [ 115.474189167017471, -2.808989777632519 ], [ 115.474152579209999, -2.808943310077495 ], [ 115.474027380532448, -2.808684880532496 ], [ 115.47396552905002, -2.808525896555011 ], [ 115.47394342433995, -2.808391760357495 ], [ 115.473963500585, -2.807639131434996 ], [ 115.473973321302537, -2.807267042884973 ], [ 115.474004165979977, -2.806892937087525 ], [ 115.474032287897444, -2.806731769505006 ], [ 115.47418103315249, -2.805834575464985 ], [ 115.474266107617495, -2.805368105877506 ], [ 115.474299515237476, -2.805242354687493 ], [ 115.474317012889969, -2.805204722512485 ], [ 115.474395134177485, -2.805045263675026 ], [ 115.474586252830022, -2.804702034660011 ], [ 115.474878112445026, -2.804306010879998 ], [ 115.47494808016495, -2.804216059790008 ], [ 115.475185410419954, -2.803951003072484 ], [ 115.475326496882531, -2.803793428945028 ], [ 115.475486398432508, -2.80362123192748 ], [ 115.47567352405747, -2.803459905972488 ], [ 115.475985484210014, -2.803231367222509 ], [ 115.476085769027463, -2.803165493400002 ], [ 115.476275844032443, -2.803118648697478 ], [ 115.47665999130254, -2.803129106635026 ], [ 115.476907462447457, -2.803179499037526 ], [ 115.477248406347485, -2.803303721342502 ], [ 115.477835146640018, -2.803497387344976 ], [ 115.478319692869945, -2.803647006077483 ], [ 115.478389521574968, -2.803676997345008 ], [ 115.478814854887446, -2.803912478259974 ], [ 115.47925626566996, -2.804180703664997 ], [ 115.479511888069965, -2.804403077995005 ], [ 115.479741079304972, -2.804693532887484 ], [ 115.47986085720504, -2.804923226337507 ], [ 115.480025041567501, -2.805336890147487 ], [ 115.480065066392513, -2.805462742252473 ], [ 115.480069893509949, -2.805483722279973 ], [ 115.480086991852545, -2.805652782462516 ], [ 115.480097101192541, -2.805796410195001 ], [ 115.48011117466001, -2.805950908452473 ], [ 115.480114334287464, -2.806372869622521 ], [ 115.480113565302531, -2.806395126577513 ], [ 115.480092561522497, -2.806531108645004 ], [ 115.48006977330499, -2.806713692535027 ], [ 115.480047554607495, -2.806850876752492 ], [ 115.480039196439975, -2.806968319949988 ], [ 115.480021341627548, -2.807126480872512 ], [ 115.480007554014946, -2.807276296869986 ], [ 115.480002218417553, -2.807375249225004 ], [ 115.480010590397455, -2.80745729744001 ], [ 115.480040801445057, -2.80766737531502 ], [ 115.480076509737501, -2.807837843547475 ], [ 115.480130991797523, -2.808027136797477 ], [ 115.480167434894952, -2.808098132972475 ], [ 115.480383031315, -2.80844940970502 ], [ 115.480472600082521, -2.808606803944997 ], [ 115.480565482042493, -2.808751235367481 ], [ 115.480595008282535, -2.808786948557497 ], [ 115.48071752596752, -2.808890768154981 ], [ 115.481320285084962, -2.809363746512474 ], [ 115.481436110587538, -2.809434576017509 ], [ 115.481784636642487, -2.80953444835751 ], [ 115.482097311264965, -2.809562023775015 ], [ 115.482208317479945, -2.809578020017511 ], [ 115.482344383384998, -2.809583816690008 ], [ 115.482718242537544, -2.809545533552523 ], [ 115.483220235504973, -2.809450393789973 ], [ 115.483383533445021, -2.809429132999981 ], [ 115.484022792277528, -2.80939279283001 ], [ 115.484251035657508, -2.809377100847485 ], [ 115.484828471227502, -2.8093421456025 ], [ 115.484879295497535, -2.809344961207501 ], [ 115.485413702425035, -2.809482264440021 ], [ 115.485428812384953, -2.809488956739983 ], [ 115.485816549287506, -2.809736866799994 ], [ 115.486005035584981, -2.809892592917492 ], [ 115.48611198357753, -2.810092370702478 ], [ 115.48612012686749, -2.810195125800021 ], [ 115.486085256322554, -2.810328709880025 ], [ 115.485825367794973, -2.810762333365005 ], [ 115.485727112284962, -2.810881873669985 ], [ 115.485302849857476, -2.811426333879979 ], [ 115.485266989812544, -2.811469915022485 ], [ 115.485242749602548, -2.811562977979975 ], [ 115.485222327097517, -2.812105309344986 ], [ 115.485192279704961, -2.812471203725011 ], [ 115.485197929452511, -2.812898826065009 ], [ 115.485269908482451, -2.813223016364987 ], [ 115.485221829189982, -2.813604767427478 ], [ 115.485171121992494, -2.814133228334981 ], [ 115.485157751794986, -2.814696042485025 ], [ 115.485087516617455, -2.815182677710027 ], [ 115.485064797584982, -2.815234295187508 ], [ 115.484712108677513, -2.815627081522507 ], [ 115.484653728860053, -2.815685515815005 ], [ 115.484283521412522, -2.815983600857521 ], [ 115.484271020662504, -2.816001266290016 ], [ 115.484154828987471, -2.816186614297521 ], [ 115.484102909915009, -2.816454300779981 ], [ 115.484132505127491, -2.816574563952486 ], [ 115.484361957265037, -2.816914107832474 ], [ 115.484447833759987, -2.816992838939996 ], [ 115.484794821664991, -2.817240924264979 ], [ 115.484803255942552, -2.817243528184974 ], [ 115.485186567225014, -2.81724375156 ], [ 115.485459432070002, -2.817222917315007 ], [ 115.48603386239995, -2.817065418890024 ], [ 115.48615222489002, -2.817038445305002 ], [ 115.486505295109964, -2.816885638842507 ], [ 115.486575195327532, -2.816837403850002 ], [ 115.486701632037466, -2.81672617569501 ], [ 115.486744115502461, -2.816629873469992 ], [ 115.486769719115046, -2.815820783254992 ], [ 115.486760168047454, -2.815371889630001 ], [ 115.48680635635003, -2.815242703037484 ], [ 115.48709026121503, -2.814857437290016 ], [ 115.487144272097453, -2.814788034030016 ], [ 115.487427205697486, -2.814512678674987 ], [ 115.48757608776998, -2.814411704574979 ], [ 115.487697220517475, -2.814362220299984 ], [ 115.488160601320033, -2.814251400144997 ], [ 115.488243220472555, -2.814234419270008 ], [ 115.488590587742465, -2.814217388960003 ], [ 115.489125843179977, -2.814254307050021 ], [ 115.489439483249953, -2.814319822772518 ], [ 115.489617330567512, -2.814378307255026 ], [ 115.490352757504979, -2.814585121840025 ], [ 115.490782015364971, -2.814707397430027 ], [ 115.491377759090028, -2.81497850056752 ], [ 115.491441140177471, -2.815025895530027 ], [ 115.492236213269962, -2.815799831182517 ], [ 115.492382718544945, -2.815958141672525 ], [ 115.492625254127461, -2.816197959064993 ], [ 115.492802095090042, -2.816311422925025 ], [ 115.49309721987504, -2.816423575399995 ], [ 115.49318052453998, -2.816417905482524 ], [ 115.493564684159992, -2.816267065750026 ], [ 115.493651949797481, -2.816200635462508 ], [ 115.493987786874982, -2.815806764857484 ], [ 115.494247661079953, -2.815497126765024 ], [ 115.494899887620022, -2.814676177900026 ], [ 115.495156408027469, -2.814437459592511 ], [ 115.495295755037546, -2.814332222912526 ], [ 115.495741840240044, -2.813904501482511 ], [ 115.495742171687539, -2.813904149197526 ], [ 115.496058062557495, -2.813434205149974 ], [ 115.496200995512481, -2.813146422112482 ], [ 115.496275492464974, -2.812912795219972 ], [ 115.496369849494954, -2.812499751640019 ], [ 115.496379450832478, -2.812386149152474 ], [ 115.496327844179973, -2.811816884457528 ], [ 115.496327369782534, -2.811815785905026 ], [ 115.496057894652495, -2.811619957815026 ], [ 115.496009158545007, -2.811607276552479 ], [ 115.495272025390022, -2.811543304257498 ], [ 115.495157582942511, -2.811516979115027 ], [ 115.494502672420026, -2.811324618054982 ], [ 115.494334015740037, -2.811238439255021 ], [ 115.493669880110019, -2.810707405689982 ], [ 115.493592087815045, -2.810649794264975 ], [ 115.49313408008004, -2.810258767094979 ], [ 115.492863537267453, -2.809904708755028 ], [ 115.492520582592533, -2.809464508684982 ], [ 115.492175713967526, -2.808994294700028 ], [ 115.492170414139991, -2.808986854597492 ], [ 115.491950401882491, -2.808602153134984 ], [ 115.491909013264944, -2.808460664639995 ], [ 115.491905295252536, -2.808280978120024 ], [ 115.491910486232541, -2.80826669449749 ], [ 115.492183110377482, -2.807830672607508 ], [ 115.492245315077525, -2.807759334029981 ], [ 115.492474463949975, -2.807492298917509 ], [ 115.49258978194996, -2.807375447590005 ], [ 115.492802894677538, -2.807221368695025 ], [ 115.492843963102473, -2.807193836925023 ], [ 115.492981851969944, -2.807158722427516 ], [ 115.493277807854952, -2.807208379129975 ], [ 115.493330803557456, -2.80722939630499 ], [ 115.49418086766002, -2.807703402412528 ], [ 115.494466394624965, -2.807848821017501 ], [ 115.494688910227524, -2.807951089747519 ], [ 115.49499480908753, -2.808092001822502 ], [ 115.495126309017451, -2.808145761144999 ], [ 115.495289556179955, -2.808199691774973 ], [ 115.495468636819965, -2.808248188460027 ], [ 115.495669611787548, -2.808259982264985 ], [ 115.495800970439973, -2.808201387185022 ], [ 115.496004198032551, -2.808036385929995 ], [ 115.496049546817517, -2.807956184747525 ], [ 115.496059789000014, -2.807725310782473 ], [ 115.496018813842511, -2.807357123774977 ], [ 115.495995244500023, -2.807071264859985 ], [ 115.495977043490029, -2.806756860165024 ], [ 115.495927371952462, -2.806332808169998 ], [ 115.495901165920031, -2.806263915295006 ], [ 115.495618236682503, -2.805677230660024 ], [ 115.495561629505005, -2.805569135389987 ], [ 115.49543972973504, -2.805154926732484 ], [ 115.495409097287506, -2.804973711079981 ], [ 115.495405515502512, -2.80490845872248 ], [ 115.495452983072482, -2.804675618819999 ], [ 115.495522948329949, -2.804546800082505 ], [ 115.495639309237504, -2.80443897987999 ], [ 115.495966446632451, -2.804220357470001 ], [ 115.49603175627999, -2.804188033650007 ], [ 115.49649005308504, -2.803978958997504 ], [ 115.496666766012481, -2.803867546482479 ], [ 115.496776457235001, -2.80376484177998 ], [ 115.496918915707511, -2.803563506840021 ], [ 115.496998528232552, -2.803471191882522 ], [ 115.497171930772538, -2.803265609047514 ], [ 115.497208060572461, -2.80325611064751 ], [ 115.497472145267466, -2.803300513589988 ], [ 115.497666917972538, -2.803375801819982 ], [ 115.49777431087, -2.803425534807502 ], [ 115.498106631127484, -2.803520147394977 ], [ 115.498211046857477, -2.803529042032494 ], [ 115.498604909525056, -2.803498597680004 ], [ 115.49862333519502, -2.803495896480001 ], [ 115.498765385367506, -2.803431211595012 ], [ 115.498847244532499, -2.803379162242493 ], [ 115.498877866192515, -2.803362620462508 ], [ 115.498997513210043, -2.803264070397518 ], [ 115.499011771119967, -2.803248490607473 ], [ 115.499094476182449, -2.803118451497483 ], [ 115.499124787844949, -2.803078371427489 ], [ 115.49934465532499, -2.802741836692519 ], [ 115.499384368405003, -2.802675905622493 ], [ 115.499394426150047, -2.802658751279978 ], [ 115.499623493292461, -2.802307040682479 ], [ 115.499651758902473, -2.802272446740005 ], [ 115.499684872355033, -2.802237229574985 ], [ 115.499779853829978, -2.802157883232496 ], [ 115.49989346659504, -2.802073261082512 ], [ 115.499919240155009, -2.802044085789987 ], [ 115.50002980729505, -2.801904450525001 ], [ 115.500089496155056, -2.80179021854002 ], [ 115.50018725568998, -2.801592328877518 ], [ 115.500243155642465, -2.801473501259977 ], [ 115.500282822052554, -2.801395385985018 ], [ 115.500313570749995, -2.80133691906002 ], [ 115.500315101637511, -2.801334052275024 ], [ 115.500347817742522, -2.801248450474986 ], [ 115.500385434857549, -2.801168501142513 ], [ 115.500407898852472, -2.800982785432495 ], [ 115.500414930520037, -2.800922775832476 ], [ 115.500415221079948, -2.800911431422492 ], [ 115.500413792919971, -2.800908492097506 ], [ 115.500410714564964, -2.800906052589994 ], [ 115.500360239647534, -2.800869682364976 ], [ 115.500332072882543, -2.800845017534982 ], [ 115.500303692412444, -2.800812296040021 ], [ 115.500294343482551, -2.800801862622507 ], [ 115.500181554170013, -2.800695391845011 ], [ 115.500048123602483, -2.800581286707484 ], [ 115.500014130180034, -2.800543305245014 ], [ 115.500003768757551, -2.800532663417528 ], [ 115.499987400902455, -2.800518502985028 ], [ 115.499982056785029, -2.800514721147522 ], [ 115.499971544027517, -2.800507794397504 ], [ 115.499954442227477, -2.800497880077501 ], [ 115.499873639129987, -2.800437658005023 ], [ 115.499734814114959, -2.800337464624988 ], [ 115.499672764357456, -2.80029268306248 ], [ 115.499249514212465, -2.799955261627474 ], [ 115.499134669572527, -2.799844795277522 ], [ 115.498767596777498, -2.799468292897473 ], [ 115.498704241475025, -2.799391451429983 ], [ 115.498601416682504, -2.799201355605021 ], [ 115.498521152457556, -2.799011880299986 ], [ 115.498520699672554, -2.7990100528325 ], [ 115.498464918900027, -2.798670054740001 ], [ 115.498446418147523, -2.798500739299982 ], [ 115.498429103527542, -2.798178936572526 ], [ 115.498432450974974, -2.798139543474974 ], [ 115.498528828002463, -2.797787289412497 ], [ 115.498561032667453, -2.797647590422514 ], [ 115.498582870329983, -2.797467008322485 ], [ 115.498585144350045, -2.797364995997498 ], [ 115.498566140417552, -2.797323888347478 ], [ 115.498450728034982, -2.79721517318751 ], [ 115.498265928487513, -2.797056081504991 ], [ 115.498152012517494, -2.796975167664982 ], [ 115.498048925255034, -2.796910860750017 ], [ 115.497564905997478, -2.796642504465012 ], [ 115.497338521450047, -2.79652662744752 ], [ 115.497026820814995, -2.796412105724983 ], [ 115.496664906454953, -2.796312827142515 ], [ 115.496218404132492, -2.796201179542493 ], [ 115.496113012199999, -2.796178281945004 ], [ 115.495817961089983, -2.796135189957511 ], [ 115.49552925771502, -2.796053659252493 ], [ 115.495426299350015, -2.796011971364976 ], [ 115.495271198809974, -2.795892377542486 ], [ 115.494990757002483, -2.795577821412508 ], [ 115.494928537115015, -2.795489757877476 ], [ 115.494603118582518, -2.795002425702478 ], [ 115.494466477784954, -2.794773687740019 ], [ 115.49444787581001, -2.794717257442528 ], [ 115.494440241692473, -2.794671921044994 ], [ 115.494407978792538, -2.794480329127509 ], [ 115.494408418530043, -2.794468393465024 ], [ 115.494421985072449, -2.794396720312477 ], [ 115.494453813900009, -2.794302193064993 ], [ 115.494457733962463, -2.794293439032515 ], [ 115.494519953082545, -2.794182995562494 ], [ 115.494555030879951, -2.794134852677473 ], [ 115.494628239692474, -2.794058589654981 ], [ 115.494728540729966, -2.793938061442475 ], [ 115.494822316494947, -2.793830176417487 ], [ 115.494966464599997, -2.793691213325019 ], [ 115.495197763912529, -2.793450160092505 ], [ 115.495309464580032, -2.793334243494996 ], [ 115.495585995599981, -2.79305948174499 ], [ 115.495718570825034, -2.792913283762516 ], [ 115.495927481857507, -2.792651309829978 ], [ 115.495936169390006, -2.7926393078925 ], [ 115.496061524705055, -2.792447953010026 ], [ 115.496101561757541, -2.79238995032 ], [ 115.496216590372455, -2.792221488692519 ], [ 115.496232362802516, -2.792188165642472 ], [ 115.496242220449972, -2.792162040322523 ], [ 115.496293264607516, -2.792058802040003 ], [ 115.49630359168998, -2.792036263260002 ], [ 115.496356370905005, -2.791894057607522 ], [ 115.496401475829998, -2.791757805679993 ], [ 115.49647210943499, -2.791457872482511 ], [ 115.496488861784997, -2.791388092597515 ], [ 115.496546062085031, -2.791182515109995 ], [ 115.496584141077506, -2.791034576532525 ], [ 115.49659872025245, -2.790984015917502 ], [ 115.496661417644987, -2.790842936264994 ], [ 115.496671515382445, -2.79082673790748 ], [ 115.49674062519, -2.790741227257513 ], [ 115.496786423002504, -2.790704402942481 ], [ 115.496858815522501, -2.790662208107506 ], [ 115.496892976087452, -2.790650546369989 ], [ 115.497014535950029, -2.790642798987506 ], [ 115.497057565039995, -2.790650803917515 ], [ 115.497186248622484, -2.790693114149974 ], [ 115.497218994302443, -2.790716928310019 ], [ 115.497314824389946, -2.790806153592484 ], [ 115.497393760265027, -2.790916174612505 ], [ 115.497426793609975, -2.790950029769988 ], [ 115.497456999437532, -2.790983669667526 ], [ 115.497531150512486, -2.791041905037503 ], [ 115.497578655842517, -2.791079120532515 ], [ 115.497606116382485, -2.791097379422524 ], [ 115.49764778684505, -2.791115711727514 ], [ 115.497688988134996, -2.791131665767523 ], [ 115.497833811655028, -2.791190541757487 ], [ 115.497984042300004, -2.791286438087525 ], [ 115.498026067507453, -2.791308033912514 ], [ 115.49820552280255, -2.791408513260023 ], [ 115.498217835397554, -2.791418148249988 ], [ 115.498475370567462, -2.791610892362485 ], [ 115.498477663952485, -2.791611011070017 ], [ 115.498717985489975, -2.791602943909993 ], [ 115.498778840237492, -2.791597599242493 ], [ 115.498959906472464, -2.791614528625018 ], [ 115.499209791017506, -2.791622561084978 ], [ 115.499403939607532, -2.791625191460014 ], [ 115.49942399393251, -2.791624624805024 ], [ 115.499629858382491, -2.791613146174996 ], [ 115.499814610780049, -2.791593025122495 ], [ 115.499957009212494, -2.791589204877482 ], [ 115.49999263038751, -2.791596774255027 ], [ 115.500046156235044, -2.791612312642485 ], [ 115.500059260549961, -2.791616117072522 ], [ 115.500167573382555, -2.791657724477489 ], [ 115.500261389267507, -2.791696497892474 ], [ 115.500266206792503, -2.791694215035022 ], [ 115.500365621879951, -2.79165475965749 ], [ 115.500404885544981, -2.791678801902492 ], [ 115.500564569135008, -2.791791373727506 ], [ 115.500660452889974, -2.791853517647496 ], [ 115.500683742850015, -2.791866838559997 ], [ 115.50090199542251, -2.791983646589983 ], [ 115.500957558007485, -2.792010231187476 ], [ 115.501109769242476, -2.792092320567519 ], [ 115.501132495910042, -2.792099464607475 ], [ 115.50125935411495, -2.792136141424976 ], [ 115.501292656359965, -2.792139652474987 ], [ 115.501336130374966, -2.792138080269979 ], [ 115.50142694293254, -2.792073443427512 ], [ 115.501472963754964, -2.79203383994502 ], [ 115.50150178420995, -2.792016014072487 ], [ 115.501662681107518, -2.791918664412492 ], [ 115.501762404565056, -2.791853079372515 ], [ 115.50178792409497, -2.791828170522479 ], [ 115.501789496040033, -2.7918269515975 ], [ 115.501820365994945, -2.791800122322513 ], [ 115.501822390859957, -2.791797081610014 ] ], [ [ 115.288450944872466, -2.792747433122486 ], [ 115.288464375817512, -2.792757790802511 ], [ 115.288510737062552, -2.792797768382513 ], [ 115.288571135582515, -2.792849848937522 ], [ 115.288644457500027, -2.792929907727512 ], [ 115.288836236034967, -2.793202617740008 ], [ 115.288850234849974, -2.793226378967518 ], [ 115.289054766347476, -2.793638008115011 ], [ 115.289091788422525, -2.793731145207516 ], [ 115.289216866740048, -2.794082928704995 ], [ 115.289232250369992, -2.794127304710003 ], [ 115.289307937802505, -2.794460653094973 ], [ 115.289312047357498, -2.794478324724992 ], [ 115.289340159109997, -2.794640820799998 ], [ 115.28934971626245, -2.79478557888001 ], [ 115.28934769861246, -2.794887103240001 ], [ 115.289345929645037, -2.794908199007523 ], [ 115.289317451865031, -2.795075441212475 ], [ 115.289312619517545, -2.795088627957512 ], [ 115.289235620062527, -2.795253842172485 ], [ 115.289226672212521, -2.795272089712512 ], [ 115.289130009732503, -2.795424197037505 ], [ 115.289071257542446, -2.795492095772488 ], [ 115.289061503269977, -2.795501454610019 ], [ 115.288897291540025, -2.795639313262484 ], [ 115.288656366379996, -2.795816883259988 ], [ 115.288597896622491, -2.795861764165011 ], [ 115.288497711342529, -2.795928839787507 ], [ 115.28837797296751, -2.796006264539983 ], [ 115.288275912332551, -2.796054262867472 ], [ 115.288171658742499, -2.79610127589001 ], [ 115.288122931307498, -2.796118979480013 ], [ 115.288060370205017, -2.796133013009978 ], [ 115.287810960092543, -2.796170121732473 ], [ 115.28772415688502, -2.796182018090008 ], [ 115.287715144234994, -2.79618415621502 ], [ 115.287557603504979, -2.796234033627513 ], [ 115.287487589297484, -2.796260060834982 ], [ 115.287419221250047, -2.796295128979978 ], [ 115.28731007165004, -2.796370042460012 ], [ 115.287298652374943, -2.796381479634988 ], [ 115.287190289565046, -2.796525895492493 ], [ 115.287183850089946, -2.796538448647482 ], [ 115.287099249187463, -2.796720275157497 ], [ 115.287059399534996, -2.796824426950025 ], [ 115.287020645702455, -2.796923320007522 ], [ 115.286957971712468, -2.797165682957484 ], [ 115.286948359747498, -2.797191607022512 ], [ 115.286940924430041, -2.797212397827479 ], [ 115.286889744569976, -2.797363849799979 ], [ 115.286851042627518, -2.797478377427524 ], [ 115.286837367259977, -2.797521776634994 ], [ 115.286778916909952, -2.797698761802508 ], [ 115.286765646430013, -2.797733974024993 ], [ 115.286718331509974, -2.797828671155003 ], [ 115.286706896427518, -2.797849738225011 ], [ 115.286639085067463, -2.797963998817522 ], [ 115.286606592125054, -2.798024616372516 ], [ 115.286553608732447, -2.798122349047503 ], [ 115.286475598275047, -2.798263012077484 ], [ 115.28646589589755, -2.79828243042499 ], [ 115.286400104275003, -2.798414103607513 ], [ 115.286377030427502, -2.798444748242503 ], [ 115.286204718032536, -2.798680155027512 ], [ 115.286195014709961, -2.798698979239987 ], [ 115.286151438327465, -2.798857352034986 ], [ 115.286152633627466, -2.798921045744976 ], [ 115.286179484440026, -2.799169718212511 ], [ 115.286203615917543, -2.799276476940008 ], [ 115.286291048539965, -2.799456650574996 ], [ 115.286364379287534, -2.799531180752524 ], [ 115.286512649772476, -2.799633792077486 ], [ 115.286593891102484, -2.799674918022504 ], [ 115.286888397370035, -2.799781465380022 ], [ 115.287004829302532, -2.799803166094989 ], [ 115.287173273807525, -2.799811109142524 ], [ 115.28743059626504, -2.799821001244993 ], [ 115.287554025002464, -2.799803140712527 ], [ 115.287628764127476, -2.799780532509999 ], [ 115.287788417474985, -2.799732236495004 ], [ 115.287792772494981, -2.799730708282482 ], [ 115.288024090202498, -2.799629397652495 ], [ 115.288182541057495, -2.799561942995012 ], [ 115.288211051657527, -2.799549724272481 ], [ 115.288352772867484, -2.799498469162472 ], [ 115.288435707625013, -2.799487659630017 ], [ 115.288739087410022, -2.799472587822493 ], [ 115.28873921691752, -2.799472587110017 ], [ 115.28898310531747, -2.799497890192526 ], [ 115.289128932747531, -2.799547178972489 ], [ 115.289138174722552, -2.799553127487513 ], [ 115.289270043752481, -2.799658670725023 ], [ 115.289313258132552, -2.799743452184998 ], [ 115.289316015987538, -2.799805730337482 ], [ 115.289302541199959, -2.799950141755005 ], [ 115.289285749694955, -2.800018274640024 ], [ 115.289266823302455, -2.800060891215026 ], [ 115.289249394110016, -2.800113561344972 ], [ 115.289227437704994, -2.800212667254982 ], [ 115.289202541144959, -2.800373265250016 ], [ 115.289152674825004, -2.800462915475009 ], [ 115.289080261390041, -2.800539378575024 ], [ 115.288960419877526, -2.80060996189502 ], [ 115.288721422652543, -2.800778017192499 ], [ 115.288598348877485, -2.800902485970028 ], [ 115.288499868072449, -2.801011105802502 ], [ 115.28849078485996, -2.801029599977483 ], [ 115.288434432305053, -2.801175669242525 ], [ 115.288391453737518, -2.801306317125011 ], [ 115.288308158537461, -2.801610373230005 ], [ 115.288290168035019, -2.801693393672508 ], [ 115.28824335359252, -2.802143529617524 ], [ 115.288251108839972, -2.802238073454987 ], [ 115.288369286255033, -2.802444545304979 ], [ 115.288468173517458, -2.802582453342495 ], [ 115.288516720852499, -2.802652411182521 ], [ 115.288659127554979, -2.80286874574 ], [ 115.288681930807456, -2.802971190012499 ], [ 115.288675195345036, -2.803124264542475 ], [ 115.288658845932446, -2.803272367544992 ], [ 115.288648881992458, -2.803301541167514 ], [ 115.288499207767472, -2.803541842022526 ], [ 115.28840754595501, -2.803697101314981 ], [ 115.288360627249972, -2.803778774312491 ], [ 115.288234524295035, -2.803994567770019 ], [ 115.288140182944971, -2.804161786110001 ], [ 115.288096558275015, -2.80427266844498 ], [ 115.288013814847545, -2.804559191579983 ], [ 115.288004198562476, -2.804604682972524 ], [ 115.287980532487495, -2.805094267829986 ], [ 115.287973188657475, -2.805246203777472 ], [ 115.287974493865022, -2.805498235495008 ], [ 115.287996036202458, -2.805631501152504 ], [ 115.28802826797255, -2.805823598532527 ], [ 115.288117999792462, -2.806179754529978 ], [ 115.28814294275503, -2.806267135340022 ], [ 115.288325815587541, -2.806706444524991 ], [ 115.288354325032515, -2.806766237529985 ], [ 115.288543123334989, -2.807114347269987 ], [ 115.288614688804955, -2.807243448094994 ], [ 115.288674777660049, -2.807401647957477 ], [ 115.288711925785037, -2.807499447170017 ], [ 115.288829420480056, -2.807871660315016 ], [ 115.288930873367462, -2.808279214557501 ], [ 115.288960556002507, -2.808440671327503 ], [ 115.289045757852477, -2.808868493402485 ], [ 115.289144740310007, -2.809249407762479 ], [ 115.289264230492449, -2.809637175325008 ], [ 115.289300202819959, -2.809758699122483 ], [ 115.289341212757449, -2.809883680264988 ], [ 115.289379824902539, -2.810027898789997 ], [ 115.289403893640042, -2.810122744332489 ], [ 115.289425724577541, -2.810228242922506 ], [ 115.289416060219992, -2.810401762225013 ], [ 115.289402158877465, -2.810564261747516 ], [ 115.289399228427555, -2.810613920990022 ], [ 115.289393839192485, -2.810649354600002 ], [ 115.289342223960034, -2.810754218732484 ], [ 115.289337471230056, -2.810765110422494 ], [ 115.289297490425042, -2.810854215167524 ], [ 115.289223310355055, -2.811003024237493 ], [ 115.289222234712497, -2.811006743869996 ], [ 115.289215203527533, -2.811221018645028 ], [ 115.289226119637533, -2.811274850847497 ], [ 115.289273329835055, -2.811392898797521 ], [ 115.289375718962447, -2.811479889170016 ], [ 115.289439440129968, -2.811511643669974 ], [ 115.289568008912511, -2.811542123654988 ], [ 115.289611230917444, -2.811591999179996 ], [ 115.289696765907479, -2.811686046345017 ], [ 115.289905989940053, -2.811828439900012 ], [ 115.290104010715027, -2.811914108832525 ], [ 115.290195643552465, -2.811938247660009 ], [ 115.290647036817518, -2.812097126932485 ], [ 115.290860366435027, -2.812200748917519 ], [ 115.291056235762539, -2.812313885619972 ], [ 115.291455033295051, -2.812510693507477 ], [ 115.291485883617497, -2.812525590337486 ], [ 115.291961278017538, -2.812733016202515 ], [ 115.291989538712528, -2.812746963310019 ], [ 115.292300236987444, -2.812906795467484 ], [ 115.292502696800057, -2.813000375285014 ], [ 115.292660833719992, -2.813052056645006 ], [ 115.29305967005746, -2.813153475310003 ], [ 115.293154475212532, -2.813152868679992 ], [ 115.293283652632454, -2.813156637885015 ], [ 115.293296019999957, -2.813161941747524 ], [ 115.293304700257522, -2.813169559735002 ], [ 115.293403025175053, -2.813275532700004 ], [ 115.293427201434952, -2.813301589695016 ], [ 115.293427283092456, -2.813301715512523 ], [ 115.293509173127518, -2.813430050444993 ], [ 115.293581947050029, -2.813563529245016 ], [ 115.293589795840035, -2.813604864022523 ], [ 115.293624890369983, -2.813857777192482 ], [ 115.293625345332543, -2.813883822822504 ], [ 115.293618394462555, -2.813927567520011 ], [ 115.293597352827533, -2.814003881834992 ], [ 115.293557259737554, -2.81410647895251 ], [ 115.293492947282516, -2.814203979939975 ], [ 115.293347006229965, -2.814391539282497 ], [ 115.293322942382474, -2.814426059274979 ], [ 115.293159295114947, -2.814639363460003 ], [ 115.293084384849976, -2.814729900092516 ], [ 115.293041382450042, -2.814781695220006 ], [ 115.293009083894958, -2.814829334524973 ], [ 115.292924457447498, -2.814978874635017 ], [ 115.292875105870053, -2.815083610297506 ], [ 115.292820507159945, -2.815209551464989 ], [ 115.292768432749995, -2.815334370477501 ], [ 115.292714197612554, -2.815476184559998 ], [ 115.292708063569989, -2.815495642547489 ], [ 115.292678839255018, -2.815665985442479 ], [ 115.292659443997536, -2.815857296502486 ], [ 115.292650712487443, -2.816012698757504 ], [ 115.292650799200032, -2.816014911725006 ], [ 115.292669182334976, -2.816198691272518 ], [ 115.292694874462541, -2.816339897767477 ], [ 115.292713241335036, -2.816431717407511 ], [ 115.292806446645045, -2.816630648492492 ], [ 115.292829380767444, -2.81667531886751 ], [ 115.292874722767465, -2.816840689367496 ], [ 115.292925523372446, -2.816997743765 ], [ 115.292953997892482, -2.817038456914986 ], [ 115.293124298875, -2.817281683317503 ], [ 115.293199030330015, -2.817380163017503 ], [ 115.293228565210029, -2.817416549720008 ], [ 115.293339315507524, -2.817525149214987 ], [ 115.293469010244962, -2.817650764027519 ], [ 115.293515141895, -2.817708729339984 ], [ 115.293602824729987, -2.817782711442476 ], [ 115.293646405372556, -2.817834190924998 ], [ 115.293651404327534, -2.817841369444977 ], [ 115.29369281756999, -2.81790084523999 ], [ 115.293716841357536, -2.817945169077518 ], [ 115.293722911497525, -2.817957869972474 ], [ 115.293747124050014, -2.818020169912472 ], [ 115.293823051444974, -2.818268274504987 ], [ 115.293903887147508, -2.818479594585028 ], [ 115.293904753815013, -2.818481662202487 ], [ 115.293931566734955, -2.818598690157501 ], [ 115.293967515192548, -2.818748527187495 ], [ 115.293986915582536, -2.81887422015501 ], [ 115.294003206034972, -2.81901470030499 ], [ 115.29401849634246, -2.819221886142486 ], [ 115.294020030004958, -2.819290846379999 ], [ 115.293983842004991, -2.819686890662524 ], [ 115.293970803672551, -2.819897584167506 ], [ 115.293969178560019, -2.819907440535019 ], [ 115.293936567385003, -2.820065129955026 ], [ 115.293873847357531, -2.820417891107525 ], [ 115.293838014207495, -2.820652978152509 ], [ 115.293796319579997, -2.820914808675013 ], [ 115.293689672947494, -2.821369884360024 ], [ 115.293673658325019, -2.821439398374991 ], [ 115.293627779537474, -2.821708749230027 ], [ 115.293627665307554, -2.821709990675004 ], [ 115.293638468622476, -2.821881874752478 ], [ 115.293656551275035, -2.822084627249978 ], [ 115.293658445580036, -2.82209863324249 ], [ 115.293673960699948, -2.822162562627511 ], [ 115.293699240585056, -2.822297720622487 ], [ 115.293741682530026, -2.822434389712498 ], [ 115.293767662967525, -2.822584372157507 ], [ 115.29377603415503, -2.822736058570001 ], [ 115.293775421322493, -2.822785009639972 ], [ 115.293762329329979, -2.823078429057489 ], [ 115.293754340927535, -2.823182791534975 ], [ 115.293739189272515, -2.823388738767505 ], [ 115.293731645842513, -2.823565335262515 ], [ 115.293737628432496, -2.823696563622491 ], [ 115.293739230139977, -2.823708307512504 ], [ 115.293781079324958, -2.823808647917474 ], [ 115.293793819659982, -2.823841308599981 ], [ 115.29383278502246, -2.823897607690014 ], [ 115.293945179377488, -2.823983006325022 ], [ 115.294044579607544, -2.824034633412509 ], [ 115.294185148427459, -2.824074935094984 ], [ 115.294257195052523, -2.824089290564984 ], [ 115.294493418487491, -2.824123796557501 ], [ 115.294615412797498, -2.824149962700005 ], [ 115.294761638807472, -2.824188320277528 ], [ 115.295071349749946, -2.824287153094986 ], [ 115.295107254725053, -2.824306422589984 ], [ 115.295189762395012, -2.824350640132479 ], [ 115.295256124167508, -2.824422996732494 ], [ 115.29527980553496, -2.824464117989976 ], [ 115.295282742062454, -2.82447514131502 ], [ 115.295295307137508, -2.82453550342251 ], [ 115.295298434662527, -2.824566646077528 ], [ 115.295292943425011, -2.8246885495725 ], [ 115.295247466325009, -2.824865480927485 ], [ 115.295210185744963, -2.824953799454988 ], [ 115.295137947042463, -2.825070418280006 ], [ 115.295099725237492, -2.825128855257503 ], [ 115.295014025404953, -2.825265436697521 ], [ 115.294931654094967, -2.825397081890003 ], [ 115.294921933057481, -2.825408061220003 ], [ 115.294884125960039, -2.825453469520028 ], [ 115.29481357668999, -2.825537077207514 ], [ 115.294775826327509, -2.825595366544974 ], [ 115.294741843032511, -2.825672386940028 ], [ 115.294690465467511, -2.825784316885006 ], [ 115.294641219970003, -2.825904466507495 ], [ 115.294597198394968, -2.826087147672524 ], [ 115.294594894582474, -2.826094297347481 ], [ 115.294532961757454, -2.82630251413002 ], [ 115.294497305062464, -2.826422390787513 ], [ 115.294496089652512, -2.826478692100011 ], [ 115.294501257252477, -2.826598885847488 ], [ 115.294515558702528, -2.826650151370018 ], [ 115.294525771502549, -2.826678115887489 ], [ 115.294614714207455, -2.826888600049983 ], [ 115.294619678979984, -2.826899488917491 ], [ 115.294738709594981, -2.827150211287517 ], [ 115.294763953570055, -2.827190415202494 ], [ 115.294813207779953, -2.827268851629981 ], [ 115.294860938417514, -2.827344862265022 ], [ 115.29490285136751, -2.827393575009978 ], [ 115.295084216279974, -2.82755115077498 ], [ 115.295282455727488, -2.827726166617481 ], [ 115.295386693314981, -2.827798579242483 ], [ 115.295557323447497, -2.827934668169974 ], [ 115.295640778512507, -2.828002805292499 ], [ 115.295650577009951, -2.828014561294992 ], [ 115.295754044777482, -2.828162139794983 ], [ 115.295965873057526, -2.828454739412507 ], [ 115.296229236044951, -2.828838443727477 ], [ 115.296409300235041, -2.829099342099994 ], [ 115.296506232312481, -2.829256880094988 ], [ 115.296594414135029, -2.829391858957479 ], [ 115.296669780302523, -2.829527865195018 ], [ 115.296736490544959, -2.829638914210022 ], [ 115.296739417482513, -2.829644184319989 ], [ 115.296806660707489, -2.829767794067493 ], [ 115.29681743344247, -2.829793581864976 ], [ 115.296862449342484, -2.829906372215021 ], [ 115.296865959317529, -2.829914553249978 ], [ 115.296898507349965, -2.829986653004994 ], [ 115.296931081607454, -2.830057426180019 ], [ 115.296978574572449, -2.830170694954973 ], [ 115.296988973347538, -2.83019882707498 ], [ 115.297025652327534, -2.830334271632523 ], [ 115.29702839691754, -2.830357870007504 ], [ 115.297028209770019, -2.830486041952497 ], [ 115.297026515557491, -2.830506234477525 ], [ 115.297008088799998, -2.830637169287513 ], [ 115.296998548975012, -2.830742034232514 ], [ 115.296997320665014, -2.830747422099989 ], [ 115.296955887529975, -2.830851013712504 ], [ 115.296936564222506, -2.830899323202516 ], [ 115.296917100219957, -2.830940511052518 ], [ 115.296872068572497, -2.831041106789996 ], [ 115.296849432185013, -2.831075733710009 ], [ 115.296788407595045, -2.831159346415006 ], [ 115.296756082502498, -2.831200001612501 ], [ 115.296716830842456, -2.831241640414987 ], [ 115.296696073384965, -2.831258919132495 ], [ 115.29667530079746, -2.831275470759977 ], [ 115.296581683782506, -2.831344460557489 ], [ 115.296580741170033, -2.831345128352496 ], [ 115.296497049635036, -2.831390678647494 ], [ 115.296448990099975, -2.831408555467476 ], [ 115.296371859077453, -2.831428506322482 ], [ 115.296326603157468, -2.831435723669983 ], [ 115.296283240145044, -2.831439425147494 ], [ 115.296179320817487, -2.831441358760003 ], [ 115.296106426354982, -2.831441251057527 ], [ 115.296050192670009, -2.831436222305001 ], [ 115.295862989467537, -2.831407859674982 ], [ 115.295785137354983, -2.831385841377482 ], [ 115.29575848938498, -2.831377038345011 ], [ 115.295517944834955, -2.831297568537479 ], [ 115.295330456232477, -2.831228254729979 ], [ 115.295327517780038, -2.831227175164997 ], [ 115.295130442497452, -2.831135969247498 ], [ 115.294919551404973, -2.831031701865015 ], [ 115.294700716504963, -2.830922968102527 ], [ 115.294495953144974, -2.830816692239978 ], [ 115.294314597854964, -2.830722565985013 ], [ 115.294148501937457, -2.830631654489991 ], [ 115.293929220207474, -2.830531566997479 ], [ 115.293897596782472, -2.8305222999075 ], [ 115.293866665714972, -2.830516825605002 ], [ 115.29377505434752, -2.830506510319992 ], [ 115.293734217677525, -2.830502877000015 ], [ 115.293633119779997, -2.830498730422505 ], [ 115.293561455409986, -2.830501964927521 ], [ 115.293518417789983, -2.830507695160009 ], [ 115.293384992682491, -2.830535190374974 ], [ 115.293304608352514, -2.830551755914996 ], [ 115.293144023187551, -2.830608837822524 ], [ 115.293051155009948, -2.830649816530013 ], [ 115.292941995820001, -2.830710395485028 ], [ 115.292901034537522, -2.830737833030014 ], [ 115.292891298357517, -2.830744353145008 ], [ 115.292792483142534, -2.830820640724994 ], [ 115.292768461450009, -2.830841286667521 ], [ 115.292600917465052, -2.831032545529979 ], [ 115.292558553104982, -2.831082129257481 ], [ 115.292553265662491, -2.831088322262474 ], [ 115.292398346852451, -2.831296803274995 ], [ 115.292237922040044, -2.831550120642476 ], [ 115.292203398920037, -2.831616479982472 ], [ 115.292152667052505, -2.831732205827507 ], [ 115.292116580622519, -2.831812204307482 ], [ 115.292090660120039, -2.831885787320005 ], [ 115.292045574585018, -2.832038854897519 ], [ 115.292032647547444, -2.832082742542525 ], [ 115.292022370312452, -2.83220255335749 ], [ 115.292015939814974, -2.832400810319996 ], [ 115.292018289929956, -2.832514297937507 ], [ 115.292019923332532, -2.832549173130019 ], [ 115.292020628299952, -2.832744412140016 ], [ 115.292020888260026, -2.832900857549987 ], [ 115.292030584215013, -2.833035927380024 ], [ 115.292041345727512, -2.83318585021749 ], [ 115.292046041707522, -2.833227307875006 ], [ 115.292065032987466, -2.833396473892492 ], [ 115.292168208347448, -2.834005679077507 ], [ 115.292197357844998, -2.834244840835026 ], [ 115.292213585552531, -2.834388699372482 ], [ 115.29222065414001, -2.834580364065005 ], [ 115.292221695547482, -2.834608617954984 ], [ 115.292217574717483, -2.834684002979998 ], [ 115.292214707059998, -2.834736455742473 ], [ 115.292205546335026, -2.83481724556998 ] ], [ [ 115.292205546335026, -2.83481724556998 ], [ 115.292199137287525, -2.834873766982525 ], [ 115.292197287639965, -2.834890083357493 ], [ 115.292194295952527, -2.834911813024974 ], [ 115.292171966339993, -2.835010609769995 ], [ 115.292130707004958, -2.835136869357484 ], [ 115.292112043809993, -2.835183744442475 ], [ 115.292067358384998, -2.835293705147478 ], [ 115.292027320330021, -2.835384422765003 ], [ 115.291948832082539, -2.835567354252476 ], [ 115.291784109325022, -2.835932524730026 ], [ 115.29170622831748, -2.836066850592488 ], [ 115.291670998575, -2.836117487397473 ], [ 115.291551329577487, -2.83625772326252 ], [ 115.291447085332493, -2.836368751194982 ], [ 115.29122115414998, -2.836599563724974 ], [ 115.291152208592507, -2.836663216759973 ], [ 115.290839652542445, -2.836965209569996 ], [ 115.290802579125057, -2.836998017894985 ], [ 115.290415775990027, -2.83731067681498 ], [ 115.290093921032508, -2.837553302192475 ], [ 115.289789304419969, -2.837776185810014 ], [ 115.289330272669986, -2.838135805752472 ], [ 115.289192858274987, -2.838258548030012 ], [ 115.288967435644963, -2.838468995422488 ], [ 115.288834520720002, -2.838598462379991 ], [ 115.288715595042504, -2.838729433179992 ], [ 115.288537042975008, -2.838922096424994 ], [ 115.288339594829949, -2.839128378344981 ], [ 115.28827627601504, -2.839199583102527 ], [ 115.288069981059948, -2.839437973552492 ], [ 115.287959424319979, -2.839555181355024 ], [ 115.287921923542513, -2.83960509376999 ], [ 115.287885408395027, -2.839659943342497 ], [ 115.287801301092486, -2.839787590895014 ], [ 115.28777850559004, -2.839823056322473 ], [ 115.287701037117472, -2.839941129920021 ], [ 115.287691662795055, -2.839959575524972 ], [ 115.287654333332512, -2.84006595021998 ], [ 115.287631256917507, -2.840139465634991 ], [ 115.287615050472482, -2.840202205642527 ], [ 115.287586319279967, -2.840297376142473 ], [ 115.287568878777506, -2.840384607389979 ], [ 115.287565409945046, -2.840415713002528 ], [ 115.28755114224748, -2.840531742925009 ], [ 115.287537616347549, -2.840683902717501 ], [ 115.287538504057466, -2.840718669112505 ], [ 115.287590108627455, -2.840920961092479 ], [ 115.28766335162004, -2.841066183025021 ], [ 115.287692200407491, -2.841104854272487 ], [ 115.287902442847553, -2.8413202336925 ], [ 115.287905066912458, -2.841322267765008 ], [ 115.288182800897516, -2.841463831692522 ], [ 115.288189076670051, -2.84146691115501 ], [ 115.288433524982452, -2.841563930972484 ], [ 115.28861938074499, -2.841615401382512 ], [ 115.288868324984946, -2.841681382152501 ], [ 115.289117084029954, -2.841732084377497 ], [ 115.289337149879998, -2.841739818287522 ], [ 115.289348060247448, -2.841740371687479 ], [ 115.289582481369962, -2.841719759775003 ], [ 115.28967613007751, -2.841708304170027 ], [ 115.289940519522474, -2.841674652387496 ], [ 115.289972023969995, -2.841671370524978 ], [ 115.290166489675016, -2.841669666822497 ], [ 115.290378679747505, -2.841681737617478 ], [ 115.290428587185033, -2.841684552820027 ], [ 115.290504078164986, -2.841708765784972 ], [ 115.290640596492494, -2.841761429465009 ], [ 115.290774483415021, -2.841824999672497 ], [ 115.290830071004962, -2.841857971964998 ], [ 115.290921765424969, -2.841915599604988 ], [ 115.291023957209973, -2.8420051006525 ], [ 115.291264163852475, -2.842229289035004 ], [ 115.291276994317514, -2.842239677795021 ], [ 115.291807456914967, -2.842732246495018 ], [ 115.291949135282493, -2.84286372719248 ], [ 115.29205881924247, -2.842964090157523 ], [ 115.292177129235029, -2.843098619797502 ], [ 115.292255853602455, -2.843204801155025 ], [ 115.292322155007469, -2.843310312039989 ], [ 115.292331626447549, -2.843337742887513 ], [ 115.292381971559962, -2.843500453659999 ], [ 115.292407674237552, -2.843602946195006 ], [ 115.292427037267544, -2.843707238820002 ], [ 115.292418696407481, -2.843890698455027 ], [ 115.292400040725056, -2.844207944844982 ], [ 115.292383978307498, -2.844389816782495 ], [ 115.292378771805033, -2.844418558750021 ], [ 115.292329466650017, -2.844594919217514 ], [ 115.292203721059991, -2.844861559507478 ], [ 115.292170655205041, -2.844916761620027 ], [ 115.291995140087465, -2.845216834134987 ], [ 115.291785501034951, -2.845591209637519 ], [ 115.29169052538748, -2.845785233630011 ], [ 115.291614895872499, -2.846002671760004 ], [ 115.291597915250009, -2.846073162457515 ], [ 115.291555510037483, -2.846253632267519 ], [ 115.291540581087474, -2.846325811639986 ], [ 115.291507263935046, -2.846447741154975 ], [ 115.291461958174978, -2.846594631547475 ], [ 115.291412235232542, -2.846753949560025 ], [ 115.291362743322452, -2.846909658822483 ], [ 115.291238420169975, -2.847245018132526 ], [ 115.291192902637476, -2.847348788139982 ], [ 115.291150009530043, -2.847442758472482 ], [ 115.291067970927543, -2.847602067144976 ], [ 115.291005184619962, -2.847719722324996 ], [ 115.290933446822464, -2.847843452842483 ], [ 115.290904520387471, -2.847885375842509 ], [ 115.290835826552552, -2.847972784917488 ], [ 115.290822150402505, -2.847988178419996 ], [ 115.290726544082531, -2.848088052100024 ], [ 115.290656226687474, -2.848159099837517 ], [ 115.290629098880004, -2.848177311894972 ], [ 115.290524000914957, -2.848236045375018 ], [ 115.29034138720499, -2.848311359429999 ], [ 115.290337281439975, -2.848312650987509 ], [ 115.290184353752466, -2.848337180982526 ], [ 115.290148647352453, -2.848342199974979 ], [ 115.290035649412516, -2.848354486427525 ], [ 115.289971407857479, -2.848356868397502 ], [ 115.289832039892531, -2.848362033877493 ], [ 115.289829683662447, -2.848361939027484 ], [ 115.289645633355008, -2.848354567454976 ], [ 115.289637080272541, -2.848352740657504 ], [ 115.289440066610041, -2.848289747615013 ], [ 115.28939208574252, -2.848259275092516 ], [ 115.289345644027549, -2.848214572915026 ], [ 115.289147932857531, -2.848021562362476 ], [ 115.289027349797493, -2.847900315892502 ], [ 115.288874272510043, -2.847710070400012 ], [ 115.288797553677455, -2.847603593392478 ], [ 115.288749590272459, -2.847547921540013 ], [ 115.288713317212455, -2.847510967255005 ], [ 115.288573770982453, -2.847375653164988 ], [ 115.288559430294981, -2.847360513597494 ], [ 115.288474459002487, -2.847292306210022 ], [ 115.288456767287471, -2.847279573422497 ], [ 115.288359363829954, -2.847216310302485 ], [ 115.288331871552487, -2.847201185469999 ], [ 115.288239834802539, -2.847159167947495 ], [ 115.288107746477522, -2.847113891212473 ], [ 115.288068141402505, -2.847104866820018 ], [ 115.287919105280025, -2.847081510429973 ], [ 115.287912423162538, -2.847080736319981 ], [ 115.287668608320018, -2.847065805787508 ], [ 115.287599609290055, -2.84706570277001 ], [ 115.287536476022524, -2.847068620742505 ], [ 115.287436736312543, -2.84707645681749 ], [ 115.287352711175004, -2.847089917609992 ], [ 115.287250243322546, -2.847114424960012 ], [ 115.28722471318747, -2.847121440404976 ], [ 115.287099373735032, -2.847164540432516 ], [ 115.287014253524944, -2.847201498800018 ], [ 115.286945650994994, -2.847242272674976 ], [ 115.286922555659999, -2.847261330745027 ], [ 115.286908224629997, -2.847273156622521 ], [ 115.286829465939945, -2.847361682450014 ], [ 115.286804449764986, -2.847395192939985 ], [ 115.286737558522532, -2.847492097675001 ], [ 115.286706933997493, -2.847541322007487 ], [ 115.286677521687466, -2.847590030884987 ], [ 115.286636433792523, -2.847681870264978 ], [ 115.286630177285019, -2.847696171525001 ], [ 115.286584388809956, -2.847799862912495 ], [ 115.286582859630016, -2.84780428629 ], [ 115.286562766004977, -2.847877757162507 ], [ 115.286554827232521, -2.847946499509987 ], [ 115.286554225879968, -2.848103852882502 ], [ 115.286556454022502, -2.848217356274972 ], [ 115.28656421486005, -2.848268376027477 ], [ 115.286586674029991, -2.84841744969998 ], [ 115.286587317060025, -2.848422332997472 ], [ 115.286608228557498, -2.848553051512511 ], [ 115.286622786772455, -2.848624821634985 ], [ 115.286622925955044, -2.84862557964999 ], [ 115.286622649882474, -2.848639546207494 ], [ 115.286622306894969, -2.848656798907484 ], [ 115.286605472882457, -2.848719105590021 ], [ 115.286572085082526, -2.848849443614995 ], [ 115.286570371550056, -2.848858716494988 ], [ 115.286564517249985, -2.848999998867498 ], [ 115.286564023392543, -2.849017703490006 ], [ 115.286558404797461, -2.849115141952495 ], [ 115.286552369825017, -2.849219851295004 ], [ 115.286553854009981, -2.849245856767482 ], [ 115.286580914004958, -2.849448059742485 ], [ 115.28660744911997, -2.849603800622504 ], [ 115.286611259647543, -2.849610579555019 ], [ 115.286707613229964, -2.849757921670005 ], [ 115.286788133574987, -2.849872844337483 ], [ 115.286790958860024, -2.849875046019974 ], [ 115.286825502024953, -2.849900665049972 ], [ 115.286868251944952, -2.849920246559975 ], [ 115.286957048680051, -2.849952873680024 ], [ 115.287020022565002, -2.849964779849984 ], [ 115.287023459952479, -2.849965408959974 ], [ 115.287134061082497, -2.849969536974982 ], [ 115.287236022382444, -2.849969689402485 ], [ 115.287273614639957, -2.849970855180004 ], [ 115.287477561594983, -2.850012489450023 ], [ 115.287493432232509, -2.850015992030023 ], [ 115.287590675512547, -2.850044672694992 ], [ 115.287606250192539, -2.850052476607516 ], [ 115.287644675907472, -2.850083028985011 ], [ 115.287689753060022, -2.850126603337515 ], [ 115.28779884544997, -2.850304484777496 ], [ 115.287844782412549, -2.850382131890001 ], [ 115.28787939161748, -2.850459842554983 ], [ 115.287938798639971, -2.85060071705999 ], [ 115.28800390780998, -2.850796892874996 ], [ 115.28800498971998, -2.850801179990015 ], [ 115.288025939057547, -2.850919117217472 ], [ 115.288052038832461, -2.851048207697488 ], [ 115.288059524694972, -2.851110028092478 ], [ 115.288063078735036, -2.851245878909992 ], [ 115.288063258814987, -2.851249997382524 ], [ 115.288064695347543, -2.851426234887526 ], [ 115.288063855030032, -2.851448939809984 ], [ 115.288054664770016, -2.851477191007518 ], [ 115.28803089658004, -2.851519358452492 ], [ 115.288022973805028, -2.851526754669976 ], [ 115.287946132179968, -2.851603701884983 ], [ 115.287924340927475, -2.85162268682501 ], [ 115.287875820125009, -2.851652619994979 ], [ 115.287843795925028, -2.851697622740005 ], [ 115.28776710161253, -2.851814203092488 ], [ 115.28771872999755, -2.851855754070016 ], [ 115.287590395082475, -2.851955324972494 ], [ 115.287494065200008, -2.852058716475028 ], [ 115.28745952355996, -2.852102538025008 ], [ 115.287405956417501, -2.85219074962248 ], [ 115.287337497415024, -2.852326319035001 ], [ 115.287275985207543, -2.852520218297514 ], [ 115.287270710334951, -2.852542103605003 ], [ 115.287246933515007, -2.852625304687479 ], [ 115.287227058602525, -2.852694863852491 ], [ 115.287177028534984, -2.852815358927501 ], [ 115.287091375102477, -2.853023824715024 ], [ 115.287080568534975, -2.853047867547502 ], [ 115.286941915609987, -2.853301199680004 ], [ 115.286800821930001, -2.853539788860019 ], [ 115.28678905793754, -2.853567792907484 ], [ 115.286740823215041, -2.853680793017475 ], [ 115.28669606495248, -2.853763182220007 ], [ 115.286662325162524, -2.853818737330016 ], [ 115.286641367512516, -2.853852330670009 ], [ 115.286573361830051, -2.853967047360015 ], [ 115.286562041505022, -2.853982106955016 ], [ 115.286472098754984, -2.854104283834999 ], [ 115.286465452117454, -2.854110501817502 ], [ 115.286317147507475, -2.854249771212494 ], [ 115.286256505427446, -2.854300457914974 ], [ 115.286080338379975, -2.854416993822497 ], [ 115.286041730405032, -2.854437203225018 ], [ 115.28596469538752, -2.854468412867504 ], [ 115.285832183982507, -2.854522617192515 ], [ 115.285819041335003, -2.854527472595009 ], [ 115.285743190182529, -2.854549995444984 ], [ 115.285662484292516, -2.854569407445013 ], [ 115.285545786602484, -2.854581806877491 ], [ 115.285438871004999, -2.85459331123252 ], [ 115.285399276325052, -2.854597803239983 ], [ 115.285194202127514, -2.854614938022507 ], [ 115.284835747300008, -2.854636568672504 ], [ 115.284570756664948, -2.854658413527488 ], [ 115.284378395107524, -2.854668379817497 ], [ 115.284268575637498, -2.854676733627514 ], [ 115.284229426052548, -2.854671603575014 ], [ 115.283904030727513, -2.854513864487501 ], [ 115.28377414939996, -2.854425479357474 ], [ 115.283748799957493, -2.8544124410775 ], [ 115.283577391472477, -2.854305370437487 ], [ 115.283555041479985, -2.854294139835019 ], [ 115.28332808871005, -2.854280105445014 ], [ 115.283282686872553, -2.854291810425025 ], [ 115.283040243524965, -2.854371485440026 ], [ 115.282947290929997, -2.854429022299996 ], [ 115.282682083799955, -2.854639236077503 ], [ 115.282413015072507, -2.854890947762499 ], [ 115.282208538155032, -2.855137001357491 ], [ 115.281943693750009, -2.855423708372484 ], [ 115.281923079645026, -2.855456612962485 ], [ 115.281878489900009, -2.855652896022491 ], [ 115.281856923385021, -2.855816473437528 ], [ 115.281843879232497, -2.855915402492485 ], [ 115.281876808679954, -2.856043968575023 ], [ 115.28202048410003, -2.856281487644992 ], [ 115.282193699714981, -2.856499032602528 ], [ 115.282558456584979, -2.856837512797483 ], [ 115.282600627767465, -2.856865871762523 ], [ 115.28310718579246, -2.857129923922514 ], [ 115.283114960257535, -2.857134016717509 ], [ 115.283554765460053, -2.857423600972481 ], [ 115.283627189022468, -2.857473266417514 ], [ 115.283929449219954, -2.857651545094996 ], [ 115.284209439500046, -2.857829515399999 ], [ 115.284442531377522, -2.857959185192499 ], [ 115.284898545947499, -2.858176186284993 ], [ 115.285108884590045, -2.858259791044986 ], [ 115.285390734650036, -2.858361828820023 ], [ 115.285641359709984, -2.858438013597492 ], [ 115.285927417530047, -2.858457449507512 ], [ 115.286069415307452, -2.858457174242517 ], [ 115.286220421440021, -2.858365908807514 ], [ 115.286300171409948, -2.858239343672494 ], [ 115.286325645275042, -2.858198916114986 ], [ 115.286353740429945, -2.858098752389992 ], [ 115.286358020789976, -2.858064673805018 ], [ 115.286363108837463, -2.857788073994982 ], [ 115.286364680419979, -2.857778131725013 ], [ 115.286408489742485, -2.857549913245009 ], [ 115.286427195694955, -2.857484035657478 ], [ 115.286474296304959, -2.857222732722505 ], [ 115.286501661385046, -2.85716481151502 ], [ 115.28674422107747, -2.856840474082503 ], [ 115.286809895344959, -2.856778901722521 ], [ 115.287025846317533, -2.856667126977527 ], [ 115.287190800962549, -2.856638155205019 ], [ 115.287554938842504, -2.856682267442523 ], [ 115.287674916567539, -2.856728972722522 ], [ 115.288044995630003, -2.857006987514978 ], [ 115.288357730892471, -2.857304563327489 ], [ 115.288371467440015, -2.857315922069972 ], [ 115.288779259135026, -2.857630265887508 ], [ 115.28898018785253, -2.857780257237494 ], [ 115.289110579410021, -2.857840573382475 ], [ 115.289584143552474, -2.85800917656502 ], [ 115.29019812285253, -2.858197699125014 ], [ 115.290498161067489, -2.858281782817528 ], [ 115.291471399867532, -2.858498208549975 ], [ 115.291725963979957, -2.858553506862506 ], [ 115.292111030357546, -2.858662703392497 ], [ 115.292647305854985, -2.858814779290014 ], [ 115.292680919672534, -2.858823814722484 ], [ 115.292680945745019, -2.858823821997476 ], [ 115.293338382934962, -2.859000555642524 ], [ 115.293374598567539, -2.859010291267509 ] ] ] } },
{ "type": "Feature", "properties": { "source_feature_id": 51, "nama_objek": "Jaringan Irigasi Primer", "orde_01": 45010000, "orde_02": 25011000, "orde_03": 25011100, "orde_04": 25011100, "jenis_sistem": 45000000, "status_jaringan": 2, "provinsi": "Provinsi Kalimantan Selatan", "kabupaten": "Kabupaten Hulu Sungai Selatan", "keterangan": "Jaringan Irigasi yang melalui D.I. Amandit", "sumber_data": "Balai Wilayah Sungai Kalimantan II Kementerian PUPR, 2019", "source_shape_length": 0.0048793995063889286, "source_layer": "_6306_50KB_LN_SR_SDA_KABUPATEN_HULUSUNGAISELATAN_2024", "source_dataset": "_6306_50KB_RTRW_KABUPATEN_HULUSUNGAISELATAN_2025.gdb.zip" }, "geometry": { "type": "MultiLineString", "coordinates": [ [ [ 115.287705917785047, -2.809391454119975 ], [ 115.287755819089966, -2.809064202752495 ], [ 115.287741542475032, -2.808778666465003 ], [ 115.287541667357459, -2.808386056615007 ], [ 115.287041980305048, -2.807665079954972 ], [ 115.286799275325052, -2.807129700684982 ], [ 115.286385249812497, -2.806558629472477 ], [ 115.286121129749972, -2.806051804795004 ], [ 115.285771348187495, -2.805787684042514 ], [ 115.285200277579975, -2.805495011217488 ] ] ] } },
{ "type": "Feature", "properties": { "source_feature_id": 52, "nama_objek": "Jaringan Irigasi Primer", "orde_01": 45010000, "orde_02": 25011000, "orde_03": 25011100, "orde_04": 25011100, "jenis_sistem": 45000000, "status_jaringan": 2, "provinsi": "Provinsi Kalimantan Selatan", "kabupaten": "Kabupaten Hulu Sungai Selatan", "keterangan": "Jaringan Irigasi yang melalui D.I.R. Rawa Angkinang", "sumber_data": "Bidang Sumber Daya Air Dinas PUPR Provinsi Kalimantan Selatan, 2022", "source_shape_length": 0.039603088187163404, "source_layer": "_6306_50KB_LN_SR_SDA_KABUPATEN_HULUSUNGAISELATAN_2024", "source_dataset": "_6306_50KB_RTRW_KABUPATEN_HULUSUNGAISELATAN_2025.gdb.zip" }, "geometry": { "type": "MultiLineString", "coordinates": [ [ [ 115.241573304437452, -2.695955985877504 ], [ 115.24165745459004, -2.697944087547512 ], [ 115.241583030959987, -2.700709680227476 ], [ 115.241882322879974, -2.700428560297496 ], [ 115.242301754009986, -2.700360991652474 ], [ 115.242570794969993, -2.700309012935008 ], [ 115.242683361870036, -2.700311746537523 ], [ 115.242882543537462, -2.700316583687481 ], [ 115.243003798639961, -2.700319528829993 ], [ 115.243047108272549, -2.700320581057497 ], [ 115.24308833572502, -2.700301911420013 ], [ 115.243139334287548, -2.700293299872499 ], [ 115.243178691967501, -2.70025477574751 ], [ 115.243228946587465, -2.700236338959996 ], [ 115.243284258629956, -2.700178416679989 ], [ 115.243326053639976, -2.70015964838251 ], [ 115.243359176724994, -2.700140620612501 ], [ 115.243384504674964, -2.700131323379992 ], [ 115.243451864290023, -2.700103152384997 ], [ 115.243503558917496, -2.700094504752485 ], [ 115.243568710289992, -2.70003607767751 ], [ 115.243584641694952, -2.700016383787499 ], [ 115.243651809422545, -2.699977808692495 ], [ 115.243667065814975, -2.699947874597513 ], [ 115.243724218917464, -2.69988846468749 ], [ 115.243730775792528, -2.699858069427478 ], [ 115.243781665609959, -2.699828746832509 ], [ 115.243815665352486, -2.699809156039976 ], [ 115.243841561122508, -2.699799579287514 ], [ 115.243911869767544, -2.699791146749988 ], [ 115.243972697530012, -2.699772182697473 ], [ 115.244033630550007, -2.699753186237501 ], [ 115.244075012542453, -2.699702656079978 ], [ 115.244145139260013, -2.699683773337483 ], [ 115.244213148752465, -2.699623210804987 ], [ 115.244248923807504, -2.699624139902483 ], [ 115.244319016787472, -2.699594931965009 ], [ 115.244397794089991, -2.699555471175017 ], [ 115.244442226282445, -2.699546294782522 ], [ 115.244477273215011, -2.699526369989997 ], [ 115.244556951177515, -2.699497194932519 ], [ 115.244626690755013, -2.699436031709979 ], [ 115.244644734224948, -2.699436550735015 ], [ 115.244680820264989, -2.699437589687477 ], [ 115.244779773045025, -2.699430037832485 ], [ 115.244806271389962, -2.69940975065748 ], [ 115.244950444295, -2.699393515447525 ], [ 115.245040899177525, -2.6993966570775 ], [ 115.245049942417495, -2.699396971327474 ], [ 115.245095157722517, -2.699398540765003 ], [ 115.245212684787475, -2.699402623237518 ], [ 115.245312344987497, -2.699437905677485 ], [ 115.245348573015008, -2.699460328467524 ], [ 115.245366662324955, -2.699471523550017 ], [ 115.245438847057471, -2.699516202347525 ], [ 115.245564549282449, -2.699583521630018 ], [ 115.245609322497444, -2.699595526780001 ], [ 115.24567181147745, -2.699629010912474 ], [ 115.245823008095044, -2.699696407862518 ], [ 115.246036519822496, -2.699722314295002 ], [ 115.246151545585008, -2.699754400630013 ], [ 115.246239677519952, -2.699785956924984 ], [ 115.246293082004968, -2.699786469339983 ], [ 115.246434005890023, -2.699828688669982 ], [ 115.246460696887539, -2.699828948927518 ], [ 115.246567507654959, -2.699829987300006 ], [ 115.246736207257527, -2.699835332090004 ], [ 115.246780573837555, -2.69983682880752 ], [ 115.246816615859984, -2.699827840005014 ], [ 115.246888193419977, -2.699820043027501 ], [ 115.246978189602487, -2.699802634857519 ], [ 115.24703276089997, -2.699783999750025 ], [ 115.247059422212487, -2.699784901994974 ], [ 115.24716604318246, -2.699788510927476 ], [ 115.247255108590025, -2.699790594192507 ], [ 115.24731510207755, -2.699822959672474 ], [ 115.247402565954985, -2.699845110355 ], [ 115.247429280937467, -2.699845587652476 ], [ 115.247491624895019, -2.699846699855016 ], [ 115.247684811817521, -2.699880986450012 ], [ 115.24796546838752, -2.699927169965008 ], [ 115.247988875084957, -2.699958380994985 ], [ 115.248021096067532, -2.699989673520008 ], [ 115.248214526752463, -2.700084857835009 ], [ 115.24841158403251, -2.70020962121248 ], [ 115.248454317757478, -2.7002204504725 ], [ 115.248500802722447, -2.700201439157524 ], [ 115.248598224207512, -2.700194600087514 ], [ 115.248694276084962, -2.700197849972483 ], [ 115.248785958284998, -2.700170508700012 ], [ 115.248820912970018, -2.700171693304981 ], [ 115.248890810652483, -2.700174062495023 ], [ 115.248960691254979, -2.700176430752492 ], [ 115.249004356517503, -2.700177910105026 ], [ 115.249048083067464, -2.700179292787482 ], [ 115.250331052377533, -2.700114977884994 ], [ 115.251614553122522, -2.700026667892473 ], [ 115.253042935372491, -2.700028133835019 ], [ 115.254307247535053, -2.700009244377497 ], [ 115.255991924565024, -2.700188799877481 ], [ 115.256963489774989, -2.700224220374992 ], [ 115.257492541839952, -2.700343486812528 ], [ 115.258188078429953, -2.700457252517481 ], [ 115.258328128907465, -2.700594014182514 ], [ 115.258379765259974, -2.70061576988752 ], [ 115.258430293804963, -2.700647578824999 ], [ 115.258479656200052, -2.700689364039988 ], [ 115.25851317001252, -2.700710452492501 ], [ 115.258562263842464, -2.700752023910013 ], [ 115.258560130222463, -2.700772011125025 ], [ 115.258867696737525, -2.700885513352489 ], [ 115.259360840847535, -2.701176539562482 ], [ 115.259577245589981, -2.701344631899985 ], [ 115.259664044684996, -2.701429454779998 ], [ 115.259731202055036, -2.701482265440006 ], [ 115.259785139707446, -2.701495795372523 ] ], [ [ 115.259785139707446, -2.701495795372523 ], [ 115.260071483415004, -2.701567620607477 ], [ 115.260177151982475, -2.70149741693001 ], [ 115.260284184940019, -2.701623499275001 ], [ 115.260363295412503, -2.701754505092481 ], [ 115.260532068239968, -2.701860482554991 ], [ 115.260551068312452, -2.701897286612507 ], [ 115.260566172982521, -2.701925768277476 ], [ 115.260577441429973, -2.701946043385021 ], [ 115.260599868007489, -2.701986392685001 ], [ 115.260614571357451, -2.701998628142519 ], [ 115.260632842200039, -2.702006963995018 ], [ 115.260643821250028, -2.702015124772515 ], [ 115.26066571127501, -2.702027470047483 ], [ 115.260683886164998, -2.702031827777489 ], [ 115.260702083120009, -2.702044059219986 ], [ 115.260712986702515, -2.70205217196002 ], [ 115.260727483987466, -2.702052503 ], [ 115.26076372989246, -2.702053331964976 ], [ 115.260785480315008, -2.702053828985015 ], [ 115.260810857307547, -2.702054408995025 ], [ 115.260847114007447, -2.702055237069999 ], [ 115.260861618485023, -2.702055569927495 ], [ 115.260879749532478, -2.702055983967512 ], [ 115.260908765627505, -2.702056686772494 ], [ 115.260915911307507, -2.702064748887494 ], [ 115.260941286399998, -2.702065402140022 ], [ 115.260963036732505, -2.702065962457482 ], [ 115.261020584030007, -2.702087094527485 ], [ 115.26103125380746, -2.702095209642494 ], [ 115.261042004705018, -2.702099402950012 ], [ 115.261081549365031, -2.702108245982515 ], [ 115.261127880885056, -2.702128954975024 ], [ 115.261160065485001, -2.70213757038249 ], [ 115.261167272734951, -2.70213775528498 ], [ 115.261192206035048, -2.702146175780001 ], [ 115.261227581752451, -2.702162607970024 ], [ 115.261255869252523, -2.702174830420006 ], [ 115.26127385469249, -2.70217519812752 ], [ 115.26133745651498, -2.702199606115016 ], [ 115.261387121512485, -2.702212149607476 ], [ 115.261414964942446, -2.702228052795022 ], [ 115.261453025377477, -2.702251761177479 ], [ 115.261484523419995, -2.702263842654986 ], [ 115.261525926459967, -2.702287496162512 ], [ 115.26152949639004, -2.702287571834972 ], [ 115.261543263557542, -2.702295437299995 ], [ 115.261585007515009, -2.70231144006749 ], [ 115.26162309526751, -2.70232733086749 ], [ 115.26163647587498, -2.70233890699501 ], [ 115.261656351740044, -2.702358102104995 ], [ 115.261666416012531, -2.70236580760502 ], [ 115.261680018752486, -2.702373580595008 ], [ 115.26172707303499, -2.702404592332527 ], [ 115.261750497272487, -2.702420056004996 ], [ 115.261756250074995, -2.702435030344986 ], [ 115.261789460037448, -2.70245804629252 ], [ 115.26180601785245, -2.702469522094987 ], [ 115.261816554924962, -2.702469792267493 ], [ 115.261840438557556, -2.702477760907527 ], [ 115.26186393301748, -2.702489378717473 ], [ 115.261887016750052, -2.702504624867515 ], [ 115.261930271377537, -2.702527645317502 ], [ 115.261942722859999, -2.702542523495026 ], [ 115.26196521353495, -2.70256124942 ], [ 115.262007308994953, -2.702591244829989 ], [ 115.262042664714954, -2.702617333037495 ], [ 115.262049189754975, -2.702621088010005 ], [ 115.262078707885053, -2.702636175219993 ], [ 115.26209863074746, -2.702643836124992 ], [ 115.262144429112482, -2.702666410797519 ], [ 115.262166367309987, -2.702684744367502 ], [ 115.262182253110041, -2.702695786950017 ], [ 115.262227691159978, -2.702718163065015 ], [ 115.262286206199974, -2.702744308100023 ], [ 115.262313646107486, -2.702769547540015 ], [ 115.262327794334965, -2.702790855882483 ], [ 115.262345300367542, -2.702812171767505 ], [ 115.262356432357478, -2.70282978534749 ], [ 115.262362235985051, -2.702836851712505 ], [ 115.262379606477452, -2.702857994685019 ], [ 115.262391662045047, -2.702868623919983 ], [ 115.262399277424947, -2.702885977430014 ], [ 115.262411801032499, -2.702893145699989 ], [ 115.262427173025003, -2.702903795079976 ], [ 115.262445370042542, -2.702917907450001 ], [ 115.262479329795042, -2.70293918279998 ], [ 115.262509797080043, -2.702960292165017 ], [ 115.262515440869947, -2.702967196429995 ], [ 115.262551372292478, -2.702995073255011 ], [ 115.262560327980054, -2.703002019359985 ], [ 115.262600522467551, -2.703023154472476 ], [ 115.262643330857486, -2.703047613912474 ], [ 115.26266751170499, -2.70306159743501 ], [ 115.263229872802526, -2.703254767784983 ], [ 115.26387067706753, -2.703466359117499 ], [ 115.264907587685002, -2.703807151897479 ], [ 115.265519637717489, -2.704200261374979 ], [ 115.266020853867531, -2.704618711827493 ], [ 115.266570464325014, -2.704928638487502 ], [ 115.267066060349975, -2.705299342142496 ], [ 115.267487382934974, -2.705622838852491 ], [ 115.267871806157473, -2.706016235367485 ], [ 115.268102548372553, -2.706168002895026 ], [ 115.268577409715022, -2.706301599007475 ], [ 115.268767128507534, -2.706737413384985 ], [ 115.269104199329945, -2.706777831824979 ], [ 115.269258721922483, -2.706981898492472 ], [ 115.269269502690008, -2.706982228657523 ], [ 115.269290905740036, -2.707011554992505 ], [ 115.269307943282456, -2.707034895847528 ], [ 115.269326024019961, -2.707052496817482 ], [ 115.26933364820502, -2.707069428067484 ], [ 115.269356673547463, -2.70711964871748 ], [ 115.269368630064946, -2.707141866377526 ], [ 115.269376229569957, -2.707158445822472 ], [ 115.269381721172522, -2.707185823172495 ], [ 115.269383936242548, -2.707202163389979 ], [ 115.269392623104977, -2.707240182574992 ], [ 115.269403340707527, -2.70726727985749 ], [ 115.269700894597463, -2.707468721357486 ], [ 115.270002665944958, -2.707709598992494 ], [ 115.27033558965752, -2.707699462889991 ], [ 115.270652056414974, -2.707971183659993 ], [ 115.271011367762526, -2.708208046407492 ], [ 115.271653165627527, -2.708204513069973 ], [ 115.272261775537459, -2.708242200404982 ], [ 115.27255494883002, -2.708301178437523 ], [ 115.272887629334946, -2.708575444362509 ] ] ] } },
{ "type": "Feature", "properties": { "source_feature_id": 53, "nama_objek": "Jaringan Irigasi Primer", "orde_01": 45010000, "orde_02": 25011000, "orde_03": 25011100, "orde_04": 25011100, "jenis_sistem": 45000000, "status_jaringan": 2, "provinsi": "Provinsi Kalimantan Selatan", "kabupaten": "Kabupaten Hulu Sungai Selatan", "keterangan": "Jaringan Irigasi yang melalui D.I.R. Rawa Negara", "sumber_data": "Bidang Sumber Daya Air Dinas PUPR Provinsi Kalimantan Selatan, 2022", "source_shape_length": 0.004036290430649867, "source_layer": "_6306_50KB_LN_SR_SDA_KABUPATEN_HULUSUNGAISELATAN_2024", "source_dataset": "_6306_50KB_RTRW_KABUPATEN_HULUSUNGAISELATAN_2025.gdb.zip" }, "geometry": { "type": "MultiLineString", "coordinates": [ [ [ 115.149584937102532, -2.813775847850025 ], [ 115.147705224527499, -2.812995261977505 ], [ 115.145706725274977, -2.812896373007504 ] ] ] } },
{ "type": "Feature", "properties": { "source_feature_id": 54, "nama_objek": "Jaringan Irigasi Primer", "orde_01": 45010000, "orde_02": 25011000, "orde_03": 25011100, "orde_04": 25011100, "jenis_sistem": 45000000, "status_jaringan": 2, "provinsi": "Provinsi Kalimantan Selatan", "kabupaten": "Kabupaten Hulu Sungai Selatan", "keterangan": "Jaringan Irigasi yang melalui D.I.R. Tanggul Lunggau", "sumber_data": "Bidang Sumber Daya Air Dinas PUPR Provinsi Kalimantan Selatan, 2022", "source_shape_length": 0.0013323724722932053, "source_layer": "_6306_50KB_LN_SR_SDA_KABUPATEN_HULUSUNGAISELATAN_2024", "source_dataset": "_6306_50KB_RTRW_KABUPATEN_HULUSUNGAISELATAN_2025.gdb.zip" }, "geometry": { "type": "MultiLineString", "coordinates": [ [ [ 115.218257041102447, -2.742579877457501 ], [ 115.218263525312523, -2.74267004039001 ], [ 115.218256800367499, -2.742729751174977 ], [ 115.218322629164959, -2.742746709865003 ], [ 115.218396655, -2.742756206105014 ], [ 115.21839168900749, -2.742873027034989 ], [ 115.218362826762473, -2.743020919160017 ], [ 115.218343563819985, -2.743219437769994 ], [ 115.218308301254979, -2.743375375559992 ], [ 115.21827861883753, -2.743565769042505 ], [ 115.218277426277496, -2.743558573769974 ], [ 115.218230846987467, -2.743765758695019 ] ] ] } },
{ "type": "Feature", "properties": { "source_feature_id": 55, "nama_objek": "Jaringan Pengendalian Banjir", "orde_01": 45010000, "orde_02": 45012000, "orde_03": 25012100, "orde_04": 25012100, "jenis_sistem": 45000000, "status_jaringan": 2, "provinsi": "Provinsi Kalimantan Selatan", "kabupaten": "Kabupaten Hulu Sungai Selatan", "keterangan": "Tidak Ada", "sumber_data": "Dinas PUPR Kabupaten Hulu Sungai Selatan, 2023", "source_shape_length": 0.01459573771684668, "source_layer": "_6306_50KB_LN_SR_SDA_KABUPATEN_HULUSUNGAISELATAN_2024", "source_dataset": "_6306_50KB_RTRW_KABUPATEN_HULUSUNGAISELATAN_2025.gdb.zip" }, "geometry": { "type": "MultiLineString", "coordinates": [ [ [ 115.093654715042476, -2.633853673804992 ], [ 115.093661116924977, -2.633851209732484 ], [ 115.093677651522512, -2.633844846014995 ], [ 115.093739997007447, -2.633820851037513 ], [ 115.093759976350043, -2.633813161620026 ], [ 115.093766738132445, -2.633810531727477 ], [ 115.093819224604999, -2.633791373572478 ], [ 115.093851760227494, -2.633779497982516 ], [ 115.09389864477248, -2.633762384667477 ], [ 115.093930583947554, -2.633750726069991 ], [ 115.093978063139957, -2.633733395752472 ], [ 115.094009409467503, -2.633721953252518 ], [ 115.09405748060999, -2.633704406827519 ], [ 115.094088238582458, -2.633693180429987 ], [ 115.094136901675029, -2.633675416997505 ], [ 115.094167066799969, -2.633664406695004 ], [ 115.094209199555053, -2.633649028470018 ], [ 115.094246176932529, -2.633636493289998 ], [ 115.094281346147454, -2.633624570192524 ], [ 115.094325607449946, -2.633609565960001 ], [ 115.09436067410752, -2.633597679774994 ], [ 115.09440759098004, -2.633581775409993 ], [ 115.094440003869977, -2.63357078754251 ], [ 115.094489571814961, -2.633553983942477 ], [ 115.094519328235037, -2.633543896197523 ], [ 115.094571553550054, -2.63352619156251 ], [ 115.094598657097549, -2.633517003949976 ], [ 115.094653535282532, -2.63349840098499 ], [ 115.094677989557454, -2.63349011079498 ], [ 115.094735514317449, -2.633470610395023 ], [ 115.094757313922514, -2.633463219427483 ], [ 115.094810735682472, -2.63344511062752 ], [ 115.094836450322532, -2.633435769867503 ], [ 115.094883075650046, -2.633418832417476 ], [ 115.094915194659961, -2.633407165922506 ], [ 115.094962123157529, -2.633390119525018 ], [ 115.094993938995003, -2.633378562875009 ], [ 115.095041169764954, -2.633361406624999 ], [ 115.095057525692482, -2.633355465775026 ], [ 115.095121380535033, -2.6333357815775 ], [ 115.095122407809981, -2.633335464872516 ], [ 115.095202733254951, -2.633310704420012 ], [ 115.095209831535044, -2.633308516285013 ], [ 115.095283518767474, -2.633287903185021 ], [ 115.095296153180016, -2.633284368144984 ], [ 115.095364347152554, -2.633265290989982 ], [ 115.095374492639962, -2.633262452889994 ], [ 115.095445177335023, -2.633242679695002 ], [ 115.095452835697529, -2.633240537630002 ], [ 115.095526008417551, -2.633220069300023 ], [ 115.095531174260032, -2.633218623265009 ], [ 115.095601646677551, -2.633198907602491 ], [ 115.095609554869952, -2.633196848202488 ], [ 115.095672037870031, -2.633180575252482 ], [ 115.095706114519999, -2.633171699417517 ], [ 115.095748171620016, -2.633163509477527 ], [ 115.095799002232525, -2.633153610487511 ], [ 115.095824730972481, -2.633148600892525 ], [ 115.09587389412502, -2.633139026662491 ], [ 115.095901289432504, -2.633133690492514 ], [ 115.095948783324957, -2.63312444192502 ], [ 115.095977847892527, -2.633118781895007 ], [ 115.096023678819961, -2.633109856284989 ], [ 115.096054404555048, -2.633103872384993 ], [ 115.096098574314965, -2.633095270640013 ], [ 115.096125717794962, -2.633089984712512 ], [ 115.096174844477446, -2.63308133723001 ], [ 115.096207991099959, -2.63307564638751 ], [ 115.096254722477511, -2.633067623649993 ], [ 115.096295563979993, -2.633060611814983 ], [ 115.09633338365245, -2.63305411887751 ], [ 115.096383136862528, -2.633045578137512 ], [ 115.096412038532549, -2.633040614992524 ], [ 115.09643669614502, -2.633036382262503 ], [ 115.096470708852507, -2.633030541740027 ], [ 115.096490693417536, -2.633027111102479 ], [ 115.096558278140037, -2.63301550804249 ], [ 115.09656935099747, -2.633013607209989 ], [ 115.09663218533251, -2.633002819682474 ], [ 115.096645729002489, -2.632999715519986 ], [ 115.096699450370011, -2.632987401252478 ], [ 115.096739308764995, -2.632978266609996 ], [ 115.096782092907461, -2.632967348827492 ], [ 115.09682188811496, -2.632957194132473 ], [ 115.096864450090038, -2.632946333877499 ], [ 115.096897733140054, -2.632937841974979 ], [ 115.09694680996995, -2.632925318922503 ], [ 115.096973575472475, -2.632918487997472 ], [ 115.097041378345011, -2.632901187797472 ], [ 115.09704950264495, -2.632899513007487 ], [ 115.097126098434956, -2.632883716440006 ], [ 115.097135196789964, -2.632881839697518 ], [ 115.097202688832454, -2.632867921665024 ], [ 115.097216677234996, -2.632865036997487 ], [ 115.097273868427465, -2.632853241612509 ], [ 115.097298259434979, -2.632848725432495 ], [ 115.097351520332495, -2.632838865357485 ], [ 115.097380070944951, -2.632833578840007 ], [ 115.097434605357535, -2.632823482002493 ], [ 115.097461885154985, -2.632818431340013 ], [ 115.097517693977466, -2.632808099550004 ], [ 115.097543696664957, -2.632803286542526 ], [ 115.097600787099964, -2.632792715287508 ], [ 115.097626423742554, -2.632787968627497 ], [ 115.097683906887482, -2.632777534507511 ], [ 115.097712160555034, -2.632772404857519 ], [ 115.097769392777536, -2.632762016462493 ], [ 115.097796927337527, -2.632756762735028 ], [ 115.097852283359998, -2.632746199655003 ], [ 115.097881594197474, -2.63274060685751 ], [ 115.097932828357443, -2.632730830444984 ], [ 115.097966263759986, -2.632724450074988 ], [ 115.098013375155006, -2.632715460327518 ], [ 115.098050937819949, -2.632708292385018 ], [ 115.09809392105501, -2.632700091104994 ], [ 115.098135603784954, -2.632692137389995 ], [ 115.098174466957516, -2.632684720970019 ], [ 115.098214847382451, -2.632677016624996 ], [ 115.09825485318504, -2.632668515092519 ], [ 115.098291667877447, -2.632660693155003 ], [ 115.098295559629946, -2.632659865440019 ], [ 115.098357189969988, -2.632646770212489 ], [ 115.098381185999983, -2.632639469327501 ], [ 115.098456828002554, -2.632616454670028 ], [ 115.098465579592471, -2.632613791619974 ], [ 115.098534807004967, -2.632592728355007 ], [ 115.098549978582469, -2.632588112104997 ], [ 115.098612783305043, -2.632569003837489 ], [ 115.098634374875019, -2.632562434385022 ], [ 115.098690757810004, -2.63254527840752 ], [ 115.098708171030012, -2.632539981102525 ], [ 115.098767880729952, -2.632519256772525 ], [ 115.098780959040027, -2.632514716877495 ], [ 115.098853672377459, -2.632489480562526 ], [ 115.098864084870002, -2.632485481822528 ], [ 115.098945520745019, -2.632454207880016 ], [ 115.098946451877509, -2.632453851237528 ], [ 115.099028548092519, -2.632422323312483 ], [ 115.099028819784962, -2.63242221884002 ], [ 115.099111186789969, -2.632390588237513 ], [ 115.099111577237522, -2.632390437832498 ], [ 115.099193555597481, -2.632358954919994 ], [ 115.099194604582522, -2.632358552345011 ], [ 115.09927592530255, -2.632327322497474 ], [ 115.099277626530011, -2.632326669550025 ], [ 115.099343890787509, -2.632301222572494 ], [ 115.099360302612467, -2.632293995935015 ], [ 115.099400923262465, -2.632276105942481 ], [ 115.09944158529504, -2.63225819973502 ], [ 115.099472048980033, -2.632244783592512 ], [ 115.099522865275048, -2.63222240352502 ], [ 115.099543175597546, -2.632213459427476 ], [ 115.099584129142499, -2.632195422550012 ], [ 115.099615180234991, -2.632184193687522 ], [ 115.099638387589948, -2.632175801077494 ], [ 115.09968836837254, -2.632157724677484 ], [ 115.099713238215031, -2.632148730600022 ], [ 115.099761554712472, -2.632131256565003 ], [ 115.099788091539949, -2.632121660117491 ], [ 115.099827935467488, -2.632107249229989 ], [ 115.099862697087474, -2.632093743810003 ], [ 115.099905318059996, -2.632077184242519 ], [ 115.099937013670001, -2.63206486858752 ], [ 115.099989460630013, -2.632044492009982 ], [ 115.100035994184964, -2.632026413020014 ], [ 115.100072014965008, -2.632008494244985 ], [ 115.10013495325245, -2.631977184607479 ], [ 115.100152605522453, -2.631968402799998 ], [ 115.100210293475016, -2.631939705524985 ], [ 115.100233191577445, -2.631928314052516 ], [ 115.100285633699968, -2.631902225529984 ], [ 115.100329076922549, -2.631880614449983 ], [ 115.100361907082515, -2.631866610539987 ], [ 115.100421537585021, -2.631841177722492 ], [ 115.100439461465044, -2.631833532919984 ], [ 115.100498245349968, -2.631808459582487 ], [ 115.100517726614953, -2.631800149852495 ], [ 115.100574905687495, -2.63177559126251 ], [ 115.100592421179954, -2.631768068802501 ], [ 115.100651544517518, -2.631742674072484 ], [ 115.100666403177456, -2.631736291374978 ], [ 115.100728184249988, -2.631709755067504 ], [ 115.100740388774966, -2.631704513040006 ], [ 115.100788563577453, -2.631683821529975 ], [ 115.100813684990044, -2.631671382747527 ], [ 115.100842432584955, -2.631657146510008 ], [ 115.100885691192502, -2.631635725905028 ], [ 115.100912135304952, -2.631622632682479 ], [ 115.100957696490013, -2.631600072672484 ], [ 115.100981837125005, -2.631588119752507 ], [ 115.101045502210013, -2.631556594140022 ], [ 115.101051378484954, -2.631553284670019 ], [ 115.101119314714992, -2.631515016532489 ], [ 115.101132368504977, -2.631507663552497 ], [ 115.101187149249995, -2.631476807007516 ], [ 115.101203832307533, -2.631467401592488 ], [ 115.101257289349974, -2.631437267289982 ], [ 115.101275286242526, -2.631427120617502 ], [ 115.101327534732491, -2.631397667144995 ], [ 115.101346743777526, -2.631386837835009 ], [ 115.101397781012452, -2.631358067895007 ], [ 115.101418197710018, -2.631346556847518 ], [ 115.101468027295027, -2.631318465927507 ], [ 115.10148965073995, -2.631306276755026 ], [ 115.101538275367488, -2.631278865762511 ], [ 115.101568889610007, -2.631261607757494 ], [ 115.101569126342497, -2.631261433605005 ], [ 115.101593261897506, -2.631242729792518 ], [ 115.101641172940049, -2.631205601012482 ], [ 115.101653544977466, -2.631196013569991 ], [ 115.101705927197486, -2.631155419445008 ], [ 115.101713826252535, -2.631149297340016 ], [ 115.101770685947486, -2.631105236067526 ], [ 115.101787684895044, -2.631092062352479 ], [ 115.101823597117459, -2.631066839077505 ], [ 115.10187131814746, -2.631036437345017 ], [ 115.101880002142479, -2.631030905082525 ], [ 115.101941572204964, -2.63099168131248 ], [ 115.101950331800026, -2.630986100337509 ], [ 115.102009437684956, -2.630948447032495 ], [ 115.102011823557518, -2.630946927080004 ], [ 115.102020670452475, -2.630941290174974 ], [ 115.102081779712535, -2.630902359560025 ], [ 115.102082080289961, -2.63090218008 ], [ 115.102146670189995, -2.630863752100026 ], [ 115.10215374904999, -2.630859541147515 ], [ 115.102220964947492, -2.630819551077479 ], [ 115.102246055939986, -2.630804622892526 ], [ 115.102297069719953, -2.630778860265025 ], [ 115.10234376711503, -2.630755275615002 ], [ 115.102374094282482, -2.630739960292487 ], [ 115.102420076327462, -2.630716738037506 ], [ 115.102451122440016, -2.630701058507498 ], [ 115.102496380137495, -2.630678201347507 ], [ 115.102528146997543, -2.630662158517509 ], [ 115.10260516974995, -2.630623260325024 ], [ 115.102609985529966, -2.630620828117515 ], [ 115.102681156967492, -2.630594899167477 ], [ 115.102724424072449, -2.630579135229993 ], [ 115.102757437337459, -2.630567107202523 ], [ 115.102799296542457, -2.630551855607507 ], [ 115.102833715004977, -2.630539317032515 ], [ 115.102874168107519, -2.630524578687528 ], [ 115.102909989977547, -2.630511526852501 ], [ 115.102949038775023, -2.630497299044976 ], [ 115.102977479279957, -2.630486938624983 ], [ 115.103029999592536, -2.630469164279987 ], [ 115.103049744922487, -2.630462811607515 ], [ 115.103113446334987, -2.630442315480025 ], [ 115.103131253114952, -2.630436587370014 ], [ 115.103191015355037, -2.630417358349973 ], [ 115.103212761307532, -2.630410362220005 ], [ 115.103268585275032, -2.630392401214976 ], [ 115.103294268600052, -2.630384137964995 ], [ 115.103339929342496, -2.630369446434997 ], [ 115.103346250589993, -2.630367980417475 ], [ 115.103378078979972, -2.630360599125027 ], [ 115.103425079982458, -2.630349698302496 ], [ 115.103452650437475, -2.630343304232497 ], [ 115.103503908477478, -2.630331416177512 ], [ 115.10352722189748, -2.630326009332521 ], [ 115.10358273157749, -2.630313134945027 ], [ 115.103601789757477, -2.630308715327487 ], [ 115.103676356722531, -2.630291421312506 ], [ 115.103676428677545, -2.630291404242485 ], [ 115.103736152692477, -2.630279623152489 ], [ 115.10377345923996, -2.630273563137507 ], [ 115.103797384462496, -2.630269678109983 ], [ 115.103855665484957, -2.630260214120028 ], [ 115.103874120902447, -2.630257216812481 ], [ 115.10393787083251, -2.630246864189985 ], [ 115.103950868137531, -2.630244753714976 ], [ 115.10402008157746, -2.6302335142625 ], [ 115.104027617175007, -2.630232289712524 ], [ 115.104102285132512, -2.630220164317507 ], [ 115.104104360814972, -2.630219827502515 ], [ 115.10417688564246, -2.630208048759982 ], [ 115.104184529159966, -2.630206807192508 ], [ 115.104186112002481, -2.630206550100013 ], [ 115.104254295914984, -2.630194740307502 ], [ 115.104263236789961, -2.630192954575023 ], [ 115.104329748767555, -2.63017966744502 ], [ 115.104335006624979, -2.630178617545027 ], [ 115.104406781855005, -2.630164279612472 ], [ 115.104417431577531, -2.630162152887522 ], [ 115.104452525930014, -2.630155141850025 ], [ 115.104505599200024, -2.630147493669995 ], [ 115.104509246837551, -2.630146967562496 ], [ 115.104592244027458, -2.630135006759986 ], [ 115.104594103819977, -2.630134738335016 ], [ 115.104675241222481, -2.630123045952473 ], [ 115.104682612035049, -2.630121983902484 ], [ 115.104758229424988, -2.630111086027512 ], [ 115.104763191865004, -2.630110371135004 ], [ 115.104835377512472, -2.630098740117489 ], [ 115.104841081137465, -2.630097821102481 ], [ 115.104915476469955, -2.630085833574981 ], [ 115.104921198082479, -2.630084911872473 ], [ 115.104995655697508, -2.630073359362484 ], [ 115.104997578475036, -2.630073060289988 ], [ 115.105075843872555, -2.630060916807508 ], [ 115.105076694642548, -2.630060784282477 ], [ 115.105155810809947, -2.630048509170024 ], [ 115.105156033844992, -2.630048474247474 ], [ 115.105234929680023, -2.630036232247505 ], [ 115.105236225620047, -2.630036031682494 ], [ 115.105314042255031, -2.630023957119988 ], [ 115.105316412897537, -2.630023590010012 ], [ 115.105393153934983, -2.630011681982523 ], [ 115.105396601079974, -2.63001114652252 ], [ 115.105449588917509, -2.630002924892494 ], [ 115.10545369495253, -2.630002502559989 ], [ 115.105511858552518, -2.629993412639976 ], [ 115.105513757049948, -2.629993116242474 ], [ 115.10559341296505, -2.629980667407494 ], [ 115.105600846867446, -2.629979505984977 ], [ 115.105674966477523, -2.629967922165008 ], [ 115.105687935790002, -2.629965895717476 ], [ 115.105756515497546, -2.62995517781502 ], [ 115.105775026514948, -2.629952285447473 ], [ 115.105838070815025, -2.629942431660027 ], [ 115.105855482844959, -2.629939710317501 ], [ 115.10591996975495, -2.629930775602475 ], [ 115.105932119450017, -2.629929091502504 ], [ 115.106001959962555, -2.629919413549999 ], [ 115.106015425350051, -2.629917547899993 ], [ 115.106080665887475, -2.629908506724973 ], [ 115.106098734215038, -2.629905827067489 ], [ 115.10616592274755, -2.629895864749983 ], [ 115.106182065622534, -2.629893470599995 ], [ 115.106254470239946, -2.629882733182512 ], [ 115.106276533369964, -2.629879461932489 ], [ 115.106364217905025, -2.629863219434981 ], [ 115.106371114310036, -2.629861942352477 ], [ 115.10644114340505, -2.629856001785015 ], [ 115.106488706827463, -2.629851966484978 ], [ 115.10651808944499, -2.629849474980006 ], [ 115.106577319589974, -2.629844449275026 ], [ 115.106595039984995, -2.62984294636999 ], [ 115.106665931457542, -2.629836932957517 ], [ 115.106697760007478, -2.629834231782525 ], [ 115.106753846304969, -2.629824183769983 ], [ 115.106795303507511, -2.629816756470007 ], [ 115.106841372660028, -2.629808502512503 ], [ 115.106867388640012, -2.629803841165028 ], [ 115.106939478269965, -2.629790925864995 ], [ 115.106948165249946, -2.629789370294986 ], [ 115.107004755607477, -2.629783133410001 ], [ 115.107046603407525, -2.629779630995017 ], [ 115.107074550797506, -2.629777292812491 ], [ 115.107125491684997, -2.629773030252522 ], [ 115.10715210640501, -2.629770803965016 ], [ 115.10721171234502, -2.629765815869973 ], [ 115.107229736914974, -2.629764732072488 ], [ 115.107295911227538, -2.629760754957488 ], [ 115.107307595502448, -2.629760052112488 ], [ 115.107372749219962, -2.629756136730009 ], [ 115.107385454992482, -2.62975537305249 ], [ 115.107449587215001, -2.629751518499972 ], [ 115.10751583976753, -2.629747536064997 ] ] ] } },
{ "type": "Feature", "properties": { "source_feature_id": 56, "nama_objek": "Jaringan Pengendalian Banjir", "orde_01": 45010000, "orde_02": 45012000, "orde_03": 25012100, "orde_04": 25012100, "jenis_sistem": 45000000, "status_jaringan": 2, "provinsi": "Provinsi Kalimantan Selatan", "kabupaten": "Kabupaten Hulu Sungai Selatan", "keterangan": "Tidak Ada", "sumber_data": "Dinas PUPR Kabupaten Hulu Sungai Selatan, 2023", "source_shape_length": 0.062539574740125864, "source_layer": "_6306_50KB_LN_SR_SDA_KABUPATEN_HULUSUNGAISELATAN_2024", "source_dataset": "_6306_50KB_RTRW_KABUPATEN_HULUSUNGAISELATAN_2025.gdb.zip" }, "geometry": { "type": "MultiLineString", "coordinates": [ [ [ 115.293732540027463, -2.753005365044999 ], [ 115.293642113397482, -2.753065734979998 ], [ 115.293481407047466, -2.753136086810002 ], [ 115.293270582262494, -2.753155949485006 ], [ 115.293019651109944, -2.753145505279974 ], [ 115.292698581167542, -2.753044210037501 ], [ 115.292357451425005, -2.752932801919997 ], [ 115.292035935947524, -2.752778247632477 ], [ 115.291619567790008, -2.75257282775749 ], [ 115.291451245162534, -2.75249243835998 ], [ 115.291238570552537, -2.752429795392516 ], [ 115.290919541932453, -2.752349189750021 ], [ 115.290653640105006, -2.752313185962521 ], [ 115.290414334299953, -2.752277219555026 ], [ 115.290370008582499, -2.752277155672516 ], [ 115.290059768454967, -2.75224999348751 ], [ 115.289855997512518, -2.752160648152483 ], [ 115.289678796284988, -2.752089151422524 ], [ 115.289483842657546, -2.752035439400004 ], [ 115.289306615202463, -2.751981752012512 ], [ 115.289040714622502, -2.751945747947502 ], [ 115.288863424627493, -2.751936586650004 ], [ 115.288748179142544, -2.751936421332516 ], [ 115.288541374339957, -2.751980006277506 ], [ 115.288443757852519, -2.752051107582474 ], [ 115.288417048455017, -2.752131216777514 ], [ 115.288416781614956, -2.752318224147473 ], [ 115.288416552879994, -2.752478517470024 ], [ 115.288389741784954, -2.752629867729979 ], [ 115.288327521142492, -2.752745544467473 ], [ 115.288220936654966, -2.752887873974998 ], [ 115.288132095490027, -2.753021323467522 ], [ 115.288069899312518, -2.753119190800021 ], [ 115.287981031774962, -2.753270450520006 ], [ 115.287909883032512, -2.753430641404975 ], [ 115.287881987637547, -2.75359429673 ], [ 115.287855176375047, -2.753745645109973 ], [ 115.28778410296502, -2.753852406074998 ], [ 115.287695311615039, -2.753950234932518 ], [ 115.287544503842469, -2.754021259197486 ], [ 115.28742918010505, -2.754074523494978 ], [ 115.287278346875041, -2.754163356157505 ], [ 115.287127438170046, -2.754305622267509 ], [ 115.287029665972454, -2.754483582997523 ], [ 115.286922839262502, -2.754795110054999 ], [ 115.286851640174973, -2.754990922139996 ], [ 115.28679816900501, -2.755186758929995 ], [ 115.28676241572748, -2.75539152601749 ], [ 115.28671779618503, -2.755596280272528 ], [ 115.286690869960012, -2.755827777797492 ], [ 115.286646086555038, -2.75614829821501 ], [ 115.286654760815054, -2.756281889274987 ], [ 115.286725463352468, -2.756433380347517 ], [ 115.28689434364253, -2.756572562960002 ], [ 115.287027064489962, -2.756750857827512 ], [ 115.287133000960011, -2.757062692514978 ], [ 115.287203552490041, -2.757321046064988 ], [ 115.287247507977554, -2.757579358442513 ], [ 115.287255928292552, -2.757891052107482 ], [ 115.287255405855035, -2.758256163712474 ], [ 115.287237608127498, -2.75868942860501 ], [ 115.287290417, -2.758956661232503 ], [ 115.287440641962462, -2.759295274235001 ], [ 115.287661887357444, -2.759562750685006 ], [ 115.287847709609991, -2.759803459987495 ], [ 115.287953734442453, -2.76005295851752 ], [ 115.288006632595057, -2.760257854875022 ], [ 115.288041787252496, -2.76047162935248 ], [ 115.288041329207545, -2.760792215889978 ], [ 115.287961248469969, -2.760996919752472 ], [ 115.287757082400049, -2.761183632715017 ], [ 115.287553612989996, -2.761366748379999 ], [ 115.28748224528249, -2.761678327422487 ], [ 115.287428633772493, -2.761972120962525 ], [ 115.287366156809981, -2.762265900732473 ], [ 115.287321435170043, -2.762541896819982 ], [ 115.287232388332541, -2.762817828649986 ], [ 115.287125673575019, -2.763049208657492 ], [ 115.287001268980021, -2.763253847094973 ], [ 115.286742108782505, -2.763470455707477 ], [ 115.286555684645009, -2.76364828820499 ], [ 115.286413549077452, -2.763852901667519 ], [ 115.286333455722456, -2.764066509777479 ], [ 115.286244356355041, -2.764378062705021 ], [ 115.286164084847542, -2.764716343375028 ], [ 115.286119310484992, -2.765027958757514 ], [ 115.286074614557492, -2.765286143394974 ], [ 115.285993934487465, -2.76590938966001 ], [ 115.285937666015002, -2.766173220202518 ], [ 115.285795388207475, -2.766475791 ], [ 115.28563543065502, -2.766742713690007 ], [ 115.285519864039998, -2.766965174675022 ], [ 115.285324445572542, -2.76723204571249 ], [ 115.285128989489976, -2.767525632464981 ], [ 115.284942514842555, -2.76773908552002 ], [ 115.284720423880003, -2.768059349217481 ], [ 115.284631476937534, -2.768264039277483 ], [ 115.28452462065502, -2.768593374207512 ], [ 115.284405728810043, -2.768822664725008 ], [ 115.284345780834997, -2.769002451667518 ], [ 115.284255874092537, -2.769262139062505 ], [ 115.28424560857502, -2.76948197030498 ], [ 115.284324761729977, -2.769781875759975 ], [ 115.28451338914499, -2.77005196109252 ], [ 115.284692082805009, -2.770312039429996 ], [ 115.284850862130043, -2.770582082267481 ], [ 115.284920113005001, -2.770851993917518 ], [ 115.284939606630019, -2.771131826614976 ], [ 115.284869595069949, -2.771391542994991 ], [ 115.284680005177506, -2.771790986470023 ], [ 115.28451103782254, -2.772137018227511 ], [ 115.284480733387454, -2.772456750377501 ], [ 115.284510202817501, -2.772716612449983 ], [ 115.284668984769951, -2.77298665367249 ], [ 115.284863343937445, -2.773191039114977 ], [ 115.28538424603255, -2.773687206435 ], [ 115.285672369752547, -2.773947444475027 ], [ 115.286328244057472, -2.774438057025009 ], [ 115.286750155410004, -2.774642129072504 ], [ 115.286988810939988, -2.774712428122484 ], [ 115.287326920309965, -2.774802857047519 ], [ 115.287744615849988, -2.774893401725024 ], [ 115.288162412194993, -2.774913995697489 ], [ 115.288530496080057, -2.774914532064997 ], [ 115.289107677730044, -2.774785460695 ], [ 115.289436041427507, -2.774735974277519 ], [ 115.289853909039948, -2.774706601197522 ], [ 115.290351277622449, -2.774737303507493 ], [ 115.290858464534949, -2.774857955907521 ], [ 115.291020312537512, -2.774969539197514 ], [ 115.291047293347447, -2.774988140189976 ], [ 115.291050448100009, -2.774991317984984 ], [ 115.291106535872473, -2.775047821869975 ] ], [ [ 115.291106535872473, -2.775047821869975 ], [ 115.29119630038997, -2.775138252717511 ], [ 115.291406570407503, -2.775474789397492 ], [ 115.291533766822454, -2.775678366362513 ], [ 115.291642808592542, -2.775948337422506 ], [ 115.291711873289955, -2.776348159584984 ], [ 115.291750533057552, -2.777137665950022 ], [ 115.291816260929977, -2.77741247007998 ] ], [ [ 115.291816260929977, -2.77741247007998 ], [ 115.29199830452751, -2.778173585267496 ], [ 115.292008255250039, -2.778216341812481 ] ], [ [ 115.292008255250039, -2.778216341812481 ], [ 115.292077402624955, -2.778513463845002 ], [ 115.292176481737556, -2.778793413197491 ], [ 115.292305536900017, -2.778983467342528 ], [ 115.292653352775005, -2.779243792155 ], [ 115.293050995720023, -2.779444231952482 ], [ 115.293533153689964, -2.779569125607509 ], [ 115.29399054625253, -2.779729678010028 ], [ 115.294318710249968, -2.779820092587499 ], [ 115.294646816950035, -2.779950479264983 ], [ 115.294925139924999, -2.780110771449984 ], [ 115.295094059035023, -2.780250919567493 ], [ 115.295223128322505, -2.780430982992527 ], [ 115.295272597429971, -2.780620921669993 ], [ 115.295272411792553, -2.780750831684998 ], [ 115.295162836475015, -2.780850604130023 ], [ 115.295053319449949, -2.780910402574989 ], [ 115.294864173482551, -2.781000065902504 ], [ 115.294814343822509, -2.781059951899977 ], [ 115.294863828970051, -2.78123989888752 ], [ 115.294970662797482, -2.781305693297497 ], [ 115.294972197492484, -2.781306638720025 ] ], [ [ 115.294972197492484, -2.781306638720025 ], [ 115.295042739562518, -2.78135008288001 ], [ 115.295191806039952, -2.781460221715008 ], [ 115.295221434892483, -2.78161016024751 ], [ 115.295201310304947, -2.781770021844977 ], [ 115.295071909014951, -2.781819798747506 ], [ 115.294783393292505, -2.781829373127493 ], [ 115.294584400214944, -2.781849070122519 ], [ 115.294425112585031, -2.781928782230011 ], [ 115.29429694911255, -2.782023369292517 ], [ 115.294276938389999, -2.78210328558248 ], [ 115.294246705459955, -2.782373053767515 ], [ 115.294345872957479, -2.782593046114982 ], [ 115.294514590094991, -2.782873097030006 ], [ 115.294802661624999, -2.783173306677497 ], [ 115.295031070915002, -2.783453444404984 ], [ 115.295199860099956, -2.783683529730013 ], [ 115.295230814127535, -2.783734219624989 ], [ 115.295248366409965, -2.78376296326752 ] ], [ [ 115.295248366409965, -2.78376296326752 ], [ 115.295358660564943, -2.783943580195 ], [ 115.295427121915054, -2.784148917102527 ], [ 115.295476563014972, -2.784358843772509 ], [ 115.29548613785505, -2.78461867737002 ], [ 115.29547580152996, -2.78488847463251 ], [ 115.295336092152525, -2.785188064322483 ], [ 115.295186407334995, -2.785507623759997 ], [ 115.294937296927515, -2.785787066237503 ], [ 115.294678438447477, -2.78592659246749 ], [ 115.294378650459976, -2.78605236238252 ], [ 115.294369853280045, -2.786056053624975 ], [ 115.294350194132448, -2.786061507832528 ] ], [ [ 115.294350194132448, -2.786061507832528 ], [ 115.294267902992488, -2.786084340307525 ], [ 115.294011571119995, -2.786155462689976 ], [ 115.293623468994952, -2.786234842074975 ], [ 115.293076025407458, -2.786433906729997 ], [ 115.292737507709944, -2.786623280152526 ], [ 115.292239585319976, -2.786972311632496 ], [ 115.29181778873749, -2.787258136862476 ], [ 115.291508914065048, -2.787587458204996 ], [ 115.29138453069254, -2.787784102767489 ], [ 115.291319464007529, -2.787886971310002 ], [ 115.291236635035034, -2.788069311535025 ], [ 115.291219663787501, -2.788106673525022 ], [ 115.291169458522518, -2.788426377594988 ], [ 115.291149216459985, -2.788666180142513 ], [ 115.29108890666248, -2.789095793332478 ], [ 115.29109508534998, -2.789171596817482 ] ], [ [ 115.29109508534998, -2.789171596817482 ], [ 115.291098068652445, -2.789208197560015 ], [ 115.291118232424992, -2.789455585622477 ], [ 115.291168518432528, -2.789737849754999 ], [ 115.291186897707462, -2.789821575602502 ], [ 115.291227501469962, -2.789852249287492 ], [ 115.29128843928504, -2.789877851465008 ], [ 115.291405259584963, -2.789908637329972 ], [ 115.291496641529989, -2.789962347302492 ], [ 115.291572777032457, -2.790018586972508 ], [ 115.291590425017489, -2.790113008812511 ], [ 115.291557263547475, -2.790204806327495 ], [ 115.291534315634976, -2.790456769690024 ], [ 115.291534079889971, -2.790620011205021 ], [ 115.291537931787502, -2.790766935044985 ], [ 115.291590431174996, -2.790995552667482 ], [ 115.291626697772472, -2.791328628402482 ], [ 115.291603582907555, -2.791383535809985 ] ], [ [ 115.291603582907555, -2.791383535809985 ], [ 115.291594074892487, -2.791406121454997 ], [ 115.291576627132486, -2.791490631482475 ], [ 115.291563720399949, -2.791553149067511 ], [ 115.291512295655025, -2.791752893210003 ], [ 115.291495821144963, -2.79190386849001 ], [ 115.291463138349968, -2.792022171897486 ], [ 115.291414318942543, -2.792058830799988 ], [ 115.291337081322467, -2.79207504159001 ], [ 115.291093263785001, -2.792062441904989 ], [ 115.290910445247505, -2.792021364280004 ], [ 115.290725608912453, -2.791967030167484 ], [ 115.290628105514998, -2.791960361272515 ], [ 115.290550078537535, -2.791973302689996 ], [ 115.290484966464987, -2.792045017574992 ], [ 115.290413326587554, -2.792136307467501 ], [ 115.290341723562506, -2.792201483749977 ], [ 115.29022465475748, -2.792240481702493 ], [ 115.290114113752452, -2.792259904627485 ], [ 115.289869892910019, -2.792327258302521 ], [ 115.289621037962547, -2.79242682464502 ], [ 115.289213011065044, -2.792526158022497 ], [ 115.288632695862475, -2.792666627294977 ], [ 115.288450944872466, -2.792747433122486 ] ] ] } },
{ "type": "Feature", "properties": { "source_feature_id": 57, "nama_objek": "Jaringan Irigasi Primer", "orde_01": 45010000, "orde_02": 25011000, "orde_03": 25011100, "orde_04": 25011100, "jenis_sistem": 45000000, "status_jaringan": 2, "provinsi": "Provinsi Kalimantan Selatan", "kabupaten": "Kabupaten Hulu Sungai Selatan", "keterangan": "Jaringan Irigasi yang melalui D.I.R. Rawa Negara", "sumber_data": "Bidang Sumber Daya Air Dinas PUPR Provinsi Kalimantan Selatan, 2022", "source_shape_length": 0.014335283127025162, "source_layer": "_6306_50KB_LN_SR_SDA_KABUPATEN_HULUSUNGAISELATAN_2024", "source_dataset": "_6306_50KB_RTRW_KABUPATEN_HULUSUNGAISELATAN_2025.gdb.zip" }, "geometry": { "type": "MultiLineString", "coordinates": [ [ [ 115.173277610840046, -2.798065813790004 ], [ 115.172278533532449, -2.79853268441002 ], [ 115.172267230110037, -2.798546256652514 ], [ 115.171674694840021, -2.79881271803248 ], [ 115.170422966747537, -2.799477639039992 ], [ 115.169653765972498, -2.799831196317484 ], [ 115.168735337785051, -2.800290397569995 ], [ 115.167630627352537, -2.800835361035013 ] ], [ [ 115.167630627352537, -2.800835361035013 ], [ 115.167197139774999, -2.801049203767491 ], [ 115.166595081130026, -2.801356566725019 ], [ 115.163415810960032, -2.802946181897482 ] ], [ [ 115.163415810960032, -2.802946181897482 ], [ 115.160929426720031, -2.804189358887527 ], [ 115.16079822046504, -2.804308708790018 ], [ 115.160458249987528, -2.804458430562477 ] ] ] } },
{ "type": "Feature", "properties": { "source_feature_id": 58, "nama_objek": "Jaringan Irigasi Primer", "orde_01": 45010000, "orde_02": 25011000, "orde_03": 25011100, "orde_04": 25011100, "jenis_sistem": 45000000, "status_jaringan": 2, "provinsi": "Provinsi Kalimantan Selatan", "kabupaten": "Kabupaten Hulu Sungai Selatan", "keterangan": "Jaringan Irigasi yang melalui D.I.R. Rawa Negara", "sumber_data": "Bidang Sumber Daya Air Dinas PUPR Provinsi Kalimantan Selatan, 2022", "source_shape_length": 0.025640258617906274, "source_layer": "_6306_50KB_LN_SR_SDA_KABUPATEN_HULUSUNGAISELATAN_2024", "source_dataset": "_6306_50KB_RTRW_KABUPATEN_HULUSUNGAISELATAN_2025.gdb.zip" }, "geometry": { "type": "MultiLineString", "coordinates": [ [ [ 115.151083869502486, -2.809032280127497 ], [ 115.151156350867495, -2.808890298087476 ], [ 115.151828259907461, -2.8082487346025 ], [ 115.152271754990011, -2.807683852952493 ], [ 115.152517823577455, -2.807131670162505 ], [ 115.152609960797463, -2.806882185209986 ], [ 115.152684622442507, -2.80651807652248 ], [ 115.15267063449005, -2.806098140422478 ], [ 115.152673838779947, -2.805653612822482 ], [ 115.152501620142516, -2.804894551367511 ], [ 115.152390205777465, -2.804317249815028 ], [ 115.152164431642518, -2.803105951887517 ], [ 115.152162344907538, -2.803094755012523 ] ], [ [ 115.149834510275014, -2.812963815147498 ], [ 115.149909993265055, -2.812705989205028 ], [ 115.150338148447531, -2.811232891450004 ], [ 115.150505635794957, -2.810773861684993 ], [ 115.150629011067508, -2.810324197302521 ], [ 115.150955092362551, -2.809284534782478 ], [ 115.151083869502486, -2.809032280127497 ] ], [ [ 115.149584937102532, -2.813775847850025 ], [ 115.149602561849974, -2.813756073169998 ], [ 115.149834510275014, -2.812963815147498 ] ], [ [ 115.142080950202512, -2.824423241914985 ], [ 115.142084424037535, -2.824419916304976 ], [ 115.142373472879967, -2.82414314842498 ], [ 115.142673695274993, -2.823993696270009 ], [ 115.143103287342456, -2.823776786170015 ], [ 115.143434499775026, -2.823433775304977 ], [ 115.143730497277488, -2.823409971812509 ], [ 115.143878476160012, -2.823407478552497 ], [ 115.143989604894955, -2.823405606114989 ], [ 115.144359992690056, -2.823475098632514 ], [ 115.144472130732538, -2.823446989612478 ], [ 115.144586396205, -2.823080737502494 ], [ 115.144583682594998, -2.823067993395 ], [ 115.144546181035025, -2.822708350975006 ], [ 115.144679453307504, -2.822158016342485 ], [ 115.144871845572538, -2.821582521127482 ], [ 115.14491353751248, -2.821267645867522 ], [ 115.144962348874969, -2.820818411869993 ], [ 115.145017344832468, -2.820467111817493 ], [ 115.145139548600014, -2.820192510784977 ], [ 115.145302146547465, -2.819792342774974 ], [ 115.145476687662494, -2.819381414409975 ], [ 115.145590370212517, -2.819249427185014 ], [ 115.145592954605036, -2.819238167272488 ], [ 115.14575959269996, -2.819074178030007 ], [ 115.145833368104945, -2.818954964272507 ], [ 115.145836684200049, -2.818821785739999 ], [ 115.145881264107516, -2.818665211072528 ], [ 115.146044263894964, -2.818491914925005 ], [ 115.146051010995052, -2.818484105897483 ], [ 115.146403918584951, -2.818242207230014 ], [ 115.146411168290001, -2.818233886302494 ], [ 115.146732484362474, -2.817908149542518 ], [ 115.146724026605057, -2.817925765889981 ], [ 115.146719187944996, -2.817943142977526 ], [ 115.147339124344967, -2.817332058240027 ], [ 115.147644932812454, -2.816995988715007 ], [ 115.147879419870037, -2.816689473922509 ], [ 115.147898525640016, -2.816666971794973 ], [ 115.14840075872246, -2.816031529165002 ], [ 115.148406009015048, -2.816018829414986 ], [ 115.148854098179982, -2.815383476997511 ], [ 115.148860397007525, -2.815362243825007 ], [ 115.149126158094987, -2.814886802667502 ], [ 115.149311563274978, -2.814555117062525 ], [ 115.149584937102532, -2.813775847850025 ] ] ] } },
{ "type": "Feature", "properties": { "source_feature_id": 59, "nama_objek": "Jaringan Irigasi Sekunder", "orde_01": 45010000, "orde_02": 25011000, "orde_03": 25011200, "orde_04": 25011200, "jenis_sistem": 45000000, "status_jaringan": 2, "provinsi": "Provinsi Kalimantan Selatan", "kabupaten": "Kabupaten Hulu Sungai Selatan", "keterangan": "Jaringan Irigasi yang melalui D.I.R. Polder Bakar", "sumber_data": "Dinas PUPR Kabupaten Hulu Sungai Selatan, 2023", "source_shape_length": 9.2849700269432832e-05, "source_layer": "_6306_50KB_LN_SR_SDA_KABUPATEN_HULUSUNGAISELATAN_2024", "source_dataset": "_6306_50KB_RTRW_KABUPATEN_HULUSUNGAISELATAN_2025.gdb.zip" }, "geometry": { "type": "MultiLineString", "coordinates": [ [ [ 115.135019834077525, -2.540292582152517 ], [ 115.135030572954975, -2.540259739919975 ] ], [ [ 115.134983102957449, -2.540404910722486 ], [ 115.134999066865021, -2.540356090847524 ], [ 115.135001221697507, -2.540349501582511 ] ] ] } },
{ "type": "Feature", "properties": { "source_feature_id": 60, "nama_objek": "Jaringan Pengendalian Banjir", "orde_01": 45010000, "orde_02": 45012000, "orde_03": 25012100, "orde_04": 25012100, "jenis_sistem": 45000000, "status_jaringan": 2, "provinsi": "Provinsi Kalimantan Selatan", "kabupaten": "Kabupaten Hulu Sungai Selatan", "keterangan": "Tidak Ada", "sumber_data": "Dinas PUPR Kabupaten Hulu Sungai Selatan, 2023", "source_shape_length": 0.039558497178261078, "source_layer": "_6306_50KB_LN_SR_SDA_KABUPATEN_HULUSUNGAISELATAN_2024", "source_dataset": "_6306_50KB_RTRW_KABUPATEN_HULUSUNGAISELATAN_2025.gdb.zip" }, "geometry": { "type": "MultiLineString", "coordinates": [ [ [ 115.069070922604965, -2.644312789765024 ], [ 115.069074984312465, -2.644274740272522 ], [ 115.069083536550011, -2.644177743249998 ], [ 115.069083691202536, -2.644175996584977 ], [ 115.069125153337495, -2.644042028685021 ], [ 115.069146949662468, -2.643904230585008 ], [ 115.069159122167548, -2.643827285269992 ], [ 115.069171294682519, -2.643750330909995 ], [ 115.06918815061249, -2.643643762375007 ], [ 115.069197502627503, -2.64353771105749 ], [ 115.069204210752446, -2.643461633357504 ], [ 115.069210916162547, -2.643385565599999 ], [ 115.069217622457472, -2.643309504172521 ], [ 115.069224328747509, -2.643233442742485 ], [ 115.069231036845053, -2.643157373177473 ], [ 115.06923774404504, -2.643081300897506 ], [ 115.069244449432517, -2.643005234040004 ], [ 115.06925115571255, -2.642929168087505 ], [ 115.069251581265007, -2.642924338532509 ], [ 115.069252738864975, -2.642919399807511 ], [ 115.069270172562483, -2.642845014345028 ], [ 115.06928760625749, -2.642770625264973 ], [ 115.069305041755001, -2.642696231665013 ], [ 115.069324478392446, -2.642613292910028 ], [ 115.069338216629944, -2.642549432849989 ], [ 115.069342203745009, -2.642524707477492 ], [ 115.069355223610046, -2.642443960409992 ], [ 115.06936824256502, -2.642363216955005 ], [ 115.069381260600039, -2.642282481637494 ], [ 115.069399159932459, -2.642171477802492 ], [ 115.069409313899996, -2.642060149009978 ], [ 115.069416693860035, -2.641979232175004 ], [ 115.069424072019956, -2.641898315335027 ], [ 115.069431922977515, -2.641812245310007 ], [ 115.069438873807485, -2.641724499302484 ], [ 115.069445414752522, -2.641641917429979 ], [ 115.06945195840251, -2.641559327422499 ], [ 115.06945763184001, -2.641487710297497 ], [ 115.069465560047547, -2.641412148967504 ], [ 115.069474638962447, -2.641325625139984 ], [ 115.069482675755012, -2.641249027770016 ], [ 115.069491364679948, -2.64118156290499 ], [ 115.069501330365028, -2.641104184605013 ], [ 115.069513763127475, -2.641007648409982 ], [ 115.069521739822449, -2.640909404454987 ], [ 115.069527198779952, -2.640842158785006 ], [ 115.069533871819999, -2.64078171637999 ], [ 115.069541841530054, -2.640709529572518 ], [ 115.069549812135051, -2.640637341862487 ], [ 115.069561001637453, -2.640535988864997 ], [ 115.069565064837548, -2.640422946127501 ], [ 115.069566005279967, -2.640396758422526 ], [ 115.069564120585028, -2.640339208742489 ], [ 115.069561856267455, -2.640270139899997 ], [ 115.069562138685001, -2.640204268657499 ], [ 115.069562483362461, -2.64012369436 ], [ 115.069562828934977, -2.640043120065002 ], [ 115.069563174502491, -2.63996254757501 ], [ 115.069563518262498, -2.639881975990022 ], [ 115.069564008799944, -2.639767476432496 ], [ 115.069553096832465, -2.639645967822503 ], [ 115.069545213185052, -2.639558167897519 ], [ 115.069537328634965, -2.639470365260024 ], [ 115.069529443185047, -2.639382563524975 ], [ 115.069520308750043, -2.639280855095024 ], [ 115.069510484932493, -2.639204041757523 ], [ 115.069502434322544, -2.639141105194994 ], [ 115.069493049345056, -2.639067736632512 ], [ 115.06948354457495, -2.639006739112517 ], [ 115.069483625702446, -2.639001944279983 ], [ 115.069485036624997, -2.638917904052505 ], [ 115.069484027775047, -2.63884394094498 ], [ 115.069483177197526, -2.63878160877249 ], [ 115.069482230562471, -2.638712187545025 ], [ 115.069479647717458, -2.638633330272512 ], [ 115.069477294917533, -2.638561547797508 ], [ 115.069474942097486, -2.638489774367486 ], [ 115.069474244047456, -2.638468435124992 ], [ 115.069476303310012, -2.638449010754982 ], [ 115.069483759357468, -2.638378674929982 ], [ 115.069492051142447, -2.638300460330015 ], [ 115.069497900667557, -2.638229416724982 ], [ 115.069506040922533, -2.638130526509997 ], [ 115.069502764245044, -2.638030488235017 ], [ 115.069499532992495, -2.637931891322523 ], [ 115.069487623744976, -2.637850640557474 ], [ 115.069479773527519, -2.63779707450999 ], [ 115.069479365512507, -2.637794626209995 ], [ 115.069463046025021, -2.63771052576999 ], [ 115.069451226782462, -2.637649612352504 ], [ 115.069444915857503, -2.637601278585009 ], [ 115.06947462702999, -2.637556330264999 ], [ 115.069488903942556, -2.637328424272482 ], [ 115.069481248295006, -2.637199407779974 ], [ 115.069448751939944, -2.637062300669982 ], [ 115.069430596589996, -2.637001429819975 ], [ 115.069422878977548, -2.636975556837513 ], [ 115.069414801422454, -2.636937632147522 ], [ 115.069412221664948, -2.636925526347511 ], [ 115.069411073202446, -2.636894235712475 ], [ 115.069407334514949, -2.636792324129999 ], [ 115.069395938784965, -2.636699887447492 ], [ 115.069394268459973, -2.636686334540002 ], [ 115.069386193852552, -2.636620839075022 ], [ 115.069378120144961, -2.636555341802477 ], [ 115.0693720861575, -2.636506403562521 ], [ 115.069368604457509, -2.636447733812474 ], [ 115.069364134302532, -2.636372369230003 ], [ 115.069359662357556, -2.636296998315004 ], [ 115.069356464582484, -2.636243115827483 ], [ 115.069357938765052, -2.636189691819993 ], [ 115.069360012859988, -2.636114554449989 ], [ 115.069361733727533, -2.636052166615002 ], [ 115.069363596132462, -2.636039690689984 ], [ 115.069374576122527, -2.635966152262483 ], [ 115.069388023567512, -2.635876081717527 ], [ 115.069394931182501, -2.635777657947472 ], [ 115.069400669402512, -2.63569592202748 ], [ 115.06940640491996, -2.635614187007491 ], [ 115.069412143129966, -2.635532451992503 ], [ 115.069420061032474, -2.635419629547528 ], [ 115.069413301032455, -2.635307945212503 ], [ 115.069409277484965, -2.635241462352496 ], [ 115.069431450082448, -2.635161142699985 ], [ 115.069444583754944, -2.635068109505028 ], [ 115.069453051370033, -2.635008129205005 ], [ 115.069466585927444, -2.634912246602482 ], [ 115.069466312384975, -2.634800348132501 ], [ 115.069466308819983, -2.634799160915009 ], [ 115.069461982572534, -2.634772150319975 ], [ 115.069454663207466, -2.634726459764977 ], [ 115.069448074972456, -2.634685335644974 ], [ 115.069446884567469, -2.634671905555024 ], [ 115.06944601677003, -2.634608982914983 ], [ 115.069445636604996, -2.634581453130011 ], [ 115.069444877197498, -2.634526376379995 ], [ 115.06944445906754, -2.63449605799002 ], [ 115.069443736720018, -2.634443770747509 ], [ 115.069443279732468, -2.634410661040022 ], [ 115.069442296265038, -2.634339357215026 ], [ 115.069440882004983, -2.634325327295016 ], [ 115.069432520355008, -2.634242419259976 ], [ 115.069432307817465, -2.63424031124498 ], [ 115.069424933584969, -2.634167194492477 ], [ 115.069423734527504, -2.634155294292498 ], [ 115.069417347719991, -2.634091965210018 ], [ 115.069415161232541, -2.634070278245019 ], [ 115.069409761857514, -2.634016733212491 ], [ 115.069405441110007, -2.633973888322487 ], [ 115.06940551918251, -2.633969900030024 ], [ 115.069408914682526, -2.633925814847487 ], [ 115.069413327654956, -2.633868509172487 ], [ 115.069415110300042, -2.633845345507495 ], [ 115.069419952632529, -2.633782467932519 ], [ 115.069421307707444, -2.633764877075009 ], [ 115.069426578505045, -2.633696423979984 ], [ 115.069427503314955, -2.633684406830014 ], [ 115.069432068562492, -2.633625130239977 ], [ 115.069434392874996, -2.633610456927499 ], [ 115.069441243235019, -2.63356721350749 ], [ 115.0694479519575, -2.633524861405022 ], [ 115.069453755477525, -2.633488220609991 ], [ 115.069461511037503, -2.633439264974982 ], [ 115.069466269517534, -2.633409224099978 ], [ 115.069475070107501, -2.633353669450003 ], [ 115.069486107852526, -2.633283986582512 ], [ 115.069485564299953, -2.633270876682502 ], [ 115.069481142802488, -2.633189515537481 ], [ 115.069479778819982, -2.633164432785009 ], [ 115.069476555102483, -2.633105146774994 ], [ 115.069474549379947, -2.633068240642501 ], [ 115.069467510792492, -2.633020607412504 ], [ 115.069458080322534, -2.632956793462483 ], [ 115.069454997932553, -2.632935935157491 ], [ 115.069452091735002, -2.632916267050007 ], [ 115.069452625177519, -2.632889228762508 ], [ 115.069453365410027, -2.632851680404997 ], [ 115.069454088022553, -2.632815066057503 ], [ 115.069454286012501, -2.632805017115004 ], [ 115.069456147937444, -2.632797505229973 ], [ 115.069463488, -2.632767877972526 ], [ 115.069473755759986, -2.632726434699975 ], [ 115.069489123475023, -2.63266440356 ], [ 115.06950548966995, -2.632615495685002 ], [ 115.069513822769977, -2.632561643809993 ], [ 115.069524637812492, -2.632491754430021 ], [ 115.069526893622538, -2.632477182280013 ], [ 115.06953734630747, -2.632409637822491 ], [ 115.069539963565035, -2.632392724362489 ], [ 115.069550052999944, -2.632327520307513 ], [ 115.069553031702526, -2.632308267347526 ], [ 115.069557365342462, -2.632280261152516 ], [ 115.069570413632505, -2.632236148489994 ], [ 115.069573613117541, -2.632225330227527 ], [ 115.069593494195033, -2.632158120527492 ], [ 115.069607930732445, -2.632109310909982 ], [ 115.069620596665004, -2.632081705584994 ], [ 115.069654422090025, -2.63200798475998 ], [ 115.069655860989997, -2.632004848530016 ], [ 115.069688247510044, -2.63193426393002 ], [ 115.069689123477474, -2.631932355627498 ], [ 115.069694213302455, -2.631921262717526 ], [ 115.06973453759997, -2.631871984320014 ], [ 115.069737774172495, -2.631868029875022 ], [ 115.069789206222481, -2.63180517776749 ], [ 115.069815372645053, -2.631773201754982 ], [ 115.069831111027497, -2.631737272637508 ], [ 115.069865710557451, -2.631658287852474 ], [ 115.069868512309995, -2.631652354347523 ], [ 115.069898996929965, -2.631587782395002 ], [ 115.069901749969972, -2.63158195098498 ], [ 115.069934965982497, -2.631511590989987 ], [ 115.069935048107482, -2.631511391290019 ], [ 115.069964785495017, -2.631438679482528 ], [ 115.069967172614952, -2.631432838462501 ], [ 115.069994480474975, -2.631366061644997 ], [ 115.069994520184991, -2.63136596405252 ], [ 115.07000619402254, -2.631337421322485 ], [ 115.070023875804964, -2.631294183875013 ], [ 115.070024241400006, -2.631293237747514 ], [ 115.070048153047537, -2.631231319320023 ], [ 115.070052636757509, -2.631219710970015 ], [ 115.070070438917469, -2.631173616442481 ], [ 115.070078823199992, -2.631151906135017 ], [ 115.070078939677501, -2.631151585324972 ], [ 115.070101558270039, -2.631107290407499 ], [ 115.070115687105044, -2.631079623137509 ], [ 115.070141313267527, -2.631029438430005 ], [ 115.070155338395011, -2.631001971727528 ], [ 115.070181062849997, -2.630951594574981 ], [ 115.070194989674974, -2.6309243230275 ], [ 115.070213911689962, -2.630887265880006 ], [ 115.070236580460005, -2.630847749714974 ], [ 115.07024663784, -2.63083021578251 ], [ 115.070279944569961, -2.630772152074996 ], [ 115.070286908824983, -2.630760011390009 ], [ 115.070327181607468, -2.630689804284998 ], [ 115.070342664340046, -2.630662813640015 ], [ 115.070372854747461, -2.630622884192519 ], [ 115.070415397904981, -2.630566614297493 ], [ 115.070421895462459, -2.630558021862498 ], [ 115.070432279667443, -2.630544286062502 ], [ 115.070447852785037, -2.630530432647504 ], [ 115.070472172679956, -2.630508793222475 ], [ 115.070519731157447, -2.630466481082522 ], [ 115.070532457847548, -2.630454290580019 ], [ 115.070575685739982, -2.630412883132522 ], [ 115.07059103628751, -2.63039817851751 ], [ 115.070626671742502, -2.630364042577526 ], [ 115.070649609322459, -2.630342069155006 ], [ 115.070677540687484, -2.630315313052506 ], [ 115.070700533137483, -2.630278699840005 ], [ 115.070744479262544, -2.63020871993001 ], [ 115.070761176052542, -2.6301821308125 ], [ 115.070773423062519, -2.630162630022483 ], [ 115.070796481602542, -2.630118110597493 ], [ 115.070799710877509, -2.630111876650005 ], [ 115.070824490012455, -2.630064035162491 ], [ 115.07083341879752, -2.630049556552478 ], [ 115.070856423085047, -2.630012252539984 ], [ 115.070874129227491, -2.62998354012251 ], [ 115.070881650099977, -2.629971344232501 ], [ 115.070903707207549, -2.629943088864991 ], [ 115.070920623, -2.629921418919992 ], [ 115.070949590745045, -2.629884308629983 ], [ 115.070957753604944, -2.629873850699994 ], [ 115.070971057957536, -2.629861954044998 ], [ 115.070971103872466, -2.629861914329979 ], [ 115.07103066959246, -2.629808652874999 ], [ 115.071031489805023, -2.629807919037489 ], [ 115.071091874830017, -2.629753924639999 ], [ 115.071118578065011, -2.629730048282511 ], [ 115.071170044874975, -2.629694774102518 ], [ 115.071216869329987, -2.629657922112472 ], [ 115.071251150489957, -2.629630940750019 ], [ 115.071283531339986, -2.629605456499974 ], [ 115.071317919622516, -2.629578391212476 ], [ 115.071350192450041, -2.629552990879972 ], [ 115.071384686052511, -2.629525841659984 ], [ 115.071416857152485, -2.629500522545015 ], [ 115.071437142104969, -2.629484557882506 ], [ 115.071479804994965, -2.629455637365027 ], [ 115.0714863077975, -2.629451228647497 ], [ 115.071537640787483, -2.629416432549988 ], [ 115.071556979989964, -2.629403321874975 ], [ 115.071622820752509, -2.629358690732488 ], [ 115.071629554592505, -2.629352548122483 ], [ 115.071692891880048, -2.629296445132525 ], [ 115.071702231897461, -2.629288171754979 ], [ 115.07175374785254, -2.629242540910013 ], [ 115.071757197015017, -2.62923948555499 ], [ 115.071812162127458, -2.629190799349999 ], [ 115.071814602919972, -2.629188637585003 ], [ 115.071872838927447, -2.629137053069996 ], [ 115.071875382589951, -2.629134648234981 ], [ 115.071934554047516, -2.629078712352509 ], [ 115.071939200175052, -2.629074319737526 ], [ 115.071960919902494, -2.629053788370015 ], [ 115.071970058712509, -2.629048317689978 ], [ 115.072000025542479, -2.629030380615006 ], [ 115.072025795987543, -2.629014956119988 ], [ 115.072071137252465, -2.628987815564983 ], [ 115.07209888002501, -2.628973178972501 ], [ 115.072117015847539, -2.628966749345011 ], [ 115.0721753959225, -2.628946054264986 ], [ 115.072202869534976, -2.628936315297494 ], [ 115.072229948224958, -2.628926715867522 ], [ 115.072277666489981, -2.628910852542504 ], [ 115.072299505202523, -2.628903593179984 ], [ 115.072352690117555, -2.628885911854979 ], [ 115.072426787195013, -2.628861279862519 ], [ 115.072427598167451, -2.628860707859985 ], [ 115.072493439802543, -2.628814309824975 ], [ 115.072539522014949, -2.628781836519977 ], [ 115.072559282337465, -2.628767909975011 ], [ 115.072586483602549, -2.628748742487517 ], [ 115.072626934552545, -2.628725750907506 ], [ 115.072631289119954, -2.628723275640027 ], [ 115.07269546565999, -2.628686801297476 ], [ 115.072701500320022, -2.628683371090005 ], [ 115.07273072988005, -2.62866777380998 ], [ 115.072767008664982, -2.628654362067493 ], [ 115.072770280567511, -2.628653150997479 ], [ 115.072809631540053, -2.628638602017475 ], [ 115.072831258242445, -2.62861950453248 ], [ 115.072841057377445, -2.62861085208749 ], [ 115.072889472352472, -2.628568095302512 ], [ 115.07290739331745, -2.628552269785018 ], [ 115.072958396582521, -2.628513763130002 ], [ 115.072974527022552, -2.628499960239992 ], [ 115.072997532955014, -2.628480273542493 ], [ 115.073058686737454, -2.628427944762507 ], [ 115.073060939724996, -2.628426883112525 ], [ 115.073133999887546, -2.628392436162528 ], [ 115.073161652977547, -2.628379398917502 ], [ 115.073189822530026, -2.628366116532504 ], [ 115.073229279935049, -2.628353101214998 ], [ 115.073248614179988, -2.628346724055007 ], [ 115.073318770877449, -2.628323579595019 ], [ 115.073325787549948, -2.628322369812508 ], [ 115.073405440550005, -2.628308632904975 ], [ 115.0734249499925, -2.628305268802478 ], [ 115.073485091749944, -2.628294896889997 ], [ 115.07351003412748, -2.628290595422527 ], [ 115.073555463537446, -2.628282759570027 ], [ 115.073629409622527, -2.62827449414749 ], [ 115.073631289072523, -2.628274285480018 ], [ 115.073714786042501, -2.628283811429981 ], [ 115.073745201940028, -2.628287282809993 ], [ 115.07380021035749, -2.628293560085012 ], [ 115.073884550547518, -2.628303184989988 ], [ 115.073885679110049, -2.628303649689997 ], [ 115.073974097000018, -2.628340083204989 ], [ 115.074026620114978, -2.628361726207515 ], [ 115.07403357299745, -2.628364591549996 ], [ 115.074055405437548, -2.628376082524994 ], [ 115.074084931600055, -2.628378139255005 ], [ 115.074091131950013, -2.628378647987518 ], [ 115.074170708964971, -2.628385169510011 ], [ 115.074176722324978, -2.628385662582502 ], [ 115.074239679672473, -2.628390820112486 ], [ 115.074262383452492, -2.6283916871825 ], [ 115.074308560607506, -2.628393449637485 ], [ 115.074348241207531, -2.628394964214976 ], [ 115.074403550947522, -2.628397074480006 ], [ 115.074434007917489, -2.628399570277509 ], [ 115.074498550197518, -2.628404859555019 ], [ 115.074519594717458, -2.628406583942478 ], [ 115.07458066149502, -2.628411588427525 ], [ 115.074605180624985, -2.6284135975975 ], [ 115.074651210852494, -2.62841736894751 ], [ 115.074662635577511, -2.6284198542225 ], [ 115.074700419587543, -2.628428071399981 ], [ 115.074770300867499, -2.628443269030015 ], [ 115.074788130402453, -2.628448960579988 ], [ 115.074873609732549, -2.628476243515024 ], [ 115.07487730145499, -2.628477421082493 ], [ 115.074958626257512, -2.628503379249992 ], [ 115.074959083677527, -2.628503524629991 ], [ 115.075039952865041, -2.628529336512486 ], [ 115.075044559430012, -2.628530806650019 ], [ 115.075130036085056, -2.628558089569992 ], [ 115.075155873645031, -2.628566336142512 ], [ 115.075210913867522, -2.628592382860006 ], [ 115.075264343324989, -2.628618146777512 ], [ 115.075289704552461, -2.628630376519993 ], [ 115.075339728022527, -2.628654498555022 ], [ 115.075370335257503, -2.628669258239995 ], [ 115.075415116317458, -2.628690853047488 ], [ 115.07545096776505, -2.628708140867502 ], [ 115.075490500129945, -2.628727203914991 ], [ 115.075531599380042, -2.628747023492508 ], [ 115.07554560699748, -2.628753778784983 ], [ 115.075607614830005, -2.628778385052499 ], [ 115.07561404762248, -2.628780936729981 ], [ 115.075690450392472, -2.628811256344989 ], [ 115.075696876892493, -2.628813808012524 ], [ 115.075765720982531, -2.628841126624991 ], [ 115.075773134370024, -2.628844480942519 ], [ 115.075829529482462, -2.628870008027491 ], [ 115.075854339310013, -2.628881237767473 ], [ 115.075907056937467, -2.628905098135021 ], [ 115.075935545157449, -2.628917992784977 ], [ 115.075984582599972, -2.628940188239994 ], [ 115.076029870672528, -2.628960687027472 ], [ 115.076061402010055, -2.628976752902474 ], [ 115.076107661812443, -2.629000322054992 ], [ 115.076137240019989, -2.629015392992528 ], [ 115.076172620132525, -2.629033419714972 ], [ 115.076213076237536, -2.629054033080024 ], [ 115.076237570372541, -2.629066512839984 ], [ 115.076288912462473, -2.629092673165019 ], [ 115.076302521512503, -2.629099607772503 ], [ 115.076341291319977, -2.629119361344976 ], [ 115.076370983202537, -2.629137704762513 ], [ 115.07639212201002, -2.629151269787485 ], [ 115.076449767342524, -2.629188262262517 ], [ 115.076464785650046, -2.629197899902522 ], [ 115.076523959767542, -2.629235873092512 ], [ 115.076537444807514, -2.629244527297487 ], [ 115.076598152194947, -2.629283486632517 ], [ 115.076610109357489, -2.629291160124978 ], [ 115.076672341937524, -2.629331096552505 ], [ 115.076682776612529, -2.629337792957472 ], [ 115.07674653259005, -2.629378706472494 ], [ 115.076755441180012, -2.629384423072509 ], [ 115.076828099467548, -2.629431050464973 ], [ 115.076834843337451, -2.629435378472522 ], [ 115.076898226562548, -2.629481335950004 ], [ 115.076913257337537, -2.629492234065026 ], [ 115.076968095055008, -2.629531992662521 ], [ 115.07697810449497, -2.629539249015011 ], [ 115.077027829272538, -2.629575303314994 ], [ 115.077042484954973, -2.629586896182502 ], [ 115.077084433257482, -2.629620077542484 ], [ 115.077105332875021, -2.629636608882493 ], [ 115.077150856199978, -2.629672616892492 ], [ 115.07716818529002, -2.629686324304998 ], [ 115.077217276452529, -2.629725155332494 ], [ 115.077244807052466, -2.629746933174999 ], [ 115.077281793372549, -2.629779994732473 ], [ 115.077316688532505, -2.629811189487498 ], [ 115.077344960042524, -2.629836462314984 ], [ 115.077375473557481, -2.629863739612517 ], [ 115.077408129412447, -2.629892931712504 ], [ 115.077434259485017, -2.629916290644985 ], [ 115.077471298787486, -2.629949402014972 ], [ 115.077493042722494, -2.629968839865001 ], [ 115.077534467272471, -2.630005870507489 ], [ 115.077551825969977, -2.630021387275008 ], [ 115.077586212045048, -2.630052127337478 ], [ 115.077609489802512, -2.630075127405007 ], [ 115.077634114185003, -2.630099458735003 ], [ 115.077652584495013, -2.630117708820023 ], [ 115.077695337270029, -2.630155174634979 ], [ 115.077701312814952, -2.630160412890007 ], [ 115.077757665240028, -2.630209797257521 ], [ 115.077763803307448, -2.630215175914998 ], [ 115.07781999142253, -2.630264416262492 ], [ 115.077826293807448, -2.63026993894249 ], [ 115.077882316709974, -2.630319036170022 ], [ 115.077888786107451, -2.630324705589999 ], [ 115.077944642005036, -2.630373656079996 ], [ 115.077951277512511, -2.630379472237507 ], [ 115.07800696910499, -2.630428275992472 ], [ 115.078013767132461, -2.630434234362497 ], [ 115.078069296204944, -2.630482898617515 ], [ 115.078076258555029, -2.630488998297494 ], [ 115.078123499977551, -2.630530398922474 ], [ 115.078138237337498, -2.630544449537524 ], [ 115.078176753784987, -2.630581170065 ], [ 115.078198642107509, -2.630602039492487 ], [ 115.078237859732553, -2.630639431120017 ], [ 115.078276655402533, -2.630676417915026 ], [ 115.078296516075056, -2.630699740920022 ], [ 115.078343838310047, -2.630755315042506 ], [ 115.078350903394949, -2.63076361118749 ], [ 115.078395350059964, -2.630815806374983 ], [ 115.078405293412516, -2.630827482367522 ], [ 115.078446864507555, -2.630876300427474 ], [ 115.078459682537527, -2.63089135445 ], [ 115.078498378059976, -2.630936795382524 ], [ 115.078514073462543, -2.630955227439983 ], [ 115.07854988982001, -2.630997289435015 ], [ 115.078568463495003, -2.631019100432525 ], [ 115.078601401587548, -2.631057780772494 ], [ 115.078622852635021, -2.631082970712498 ], [ 115.078669181367445, -2.631137376882521 ], [ 115.078674648132505, -2.631145481575004 ], [ 115.078718799430021, -2.631212672510003 ], [ 115.078721873514951, -2.631217350187512 ], [ 115.078757726482536, -2.631271916457479 ], [ 115.078770134227511, -2.631291860677493 ], [ 115.078788182594963, -2.631320871027526 ], [ 115.078805691917523, -2.631349017935008 ], [ 115.078818381439987, -2.631366382902513 ], [ 115.078835361517463, -2.631389618267519 ], [ 115.078866775327469, -2.63143260930002 ], [ 115.07887086502501, -2.631437537207489 ], [ 115.078911572667494, -2.631486576377483 ], [ 115.07892731312495, -2.631505537464989 ], [ 115.078972009057452, -2.631559384127513 ], [ 115.078983232814949, -2.631573955554984 ], [ 115.079024591482494, -2.631627651472513 ], [ 115.079037154947514, -2.631643963754982 ], [ 115.079071689452462, -2.631688799677477 ], [ 115.07909107888247, -2.631713972864986 ], [ 115.07911878832499, -2.631749946979994 ], [ 115.079125497635005, -2.63175865760752 ], [ 115.079142391679966, -2.631787586607516 ], [ 115.079164399944943, -2.631825269877481 ], [ 115.079174656897521, -2.631844711652491 ], [ 115.079193932720045, -2.631881251394987 ], [ 115.079224971017538, -2.631941075394991 ], [ 115.079230164002524, -2.631947716667526 ], [ 115.079276025932472, -2.632006371887485 ], [ 115.079304072709988, -2.632042241642523 ], [ 115.079321887865035, -2.632065026204998 ], [ 115.079356422510045, -2.632109194832481 ], [ 115.079367749804987, -2.632123680522511 ], [ 115.079387111999949, -2.632148443165022 ], [ 115.079400234452464, -2.632170801817495 ], [ 115.079414738472451, -2.632192224045014 ], [ 115.079435659317483, -2.632223127735017 ], [ 115.079465542907542, -2.632267269270017 ], [ 115.079480851779977, -2.632289183727494 ], [ 115.079511026340015, -2.632332376302486 ], [ 115.079522830070005, -2.632349272432521 ], [ 115.07956595120254, -2.632407555404995 ], [ 115.07957250654249, -2.632416414990018 ], [ 115.079619021929943, -2.632465820335028 ], [ 115.079650823024963, -2.632499595447484 ], [ 115.079673056052457, -2.63252321058502 ], [ 115.079709828345017, -2.632562264900002 ], [ 115.079727093769975, -2.632580603555027 ], [ 115.079753790822451, -2.632608959107472 ], [ 115.079781127899992, -2.632637994710024 ], [ 115.079797753305002, -2.632655652414996 ], [ 115.079836237422455, -2.632696526829989 ], [ 115.079848570900026, -2.632709794312518 ], [ 115.079891510232528, -2.632752355634977 ], [ 115.079910912385003, -2.632771586432511 ], [ 115.079946221749992, -2.632806586752508 ], [ 115.079966052129976, -2.632826242282476 ], [ 115.080000935069961, -2.632860818774986 ], [ 115.080021191882452, -2.632880897229995 ], [ 115.080055646600044, -2.63291504808501 ], [ 115.08007624814752, -2.632935469767517 ], [ 115.080095447390022, -2.632954516697509 ], [ 115.080136119697499, -2.632989105772481 ], [ 115.080139696202536, -2.632992147624975 ], [ 115.080197424935022, -2.633041243024991 ], [ 115.080199875420021, -2.633043326484994 ], [ 115.080244608232533, -2.633081368672492 ], [ 115.080259626415, -2.633092321032507 ], [ 115.080288506012494, -2.633113383052489 ], [ 115.080324818362556, -2.633139866429985 ], [ 115.080348830210028, -2.633157378242515 ], [ 115.080390012115004, -2.633187410925018 ], [ 115.080402263224983, -2.633196345340025 ], [ 115.08045662183747, -2.633233284837502 ], [ 115.080459502292456, -2.633235242377509 ], [ 115.080528754495049, -2.633282301272516 ], [ 115.080540956942514, -2.633290135195011 ], [ 115.080598617350006, -2.633334549430003 ], [ 115.080613529522452, -2.633346036914986 ], [ 115.080662781462479, -2.63338397488252 ], [ 115.080667780027511, -2.633387824582485 ], [ 115.080714176557535, -2.633422717294991 ], [ 115.08072746901496, -2.63343271485752 ], [ 115.080776241862509, -2.633469395242514 ], [ 115.080791339424991, -2.633482534089978 ], [ 115.080845536752463, -2.633529701687507 ], [ 115.08085256654249, -2.633535818657492 ], [ 115.080899234842491, -2.633576435400016 ], [ 115.080913972044982, -2.633588868410015 ], [ 115.080950420857448, -2.633619618032526 ], [ 115.080975954149949, -2.633641160429988 ], [ 115.081010397832529, -2.633670219702481 ], [ 115.081036945427513, -2.633694044977517 ], [ 115.081064103454992, -2.633718501424994 ], [ 115.081102202994998, -2.633752808027509 ], [ 115.081127105562473, -2.633775233759991 ], [ 115.08116519730504, -2.633815222367502 ], [ 115.081173893937489, -2.633824351109979 ], [ 115.081212833082532, -2.633865230765025 ], [ 115.081228018654997, -2.633877857969992 ], [ 115.081231282774979, -2.633880572020018 ], [ 115.081286375037507, -2.633926381085018 ], [ 115.081293402647475, -2.633932749422513 ], [ 115.08134024172, -2.633975189307478 ], [ 115.081353507717495, -2.633987208630003 ], [ 115.081403105942513, -2.634032147485016 ], [ 115.081413613689961, -2.634041668742498 ], [ 115.081465968372527, -2.634089106565 ], [ 115.081473719667542, -2.634096129759996 ], [ 115.081526111167477, -2.634143601097492 ], [ 115.081528919977472, -2.634145963607523 ], [ 115.081580061334989, -2.634188983422519 ], [ 115.081593889879969, -2.634200614807526 ], [ 115.081641983574968, -2.634241070102519 ], [ 115.081658861582468, -2.634255267819981 ], [ 115.081703908517511, -2.634293157692525 ], [ 115.081723831499971, -2.634309916307473 ], [ 115.081765833462555, -2.634345247089982 ], [ 115.081810949542501, -2.634383198557487 ], [ 115.081829198102469, -2.634395438987497 ], [ 115.081872504414946, -2.634424484860006 ], [ 115.081898390622541, -2.634438112407508 ], [ 115.081919255729986, -2.634449096424987 ], [ 115.081964171635036, -2.63447274307498 ], [ 115.081991451247518, -2.634487104277525 ], [ 115.082029954450036, -2.634507373745009 ], [ 115.082063648570056, -2.634525112135009 ], [ 115.082095736374981, -2.634542003509978 ], [ 115.082135845902485, -2.634563119084987 ], [ 115.082156416342514, -2.634573948929983 ], [ 115.082207483960019, -2.634602320525005 ], [ 115.082226915277488, -2.634613116057494 ], [ 115.082276410787472, -2.634640613565011 ], [ 115.082302644119977, -2.634654794115022 ], [ 115.082331302155012, -2.634670286802475 ], [ 115.082378724465002, -2.63469592296002 ], [ 115.082388703572519, -2.634701316612507 ], [ 115.082431783162519, -2.634724604159999 ], [ 115.082455793522513, -2.63473549900749 ], [ 115.082489287450016, -2.634750698077482 ], [ 115.082535142810002, -2.634771506070024 ], [ 115.082561723752519, -2.634783567702527 ], [ 115.082634164557476, -2.634816438237522 ], [ 115.082636523094948, -2.634817508847505 ], [ 115.082709096802546, -2.634840503867508 ], [ 115.082732554117456, -2.634847936559993 ], [ 115.082805773085056, -2.634871135117521 ], [ 115.082808568874952, -2.634872021042497 ], [ 115.082875837422534, -2.634903501037513 ], [ 115.082901927232456, -2.634915711100007 ], [ 115.082945775332519, -2.634936230252492 ], [ 115.082971927142466, -2.634948468442474 ], [ 115.083015713250006, -2.634968959467528 ], [ 115.083041928852481, -2.634981228497509 ], [ 115.083081440937463, -2.634999718232507 ], [ 115.083100876825029, -2.635009303037521 ], [ 115.083151961504996, -2.6350312629325 ], [ 115.083160451659978, -2.635034912782487 ], [ 115.08322714280996, -2.63506358070498 ], [ 115.083230949854965, -2.635065217782483 ], [ 115.083301451654961, -2.635095522784979 ], [ 115.083302327712545, -2.635095900290025 ], [ 115.083374429789956, -2.635126893155018 ], [ 115.083377495490026, -2.635128253302526 ], [ 115.083445287740005, -2.635158314495015 ], [ 115.083452340112444, -2.635161441297498 ], [ 115.083513686487549, -2.635188644272489 ], [ 115.083532306222537, -2.635196901342511 ], [ 115.083582634527488, -2.635217847352521 ], [ 115.083609580045049, -2.635229060490019 ], [ 115.083651788214979, -2.63524662758249 ], [ 115.083681670172496, -2.635259064130025 ], [ 115.083703754572525, -2.635268255179994 ], [ 115.083755029262534, -2.635285343505018 ], [ 115.083761550817485, -2.635287517354982 ], [ 115.083828940229978, -2.63530997897999 ], [ 115.083836964342481, -2.635312653372523 ], [ 115.08390284851248, -2.635334611735004 ], [ 115.083912377874981, -2.635337787577498 ], [ 115.083983674662477, -2.635361550967502 ], [ 115.083987830257456, -2.635362803390024 ], [ 115.084051587712452, -2.635382029569996 ], [ 115.084073234740003, -2.635387374354991 ], [ 115.084120071765028, -2.635398942867482 ], [ 115.084156671730057, -2.635407981852495 ], [ 115.084201087457473, -2.635418950747521 ], [ 115.084240110530004, -2.635428587542492 ], [ 115.084282101362533, -2.635438957717497 ], [ 115.08432354753495, -2.63544919412999 ], [ 115.084363114370035, -2.635458966489978 ], [ 115.084427091074986, -2.635474766962489 ], [ 115.084444440714947, -2.635477511837507 ], [ 115.084526932627455, -2.635490565935015 ], [ 115.084527395562532, -2.635490638082501 ], [ 115.084593870005051, -2.635501157329998 ], [ 115.084607306247449, -2.635502430434997 ], [ 115.084661750624946, -2.635507589935003 ], [ 115.084687642317476, -2.635510043297472 ], [ 115.084745287990017, -2.635515505229989 ], [ 115.084767980190009, -2.635517656160005 ], [ 115.084828827154979, -2.635523421424978 ], [ 115.084848314472538, -2.635525268107472 ], [ 115.084912364527554, -2.635531337615021 ], [ 115.084928649657513, -2.635532880957498 ], [ 115.084995904599964, -2.635539253802506 ], [ 115.085008983049988, -2.635540492895018 ], [ 115.085079441082485, -2.63554717088499 ], [ 115.085092940259983, -2.635548449507496 ], [ 115.085163113107456, -2.635554060994991 ], [ 115.085183174432473, -2.635555668945017 ], [ 115.085246460877556, -2.635560741724987 ], [ 115.085269775707502, -2.635562610595002 ], [ 115.085329764602534, -2.635567417862489 ], [ 115.085356378785036, -2.635569551337483 ], [ 115.085413068330013, -2.635574094899994 ], [ 115.085442983669964, -2.635576491175016 ], [ 115.085496377457503, -2.635580771034995 ], [ 115.085529587657447, -2.635583431909993 ], [ 115.085579682095045, -2.635587448062495 ], [ 115.085616190752489, -2.635590373540026 ], [ 115.085669452394995, -2.635594642339981 ], [ 115.085702205499956, -2.635598117192501 ], [ 115.08575781116997, -2.635604133824984 ], [ 115.085786320144962, -2.635607218732503 ], [ 115.085839707167452, -2.635612994124983 ], [ 115.085870957999987, -2.635616374425013 ], [ 115.085921602269991, -2.635621854422482 ], [ 115.085955593159952, -2.635625531012522 ], [ 115.086003502772542, -2.63563071471998 ], [ 115.086040233715039, -2.635634689409983 ], [ 115.086085397884972, -2.635639575007474 ], [ 115.086124868887509, -2.635643845987488 ], [ 115.08616729480002, -2.635648436195027 ], [ 115.08620950496254, -2.635653002559991 ], [ 115.08623403241495, -2.63565565723502 ], [ 115.086291909429974, -2.63565863018249 ], [ 115.086294402485009, -2.635658758814998 ], [ 115.086365009104952, -2.635662385274998 ], [ 115.086379401942509, -2.635663124549978 ], [ 115.086438109679989, -2.635666142175012 ], [ 115.086472085549985, -2.63566788643999 ], [ 115.086511362152464, -2.635668758197482 ], [ 115.086565403520012, -2.635669981894978 ], [ 115.08658071765251, -2.635670329262496 ], [ 115.086592046137525, -2.635670586377501 ], [ 115.086651037874958, -2.635671922607514 ], [ 115.086672584474968, -2.635672411615019 ], [ 115.086736670437517, -2.635673862409988 ], [ 115.086753134504988, -2.635674235962483 ], [ 115.086822300310018, -2.635675802200012 ], [ 115.086833687234957, -2.635676060310004 ], [ 115.086914233674975, -2.635677886447525 ], [ 115.086927332462551, -2.635678183369976 ], [ 115.086994914422462, -2.635674783959985 ], [ 115.087030567167517, -2.635672990830017 ], [ 115.087059717895045, -2.635671524927488 ], [ 115.087113965220055, -2.635665656322487 ], [ 115.08713259891249, -2.635663640692485 ], [ 115.087197154525029, -2.635656657745017 ], [ 115.087221271042495, -2.635654049282493 ], [ 115.087280342035001, -2.635647659157485 ], [ 115.087309943177502, -2.635644456962495 ], [ 115.087363532245035, -2.635638659665005 ], [ 115.087398616214955, -2.635634864637495 ], [ 115.087446717962507, -2.635629661967528 ], [ 115.087487288354964, -2.635625273204994 ], [ 115.087529908177544, -2.635620662459985 ], [ 115.087575960499976, -2.635615680864987 ], [ 115.087619816815049, -2.635610937297486 ], [ 115.087664539857542, -2.635605030449995 ], [ 115.087708947245005, -2.635599165607516 ], [ 115.087753028190036, -2.635593343664993 ], [ 115.087791370704963, -2.635588279627484 ], [ 115.087839175647446, -2.635581966115012 ], [ 115.087873746032528, -2.635577120492485 ], [ 115.08792129616495, -2.635570454847482 ], [ 115.087956055407517, -2.635565582387528 ], [ 115.088005750395041, -2.63555861714002 ], [ 115.088038363882447, -2.635554046082518 ], [ 115.088090198329951, -2.635546780319999 ], [ 115.08812067326005, -2.635542507964999 ], [ 115.088174657962554, -2.635534940800028 ], [ 115.088202981739983, -2.635530971647484 ], [ 115.088259108600028, -2.635523103970002 ], [ 115.088285292922478, -2.635519432615013 ], [ 115.088343558344945, -2.635511265322521 ], [ 115.088367596012517, -2.635507896274987 ], [ 115.088428015282489, -2.635499427584989 ], [ 115.088444005922497, -2.635497186322482 ], [ 115.088486313345015, -2.635490494474993 ], [ 115.088526189667505, -2.635480782437526 ], [ 115.088538279207455, -2.635477838004988 ], [ 115.08854258128747, -2.635476789435018 ], [ 115.088602210484964, -2.635462266752484 ], [ 115.088624442249966, -2.635456851400022 ], [ 115.088678229505035, -2.635443751057494 ], [ 115.088706303212462, -2.635436914262527 ], [ 115.088754251222554, -2.635425236265007 ], [ 115.088788157880003, -2.635416978012472 ], [ 115.088830272942459, -2.63540671965751 ], [ 115.088870016147553, -2.635397040855025 ], [ 115.088906294662479, -2.635388203947514 ], [ 115.088951874417489, -2.635377102787515 ], [ 115.088995568017481, -2.635366460764999 ], [ 115.089033268622529, -2.635355474032508 ], [ 115.089094753387485, -2.635337556164984 ], [ 115.089110449982513, -2.635332980675003 ], [ 115.089180574282523, -2.635311587697515 ], [ 115.089189521974959, -2.635308858134977 ], [ 115.089266335230036, -2.635285425630002 ], [ 115.089272271272534, -2.635283615519995 ], [ 115.089352097079995, -2.635259262649981 ], [ 115.089355023272446, -2.635258369284998 ], [ 115.089437773469967, -2.63523312665501 ], [ 115.089437858027509, -2.635233100562516 ], [ 115.089520518274981, -2.635207883105011 ], [ 115.089523618079966, -2.635206937564988 ], [ 115.089603265777555, -2.635182639552511 ], [ 115.089609378130035, -2.63518077455501 ], [ 115.089686018675025, -2.635157395095007 ], [ 115.089695141779998, -2.635154611542475 ], [ 115.089768767977489, -2.635132149719993 ], [ 115.089780902732514, -2.635128447614989 ], [ 115.089851516380008, -2.635106906142482 ], [ 115.089869555695032, -2.635101402012481 ], [ 115.089938357002552, -2.635079675992472 ], [ 115.089956778477472, -2.635074149847526 ], [ 115.09002872108249, -2.635052569720017 ], [ 115.090041429639996, -2.635048757280003 ], [ 115.090114783610034, -2.635026753437501 ], [ 115.090126075407511, -2.63502336650248 ], [ 115.09020084433746, -2.635000938049984 ], [ 115.090210718477465, -2.634997976617512 ], [ 115.090286908665007, -2.634975121755019 ], [ 115.090295366044984, -2.634972584924981 ], [ 115.090372975690002, -2.634949305454995 ], [ 115.09038001721251, -2.634947192325001 ], [ 115.090459037319988, -2.63492348913752 ], [ 115.090464662079967, -2.634921802417523 ], [ 115.090542887905031, -2.634898337615027 ], [ 115.090547392802478, -2.634896952077497 ], [ 115.090618104070018, -2.634875664774995 ], [ 115.090626430132488, -2.634873157577488 ], [ 115.090695535737495, -2.634852354259976 ], [ 115.090707372669954, -2.634848791834997 ], [ 115.090772969204977, -2.634829042835008 ], [ 115.090788312512473, -2.634824424272495 ], [ 115.090850402669957, -2.634805732307484 ], [ 115.090869253250048, -2.634800057607492 ], [ 115.090927836137553, -2.63478242087001 ], [ 115.090950191294951, -2.634775690932486 ], [ 115.091005272302482, -2.634759109427478 ], [ 115.091031131134969, -2.63475132515498 ], [ 115.091082707569967, -2.634735797979999 ], [ 115.091106420120013, -2.634728658712504 ], [ 115.091160409327472, -2.634713436352513 ], [ 115.09118722358005, -2.634705875979989 ], [ 115.091225840242487, -2.634694987315015 ], [ 115.091273204919958, -2.634679648044994 ], [ 115.091297477822536, -2.634671787172522 ], [ 115.091358779425036, -2.634651933857526 ], [ 115.091381374645039, -2.634644614732508 ], [ 115.091444351237556, -2.634624217847488 ], [ 115.09146527416749, -2.634617441384989 ], [ 115.09152992574252, -2.634596503642513 ], [ 115.091549170087546, -2.634590271637478 ], [ 115.091615499352542, -2.634568787620026 ], [ 115.091633066012491, -2.634563098267506 ], [ 115.091701069360056, -2.634541074294987 ], [ 115.091716964634998, -2.634535925794978 ], [ 115.091794109339958, -2.634510941047495 ], [ 115.091798035199986, -2.634509559132482 ], [ 115.091871532020036, -2.63448290591748 ], [ 115.091877010680037, -2.634480919670011 ], [ 115.091947784364947, -2.634455253267504 ], [ 115.091952522639986, -2.634453535332511 ], [ 115.092024035810027, -2.634427600610024 ], [ 115.092028031902487, -2.634426151890011 ], [ 115.092100293549947, -2.634399946144981 ], [ 115.092103543862549, -2.634398767540006 ], [ 115.09217654679253, -2.634372293474996 ], [ 115.092179054922553, -2.634371383179996 ], [ 115.092252795537547, -2.634344641695009 ], [ 115.092254563282495, -2.634344000617489 ], [ 115.092298756012497, -2.634327974632527 ] ] ] } },
{ "type": "Feature", "properties": { "source_feature_id": 61, "nama_objek": "Jaringan Irigasi Primer", "orde_01": 45010000, "orde_02": 25011000, "orde_03": 25011100, "orde_04": 25011100, "jenis_sistem": 45000000, "status_jaringan": 2, "provinsi": "Provinsi Kalimantan Selatan", "kabupaten": "Kabupaten Hulu Sungai Selatan", "keterangan": "Jaringan Irigasi yang melalui D.I.R. Rawa Negara", "sumber_data": "Bidang Sumber Daya Air Dinas PUPR Provinsi Kalimantan Selatan, 2022", "source_shape_length": 0.016244462909178449, "source_layer": "_6306_50KB_LN_SR_SDA_KABUPATEN_HULUSUNGAISELATAN_2024", "source_dataset": "_6306_50KB_RTRW_KABUPATEN_HULUSUNGAISELATAN_2025.gdb.zip" }, "geometry": { "type": "MultiLineString", "coordinates": [ [ [ 115.182973959257538, -2.757410343087486 ], [ 115.183521667292553, -2.758096721635013 ], [ 115.183728450179956, -2.758630846804976 ], [ 115.183887243160029, -2.758809596742481 ], [ 115.184258639442533, -2.759278832125005 ], [ 115.184545176072447, -2.759628675129989 ], [ 115.185019031919978, -2.760276715282487 ] ], [ [ 115.185019031919978, -2.760276715282487 ], [ 115.185101105150011, -2.760388958957492 ], [ 115.185855918917468, -2.761367849982491 ], [ 115.187023160719946, -2.762932687487478 ], [ 115.187562531247522, -2.763656963679978 ] ], [ [ 115.187562531247522, -2.763656963679978 ], [ 115.187645494600019, -2.763768369700017 ], [ 115.189713806062514, -2.766485607484981 ], [ 115.190876518009986, -2.76802338985749 ], [ 115.192236744817478, -2.76982240437502 ], [ 115.19249789743003, -2.770104609070017 ], [ 115.192708123734974, -2.770270481417526 ], [ 115.192771972892501, -2.770320859757476 ] ] ] } },
{ "type": "Feature", "properties": { "source_feature_id": 62, "nama_objek": "Jaringan Irigasi Primer", "orde_01": 45010000, "orde_02": 25011000, "orde_03": 25011100, "orde_04": 25011100, "jenis_sistem": 45000000, "status_jaringan": 2, "provinsi": "Provinsi Kalimantan Selatan", "kabupaten": "Kabupaten Hulu Sungai Selatan", "keterangan": "Jaringan Irigasi yang melalui D.I.R. Rawa Angkinang", "sumber_data": "Bidang Sumber Daya Air Dinas PUPR Provinsi Kalimantan Selatan, 2022", "source_shape_length": 0.0073017173620627714, "source_layer": "_6306_50KB_LN_SR_SDA_KABUPATEN_HULUSUNGAISELATAN_2024", "source_dataset": "_6306_50KB_RTRW_KABUPATEN_HULUSUNGAISELATAN_2025.gdb.zip" }, "geometry": { "type": "MultiLineString", "coordinates": [ [ [ 115.235194758275043, -2.711745790650014 ], [ 115.235223696644994, -2.714872604139998 ], [ 115.233679340915046, -2.717649934719987 ], [ 115.23317943067002, -2.718512477595027 ] ] ] } },
{ "type": "Feature", "properties": { "source_feature_id": 63, "nama_objek": "Jaringan Irigasi Primer", "orde_01": 45010000, "orde_02": 25011000, "orde_03": 25011100, "orde_04": 25011100, "jenis_sistem": 45000000, "status_jaringan": 2, "provinsi": "Provinsi Kalimantan Selatan", "kabupaten": "Kabupaten Hulu Sungai Selatan", "keterangan": "Jaringan Irigasi yang melalui D.I.R. Rawa Negara", "sumber_data": "Bidang Sumber Daya Air Dinas PUPR Provinsi Kalimantan Selatan, 2022", "source_shape_length": 0.013935418212945111, "source_layer": "_6306_50KB_LN_SR_SDA_KABUPATEN_HULUSUNGAISELATAN_2024", "source_dataset": "_6306_50KB_RTRW_KABUPATEN_HULUSUNGAISELATAN_2025.gdb.zip" }, "geometry": { "type": "MultiLineString", "coordinates": [ [ [ 115.185019031919978, -2.760276715282487 ], [ 115.184772815787483, -2.760440129732501 ], [ 115.183397066419957, -2.761095976639979 ], [ 115.182816360527454, -2.761374895912525 ], [ 115.182179654530046, -2.761726234409991 ], [ 115.181933691710015, -2.761852892990021 ] ], [ [ 115.181933691710015, -2.761852892990021 ], [ 115.181820534747544, -2.76191116268501 ], [ 115.180631374492464, -2.762464305802496 ], [ 115.176299335932526, -2.764557898587498 ], [ 115.175071326132525, -2.765190552987519 ], [ 115.172675708030056, -2.766356355755022 ], [ 115.172517564727514, -2.766423779465015 ] ] ] } },
{ "type": "Feature", "properties": { "source_feature_id": 64, "nama_objek": "Jaringan Irigasi Primer", "orde_01": 45010000, "orde_02": 25011000, "orde_03": 25011100, "orde_04": 25011100, "jenis_sistem": 45000000, "status_jaringan": 2, "provinsi": "Provinsi Kalimantan Selatan", "kabupaten": "Kabupaten Hulu Sungai Selatan", "keterangan": "Jaringan Irigasi yang melalui D.I.R. Rawa Negara", "sumber_data": "Bidang Sumber Daya Air Dinas PUPR Provinsi Kalimantan Selatan, 2022", "source_shape_length": 0.062701084733510229, "source_layer": "_6306_50KB_LN_SR_SDA_KABUPATEN_HULUSUNGAISELATAN_2024", "source_dataset": "_6306_50KB_RTRW_KABUPATEN_HULUSUNGAISELATAN_2025.gdb.zip" }, "geometry": { "type": "MultiLineString", "coordinates": [ [ [ 115.188070617577523, -2.794304480997482 ], [ 115.187663549927493, -2.794305780257503 ], [ 115.187542442422455, -2.794169008109975 ], [ 115.186868486057506, -2.794026528762515 ], [ 115.183196043677526, -2.793892693779981 ], [ 115.181283852997467, -2.793857799225009 ], [ 115.180572562662519, -2.793978067162527 ], [ 115.180074066722455, -2.794278879019998 ], [ 115.179694495107469, -2.794515071649982 ], [ 115.177414445627505, -2.795751513970004 ], [ 115.176614787874996, -2.796216636642498 ], [ 115.174547600259984, -2.797356490427489 ], [ 115.173706321129998, -2.797840425252502 ], [ 115.17330071238996, -2.797964821822518 ] ], [ [ 115.17330071238996, -2.797964821822518 ], [ 115.173261151275028, -2.797976954595015 ], [ 115.172754685405039, -2.797810417344976 ], [ 115.170647094145011, -2.797128229660018 ], [ 115.170324139817467, -2.79716850593752 ], [ 115.169374123364946, -2.797474762394984 ], [ 115.168395388555041, -2.79776352614499 ], [ 115.167702060027523, -2.797997142992472 ], [ 115.167543548347453, -2.798050552949974 ], [ 115.166587180132524, -2.79835336911998 ], [ 115.165348013564994, -2.798733309227487 ], [ 115.157671146332518, -2.800808597105004 ], [ 115.157279338860008, -2.80099667390499 ] ], [ [ 115.157279338860008, -2.80099667390499 ], [ 115.157008927635047, -2.801126478760011 ], [ 115.154902582362524, -2.801993956297508 ], [ 115.152162344907538, -2.803094755012523 ] ], [ [ 115.152162344907538, -2.803094755012523 ], [ 115.140249875535005, -2.807880186207512 ], [ 115.139183585625005, -2.808341383554989 ], [ 115.134626561545019, -2.810312408535026 ], [ 115.132479447589958, -2.811210556759988 ], [ 115.131303310414978, -2.811761548497486 ], [ 115.130971956597477, -2.811630649132496 ], [ 115.13048931565254, -2.811898602152496 ], [ 115.129570463730033, -2.812429368182507 ] ] ] } },
{ "type": "Feature", "properties": { "source_feature_id": 65, "nama_objek": "Jaringan Irigasi Primer", "orde_01": 45010000, "orde_02": 25011000, "orde_03": 25011100, "orde_04": 25011100, "jenis_sistem": 45000000, "status_jaringan": 2, "provinsi": "Provinsi Kalimantan Selatan", "kabupaten": "Kabupaten Hulu Sungai Selatan", "keterangan": "Jaringan Irigasi yang melalui D.I.R. Rawa Negara", "sumber_data": "Bidang Sumber Daya Air Dinas PUPR Provinsi Kalimantan Selatan, 2022", "source_shape_length": 0.026461399263177601, "source_layer": "_6306_50KB_LN_SR_SDA_KABUPATEN_HULUSUNGAISELATAN_2024", "source_dataset": "_6306_50KB_RTRW_KABUPATEN_HULUSUNGAISELATAN_2025.gdb.zip" }, "geometry": { "type": "MultiLineString", "coordinates": [ [ [ 115.180936922394949, -2.776233418047525 ], [ 115.18095523994748, -2.776229083360022 ], [ 115.181279423427554, -2.776152362425023 ], [ 115.181716046560041, -2.776074226445019 ], [ 115.182264499957455, -2.776042161227508 ], [ 115.182765011697484, -2.776031805140008 ], [ 115.183270424912507, -2.776114831522477 ], [ 115.183816404547542, -2.776322604437496 ], [ 115.183798764795029, -2.776326499852473 ], [ 115.184536976280015, -2.776563335614981 ], [ 115.185372517694987, -2.776701023224973 ], [ 115.185634466709985, -2.776822948557481 ], [ 115.185812234464947, -2.77690569188502 ], [ 115.186016267540026, -2.777031892662478 ], [ 115.186178960884945, -2.777389841057527 ], [ 115.18630377443003, -2.777580275512491 ], [ 115.186485547834991, -2.777791427562477 ], [ 115.186847391404967, -2.777897957402502 ], [ 115.187278229802473, -2.778106662432492 ], [ 115.18751215759255, -2.778322080742498 ], [ 115.187659143437486, -2.778534078900009 ], [ 115.187771604547493, -2.778672857707477 ], [ 115.187928359505008, -2.778780360587518 ], [ 115.188066161427514, -2.778811775390011 ], [ 115.188306034625043, -2.778873296567497 ], [ 115.188547098380013, -2.778916036320027 ], [ 115.18882042670748, -2.778985105295021 ], [ 115.188984763119947, -2.77903928943249 ], [ 115.189299674149993, -2.779172610237481 ], [ 115.189400302067497, -2.779239368412505 ], [ 115.189726853337447, -2.779435327850024 ], [ 115.189922503782554, -2.779622169570018 ], [ 115.190113893207467, -2.779949054364977 ], [ 115.190232055667479, -2.780090543014978 ], [ 115.190522231182513, -2.780289139292506 ], [ 115.190742504077548, -2.780452397057502 ], [ 115.190824575782472, -2.78067484531249 ], [ 115.190887171794998, -2.780799954544989 ], [ 115.191189314937446, -2.78113328387002 ], [ 115.19148321963246, -2.781345837727486 ], [ 115.191628437819986, -2.781444998182508 ], [ 115.191769268215012, -2.781643474730004 ], [ 115.19206333542752, -2.781953168832501 ], [ 115.192441744602547, -2.782093327690006 ], [ 115.192735833297547, -2.782223230732484 ], [ 115.193231078707527, -2.782495877885026 ], [ 115.1935155205, -2.782644485977528 ], [ 115.193820274859945, -2.782827674360021 ], [ 115.194366303167499, -2.783149498142507 ], [ 115.194658314350022, -2.783301841544983 ], [ 115.19485705649754, -2.783407595880021 ], [ 115.195021928680035, -2.78343972657251 ], [ 115.195447420705023, -2.783402246772482 ], [ 115.195455303060044, -2.783402740869974 ], [ 115.195884801045054, -2.783275672917512 ], [ 115.196564116679951, -2.783151747725015 ], [ 115.19693098740504, -2.783078161352478 ], [ 115.197448831845008, -2.783019756062515 ], [ 115.197576856519959, -2.783019108184988 ], [ 115.197821523689981, -2.783026088787494 ], [ 115.198129671877496, -2.783068792047516 ], [ 115.198634854512534, -2.783160315080011 ], [ 115.199558897297493, -2.783323782892523 ], [ 115.199976345727464, -2.783324472375 ], [ 115.200543375527445, -2.783322993074989 ], [ 115.201128712297532, -2.783339264227493 ], [ 115.201889600987556, -2.783378361069992 ], [ 115.202335153834952, -2.783378857697528 ], [ 115.202784096787468, -2.783383119280018 ], [ 115.203426356570048, -2.783383275737492 ], [ 115.203880634397478, -2.783312097760017 ], [ 115.204174601315003, -2.783336942187475 ], [ 115.204548690107458, -2.7833535429275 ], [ 115.204647926132452, -2.783372713317476 ] ] ] } },
{ "type": "Feature", "properties": { "source_feature_id": 66, "nama_objek": "Jaringan Irigasi Primer", "orde_01": 45010000, "orde_02": 25011000, "orde_03": 25011100, "orde_04": 25011100, "jenis_sistem": 45000000, "status_jaringan": 2, "provinsi": "Provinsi Kalimantan Selatan", "kabupaten": "Kabupaten Hulu Sungai Selatan", "keterangan": "Jaringan Irigasi yang melalui D.I.R. Rawa Negara", "sumber_data": "Bidang Sumber Daya Air Dinas PUPR Provinsi Kalimantan Selatan, 2022", "source_shape_length": 0.015959723961259196, "source_layer": "_6306_50KB_LN_SR_SDA_KABUPATEN_HULUSUNGAISELATAN_2024", "source_dataset": "_6306_50KB_RTRW_KABUPATEN_HULUSUNGAISELATAN_2025.gdb.zip" }, "geometry": { "type": "MultiLineString", "coordinates": [ [ [ 115.192683071574947, -2.770571856997492 ], [ 115.192695852435008, -2.770575728742472 ], [ 115.193701877259969, -2.770880447804984 ], [ 115.194827585627536, -2.771164889034992 ], [ 115.19607623903255, -2.771474466367522 ], [ 115.197146061684975, -2.771748902589991 ], [ 115.197897933884974, -2.772029532402485 ], [ 115.199797959554985, -2.772914336502481 ], [ 115.200595745227474, -2.773205996255001 ], [ 115.202476574112552, -2.77406026023499 ], [ 115.205700100052468, -2.775497690400016 ], [ 115.205918635942453, -2.775613493024991 ], [ 115.206713444605043, -2.775920432847499 ], [ 115.206879988647529, -2.776059578432523 ], [ 115.207054385469974, -2.776273737637496 ], [ 115.207288202862514, -2.776607498907481 ] ] ] } }
]
}
