{
"type": "FeatureCollection",
"name": "rtrw_transportasi_line",
"crs": { "type": "name", "properties": { "name": "urn:ogc:def:crs:OGC:1.3:CRS84" } },
"features": [
{ "type": "Feature", "properties": { "source_feature_id": 1, "nama_objek": "Alur-Pelayaran Kelas II", "orde_01": 42030000, "orde_02": 22031000, "orde_03": 22031200, "orde_04": 22031200, "jenis_sistem": 42000000, "status_jaringan": 3, "provinsi": "Provinsi Kalimantan Selatan", "kabupaten": "Kabupaten Hulu Sungai Selatan", "keterangan": "Sungai Negara", "sumber_data": "Analisis RTRWP Kalimantan Selatan, 2023", "source_shape_length": 0.3428875417524555, "source_layer": "_6306_50KB_LN_SR_TRANSPORTASI_KABUPATEN_HULUSUNGAISELATAN_2024", "source_dataset": "_6306_50KB_RTRW_KABUPATEN_HULUSUNGAISELATAN_2025.gdb.zip" }, "geometry": { "type": "MultiLineString", "coordinates": [ [ [ 115.135082731874945, -2.540100230432472 ], [ 115.135088389029988, -2.540082929639993 ], [ 115.13509563262005, -2.540061177075017 ], [ 115.135095632642447, -2.540061176977474 ] ], [ [ 115.135019836472452, -2.540292574825003 ], [ 115.135030572954975, -2.540259739919975 ], [ 115.135041349809967, -2.540226780900014 ], [ 115.135049844685, -2.540200802859999 ], [ 115.135062004894962, -2.540163616637528 ] ], [ [ 115.134977265327507, -2.540422763677498 ], [ 115.134983102957449, -2.540404910722486 ], [ 115.134999066865021, -2.540356090847524 ], [ 115.135001220417507, -2.540349505494987 ] ], [ [ 115.134895333399982, -2.540900720137472 ], [ 115.134896951875021, -2.540872161039999 ], [ 115.134898115720034, -2.540851628170003 ] ], [ [ 115.134884755372468, -2.541123743984997 ], [ 115.134887189712458, -2.541044404132492 ], [ 115.134889781742459, -2.540998674960008 ] ], [ [ 115.134971511040021, -2.541697118677519 ], [ 115.134957671797451, -2.541658171369988 ], [ 115.134940530320023, -2.541609925960017 ] ], [ [ 115.135081081157523, -2.541946891354996 ], [ 115.135078584905045, -2.541941852034995 ], [ 115.135071661077518, -2.541927874349994 ] ], [ [ 115.13510977717749, -2.5420048215625 ], [ 115.135103050112548, -2.541991241275014 ] ], [ [ 115.135177141580016, -2.542111559727516 ], [ 115.135149742819976, -2.542085503275018 ], [ 115.135130104520044, -2.542045857877497 ] ], [ [ 115.135496960622504, -2.54241062891748 ], [ 115.135464747772517, -2.542381669407519 ], [ 115.135399177342492, -2.542322719449999 ], [ 115.135336818027554, -2.542263415177501 ], [ 115.13527445961995, -2.542204110907505 ], [ 115.135254451520041, -2.542185082744993 ] ], [ [ 115.135633983834964, -2.54253381616752 ], [ 115.135595888654962, -2.542499568419998 ], [ 115.135560784004952, -2.542468007715001 ] ], [ [ 115.135760640190028, -2.542645342417472 ], [ 115.135727029562531, -2.542617467437481 ], [ 115.135686897887467, -2.54258138720752 ] ], [ [ 115.135957316159988, -2.542808459667526 ], [ 115.135919485207523, -2.542777083689998 ], [ 115.135889694735056, -2.542752376192482 ] ], [ [ 115.136205480502554, -2.542989557170017 ], [ 115.136183249862484, -2.542974604979975 ], [ 115.136172391922514, -2.54296730199502 ] ], [ [ 115.136496136422465, -2.543185988937523 ], [ 115.136454172559979, -2.543156825282495 ], [ 115.136386442100047, -2.543111270207476 ], [ 115.136318710747446, -2.543065715130012 ], [ 115.136273411757543, -2.543035247310002 ] ], [ [ 115.136717772900056, -2.543340024017482 ], [ 115.136710828014998, -2.543335197245028 ], [ 115.136646663695046, -2.543290604027504 ], [ 115.136618656037513, -2.543271138590001 ] ], [ [ 115.137389577949989, -2.54376980617252 ], [ 115.13733968760755, -2.543736607172491 ], [ 115.13727266866249, -2.543692009810002 ], [ 115.137205650622491, -2.543647413357519 ], [ 115.137138631687549, -2.543602815994973 ], [ 115.137065903624944, -2.543558211252503 ], [ 115.137008953217446, -2.543523282367516 ] ], [ [ 115.137535929817545, -2.543864315542521 ], [ 115.137473724617507, -2.543825800985019 ], [ 115.137432392257551, -2.543798296617524 ] ], [ [ 115.137868968025032, -2.544070042035003 ], [ 115.137860178197457, -2.5440646511625 ], [ 115.137787450065048, -2.544020046422474 ], [ 115.137724705145047, -2.543981197155006 ], [ 115.137711920864945, -2.543973281615024 ] ], [ [ 115.138073912942446, -2.544195738955011 ], [ 115.138005632682507, -2.544153862450003 ], [ 115.13795602161747, -2.544123433612526 ] ], [ [ 115.138147377934956, -2.544240795907513 ], [ 115.138078360835038, -2.544198467189972 ], [ 115.138074022467549, -2.544195806127505 ] ], [ [ 115.138335334172552, -2.544372831710007 ], [ 115.13833470676002, -2.544372389857472 ], [ 115.138277954417504, -2.544332420440014 ] ], [ [ 114.981341183369977, -2.73396801340499 ], [ 114.9813411839325, -2.733968013200013 ], [ 114.984785366872529, -2.732333140887476 ], [ 114.98788308765495, -2.729288256477503 ], [ 114.991132254970012, -2.724569035242496 ], [ 114.995332226829987, -2.720299921527499 ], [ 114.998487932749981, -2.718122255932485 ], [ 115.000183868562544, -2.717556919837477 ], [ 115.002295432135043, -2.717410916997494 ], [ 115.00633862271502, -2.718045603917517 ], [ 115.009728102142503, -2.71838016296249 ], [ 115.011364227952527, -2.718024032337496 ], [ 115.01383431297495, -2.716861884215007 ], [ 115.015293921044986, -2.715339217530016 ], [ 115.015801061629986, -2.714353238797514 ], [ 115.015832408394999, -2.713366474632494 ], [ 115.014675542754958, -2.711600260165028 ], [ 115.012270413015017, -2.709413339692503 ], [ 115.010816528095006, -2.707437314302524 ], [ 115.010077401075023, -2.70480459454501 ], [ 115.01037735125999, -2.703220207974994 ], [ 115.012665875822449, -2.699003000704977 ], [ 115.01562399071247, -2.695232641250016 ], [ 115.017638655007545, -2.692472852122478 ], [ 115.018498024767496, -2.69064415849499 ], [ 115.018740330717492, -2.689896127290012 ], [ 115.019547004170022, -2.687405817362503 ], [ 115.020227886554949, -2.685612711122474 ], [ 115.021800973127483, -2.683749285677493 ], [ 115.023582142449982, -2.682964638285 ], [ 115.026723969872478, -2.681936265262493 ], [ 115.029066419277456, -2.680944863352522 ], [ 115.029792380387448, -2.680824396007495 ], [ 115.031693451107458, -2.680508928777499 ], [ 115.033215380842535, -2.680875018377492 ], [ 115.034621657600042, -2.682159566759992 ], [ 115.036670270569971, -2.686411619382511 ], [ 115.038360103237551, -2.688902355397488 ], [ 115.04071821825255, -2.690035337335019 ], [ 115.042678079764983, -2.690287301392516 ], [ 115.046333988417473, -2.689144876910007 ], [ 115.050259044625022, -2.686299528625 ], [ 115.05491001344501, -2.6817328316925 ], [ 115.057482640067519, -2.679612540295011 ], [ 115.05936776954502, -2.678983965815007 ], [ 115.061956439134974, -2.678758420429972 ], [ 115.06483082789498, -2.678380212017487 ], [ 115.067078042475032, -2.677445974684986 ], [ 115.06947900758496, -2.675555030499993 ], [ 115.070319934279951, -2.673297972775003 ], [ 115.069599899942546, -2.671268114047507 ], [ 115.067451747107498, -2.669714471890018 ], [ 115.065722504915016, -2.668027520412522 ], [ 115.064869704827515, -2.665710374407524 ], [ 115.064625822950006, -2.663451608217486 ], [ 115.065431115687488, -2.659625113614993 ], [ 115.066024488399989, -2.657444221275 ], [ 115.067361597519948, -2.654288414935024 ], [ 115.068603746162466, -2.650998480979979 ], [ 115.069008713172479, -2.647573257710008 ], [ 115.06922469043252, -2.643286487437479 ], [ 115.069496006027521, -2.640128996177509 ], [ 115.069368841020037, -2.636205327029984 ], [ 115.069357019795007, -2.632964024160003 ], [ 115.069756861322503, -2.631402071457501 ], [ 115.070996586712454, -2.629643220979972 ], [ 115.072977578445034, -2.628497962430004 ], [ 115.074119676382452, -2.628346622642482 ], [ 115.075831709982481, -2.628846889222473 ], [ 115.078017560950002, -2.630630199780001 ], [ 115.079594186760005, -2.63256567963748 ], [ 115.081855911819957, -2.634521360822475 ], [ 115.084157229752464, -2.635481873785011 ], [ 115.087335076165004, -2.635735593330025 ], [ 115.09020997459254, -2.63497446534501 ], [ 115.094265749835017, -2.633602691595001 ], [ 115.096226853150029, -2.633031529845027 ], [ 115.099253917849978, -2.63232802358749 ], [ 115.10163466896995, -2.63112589811999 ], [ 115.10437663915252, -2.630173127032492 ], [ 115.107003468080052, -2.629851768315007 ], [ 115.107560820345043, -2.629925985560021 ], [ 115.107674043054999, -2.629286831645004 ], [ 115.107751902182486, -2.628847308810009 ], [ 115.107586994839949, -2.628259104474978 ], [ 115.107392236974988, -2.627564426982474 ], [ 115.105550545832443, -2.624671587262526 ], [ 115.104164717912454, -2.622372762597479 ], [ 115.103141293624958, -2.619538592447498 ], [ 115.102689582879975, -2.616188534369996 ], [ 115.102236603160009, -2.613680603042496 ], [ 115.100851586489966, -2.610845890062478 ], [ 115.099713717387544, -2.608183808315005 ], [ 115.099430406567535, -2.606747936154989 ], [ 115.099699194930054, -2.605178927282509 ], [ 115.1007110206275, -2.603056005712517 ], [ 115.102598665470055, -2.600666455530018 ], [ 115.104180807317448, -2.598946311039981 ], [ 115.106980184142458, -2.597725617529989 ], [ 115.10838970068005, -2.596904749124974 ], [ 115.110124164562535, -2.595127398869977 ], [ 115.111860156129978, -2.592316519054975 ], [ 115.113292718830053, -2.588777880365001 ], [ 115.113792218514959, -2.585601488877501 ], [ 115.114404652692542, -2.583267397232476 ], [ 115.11572161617255, -2.580666401657481 ], [ 115.118276894154974, -2.577167687914994 ], [ 115.119858836549952, -2.575543183137484 ], [ 115.12241170844004, -2.573671297960004 ], [ 115.12496474235752, -2.57168456523749 ], [ 115.125974071989958, -2.571207567702515 ], [ 115.12743960983255, -2.571094893054976 ], [ 115.129570334727532, -2.571595662874984 ], [ 115.132061786417466, -2.57269028879 ], [ 115.133641070517456, -2.57288400906998 ], [ 115.135183240354991, -2.57242692578501 ], [ 115.137222268695041, -2.570554234982524 ], [ 115.139244808965032, -2.566920662304994 ], [ 115.141305228620013, -2.563401971339999 ], [ 115.142392055955042, -2.561968079070027 ], [ 115.143783483567518, -2.560458068744992 ], [ 115.144604286472486, -2.558736687500016 ], [ 115.144533938657446, -2.554717240832474 ], [ 115.143550137512534, -2.550677329675011 ], [ 115.141917016267485, -2.548225076729977 ], [ 115.13954220197752, -2.545427235817499 ], [ 115.138349344225048, -2.544382698417508 ] ] ] } },
{ "type": "Feature", "properties": { "source_feature_id": 2, "nama_objek": "Jalan Arteri Primer", "orde_01": 42010000, "orde_02": 22011000, "orde_03": 22011100, "orde_04": 22011101, "jenis_sistem": 42000000, "status_jaringan": 2, "provinsi": "Provinsi Kalimantan Selatan", "kabupaten": "Kabupaten Hulu Sungai Selatan", "keterangan": "Jln. Lingkar Kandangan Simpang Hamalau - Teluk Pinang - HM. Yusie", "sumber_data": "Kepmen PUPR No.430 Tahun 2022 Kementerian PUPR, 2022", "source_shape_length": 0.075077008993511912, "source_layer": "_6306_50KB_LN_SR_TRANSPORTASI_KABUPATEN_HULUSUNGAISELATAN_2024", "source_dataset": "_6306_50KB_RTRW_KABUPATEN_HULUSUNGAISELATAN_2025.gdb.zip" }, "geometry": { "type": "MultiLineString", "coordinates": [ [ [ 115.257785570347551, -2.811771804224975 ], [ 115.258106836062552, -2.811868938200007 ], [ 115.258150149209996, -2.811880750795012 ], [ 115.258213909345045, -2.811901194184998 ], [ 115.258278375447503, -2.811919070907493 ], [ 115.258344942365056, -2.811941980237521 ], [ 115.258426298634959, -2.811967398677496 ], [ 115.258490997662534, -2.811987905017475 ], [ 115.258553932217524, -2.812006895102513 ], [ 115.258619998214954, -2.812028143385021 ], [ 115.258645477807477, -2.812036248075003 ], [ 115.258684706235044, -2.812048726167518 ], [ 115.258769165164949, -2.812076988262504 ], [ 115.258830938697542, -2.812095292164997 ], [ 115.2588961962025, -2.812116994602491 ], [ 115.258963218177541, -2.812138618802521 ], [ 115.259050233882476, -2.812165921320002 ], [ 115.259114654117525, -2.812186640800007 ], [ 115.259174307947546, -2.812205165934984 ], [ 115.259241957650033, -2.812227000574978 ], [ 115.259320725670023, -2.812251906399979 ], [ 115.259386745802544, -2.812272571022504 ], [ 115.259432567160047, -2.812287433217477 ], [ 115.259496406435005, -2.81230854660248 ], [ 115.259502438187496, -2.812310433379992 ], [ 115.259623959077544, -2.812348435132492 ], [ 115.259687602300005, -2.812368563757502 ], [ 115.259752196107456, -2.812389249065006 ], [ 115.259814502937502, -2.812409180740019 ], [ 115.259875101955004, -2.812428744590022 ], [ 115.259938371957446, -2.812448329127506 ], [ 115.260001141940052, -2.812468419082506 ], [ 115.260066504665019, -2.812489992920007 ], [ 115.26013306618745, -2.812510556817472 ], [ 115.260197221125054, -2.812531041575028 ], [ 115.260260430874951, -2.812551465177478 ], [ 115.26032053975996, -2.812568430887495 ], [ 115.260360329364971, -2.81258162304249 ], [ 115.260388076149979, -2.812590822207483 ], [ 115.260448783085053, -2.812607414699983 ], [ 115.260515257372504, -2.812629257434992 ], [ 115.260579095750018, -2.81264951106499 ], [ 115.260622417889977, -2.812663445162514 ], [ 115.260685153697523, -2.812684436237475 ], [ 115.260767331947477, -2.812713958282473 ], [ 115.260831912262461, -2.81273693955751 ], [ 115.260895969172452, -2.81275749086501 ], [ 115.260959140252453, -2.812777999904995 ], [ 115.261025171174992, -2.812800206865006 ], [ 115.261088932207485, -2.812821866134982 ], [ 115.26115049889745, -2.812842250169979 ], [ 115.261211979249993, -2.81286314322 ], [ 115.261214547712484, -2.812863966997497 ], [ 115.261253193379957, -2.812876349762519 ], [ 115.261312366072502, -2.81289497112499 ], [ 115.261374841974998, -2.81291342791252 ], [ 115.261439514922472, -2.812930406212502 ], [ 115.261485293112514, -2.812940606325014 ], [ 115.261569348247463, -2.812954988282513 ], [ 115.261634396209956, -2.812962295272484 ], [ 115.261670197322474, -2.812963432017511 ], [ 115.261732452889987, -2.812964289970012 ], [ 115.261793765070024, -2.812960079344975 ], [ 115.261861574852446, -2.81295625542748 ], [ 115.261926476224971, -2.812938821170007 ], [ 115.261972115019944, -2.812922648659992 ], [ 115.262033562099987, -2.81289201955002 ], [ 115.26208243036001, -2.812865334867524 ], [ 115.262095352717552, -2.812858277887528 ], [ 115.262134994835037, -2.812834569959989 ], [ 115.262172365262472, -2.81281095736 ], [ 115.262228394825001, -2.812769316949982 ], [ 115.262283109577538, -2.812727715212475 ], [ 115.262334403309978, -2.812682499097491 ], [ 115.262381238202465, -2.812635156987483 ], [ 115.26242804611752, -2.812586063895026 ], [ 115.262456575310011, -2.812554003964976 ], [ 115.26248841670747, -2.812520014987513 ], [ 115.262532892680042, -2.812470561267503 ], [ 115.262578759902453, -2.81241955531749 ], [ 115.262636643864994, -2.81235498309502 ], [ 115.262682270069945, -2.812303959159976 ], [ 115.262713686087523, -2.812271220240007 ], [ 115.262733161805045, -2.812248306414972 ], [ 115.262757671030045, -2.812219473250025 ], [ 115.262800036292447, -2.812169238919978 ], [ 115.262844114765016, -2.812118900267478 ], [ 115.26288780832499, -2.812069790087492 ], [ 115.26291625298245, -2.812039029677521 ], [ 115.262957793567466, -2.811992740672508 ], [ 115.26300384065496, -2.811942993775006 ], [ 115.263054174810009, -2.811890526427476 ], [ 115.263108991187551, -2.811835352119999 ], [ 115.263169779962482, -2.811774281857481 ], [ 115.263215731720038, -2.811728574715005 ], [ 115.263258303827456, -2.811682881059994 ], [ 115.263306274565025, -2.811637890675001 ], [ 115.263337433375, -2.811608497235 ], [ 115.263353446704969, -2.811594394965027 ], [ 115.263372226347542, -2.811577860030013 ], [ 115.263428378217554, -2.811542032837508 ], [ 115.263485994182474, -2.811520218882492 ], [ 115.263548828914963, -2.81150044189252 ], [ 115.263658576782518, -2.81147632837002 ], [ 115.263746356910019, -2.811456223124992 ], [ 115.263811574845022, -2.811440503875019 ], [ 115.263901983689948, -2.811419897709982 ], [ 115.263967582937539, -2.81140285915501 ], [ 115.264052791902486, -2.811383051587484 ], [ 115.264117688779947, -2.811367654292496 ], [ 115.26418210632005, -2.811350908917518 ], [ 115.264211111255008, -2.811343566852486 ], [ 115.264245399705032, -2.811334888394981 ], [ 115.264372785075011, -2.811304404974976 ], [ 115.264416392302451, -2.81129426422001 ], [ 115.264565629399954, -2.811256192320002 ], [ 115.264634812447525, -2.811238054792511 ], [ 115.264677717302447, -2.811227809714978 ], [ 115.264724724867506, -2.811216584377519 ], [ 115.264790702730011, -2.81120439496749 ], [ 115.264856756135032, -2.811193711019996 ], [ 115.264921676395034, -2.811183224027502 ], [ 115.264988318854989, -2.811173423214996 ], [ 115.265053699567488, -2.811169487782479 ], [ 115.265091508864998, -2.811168949987518 ], [ 115.265119181904993, -2.811168556085022 ], [ 115.265185822567446, -2.811171522047516 ], [ 115.265250728437536, -2.811180481094993 ], [ 115.265292390432478, -2.811187438249988 ], [ 115.265333672909946, -2.811195160727493 ], [ 115.265374762935039, -2.811204413852522 ], [ 115.265415181165054, -2.811215128375011 ], [ 115.265470635162501, -2.811231175877481 ], [ 115.265534828770001, -2.811252422362486 ], [ 115.265596327109961, -2.811272259607506 ], [ 115.265657734617548, -2.811293668867506 ], [ 115.265721656630035, -2.811317816565008 ], [ 115.265804412244961, -2.811346743257502 ], [ 115.265847129142458, -2.811361885142503 ], [ 115.265955410215042, -2.811401582117526 ], [ 115.265969483705021, -2.811406743327495 ], [ 115.266053242062526, -2.811436268967498 ], [ 115.266096421212524, -2.811454464952476 ], [ 115.266157300820055, -2.811477644977515 ], [ 115.266218916069988, -2.811498165707519 ], [ 115.266283705029991, -2.811518371674993 ], [ 115.266386770932513, -2.811549622217512 ], [ 115.266454751585002, -2.811574294217507 ], [ 115.266517016147532, -2.811588938777504 ], [ 115.266672301185054, -2.811619368239974 ], [ 115.266716543334951, -2.811625776807489 ], [ 115.266780981557531, -2.811632972284997 ], [ 115.266820242360041, -2.811635397755026 ], [ 115.266848728384957, -2.811637157727489 ], [ 115.266915736872534, -2.811639917747527 ], [ 115.266982059175007, -2.811644679657491 ], [ 115.267047366142492, -2.811647314672484 ], [ 115.26711327385749, -2.811648380367501 ], [ 115.267177647329959, -2.811648210397493 ], [ 115.267222369717501, -2.811647135707517 ], [ 115.267286557030047, -2.811644003367519 ], [ 115.267381626160045, -2.811638396995022 ], [ 115.267377500072485, -2.811637684732489 ], [ 115.267423166744948, -2.811633463312489 ], [ 115.267488853227519, -2.811626429714977 ], [ 115.267551071925027, -2.81161581501749 ], [ 115.267615797032477, -2.811604158905027 ], [ 115.267680800030007, -2.811592992022497 ], [ 115.267706783242488, -2.811588014275003 ], [ 115.267748733917529, -2.811579977932524 ], [ 115.267813176637446, -2.811565833397481 ], [ 115.267877792924992, -2.811553349907513 ], [ 115.267943651177461, -2.811536856340012 ], [ 115.268006612714998, -2.811521335839984 ], [ 115.268072749757494, -2.811503104785004 ], [ 115.268137966795052, -2.811482441062481 ], [ 115.268198876077463, -2.811461952707475 ], [ 115.268264695660037, -2.811438503784984 ], [ 115.268327675182491, -2.811416009042489 ], [ 115.268390008092524, -2.811391899117496 ], [ 115.268452001060041, -2.811365568764984 ], [ 115.268513548862529, -2.811339114307486 ], [ 115.268554530967549, -2.811321153047516 ], [ 115.268562410827485, -2.811317669074981 ], [ 115.268595439327555, -2.811303065882498 ], [ 115.268634085894973, -2.811284571325018 ], [ 115.26869492502999, -2.811256995415022 ], [ 115.268734106694978, -2.811237909102488 ], [ 115.268772968197482, -2.811217393767492 ], [ 115.268812137269947, -2.811197535837493 ], [ 115.268851437645026, -2.811176989027501 ], [ 115.268890202920034, -2.811156375665007 ], [ 115.268928847687448, -2.811135310844975 ], [ 115.268969845982497, -2.811110950910006 ], [ 115.269027495222531, -2.811079631119981 ], [ 115.269066187654971, -2.811058319884978 ], [ 115.26910558785255, -2.811036977174979 ], [ 115.269145535737493, -2.811014806187472 ], [ 115.269184918849987, -2.810993326780022 ], [ 115.269224338832487, -2.810971297887477 ], [ 115.269263501609998, -2.810948793252521 ], [ 115.269302804680024, -2.810925536785021 ], [ 115.269356677667474, -2.810894556040012 ], [ 115.269360775880045, -2.810892199814987 ], [ 115.269416379162521, -2.810860843152511 ], [ 115.269453460907471, -2.810839102042507 ], [ 115.269511800829946, -2.810806266894986 ], [ 115.269567256622508, -2.810772553109985 ], [ 115.269585392352496, -2.810761095747523 ], [ 115.269640137682472, -2.810726586962517 ], [ 115.269676649257462, -2.810703153327495 ], [ 115.269731866732513, -2.810668944017493 ], [ 115.26976837201255, -2.810646183074994 ], [ 115.269823506749958, -2.810610741692528 ], [ 115.269841889792474, -2.810598886830007 ], [ 115.269862541822476, -2.810585359227503 ], [ 115.269920829582475, -2.810547415929989 ], [ 115.269974088332447, -2.810509075132472 ], [ 115.270026230127542, -2.810471478074987 ], [ 115.270063465657472, -2.810445038907517 ], [ 115.270109876969968, -2.810403650307478 ], [ 115.270110195329949, -2.810403289679982 ], [ 115.270149225007458, -2.810358837990009 ], [ 115.27017528826002, -2.810301264292491 ], [ 115.270198771357514, -2.810231816844976 ], [ 115.270209545235048, -2.810160765007481 ], [ 115.270221640217528, -2.810091921904984 ], [ 115.270230850172538, -2.810021388974974 ], [ 115.270241133922468, -2.809954155660023 ], [ 115.270251476125054, -2.809886513152492 ], [ 115.270262472134959, -2.809819117057486 ], [ 115.270271063360042, -2.809751937702515 ], [ 115.270280008014993, -2.809706832204995 ], [ 115.27028681138745, -2.809673322565004 ], [ 115.270291319687544, -2.809653440355021 ], [ 115.270302375055053, -2.809590788185005 ], [ 115.270313832417514, -2.809533772964983 ], [ 115.270313996094956, -2.809533203695025 ], [ 115.270333095895012, -2.809467195255024 ], [ 115.270347077654947, -2.809404995444993 ], [ 115.270362680892504, -2.809337673995003 ], [ 115.270376577217462, -2.809270962284984 ], [ 115.270390844962549, -2.809205186769987 ], [ 115.270403600944974, -2.809137852729975 ], [ 115.270416630322529, -2.8090736069625 ], [ 115.270430186704971, -2.809007396174991 ], [ 115.270442212437501, -2.808940347220016 ], [ 115.270449237042499, -2.808872695717525 ], [ 115.270450149855037, -2.808871908812478 ], [ 115.270452661659988, -2.808803894884988 ], [ 115.270450353102547, -2.808735468167527 ], [ 115.270443350980031, -2.808666519845019 ], [ 115.270441183615048, -2.808644357850028 ], [ 115.270436594372541, -2.808597431227497 ], [ 115.270426408652497, -2.808532946237506 ], [ 115.270414554687477, -2.808466980967523 ], [ 115.270403726849963, -2.808400880794977 ], [ 115.270396419860049, -2.808356991182507 ], [ 115.270384948107449, -2.80829062211501 ], [ 115.270377570967526, -2.808247047262512 ], [ 115.270367124442487, -2.808183267344987 ], [ 115.270359662767532, -2.808140393065003 ], [ 115.270348450919982, -2.808075450322519 ], [ 115.270334852272526, -2.808009139710009 ], [ 115.270311592207463, -2.807881446772512 ], [ 115.270298427029957, -2.807815899685011 ], [ 115.270285114367539, -2.807757975250013 ], [ 115.270284397607497, -2.807754207990001 ], [ 115.270272456409998, -2.807691435312506 ], [ 115.270252951912539, -2.807601352020015 ], [ 115.270236646304966, -2.807534610632501 ], [ 115.270219361334966, -2.80746725501001 ], [ 115.270195128202545, -2.807376573670012 ], [ 115.270184133092471, -2.807330910592498 ], [ 115.270166189817473, -2.807268120827473 ], [ 115.27014566369246, -2.807199655440002 ], [ 115.270124701395048, -2.807131513807519 ], [ 115.270102410797449, -2.807062803805024 ], [ 115.270082105005031, -2.806998192912488 ], [ 115.270061866662445, -2.806929908287486 ], [ 115.270047403765034, -2.806882519412511 ], [ 115.270040193, -2.806858890624994 ], [ 115.270019756807528, -2.8067863872825 ], [ 115.269998284592475, -2.806716702414974 ], [ 115.269968892950033, -2.806623820432492 ], [ 115.269946176074995, -2.806549852992475 ], [ 115.269931905632461, -2.806498926184986 ], [ 115.269905459270035, -2.806408680117499 ], [ 115.269887891912504, -2.806342302054986 ], [ 115.269869070899972, -2.80627318016252 ], [ 115.269857761027538, -2.806225662684994 ], [ 115.269841032737531, -2.806162820757493 ], [ 115.269824191132557, -2.806097254785016 ], [ 115.269802523767453, -2.806014349882503 ], [ 115.269802047127541, -2.806012732900001 ], [ 115.269784067879982, -2.805951748075017 ], [ 115.269764264809965, -2.805889013167473 ], [ 115.269745028310012, -2.805824844740016 ], [ 115.269720263680028, -2.805742483029974 ], [ 115.269700365279959, -2.805679883019991 ], [ 115.269679188044961, -2.805617656230027 ], [ 115.269653498909975, -2.805551713440025 ], [ 115.269625523700029, -2.805475414957527 ], [ 115.269602760060025, -2.805411722272481 ], [ 115.269581539657452, -2.805348311975024 ], [ 115.269575173354951, -2.805323270352517 ], [ 115.269562510002515, -2.805285480839984 ], [ 115.269544475897533, -2.805222611034992 ], [ 115.269533225377472, -2.805180361785006 ], [ 115.269526778137447, -2.805152409057484 ], [ 115.269523510902445, -2.805138251927474 ], [ 115.269512988832503, -2.805097475767525 ], [ 115.269502231142496, -2.805032988082473 ], [ 115.269493685785051, -2.804968646085001 ], [ 115.269488360900027, -2.8049036269 ], [ 115.269488493099971, -2.804837711092489 ], [ 115.269493219935043, -2.804769325742484 ], [ 115.269500256232504, -2.804702151782521 ], [ 115.269512619212492, -2.804630359802502 ], [ 115.269526057782514, -2.804561380002497 ], [ 115.269541117827544, -2.804491812947504 ], [ 115.26954980707751, -2.804448376590017 ], [ 115.269568858317484, -2.804382939219977 ], [ 115.269589745069993, -2.804292982734978 ], [ 115.269597051162464, -2.804262999337482 ], [ 115.269606207159995, -2.804225419367526 ], [ 115.269620813049983, -2.804164732217487 ], [ 115.269638563869989, -2.804097460230025 ], [ 115.269655799374959, -2.804022350649973 ], [ 115.269673714769965, -2.803951423820024 ], [ 115.269686880845029, -2.80390858101498 ], [ 115.269698107982549, -2.803866900137507 ], [ 115.269716479332487, -2.803802050025013 ], [ 115.269733826355036, -2.803734187182499 ], [ 115.269746733424995, -2.803690867739988 ], [ 115.269764155092503, -2.803626862989972 ], [ 115.269782164915, -2.803563734179988 ], [ 115.269795309405026, -2.803520889577499 ], [ 115.269814405609964, -2.803458071932482 ], [ 115.269837439945036, -2.803392228069981 ], [ 115.269837501100028, -2.803392033814987 ], [ 115.269856714215052, -2.803330635299972 ], [ 115.26987616205497, -2.803267850030011 ], [ 115.269899770157508, -2.803204256272522 ], [ 115.269919735107464, -2.803143902769989 ], [ 115.269942723577515, -2.803078959127504 ], [ 115.269964712002547, -2.803016066837472 ], [ 115.269988285930026, -2.802952794135024 ], [ 115.270012821235014, -2.802890033147492 ], [ 115.270037616442551, -2.80282760401002 ], [ 115.270062656267555, -2.802765190162518 ], [ 115.270080068940047, -2.802724081252506 ], [ 115.270098714584947, -2.802680958759993 ], [ 115.270117118310054, -2.802638404637491 ], [ 115.270145616027548, -2.802577876667499 ], [ 115.270160218320029, -2.802548905007484 ], [ 115.270176095850047, -2.80251739995748 ], [ 115.270196891772457, -2.802478426937512 ], [ 115.270217893640051, -2.80243988469249 ], [ 115.270239415317519, -2.802399250625001 ], [ 115.270273997847539, -2.802342310049994 ], [ 115.270296681447462, -2.802305025954979 ], [ 115.270331060729973, -2.802248151929973 ], [ 115.270367466185007, -2.802191364240002 ], [ 115.270392604934955, -2.802154878745 ], [ 115.270428060707445, -2.802102549892481 ], [ 115.270471487169971, -2.802047381880016 ], [ 115.270501081159978, -2.802011634729979 ], [ 115.27054609312745, -2.80195934994498 ], [ 115.270575822017463, -2.8019265723525 ], [ 115.270606988922509, -2.801895684237479 ], [ 115.270654081019984, -2.801849806222492 ], [ 115.270685315374976, -2.80182163316249 ], [ 115.270699564232473, -2.80180878005001 ], [ 115.270748483755028, -2.801761541362509 ], [ 115.270810031557517, -2.801703502714986 ], [ 115.270858043665044, -2.80166021025002 ], [ 115.270907043224952, -2.801614833157487 ], [ 115.270956434892469, -2.801568694340006 ], [ 115.271069157715033, -2.801466183317473 ], [ 115.271119687922464, -2.801419189244996 ], [ 115.271154024937459, -2.801388329007523 ], [ 115.271188584984998, -2.801357575792508 ], [ 115.27129332542745, -2.80126394107748 ], [ 115.271329874775006, -2.801230115777514 ], [ 115.271350113117478, -2.801212724687502 ], [ 115.271364323304965, -2.801200513692493 ], [ 115.271397241190016, -2.801171149029983 ], [ 115.271432561165057, -2.801140933607485 ], [ 115.271463388124971, -2.801113917072485 ], [ 115.271535600087532, -2.801052163327483 ], [ 115.27158929680752, -2.801005869825019 ], [ 115.271686294987489, -2.800923419979995 ], [ 115.271723250827449, -2.800892949150011 ], [ 115.271778683239972, -2.800845358824972 ], [ 115.271835893612547, -2.800797388090018 ], [ 115.271889352012522, -2.800753547937518 ], [ 115.27194682498498, -2.800707760755017 ], [ 115.271946376224946, -2.800708029652526 ], [ 115.272005541722478, -2.800662586909993 ], [ 115.272040322102498, -2.800634882395002 ], [ 115.272064658657541, -2.800615494810017 ], [ 115.272123817860006, -2.800567626595011 ], [ 115.272185913349972, -2.800517715120009 ], [ 115.272244577025049, -2.800469200292525 ], [ 115.272300609285026, -2.800424906884984 ], [ 115.272356529129979, -2.8003817358275 ], [ 115.272417619177531, -2.800333140962493 ], [ 115.27247649958997, -2.800287801640025 ], [ 115.272535058047538, -2.800243197065015 ], [ 115.272595413347517, -2.800197080730015 ], [ 115.27265293938251, -2.800151224300009 ], [ 115.272710879105034, -2.800107812225008 ], [ 115.272749041835027, -2.800078325255015 ], [ 115.272768558022449, -2.80006324722001 ], [ 115.272828068860008, -2.800019250587525 ], [ 115.272886709155046, -2.79997424671501 ], [ 115.272943158699945, -2.799930450629972 ], [ 115.272961574117517, -2.799915895102515 ], [ 115.272999920309985, -2.79988684609998 ], [ 115.273056866282445, -2.799844291079978 ], [ 115.273094079327507, -2.79981504962501 ], [ 115.273149600772513, -2.799770737329993 ], [ 115.273206617792539, -2.799726758682482 ], [ 115.273265985637522, -2.799682786332482 ], [ 115.27331929205252, -2.799640984045027 ], [ 115.273375878295042, -2.799598073792481 ], [ 115.273431307109945, -2.799555088894977 ], [ 115.273464178230029, -2.799530078750024 ], [ 115.273486992230005, -2.799512721835015 ], [ 115.273542661165038, -2.799470757670008 ], [ 115.27359969167253, -2.799428887032491 ], [ 115.273655663677459, -2.799387516419984 ], [ 115.27371237672503, -2.799347316725004 ], [ 115.273767373864985, -2.799307137715005 ], [ 115.273803825187542, -2.799281733664998 ], [ 115.273858173017516, -2.799241442237474 ], [ 115.273893043329963, -2.799215059727487 ], [ 115.273946970277507, -2.799176206317497 ], [ 115.27398248990005, -2.799151046882514 ], [ 115.274037005004971, -2.799112370639989 ], [ 115.27405548427248, -2.79909821440998 ], [ 115.274108445347451, -2.799059439242512 ], [ 115.274145832864974, -2.799033857127483 ], [ 115.274192605705025, -2.79899986904752 ], [ 115.274201098902495, -2.798993697002516 ], [ 115.274237368559966, -2.798967150812473 ], [ 115.27429226407753, -2.79892630090751 ], [ 115.274347268412498, -2.798887089567472 ], [ 115.274386531912455, -2.798860082027488 ], [ 115.274423244937452, -2.798833673435013 ], [ 115.274459941772534, -2.798807069689985 ], [ 115.274497099062501, -2.798780306765025 ], [ 115.274552835444979, -2.798740012642497 ], [ 115.274571562027518, -2.798726370825023 ], [ 115.274608968430016, -2.798699214897511 ], [ 115.274647012450032, -2.798672255919996 ], [ 115.274705100560027, -2.798631505839978 ], [ 115.274781649054944, -2.798577245242484 ], [ 115.274816807150046, -2.79855068736498 ], [ 115.274874102957483, -2.798509528092495 ], [ 115.274924113357542, -2.798473897852489 ], [ 115.274931995014981, -2.798468283384977 ], [ 115.275050047222521, -2.798385944154973 ], [ 115.275112175087543, -2.798345921627515 ], [ 115.275164504837448, -2.798308895639991 ], [ 115.275223638859984, -2.798267122130028 ], [ 115.275261901414979, -2.798239176597519 ], [ 115.275321670359972, -2.798198322194992 ], [ 115.275378384304986, -2.798158894117478 ], [ 115.275474860877466, -2.798092812832522 ], [ 115.275534343835034, -2.798053059200015 ], [ 115.275594980624987, -2.798010597710004 ], [ 115.275658257822556, -2.797968067872489 ], [ 115.275665840905049, -2.797962674637517 ], [ 115.275717114852455, -2.797926210724995 ], [ 115.275776858615018, -2.797883964172513 ], [ 115.275836603277526, -2.797841677152519 ], [ 115.27589595583504, -2.797800421652482 ], [ 115.275954547564993, -2.79775980287252 ], [ 115.276011964779968, -2.797718934082525 ], [ 115.276070173399944, -2.797679240705008 ], [ 115.276126961089972, -2.797639970907483 ], [ 115.276145881027446, -2.797627348022502 ], [ 115.276255414854973, -2.797551651187518 ], [ 115.276308570185051, -2.797513662924985 ], [ 115.276345606965037, -2.797488434244997 ], [ 115.276403981059957, -2.797446148120002 ], [ 115.276416668694992, -2.797436955250021 ], [ 115.27645203992995, -2.797411229244972 ], [ 115.27648885997246, -2.797384219904984 ], [ 115.276541095294988, -2.797344677615001 ], [ 115.27659600340246, -2.797303852890025 ], [ 115.276648055262513, -2.797263913997483 ], [ 115.276700628730055, -2.797225019219979 ], [ 115.276750115725008, -2.797185218822506 ], [ 115.27680149938999, -2.797141582817517 ], [ 115.27685637512252, -2.797096524985022 ], [ 115.276890267872545, -2.797067794342524 ], [ 115.276940182044996, -2.797025105325019 ], [ 115.276973411992458, -2.796997136407526 ], [ 115.277024247072518, -2.796953992332476 ], [ 115.277073458872451, -2.796911991295019 ], [ 115.277106972110005, -2.79688284606749 ], [ 115.277122632004989, -2.796869224934994 ], [ 115.277171012832468, -2.79682528315999 ], [ 115.277219603202525, -2.796780819779997 ], [ 115.277265668275049, -2.796740600297483 ], [ 115.277313163272538, -2.796696849180023 ], [ 115.27736252705995, -2.796652445155019 ], [ 115.277411790122528, -2.796607950297528 ], [ 115.277444626167494, -2.796577554110002 ], [ 115.277492927857452, -2.796531792107487 ], [ 115.277527556252494, -2.796501305089976 ], [ 115.277573346132499, -2.796455642015019 ], [ 115.277619146807524, -2.79640795276498 ], [ 115.277634185270017, -2.796391868390003 ], [ 115.277664470840023, -2.79635927516 ], [ 115.277694529779978, -2.796327792592479 ], [ 115.277710087150012, -2.796311913265015 ], [ 115.277741433920028, -2.796279685160016 ], [ 115.277759265677446, -2.796261085380024 ], [ 115.27777301001754, -2.796246749287491 ], [ 115.277804614889988, -2.796213994179993 ], [ 115.277835377100018, -2.796178876555018 ], [ 115.2778698049475, -2.796143860549989 ], [ 115.277911687275036, -2.796089580170019 ], [ 115.277953263832501, -2.796036817844993 ], [ 115.277998540199974, -2.795982940359977 ], [ 115.278031455387463, -2.795945560040025 ], [ 115.278059222854949, -2.795911499117494 ], [ 115.278101973927505, -2.795860304309997 ], [ 115.278147402279956, -2.795806083285015 ], [ 115.278195999845025, -2.795748489800019 ], [ 115.278239859782502, -2.795696625897506 ], [ 115.278283736804951, -2.795642251987488 ], [ 115.278331596925, -2.795581838230021 ], [ 115.27833952535002, -2.795570859307475 ], [ 115.278373954995004, -2.79552316286248 ], [ 115.278413087194963, -2.795467689982502 ], [ 115.278450750802449, -2.79541290867752 ], [ 115.278487765997511, -2.795358846832528 ], [ 115.27852467867001, -2.795304291259981 ], [ 115.278561138085024, -2.795248618727499 ], [ 115.278585784007532, -2.795210472184976 ], [ 115.278621041027463, -2.795155109020016 ], [ 115.278661563580044, -2.795097521832474 ], [ 115.278696986977479, -2.795040911310025 ], [ 115.278730937282489, -2.794985971724998 ], [ 115.278764447819981, -2.794929658877493 ], [ 115.278786124179987, -2.794892389172503 ], [ 115.278818923354947, -2.794835175202479 ], [ 115.27883077911747, -2.794814005162493 ], [ 115.278882507222534, -2.794721632197479 ], [ 115.278907003855011, -2.794680621312523 ], [ 115.278938461240045, -2.794623661852484 ], [ 115.278968403270028, -2.79456752077499 ], [ 115.278998177125004, -2.794511114397494 ], [ 115.279028556222556, -2.794454606394993 ], [ 115.279059051335025, -2.794398027347484 ], [ 115.27909775815499, -2.794321957292482 ], [ 115.279127951095006, -2.794265896255013 ], [ 115.279158927342451, -2.794208248812481 ], [ 115.279179017297452, -2.794170747982491 ], [ 115.279197852700008, -2.794133150025004 ], [ 115.279226935875045, -2.794075433335024 ], [ 115.279258437327485, -2.794025281742506 ], [ 115.279261207239983, -2.794020304892513 ], [ 115.279291176247511, -2.793966456187491 ], [ 115.279323961932505, -2.793907707974995 ], [ 115.279352723150055, -2.793842903727523 ], [ 115.279379629964978, -2.793795347577486 ], [ 115.279411004614985, -2.793736164092479 ], [ 115.279430075637492, -2.793695785432476 ], [ 115.279456631717494, -2.793632870660019 ], [ 115.279479709222528, -2.793569336255018 ], [ 115.279496632662472, -2.793505568927515 ], [ 115.279510207930002, -2.793439770927478 ], [ 115.279521329845011, -2.793371578035021 ], [ 115.279529519072526, -2.793327245055025 ], [ 115.279533993199948, -2.793304236799997 ], [ 115.279539288407477, -2.793260456004987 ], [ 115.279543912722488, -2.793217346102495 ], [ 115.27954588763248, -2.79317389895499 ], [ 115.279547054952445, -2.793148200827488 ], [ 115.279550261935015, -2.793087413852504 ], [ 115.279554583177514, -2.793026789655016 ], [ 115.279559978210045, -2.792961704817515 ], [ 115.27957055603747, -2.792896733297482 ], [ 115.279585166422521, -2.792831321107485 ], [ 115.27960359443, -2.792764648069976 ], [ 115.279626502859969, -2.792701428427506 ], [ 115.279652416825002, -2.792640372555013 ], [ 115.279678129342528, -2.79258059731751 ], [ 115.279708420307543, -2.792525988682485 ], [ 115.279750728012459, -2.792449111037513 ], [ 115.279771507749956, -2.792411986124989 ], [ 115.279803901329956, -2.792348190914993 ], [ 115.279815632984992, -2.792324892179977 ], [ 115.279833506112482, -2.792289403132486 ], [ 115.279862877970004, -2.792234206342528 ], [ 115.279912116749983, -2.792139810802496 ], [ 115.279932707627495, -2.79210002389749 ], [ 115.279958307729999, -2.792050554890011 ], [ 115.279991946870041, -2.791990088972511 ], [ 115.280027782157504, -2.791926273977481 ], [ 115.280047694045038, -2.79188891614001 ], [ 115.280070287712533, -2.791847936732495 ], [ 115.280102853962489, -2.791788560792497 ], [ 115.280137880757479, -2.791725392412502 ], [ 115.280171677280009, -2.791665701709974 ], [ 115.280205050222548, -2.791605895894975 ], [ 115.280240757805018, -2.791545696177479 ], [ 115.280248510860019, -2.791532403297481 ], [ 115.280275824169962, -2.791485572900001 ], [ 115.280319583382493, -2.791409492054981 ], [ 115.280354290017499, -2.791350807692481 ], [ 115.280376625579947, -2.791314376157516 ], [ 115.28040841301754, -2.791259762127481 ], [ 115.280444643105056, -2.791197574007526 ], [ 115.280481214037536, -2.791136700697507 ], [ 115.280508986900031, -2.791086433992518 ], [ 115.280539488307454, -2.791031035752496 ], [ 115.280573686827552, -2.790972971924987 ], [ 115.280607987867484, -2.790914230007502 ], [ 115.280632245282504, -2.790875285765026 ], [ 115.280664045310004, -2.790815631037503 ], [ 115.280697322922492, -2.790756408879986 ], [ 115.280700546092476, -2.790750782722512 ], [ 115.280730067240029, -2.790699239877483 ], [ 115.280750668907444, -2.790661711170003 ], [ 115.280802861962457, -2.790567802162514 ], [ 115.280815651222497, -2.790546442364985 ], [ 115.280848552019961, -2.790487294852483 ], [ 115.280859379857475, -2.790467570022486 ], [ 115.280892913777507, -2.790408676120023 ], [ 115.280914055940002, -2.790370102397503 ], [ 115.28094353391748, -2.790312371319999 ], [ 115.280968346212489, -2.790258909320016 ], [ 115.280992878817528, -2.790198804930014 ], [ 115.281014226924981, -2.790136389282509 ], [ 115.281034609159974, -2.79007541704749 ], [ 115.281039901670056, -2.790053836914979 ], [ 115.281053175662464, -2.789990058795013 ], [ 115.281059318032476, -2.789945616097498 ], [ 115.281060729069964, -2.789929894150021 ], [ 115.281063252567492, -2.789901759757527 ], [ 115.281061844229953, -2.789855376325022 ], [ 115.281056864682455, -2.789788277007517 ], [ 115.281044329032511, -2.789721914234974 ], [ 115.281024613194973, -2.789652815724992 ], [ 115.280996226994944, -2.789590687860027 ], [ 115.280963703912448, -2.789529980025009 ], [ 115.280939645247486, -2.789493251712486 ], [ 115.280903020357528, -2.789437178082494 ], [ 115.280874858987545, -2.789400042377508 ], [ 115.280832708662501, -2.789345711635008 ], [ 115.280792313815027, -2.789293022154993 ], [ 115.280751963932516, -2.789239704947477 ], [ 115.280711355944959, -2.789186618867518 ], [ 115.280683679307458, -2.789149934622515 ], [ 115.280675752685056, -2.789140462062505 ], [ 115.280643416660041, -2.789101811900025 ], [ 115.280614625764997, -2.789068501909981 ], [ 115.280565021857456, -2.78900191700501 ], [ 115.280523421917451, -2.788953214219987 ], [ 115.280494711962547, -2.788921130005008 ], [ 115.280453817090006, -2.788873347227479 ], [ 115.280425785222519, -2.788840375382506 ], [ 115.280383234697524, -2.788788230892521 ], [ 115.28034255116745, -2.788739503825013 ], [ 115.280301721947467, -2.788687200154982 ], [ 115.280265149217485, -2.788636357882524 ], [ 115.280226412720026, -2.788586510260018 ], [ 115.280189507240038, -2.78853563920751 ], [ 115.280151190724951, -2.788487824052481 ], [ 115.280111768942447, -2.788436641837507 ], [ 115.280101326914973, -2.788423082760005 ], [ 115.280074181777536, -2.788389311417518 ], [ 115.280042638057466, -2.788352331295016 ], [ 115.280031624959975, -2.788339418829992 ], [ 115.279985833279966, -2.788286312962498 ], [ 115.27997693089003, -2.7882752962675 ], [ 115.279957039684973, -2.788250679124985 ], [ 115.279915778790041, -2.788203751602509 ], [ 115.279875421712518, -2.788160103905 ], [ 115.279830084190053, -2.788105524950026 ], [ 115.279784133330054, -2.788052946087475 ], [ 115.279739982914975, -2.788001655952485 ], [ 115.279694995227487, -2.787950982752477 ], [ 115.279679578149967, -2.787934481990021 ], [ 115.279633317024945, -2.787884294424998 ], [ 115.279586635915052, -2.78783462217001 ], [ 115.279554548105011, -2.787801585574982 ], [ 115.27951427016751, -2.78776134001248 ], [ 115.279506196054967, -2.787753271297504 ], [ 115.279458772105045, -2.787705047850011 ], [ 115.279426703179979, -2.78767368219502 ], [ 115.279377163124991, -2.787627105407523 ], [ 115.279326203042501, -2.787574297214974 ], [ 115.279277859984973, -2.787528929117514 ], [ 115.279232556637453, -2.78748879686998 ], [ 115.279182557929971, -2.787444459394976 ], [ 115.279130854105006, -2.787400086845025 ], [ 115.279080841007499, -2.787356299752503 ], [ 115.279029345827553, -2.787314423722478 ], [ 115.278977174357465, -2.78727128324249 ], [ 115.278924808632496, -2.787226178645028 ], [ 115.278872640760028, -2.787181190059982 ], [ 115.278844357082448, -2.78715903885751 ], [ 115.278817682289969, -2.787138150304997 ], [ 115.278764944247541, -2.78709520767751 ], [ 115.278713402302515, -2.78705242333001 ], [ 115.278679058092507, -2.787025447267524 ], [ 115.278627403732457, -2.786985778169992 ], [ 115.278575924740039, -2.78694549303998 ], [ 115.278506924254998, -2.786890853830016 ], [ 115.278450282254994, -2.786847234012498 ], [ 115.278414959582506, -2.786820740884991 ], [ 115.278379044257463, -2.786795040059985 ], [ 115.278361065010017, -2.786782032265023 ], [ 115.278306496847449, -2.786741864944986 ], [ 115.278270701132556, -2.786715434769974 ], [ 115.278218150147495, -2.786675056110028 ], [ 115.278183037917529, -2.786649652960023 ], [ 115.278130121807521, -2.786611438067496 ], [ 115.27812934119504, -2.786610878689999 ], [ 115.278093783800045, -2.786585426077522 ], [ 115.278038909867519, -2.786545722807489 ], [ 115.278003461290041, -2.786519566024992 ], [ 115.277967125982514, -2.786492830080022 ], [ 115.277911449852468, -2.786452320117519 ], [ 115.277874626212451, -2.786425119224987 ], [ 115.277820340437529, -2.786385024750018 ], [ 115.277767502567485, -2.786344571444999 ], [ 115.27771402618248, -2.786303866330002 ], [ 115.277675077442495, -2.786273910812497 ], [ 115.277624522055021, -2.786237073682514 ], [ 115.277567344957447, -2.786193924210011 ], [ 115.277513095152472, -2.786152888145011 ], [ 115.277459759960038, -2.786113708280027 ], [ 115.277406019172531, -2.786075620192491 ], [ 115.277405067689983, -2.786074914225026 ], [ 115.277354312652506, -2.786037238027518 ], [ 115.277300911807515, -2.785998255114976 ], [ 115.27724616557748, -2.785957194767491 ], [ 115.277212315097472, -2.785929373342526 ], [ 115.27715891515254, -2.785890607165015 ], [ 115.27711140756503, -2.785853173784972 ], [ 115.277078158729978, -2.785828160042513 ], [ 115.277023973677501, -2.78578740726249 ], [ 115.276970875004963, -2.785747692302493 ], [ 115.276900415822524, -2.785695583785014 ], [ 115.276830383814968, -2.785643189282496 ], [ 115.27679460698505, -2.785618325725011 ], [ 115.276743072235035, -2.785579952552496 ], [ 115.276690523049979, -2.785539686307516 ], [ 115.27668393371755, -2.785534770612514 ], [ 115.27665493597749, -2.78551314371748 ], [ 115.276600676280054, -2.785473209320003 ], [ 115.276549484172506, -2.785431332389976 ], [ 115.276514714582504, -2.785403388655027 ], [ 115.27646043060497, -2.785363869747528 ], [ 115.276404017929963, -2.785322625937511 ], [ 115.276366864240003, -2.785295178630008 ], [ 115.276313349182487, -2.785254377287515 ], [ 115.276261195697543, -2.785214219859995 ], [ 115.276207894677555, -2.785173118144996 ], [ 115.276155511867501, -2.7851340300125 ], [ 115.276102592159987, -2.785095430209992 ], [ 115.276048640032514, -2.785055965260028 ], [ 115.275996113330052, -2.785015108159996 ], [ 115.275965704552505, -2.784990787794982 ], [ 115.275943754799982, -2.784973234827476 ], [ 115.275893801057464, -2.784931478404985 ], [ 115.27584651380505, -2.784888576247511 ], [ 115.27579840457247, -2.784842522865006 ], [ 115.275753561677448, -2.784797991135008 ], [ 115.27572316638998, -2.784769700262473 ], [ 115.275676067097493, -2.784724611849981 ], [ 115.275643070969977, -2.784698578277528 ], [ 115.275611085682499, -2.784669924077491 ], [ 115.275578004122508, -2.784641564855008 ], [ 115.27554440724748, -2.784613793792516 ], [ 115.275510543277505, -2.784588678424996 ], [ 115.275457545330028, -2.784548746727523 ], [ 115.275403841415027, -2.7845062780425 ], [ 115.275366762367526, -2.784481005294992 ], [ 115.275312476589988, -2.784443017930016 ], [ 115.275273938842474, -2.784415222584983 ], [ 115.275257751045046, -2.784403546687486 ], [ 115.275204530065025, -2.784363301124984 ], [ 115.275168841370032, -2.784336527407504 ], [ 115.27513297730502, -2.784310350842475 ], [ 115.275097052087517, -2.784284719264974 ], [ 115.27506157473249, -2.784258108324991 ], [ 115.275026103672531, -2.784230896637496 ], [ 115.274990521995051, -2.784204034787479 ], [ 115.274954764950053, -2.784177466117512 ], [ 115.27491877768, -2.784151553949982 ], [ 115.274882719362495, -2.784125936762507 ], [ 115.274846875082517, -2.784100292594985 ], [ 115.274792449012466, -2.784061362742477 ], [ 115.274737700084984, -2.784022458070012 ], [ 115.274686344299994, -2.783985202754991 ], [ 115.274633757342485, -2.783946871849992 ], [ 115.274580170337458, -2.783909343142511 ], [ 115.274546015884994, -2.783884300620002 ], [ 115.274527149907499, -2.783870469047486 ], [ 115.274492434277477, -2.78384539594748 ], [ 115.274455262599986, -2.783820140287503 ], [ 115.274400537954989, -2.783783374202528 ], [ 115.27433317423754, -2.783736128320015 ], [ 115.274280441590008, -2.783699789412481 ], [ 115.274227560552504, -2.7836628542575 ], [ 115.274177446732551, -2.783629681865023 ], [ 115.274144833717514, -2.783605939762481 ], [ 115.274110229602456, -2.783581376580003 ], [ 115.274059782132554, -2.783541048279972 ], [ 115.274007626849993, -2.783499049042518 ], [ 115.273990361665028, -2.783482866639986 ], [ 115.273940576097516, -2.783441917810023 ], [ 115.273911766314995, -2.783414009150022 ], [ 115.273866915325016, -2.783372855272489 ], [ 115.273834218675006, -2.783342007627482 ], [ 115.273830812042547, -2.783338690927508 ], [ 115.273787933267499, -2.783296956089998 ], [ 115.27375882760748, -2.783266873767502 ], [ 115.273730153625024, -2.783239628805006 ], [ 115.273699369829956, -2.783209827969984 ], [ 115.273668550962498, -2.783179969579976 ], [ 115.273621976872505, -2.783136255335023 ], [ 115.273591204770014, -2.783105424774988 ], [ 115.273562269082504, -2.783079186155021 ], [ 115.273530408802458, -2.783050869202498 ], [ 115.273479962229999, -2.783006017315017 ], [ 115.273431572410004, -2.782961568322492 ], [ 115.273399582624961, -2.78293369923 ], [ 115.273367659390033, -2.782906705179983 ], [ 115.273339300167549, -2.78287939007248 ], [ 115.273305063877501, -2.782850636047499 ], [ 115.273275128144974, -2.782824500849983 ], [ 115.27324580574998, -2.782801354100002 ], [ 115.27321771812251, -2.782776596662472 ], [ 115.273183561872543, -2.782749668262511 ], [ 115.273163631994976, -2.782733166602497 ], [ 115.273150788777457, -2.782722533017477 ], [ 115.273082183995029, -2.782666346075018 ], [ 115.273032741067482, -2.782628561059994 ], [ 115.272979880717457, -2.782587382002475 ], [ 115.2729459942625, -2.782559970664977 ], [ 115.272911159922501, -2.782533393002495 ], [ 115.272875723935044, -2.78250625326001 ], [ 115.272841162090003, -2.782477617047505 ], [ 115.272806641612533, -2.782449274914995 ], [ 115.272753570819987, -2.782407495110022 ], [ 115.272701877790041, -2.782365362770008 ], [ 115.272646754744983, -2.782319882257525 ], [ 115.27261136912, -2.782293532119979 ], [ 115.272593006762463, -2.782277052942504 ], [ 115.272542095242557, -2.782235622975008 ], [ 115.272491191814993, -2.782198126642527 ], [ 115.272458308105001, -2.782172451897509 ], [ 115.272440434079954, -2.782158496217505 ], [ 115.272390670092477, -2.782119187750027 ], [ 115.272359108387491, -2.782092557925012 ], [ 115.272327971160053, -2.782065605242508 ], [ 115.27227844189747, -2.782024348845027 ], [ 115.272230456769989, -2.781980095904999 ], [ 115.272196812232551, -2.781943148157495 ], [ 115.272180593859957, -2.781924676982499 ], [ 115.27214961491245, -2.781900121892477 ], [ 115.272111923427474, -2.781874602729999 ], [ 115.272057302202484, -2.78184246725499 ], [ 115.272022848275014, -2.781828992712519 ], [ 115.27198422869003, -2.781806039317473 ], [ 115.271955219257507, -2.781778584812514 ], [ 115.271941173647519, -2.781752695130024 ], [ 115.271940181694958, -2.781721130724975 ], [ 115.271949763069983, -2.781673240927489 ], [ 115.271981626052479, -2.781634142002474 ], [ 115.272019170947488, -2.78159079018252 ], [ 115.272040661147457, -2.781570061709999 ], [ 115.272041268190037, -2.781559019832514 ], [ 115.272049639979969, -2.781407068582496 ], [ 115.27206259561251, -2.781220933200018 ], [ 115.272070797430047, -2.781091982110013 ], [ 115.272082273677483, -2.780925407879977 ], [ 115.272095357914964, -2.780733184090025 ], [ 115.272100211554971, -2.780656678762512 ], [ 115.272105218082515, -2.780577772247511 ], [ 115.272115422687534, -2.780422781287484 ], [ 115.272118671039948, -2.780314849149988 ], [ 115.27212806355999, -2.780201090307514 ], [ 115.272140431934986, -2.780062011952509 ], [ 115.272147133682552, -2.779930845832496 ], [ 115.272157617079984, -2.779789975127528 ], [ 115.272160441850019, -2.779754559824994 ], [ 115.272168527655026, -2.779653157667497 ], [ 115.272177626995017, -2.779518452715024 ], [ 115.272195336444952, -2.779314899262488 ], [ 115.272200872672556, -2.779229291897479 ], [ 115.272212689764956, -2.779089317817522 ], [ 115.272217464265054, -2.778968236694993 ], [ 115.272225579747555, -2.778852743959987 ], [ 115.27223504241249, -2.778718110952525 ], [ 115.272239467977556, -2.778616072972511 ], [ 115.272242579632461, -2.778539013665011 ], [ 115.272244976325055, -2.77845950190499 ], [ 115.272259512067535, -2.778281899289993 ], [ 115.272269131215012, -2.778136398875006 ], [ 115.272281502289957, -2.777969858822473 ], [ 115.272282889044959, -2.777950413680003 ], [ 115.272291911942489, -2.777823874572505 ], [ 115.272298047117488, -2.777701654007501 ], [ 115.272308796712537, -2.777550864679995 ], [ 115.27231642386505, -2.7774175320925 ], [ 115.272319994172449, -2.777356129982479 ], [ 115.272329196934948, -2.777230455122492 ], [ 115.272338782807537, -2.777086551902528 ], [ 115.27234127393001, -2.777048053725025 ], [ 115.272355580344993, -2.776826941909974 ], [ 115.272370884110046, -2.776620167987517 ], [ 115.272388846267518, -2.776278478670008 ], [ 115.272398481605023, -2.776145627219989 ], [ 115.272402885585052, -2.776084907692507 ], [ 115.272421321687489, -2.775816147997489 ], [ 115.272435581337504, -2.775588105107488 ], [ 115.272446256289982, -2.775389598650008 ], [ 115.272455283684963, -2.775252434952506 ], [ 115.272454342992546, -2.775243218699984 ], [ 115.272447731177522, -2.775178425244974 ], [ 115.272466866952527, -2.774984148300007 ], [ 115.272478244275021, -2.774744606677473 ], [ 115.272483756220026, -2.774596732052487 ], [ 115.272494918605048, -2.774359392872498 ], [ 115.272496167764984, -2.774340898312516 ], [ 115.272507933594966, -2.774166680747499 ], [ 115.272524949667513, -2.77386189870748 ], [ 115.272533524702453, -2.773741981307523 ], [ 115.272545818434992, -2.77358449113251 ], [ 115.272557369327501, -2.773438737107483 ], [ 115.272565125980009, -2.77334086119248 ], [ 115.272584029729956, -2.773089901777496 ], [ 115.272610809739945, -2.772797429657487 ], [ 115.27262826288495, -2.772609057662521 ], [ 115.272633708279955, -2.772537733330012 ], [ 115.272641761707519, -2.772432186197477 ], [ 115.272661714967512, -2.77220256229748 ], [ 115.272676340640032, -2.772052081437494 ], [ 115.27270189307751, -2.771837531977496 ], [ 115.272717554772498, -2.771643217260021 ], [ 115.272718457689962, -2.771637580310028 ], [ 115.27273756198997, -2.771518283442504 ], [ 115.272761072964954, -2.771283123317517 ], [ 115.272781885075005, -2.771093537237505 ], [ 115.272794409034987, -2.770981158852521 ], [ 115.272813701292534, -2.770801504885014 ], [ 115.272820680030009, -2.770739298779972 ], [ 115.27282735389997, -2.770679815820017 ], [ 115.272854830884967, -2.770427012797484 ], [ 115.272870793852462, -2.770248784254989 ], [ 115.272893170782481, -2.770092306715014 ], [ 115.272910000694992, -2.769898501915009 ], [ 115.272917231244946, -2.769840404809997 ], [ 115.272920437327457, -2.769814648227509 ], [ 115.272932356942533, -2.769704227667489 ], [ 115.272943912332494, -2.769593135315006 ], [ 115.272963930339984, -2.769501535767517 ], [ 115.272979227809969, -2.769412714224984 ], [ 115.273013581012492, -2.769286013239991 ], [ 115.273051651112496, -2.769157088229974 ], [ 115.273068945075011, -2.769093812830022 ], [ 115.273078531850047, -2.769053688677502 ], [ 115.273086597867518, -2.769026389755027 ], [ 115.273104821730044, -2.768958350647495 ], [ 115.273111628700008, -2.768932932210021 ], [ 115.27314423181997, -2.768827620697493 ], [ 115.273161851337477, -2.768767714157491 ], [ 115.273199291014976, -2.768647712222503 ], [ 115.273214252134949, -2.76860269485752 ], [ 115.273316183094948, -2.768290184944988 ], [ 115.27338335975503, -2.76809866712 ], [ 115.273423033347513, -2.767985561185014 ], [ 115.27347707720503, -2.767833116204997 ], [ 115.273528238737526, -2.76770072790498 ], [ 115.27365749559749, -2.767313678582525 ], [ 115.273682590280032, -2.767246031579987 ], [ 115.273711126667536, -2.767169097274973 ], [ 115.273746416065023, -2.767036523717479 ], [ 115.273796146774998, -2.766912636707502 ], [ 115.273847108657492, -2.766767237017518 ], [ 115.273877122629983, -2.766703238562513 ], [ 115.273894527210018, -2.76665189626749 ], [ 115.273910715007446, -2.766617257079986 ], [ 115.273926421667511, -2.766576194934999 ], [ 115.273932704330036, -2.766559491827479 ], [ 115.273979207374964, -2.766459971949985 ], [ 115.274006426255028, -2.766404232870002 ], [ 115.274087418300041, -2.766238378997514 ], [ 115.274153910575023, -2.766098253830023 ], [ 115.274253402572526, -2.765892015005022 ], [ 115.274342866229972, -2.765703195145022 ], [ 115.274399154797493, -2.76559074931248 ], [ 115.274413714819957, -2.765561666137501 ], [ 115.274499645042511, -2.765378697270023 ], [ 115.27457535536746, -2.765217479402509 ], [ 115.274608113174963, -2.765151812705028 ], [ 115.274629571897549, -2.765104296127504 ], [ 115.274640925837502, -2.765082661135011 ], [ 115.274652360717482, -2.765060383129992 ], [ 115.274674184565015, -2.765015782152489 ], [ 115.27469143176495, -2.764974227180005 ], [ 115.274722773137455, -2.764908495730026 ], [ 115.274775255772511, -2.764801605010007 ], [ 115.274787822899953, -2.764775416752514 ], [ 115.274806527899955, -2.764736432040024 ], [ 115.274837122835038, -2.764670580982511 ], [ 115.274872551627482, -2.764596288887503 ], [ 115.274936148985034, -2.764452904577524 ], [ 115.275006123434991, -2.764303254692493 ], [ 115.275048753097508, -2.764214158857499 ], [ 115.275066020980034, -2.764170017432491 ], [ 115.275084857280035, -2.764128227735 ], [ 115.27508640501253, -2.764108558662485 ], [ 115.275102028934953, -2.764073197319988 ], [ 115.275108236057463, -2.764055265737511 ], [ 115.275119293219973, -2.764018327882525 ], [ 115.275136008919958, -2.763947972119979 ], [ 115.275136696002505, -2.763944989070012 ], [ 115.275156503569974, -2.763858980607495 ], [ 115.275166679399945, -2.763782968109979 ], [ 115.275178097192452, -2.763727775815028 ], [ 115.275197311207535, -2.763621905825005 ], [ 115.275214195977469, -2.763526157704973 ], [ 115.275232227385004, -2.763438528665006 ], [ 115.275238848195045, -2.76339408506999 ], [ 115.275252257985017, -2.763345928172498 ], [ 115.275278537975055, -2.763192116222513 ], [ 115.275282745902473, -2.763170258199978 ], [ 115.275287699367482, -2.763148502700005 ], [ 115.275301475182459, -2.763083347717497 ], [ 115.275307310882454, -2.763057619015001 ], [ 115.275326575262511, -2.762972696932479 ], [ 115.275363989757466, -2.762806641612485 ], [ 115.275386228192474, -2.762708477014996 ], [ 115.275406087920032, -2.762604135872493 ], [ 115.275430249107444, -2.762511750317515 ], [ 115.275458675777486, -2.762415172122473 ], [ 115.275486418962487, -2.762331706942518 ], [ 115.275534764717463, -2.762183720802511 ], [ 115.275556501332517, -2.762117190755021 ], [ 115.275594816947546, -2.762005603774981 ], [ 115.275632323172545, -2.76189201760252 ], [ 115.275665761765026, -2.761803318367527 ], [ 115.2756886072425, -2.761732789037524 ], [ 115.275737301034951, -2.76159451917249 ], [ 115.275796389192465, -2.761428497127497 ], [ 115.275830507672481, -2.761329807325012 ], [ 115.275857707667456, -2.761251128337506 ], [ 115.275916393827515, -2.761071191982523 ], [ 115.275974056557516, -2.76091309116498 ], [ 115.276010329812493, -2.760801334214989 ], [ 115.276038234877547, -2.760695674664987 ], [ 115.276095492912532, -2.760551443195027 ], [ 115.276120315100002, -2.760474322732478 ], [ 115.276134101707498, -2.760431486225002 ], [ 115.276163040092456, -2.760328924839996 ], [ 115.276259458207505, -2.760029467685001 ], [ 115.276342945870056, -2.759665998587479 ], [ 115.276353522797535, -2.759602010924993 ], [ 115.276429512812456, -2.759142297279993 ], [ 115.276445045002447, -2.758704297765007 ], [ 115.276451187372459, -2.758531081145009 ] ] ] } },
{ "type": "Feature", "properties": { "source_feature_id": 3, "nama_objek": "Jalan Kolektor Primer", "orde_01": 42010000, "orde_02": 22011000, "orde_03": 22011200, "orde_04": 22011201, "jenis_sistem": 42000000, "status_jaringan": 2, "provinsi": "Provinsi Kalimantan Selatan", "kabupaten": "Kabupaten Hulu Sungai Selatan", "keterangan": "Lumpangi - Bts. Kab. Tanah Bumbu", "sumber_data": "Kepmen PUPR No.430 Tahun 2022 Kementerian PUPR, 2022", "source_shape_length": 0.20137559759546741, "source_layer": "_6306_50KB_LN_SR_TRANSPORTASI_KABUPATEN_HULUSUNGAISELATAN_2024", "source_dataset": "_6306_50KB_RTRW_KABUPATEN_HULUSUNGAISELATAN_2025.gdb.zip" }, "geometry": { "type": "MultiLineString", "coordinates": [ [ [ 115.339807519002534, -2.823401306325025 ], [ 115.339917250679946, -2.823398012107475 ], [ 115.339990382649944, -2.823396331274978 ], [ 115.340059253632489, -2.823394250244974 ], [ 115.340102845569959, -2.823391922799999 ], [ 115.340148600377461, -2.823389346242493 ], [ 115.340194017039948, -2.823385854175001 ], [ 115.340239340172502, -2.823380854842526 ], [ 115.340277733130051, -2.823373786170009 ], [ 115.340321089447457, -2.823366193195 ], [ 115.340367198587501, -2.823353120649983 ], [ 115.34038858356746, -2.823346963890003 ], [ 115.34042963761749, -2.823335117122497 ], [ 115.340468389405032, -2.823323301829987 ], [ 115.340511882417445, -2.823307298392479 ], [ 115.340553558800025, -2.823291321937518 ], [ 115.340594787320015, -2.823274804089976 ], [ 115.34065784688255, -2.823251492762495 ], [ 115.340678747127527, -2.823243429440026 ], [ 115.340684018052457, -2.823241366394996 ], [ 115.340720273322518, -2.823227176892487 ], [ 115.34075888031748, -2.823212741875011 ], [ 115.340802730362498, -2.823196165569982 ], [ 115.340867944699994, -2.823171900962507 ], [ 115.340910391802481, -2.82315545775748 ], [ 115.340973648314957, -2.823130405345012 ], [ 115.340994869617475, -2.823122297955024 ], [ 115.341057531680008, -2.823099662020013 ], [ 115.341116425582527, -2.823078152035009 ], [ 115.341156437320024, -2.823063204402501 ], [ 115.341196867242502, -2.823048427642505 ], [ 115.341258270252524, -2.823025647814973 ], [ 115.341300460147522, -2.823010999657527 ], [ 115.341321622994997, -2.823003719644987 ], [ 115.341385741957538, -2.822981597222508 ], [ 115.341407392237556, -2.822974031227488 ], [ 115.341429022732541, -2.822966734127476 ], [ 115.341450586675023, -2.822959697832516 ], [ 115.341515604962524, -2.822938210329994 ], [ 115.341529602010041, -2.822933705625019 ], [ 115.341624192702511, -2.822903263574972 ], [ 115.341666985142524, -2.822890548060002 ], [ 115.341728716407488, -2.822870165825009 ], [ 115.34174989004498, -2.82286373387501 ], [ 115.341791788560045, -2.822851262075005 ], [ 115.341833946980046, -2.822838440442524 ], [ 115.341855110724964, -2.822832018382485 ], [ 115.341876260082472, -2.822825488404987 ], [ 115.341897320404996, -2.822818979112526 ], [ 115.341918307882452, -2.822812362799993 ], [ 115.341939064237522, -2.82280593984251 ], [ 115.341959808897514, -2.822799340617507 ], [ 115.341980568847475, -2.822792917660024 ], [ 115.342001225377544, -2.822786547760018 ], [ 115.342021774884984, -2.822780425177484 ], [ 115.342042349574967, -2.822774282807472 ], [ 115.34206308883995, -2.822768094572496 ], [ 115.342084001674948, -2.822761980079974 ], [ 115.342105017032509, -2.822755689322491 ], [ 115.342126108832531, -2.822749776279977 ], [ 115.342147367907501, -2.822743241807473 ], [ 115.342168882387455, -2.822736974432473 ], [ 115.34219025567495, -2.822730772707473 ], [ 115.342211535435013, -2.822724483747493 ], [ 115.342232542697502, -2.822718258640009 ], [ 115.342253908789985, -2.822712280847497 ], [ 115.342275034764953, -2.822706001779977 ], [ 115.342320949652503, -2.822693715242508 ], [ 115.342378198694973, -2.822676423977498 ], [ 115.342390585957446, -2.82267257128251 ], [ 115.342399421794994, -2.822669822954992 ], [ 115.342420788787535, -2.822663430572504 ], [ 115.342486632652481, -2.822643106794999 ], [ 115.342531943195013, -2.82262969340502 ], [ 115.34259776907254, -2.822610768072479 ], [ 115.342683865667482, -2.822586230969989 ], [ 115.342705460190018, -2.822579860172482 ], [ 115.342726927905005, -2.822573045110005 ], [ 115.34274808535497, -2.822566112234995 ], [ 115.34276900089003, -2.822559295375015 ], [ 115.342789707779957, -2.822553064872523 ], [ 115.342810530682527, -2.822546948582499 ], [ 115.34289042015746, -2.822523011327519 ], [ 115.343040862344992, -2.822478386067473 ], [ 115.343062331862484, -2.822471808427508 ], [ 115.34308342995746, -2.822465810847518 ], [ 115.343103894929982, -2.822459554264981 ], [ 115.343124562249955, -2.822453293184992 ], [ 115.343186755765032, -2.8224348247075 ], [ 115.343207163179954, -2.822430211185008 ], [ 115.343252955760022, -2.822416115212491 ], [ 115.34329298998, -2.822403790902513 ], [ 115.343314973007523, -2.822397243837486 ], [ 115.343445216422538, -2.822359412957496 ], [ 115.343466746192462, -2.822352695020015 ], [ 115.343487605069981, -2.822346060722509 ], [ 115.343570080094992, -2.822320367090015 ], [ 115.34360901534501, -2.822307478007474 ], [ 115.343691786247518, -2.822280010014993 ], [ 115.343773507642481, -2.822256640232524 ], [ 115.343815211902552, -2.822243975977528 ], [ 115.343852686652554, -2.822232593260026 ], [ 115.343893019447478, -2.822219854362515 ], [ 115.343914622962529, -2.822211783847479 ], [ 115.343974043867547, -2.822195762424997 ], [ 115.344028944780007, -2.822183334692511 ], [ 115.344048621047477, -2.822177255274994 ], [ 115.344116301327517, -2.822165253822504 ], [ 115.344148690409952, -2.822159510752499 ], [ 115.344170452205049, -2.822156970167498 ], [ 115.344210225622533, -2.822152468162528 ], [ 115.344278415817485, -2.822148453587488 ], [ 115.344337316014958, -2.822149154160002 ], [ 115.344360720869986, -2.822147532682493 ], [ 115.344429617932519, -2.822144427322485 ], [ 115.344546858950025, -2.822139527817512 ], [ 115.344591027355023, -2.822139497240016 ], [ 115.344612656050003, -2.822139903732477 ], [ 115.344634539252525, -2.822140517070011 ], [ 115.344656937767468, -2.822141601652504 ], [ 115.344680003580038, -2.822142607994977 ], [ 115.344751364784997, -2.822142222184993 ], [ 115.344774734567523, -2.822142024334994 ], [ 115.344797738325042, -2.822141812995028 ], [ 115.344844391554943, -2.822140420842516 ], [ 115.344867673205044, -2.822139857867512 ], [ 115.344937075685039, -2.822135795630004 ], [ 115.344959949942449, -2.822134521290025 ], [ 115.344981960849964, -2.822133808127489 ], [ 115.345014169167484, -2.822132814377483 ], [ 115.345025692182503, -2.822132458247495 ], [ 115.345046970142448, -2.82213142672498 ], [ 115.345068161767472, -2.822130246812492 ], [ 115.345089383967547, -2.822128883439973 ], [ 115.345154833030051, -2.822125751102476 ], [ 115.345175328577511, -2.822124284307506 ], [ 115.345195941940005, -2.822122711395025 ], [ 115.345258773972546, -2.822120213977485 ], [ 115.345319442237496, -2.822118316407511 ], [ 115.345360668959984, -2.822114458315014 ], [ 115.345401725709962, -2.822110345714975 ], [ 115.345465359937521, -2.822103151140027 ], [ 115.345489976182535, -2.822098697697527 ], [ 115.345537026912552, -2.822090248565019 ], [ 115.345581943552475, -2.822080624022476 ], [ 115.345626614677485, -2.82206968017249 ], [ 115.345673204955006, -2.822056840549976 ], [ 115.345696027949998, -2.822050465257519 ], [ 115.345739189112464, -2.822035969084993 ], [ 115.34578192489505, -2.822018604075026 ], [ 115.345824637297483, -2.821998788412486 ], [ 115.345866542107501, -2.821978795584982 ], [ 115.34588939208254, -2.821967846339987 ], [ 115.345927920837539, -2.821949382357502 ], [ 115.345969027050046, -2.821930328422525 ], [ 115.345989352627498, -2.821920790212516 ], [ 115.346042007032452, -2.82189853558998 ], [ 115.346063749942459, -2.821889632299985 ], [ 115.346104230225023, -2.821874066834994 ], [ 115.346144785155047, -2.821860729887476 ], [ 115.34620854618754, -2.821843209297526 ], [ 115.346252240647459, -2.821833887822493 ], [ 115.346294415254988, -2.821826680657523 ], [ 115.346336533204976, -2.82182166513752 ], [ 115.346357765297512, -2.821819540039996 ], [ 115.346420129685043, -2.821814091947488 ], [ 115.346461472419946, -2.821812333772527 ], [ 115.346502364592538, -2.821813545160012 ], [ 115.346522682075033, -2.821815076704979 ], [ 115.346583844069983, -2.821824980937492 ], [ 115.346625274937537, -2.821835789889974 ], [ 115.346668263430047, -2.821846629417507 ], [ 115.346689797695035, -2.821852243885019 ], [ 115.346752367127465, -2.821872224125002 ], [ 115.346755124450056, -2.821873062292525 ], [ 115.346794744082445, -2.821885096120013 ], [ 115.34681691686751, -2.821891021752492 ], [ 115.34690072019248, -2.821911630617478 ], [ 115.346945716872483, -2.821921506972501 ], [ 115.34701545300004, -2.821931866262503 ], [ 115.347038440572533, -2.821934154137523 ], [ 115.347110592280046, -2.821937463642485 ], [ 115.347157493722534, -2.821932847422488 ], [ 115.347181299677459, -2.821929472267527 ], [ 115.347248011387478, -2.821916998670019 ], [ 115.347290656339965, -2.821907056664998 ], [ 115.347333893945006, -2.821894812394987 ], [ 115.347377197199989, -2.821884206690015 ], [ 115.347417559672522, -2.821871322102481 ], [ 115.347435942715038, -2.821866688797513 ], [ 115.347497680274955, -2.821853830290024 ], [ 115.347538858432472, -2.82184442068251 ], [ 115.347579332419969, -2.821837170350022 ], [ 115.347622481892472, -2.821828561140023 ], [ 115.347635308022518, -2.821826856924986 ], [ 115.347682252634968, -2.82182061922498 ], [ 115.34772288490251, -2.821813570339998 ], [ 115.347764092740022, -2.821805771419974 ], [ 115.347829472552462, -2.821786507042475 ], [ 115.347869990607478, -2.821774886002515 ], [ 115.347893086997487, -2.821771080069993 ], [ 115.347964823217467, -2.821757040755017 ], [ 115.348003835807503, -2.821752897577483 ], [ 115.348028021277514, -2.821749767037488 ], [ 115.348098715182459, -2.821743379152508 ], [ 115.348147274077519, -2.821739315117497 ], [ 115.34819198836999, -2.821733902997494 ], [ 115.348259472597533, -2.821726152639997 ], [ 115.348282390020017, -2.82172393311248 ], [ 115.348349974972507, -2.821717211579994 ], [ 115.348395470775017, -2.821713927255018 ], [ 115.348440478245038, -2.821710411804986 ], [ 115.348508141437492, -2.821705178650006 ], [ 115.348524355315021, -2.821703713654983 ], [ 115.348552560752523, -2.821701164977526 ], [ 115.34864009266505, -2.821691558417513 ], [ 115.348662056807484, -2.82169009342249 ], [ 115.348703753875043, -2.821686943097518 ], [ 115.348749158847454, -2.821683477110014 ], [ 115.348815516222544, -2.821677751127481 ], [ 115.348837647640039, -2.821676480385008 ], [ 115.348903939364959, -2.821675215039988 ], [ 115.348949867742476, -2.821675765425027 ], [ 115.348992045047453, -2.821676813135014 ], [ 115.349013429127467, -2.821677633315005 ], [ 115.349034591972554, -2.821678216974988 ], [ 115.349054763767526, -2.821678234062517 ], [ 115.349075455367483, -2.821678839307481 ], [ 115.349096039049982, -2.821678700812527 ], [ 115.349177246032468, -2.821679557865025 ], [ 115.349244940702533, -2.821679875325003 ], [ 115.349327688222502, -2.821675102625022 ], [ 115.349350306172482, -2.821670955849982 ], [ 115.349420652940012, -2.821657296047476 ], [ 115.349431247855023, -2.821655238397511 ], [ 115.34947029821501, -2.821641393335028 ], [ 115.349507954627484, -2.821621494935016 ], [ 115.349554258022522, -2.821590717437516 ], [ 115.349570687737469, -2.821574740982498 ], [ 115.349600599187511, -2.821538452437494 ], [ 115.349629608620035, -2.821496322797486 ], [ 115.349651205837517, -2.821454705770009 ], [ 115.349670886602553, -2.821411870162478 ], [ 115.349679189142535, -2.821389954582514 ], [ 115.349696465120019, -2.821345362597526 ], [ 115.349724755092552, -2.821279018712517 ], [ 115.349742835064944, -2.821237270382483 ], [ 115.349763234385023, -2.821197946627478 ], [ 115.349774018157518, -2.821178928665006 ], [ 115.349806062799985, -2.821118363822507 ], [ 115.349824679664948, -2.82108199613748 ], [ 115.349848541377469, -2.821043364859975 ], [ 115.349872468740045, -2.821005015967501 ], [ 115.349899754169996, -2.820964950272526 ], [ 115.349916805317548, -2.820935940840002 ], [ 115.349923924350037, -2.820923829669994 ], [ 115.349941338822532, -2.820892476607526 ], [ 115.349965171755002, -2.820853969435007 ], [ 115.34998816832001, -2.820814853422519 ], [ 115.350023579125036, -2.820760464224975 ], [ 115.350035552697477, -2.820741241214989 ], [ 115.350047145860003, -2.820721521780001 ], [ 115.350058286659987, -2.820701769072514 ], [ 115.35006922241746, -2.820681932724995 ], [ 115.350080150977533, -2.820662530749985 ], [ 115.350091620032458, -2.82064310359749 ], [ 115.350103006349968, -2.820624304167495 ], [ 115.350114487992528, -2.820605153105021 ], [ 115.350125673759976, -2.820585630622475 ], [ 115.350136301050043, -2.820566052382503 ], [ 115.350146440007506, -2.820546668395025 ], [ 115.350155526757476, -2.820527182782484 ], [ 115.350164185430003, -2.820507728647499 ], [ 115.350173290165003, -2.820488636940013 ], [ 115.350182538792524, -2.820469824922498 ], [ 115.350213363955049, -2.820413764782472 ], [ 115.350222790650037, -2.820395228857478 ], [ 115.350231893587534, -2.820376273845 ], [ 115.350241183585013, -2.820357109292502 ], [ 115.350250585995013, -2.820337171322478 ], [ 115.350260522605026, -2.820317957307509 ], [ 115.35027041514752, -2.820298970819977 ], [ 115.350280484857535, -2.820280521230018 ], [ 115.3503152661375, -2.820228440589972 ], [ 115.350331853232547, -2.820213162007519 ], [ 115.350359902187506, -2.820184646304995 ], [ 115.350377310365047, -2.82017020679001 ], [ 115.350381469729996, -2.820167498930005 ], [ 115.350417480382475, -2.820144057202526 ], [ 115.350457841057505, -2.820124014912494 ], [ 115.350478359987505, -2.820115900327494 ], [ 115.350497574004976, -2.820107529440008 ], [ 115.350540296297481, -2.820097002875002 ], [ 115.350559388004967, -2.820091858752505 ], [ 115.350599584102497, -2.820084909690024 ], [ 115.350640541927532, -2.820078364425001 ], [ 115.350683885652529, -2.820068772255013 ], [ 115.350744374952455, -2.820050508824977 ], [ 115.350785902047505, -2.820034960445014 ], [ 115.35082755054998, -2.820016944327506 ], [ 115.350866964240026, -2.819996401112519 ], [ 115.350905332914976, -2.819970169687508 ], [ 115.350940086314949, -2.81993823925751 ], [ 115.350956394622472, -2.819920878744995 ], [ 115.35098735737995, -2.819890159702481 ], [ 115.351019160107512, -2.819830506772519 ], [ 115.351036699585052, -2.819788923019985 ], [ 115.351052531250048, -2.819748690050005 ], [ 115.351061459717471, -2.819728231372494 ], [ 115.351079081034982, -2.819689144137499 ], [ 115.351079690775009, -2.819687789759996 ], [ 115.351110172397512, -2.819626350775025 ], [ 115.35112104789755, -2.819606690695025 ], [ 115.351143452707447, -2.819568502784989 ], [ 115.351178957042521, -2.819514562347479 ], [ 115.351191681549949, -2.819497103807521 ], [ 115.351218222342482, -2.819461853082487 ], [ 115.351261278285051, -2.819415674692493 ], [ 115.351296020895006, -2.819388540350019 ], [ 115.351345736317512, -2.819352482032514 ], [ 115.351364042017508, -2.819341049849982 ], [ 115.351422318085042, -2.81931037667249 ], [ 115.351463289400044, -2.819287361222507 ], [ 115.351505133054957, -2.819266040094988 ], [ 115.351526502744946, -2.819256075607484 ], [ 115.351589446294952, -2.819227785632506 ], [ 115.351627019072453, -2.819207464552505 ], [ 115.351645173685029, -2.819197274335011 ], [ 115.351684137712482, -2.819177982977521 ], [ 115.351722591825023, -2.81915587494251 ], [ 115.351756159920001, -2.819133581650021 ], [ 115.351760694299969, -2.819130569820004 ], [ 115.351821367962543, -2.819080625970003 ], [ 115.351854940552471, -2.819051736147514 ], [ 115.351871610387548, -2.819037644672505 ], [ 115.351905190172488, -2.819008155902509 ], [ 115.351937361620003, -2.818976888272516 ], [ 115.351983316977453, -2.818927846442477 ], [ 115.352014793247463, -2.818896231675012 ], [ 115.352030618617505, -2.818880167985014 ], [ 115.352077734999966, -2.818832264697505 ], [ 115.352108999029952, -2.818800426 ], [ 115.352124093252542, -2.818785588085007 ], [ 115.352154813195057, -2.818755378957519 ], [ 115.352218985217519, -2.818694482265016 ], [ 115.352235272839948, -2.818678920394973 ], [ 115.352283632085005, -2.818638484177484 ], [ 115.352318424154987, -2.818610344392482 ], [ 115.352368839249948, -2.818570653712527 ], [ 115.35240500638497, -2.818545559029985 ], [ 115.352425674605001, -2.818532431627489 ], [ 115.35244206294999, -2.818522024672518 ], [ 115.352464330165049, -2.818510114050014 ], [ 115.352506514665038, -2.818491926162494 ], [ 115.352548467137467, -2.818475018007518 ], [ 115.352593204812479, -2.818461214312492 ], [ 115.352655549414976, -2.818440287989972 ], [ 115.352697010857469, -2.818425155097486 ], [ 115.352738293337552, -2.818409400772509 ], [ 115.352800867267547, -2.818385873609998 ], [ 115.352861843099959, -2.818360715075016 ], [ 115.352878672112524, -2.818354157217527 ], [ 115.35291721435749, -2.818336079047526 ], [ 115.352974858202515, -2.818306065072477 ], [ 115.353015601987522, -2.818286805192486 ], [ 115.35305393019496, -2.818261838212493 ], [ 115.353083081720001, -2.818238116794987 ], [ 115.353116674995022, -2.818205281647522 ], [ 115.353150570442494, -2.818171893417514 ], [ 115.35318206110253, -2.818137565394977 ], [ 115.353205803205014, -2.818110690054993 ], [ 115.353226214217443, -2.818087588272476 ], [ 115.353256890992498, -2.818048692592527 ], [ 115.353283489342516, -2.81801327009498 ], [ 115.353309888939975, -2.817978237004979 ], [ 115.353334473707491, -2.817946121317505 ], [ 115.35335793701995, -2.817913663885008 ], [ 115.35338404163997, -2.817877738667505 ], [ 115.353411331567486, -2.817842200157486 ], [ 115.353438976727489, -2.817807393694977 ], [ 115.353492828132516, -2.81774486833001 ], [ 115.353507741589965, -2.817728872990017 ], [ 115.353522698214988, -2.817713047619975 ], [ 115.353572596197523, -2.817665041807516 ], [ 115.353606502437515, -2.817635156437518 ], [ 115.353674396754968, -2.817585300719998 ], [ 115.353712537004981, -2.817563216070027 ], [ 115.353773412112446, -2.817534989047488 ], [ 115.353837253187521, -2.817514983630019 ], [ 115.353852958047469, -2.8175114429975 ], [ 115.353882045719956, -2.817504886042514 ], [ 115.353927018117474, -2.817498778745005 ], [ 115.353949528147496, -2.817496705807514 ], [ 115.354017390989952, -2.817492786562525 ], [ 115.354062563937532, -2.817489600264992 ], [ 115.354153299235008, -2.817482896717479 ], [ 115.354197429867554, -2.817478951392502 ], [ 115.354282807005006, -2.817469107412478 ], [ 115.35430479003503, -2.817465816794993 ], [ 115.354371443287505, -2.81745777775501 ], [ 115.354438618147469, -2.817453926857524 ], [ 115.354481146187481, -2.817451442030006 ], [ 115.354523838804994, -2.817450290000011 ], [ 115.354545142845041, -2.817450810707498 ], [ 115.354610948935033, -2.817454851360026 ], [ 115.354655384437478, -2.817460322835018 ], [ 115.354698462865031, -2.817467184662519 ], [ 115.354741320954986, -2.817475504289973 ], [ 115.354747036147501, -2.817476927017481 ], [ 115.354783339079972, -2.817485961607474 ], [ 115.354843280692535, -2.817505583915022 ], [ 115.354863917434955, -2.817514222802515 ], [ 115.354926137032521, -2.817543752042525 ], [ 115.354965603779988, -2.817563556012487 ], [ 115.355023544399955, -2.817596842619992 ], [ 115.355062125317545, -2.817618767192528 ], [ 115.355119214279966, -2.817654618665017 ], [ 115.355156517259957, -2.817680661232487 ], [ 115.355192847172475, -2.817705908800008 ], [ 115.355210465790037, -2.817718490314974 ], [ 115.355245786665023, -2.817744436657506 ], [ 115.35526374792255, -2.817757716944982 ], [ 115.355281889947491, -2.817770275977523 ], [ 115.355300022977531, -2.817782264839991 ], [ 115.355317903297532, -2.817793927247521 ], [ 115.355335852867483, -2.817806139142476 ], [ 115.355353511055, -2.817818609142478 ], [ 115.355370833797451, -2.817831295877511 ], [ 115.355388181719945, -2.817844311764986 ], [ 115.355405857894993, -2.817857325855016 ], [ 115.355423264272531, -2.817870164577528 ], [ 115.355441299277459, -2.817882907069986 ], [ 115.355460026760056, -2.817895773669989 ], [ 115.355478750645034, -2.817908277844992 ], [ 115.355518044722544, -2.817932405755016 ], [ 115.355679288667488, -2.818031414817483 ], [ 115.355735255277523, -2.818062123067477 ], [ 115.355735291249971, -2.818062141955011 ], [ 115.355803490440053, -2.818097982634981 ], [ 115.355821895064992, -2.818108674674988 ], [ 115.355878894094985, -2.818133289119999 ], [ 115.355922920407465, -2.818146781647499 ], [ 115.355965360312553, -2.818156231725027 ], [ 115.356008118580007, -2.818161821909996 ], [ 115.356064933249968, -2.818165451574998 ], [ 115.356105274139964, -2.818163051282511 ], [ 115.356128009000031, -2.818162332725024 ], [ 115.356151876107447, -2.818159496262524 ], [ 115.356190554149975, -2.818151672162514 ], [ 115.356259794755033, -2.818137150810003 ], [ 115.356302580899978, -2.818124143014984 ], [ 115.356346591922488, -2.818111642437486 ], [ 115.356355392687533, -2.818109463379983 ], [ 115.356392474432482, -2.818100276805012 ], [ 115.356437725620026, -2.818090055112521 ], [ 115.35645901437249, -2.81808419243248 ], [ 115.356481192552451, -2.818078163377493 ], [ 115.356503815897554, -2.818072108240017 ], [ 115.356526078615047, -2.818065685282477 ], [ 115.356548353025005, -2.818059783032481 ], [ 115.356571276742557, -2.818053289927491 ], [ 115.356593731915041, -2.818047059424998 ], [ 115.356616282414961, -2.818041010584977 ], [ 115.356638811332459, -2.818035852972514 ], [ 115.356660922064975, -2.818030713347525 ], [ 115.356682393377469, -2.818025633077525 ], [ 115.356748794819964, -2.818008179932519 ], [ 115.356770321892554, -2.818003534034972 ], [ 115.356792305820022, -2.817998166882489 ], [ 115.356814090097487, -2.817992642347519 ], [ 115.356836125287487, -2.817986619587487 ], [ 115.356920927757528, -2.817962490775017 ], [ 115.356942468319971, -2.81795602734752 ], [ 115.356964317350048, -2.817949598095026 ], [ 115.356985883992479, -2.817943155352509 ], [ 115.357007692550042, -2.81793624406248 ], [ 115.357029126992529, -2.817929410115028 ], [ 115.357050430132517, -2.817922858552492 ], [ 115.357071807917464, -2.817916185582476 ], [ 115.357093118252465, -2.817909214040014 ], [ 115.35711410123497, -2.817902461029973 ], [ 115.35713486208499, -2.817895756585017 ], [ 115.357155621135007, -2.81788917714249 ], [ 115.357176192227485, -2.817882252364996 ], [ 115.357196648207491, -2.817874737630007 ], [ 115.357217122172528, -2.817867683347515 ], [ 115.357221082787532, -2.817866094245005 ], [ 115.357237418972545, -2.817859542682527 ], [ 115.357257770629985, -2.817850732925024 ], [ 115.35727807012745, -2.817842172277494 ], [ 115.357297988312553, -2.817833918299982 ], [ 115.357318190682463, -2.817825678712495 ], [ 115.357338202394999, -2.817817348292522 ], [ 115.357357864274945, -2.817809016072488 ], [ 115.357377357080054, -2.81779985827751 ], [ 115.357435159205011, -2.817771671724984 ], [ 115.357453446919976, -2.817761843934989 ], [ 115.357471538579944, -2.81775154759498 ], [ 115.357489142809982, -2.817740192755025 ], [ 115.357506265002485, -2.817728763272498 ], [ 115.357523285572483, -2.81771667008752 ], [ 115.357539501247516, -2.817704494167515 ], [ 115.357571648412545, -2.817678826617509 ], [ 115.357614724140035, -2.817628049994994 ], [ 115.357637587605041, -2.817588861137494 ], [ 115.357658183877447, -2.817547798092505 ], [ 115.357673510124982, -2.817503429140004 ], [ 115.357679899807522, -2.817480970370013 ], [ 115.357698063415, -2.817415956580021 ], [ 115.357709087305011, -2.817371947357515 ], [ 115.35771485016005, -2.817348677399991 ], [ 115.357730816725052, -2.817283555692484 ], [ 115.357741440414998, -2.817239181342472 ], [ 115.357747973989945, -2.817214994077517 ], [ 115.357752383364982, -2.817198674079975 ], [ 115.357765982015053, -2.817158645255006 ], [ 115.357780018632525, -2.817117290830026 ], [ 115.357798319837457, -2.817076385167525 ], [ 115.357817418739955, -2.817036563187514 ], [ 115.357837381890022, -2.816996953447472 ], [ 115.357859671587448, -2.816958979572519 ], [ 115.357872261194984, -2.816939037107488 ], [ 115.357910496772547, -2.816883640667527 ], [ 115.357940087165048, -2.816851677862473 ], [ 115.357970820597529, -2.816820680029991 ], [ 115.358001509962492, -2.816792131950024 ], [ 115.358035120324985, -2.816765262007493 ], [ 115.35807139178246, -2.816742428219982 ], [ 115.358110016764954, -2.816722069367472 ], [ 115.358149952957547, -2.816704493017482 ], [ 115.358195062952518, -2.81669138540002 ], [ 115.35821683014251, -2.816686977822485 ], [ 115.358283502282461, -2.816675765974992 ], [ 115.358331637595029, -2.816672541005005 ], [ 115.358374825737542, -2.816672303584994 ], [ 115.358376333002525, -2.816672294589978 ], [ 115.358420864732466, -2.816673988912498 ], [ 115.358462446685053, -2.816673425037493 ], [ 115.358484891964963, -2.816676124802484 ], [ 115.358548965062482, -2.816684647677505 ], [ 115.358569956137444, -2.816689452754986 ], [ 115.35863006412751, -2.816707200877488 ], [ 115.358649889680009, -2.816715108615028 ], [ 115.358708779987523, -2.816743189047486 ], [ 115.35874705513254, -2.816764261959975 ], [ 115.358783612572552, -2.816784126187486 ], [ 115.358821430864964, -2.816803047922519 ], [ 115.358861837405016, -2.816823618114995 ], [ 115.358947645317471, -2.816866215402513 ], [ 115.35898649243245, -2.816885325997475 ], [ 115.359027280284977, -2.816902099252502 ], [ 115.359086514132514, -2.81692429272249 ], [ 115.359122478020026, -2.816936128699979 ], [ 115.35914295738246, -2.816942505792497 ], [ 115.359185503407502, -2.816957722320012 ], [ 115.359214637844957, -2.816966552764995 ], [ 115.359249875980026, -2.81697723221248 ], [ 115.359293225102533, -2.816990525092478 ], [ 115.359315164062536, -2.816996878802513 ], [ 115.359337355734965, -2.817003032862488 ], [ 115.359359381929949, -2.817008896442474 ], [ 115.359380878424986, -2.817014176362477 ], [ 115.359402206747518, -2.817018800677488 ], [ 115.35942341905502, -2.817023807202474 ], [ 115.359444691619956, -2.817029283174975 ], [ 115.359511372752536, -2.817042319747486 ], [ 115.359533291027446, -2.817047316380012 ], [ 115.359555733610023, -2.817052041417526 ], [ 115.359577937872473, -2.817057499404996 ], [ 115.359600776155048, -2.817062881847505 ], [ 115.35962325740752, -2.817068233712519 ], [ 115.359645492245022, -2.817073581980026 ], [ 115.359689884580007, -2.817086584377478 ], [ 115.359711995312523, -2.81709277711002 ], [ 115.359734726577472, -2.817098137069991 ], [ 115.359757000985041, -2.817103711067489 ], [ 115.359860373557467, -2.817133803282502 ], [ 115.359881677597514, -2.817139387172517 ], [ 115.359902686660007, -2.817145141934986 ], [ 115.359924158872445, -2.817151503739979 ], [ 115.359945863110056, -2.817158476182499 ], [ 115.35996738298752, -2.817164405412484 ], [ 115.359988435217474, -2.817170170967472 ], [ 115.360008673562447, -2.817176474314977 ], [ 115.360029256345001, -2.817181524907483 ], [ 115.360049510877502, -2.817187047645007 ], [ 115.360069185344969, -2.817192688192506 ], [ 115.360083624859953, -2.817197761267494 ], [ 115.360103997202486, -2.817204918072491 ], [ 115.360123946862473, -2.817212116245003 ], [ 115.360143949582493, -2.817219640872509 ], [ 115.360163362350022, -2.817227205970028 ], [ 115.360183001744986, -2.817235129897483 ], [ 115.360202768842555, -2.817244154595016 ], [ 115.360243368737542, -2.817261791197495 ], [ 115.3602640936125, -2.817271188214988 ], [ 115.360284495632527, -2.817280633795008 ], [ 115.360304288812472, -2.81728977270501 ], [ 115.36032401993748, -2.817298586960021 ], [ 115.360343740272469, -2.817307733064979 ], [ 115.360362772624967, -2.817316682219996 ], [ 115.360400010852459, -2.817334762190001 ], [ 115.360418270687546, -2.817343902897505 ], [ 115.36043637583748, -2.81735380713252 ], [ 115.36045507364247, -2.817364159227509 ], [ 115.360474616810052, -2.817373710927484 ], [ 115.360495037715054, -2.817382973944973 ], [ 115.36051597663004, -2.817392448302485 ], [ 115.360536363362485, -2.817402348939993 ], [ 115.360556739302524, -2.817412343104991 ], [ 115.360576260884955, -2.817422827402481 ], [ 115.360637119807507, -2.81745504021751 ], [ 115.360679008429997, -2.817480340845009 ], [ 115.360717182852454, -2.817507305217475 ], [ 115.360769739232524, -2.817551082417481 ], [ 115.360804463854947, -2.817580253724998 ], [ 115.360821710155051, -2.817595269705009 ], [ 115.360865579082542, -2.817632173384993 ], [ 115.36086855224255, -2.81763467260248 ], [ 115.360918361192489, -2.817679449847503 ], [ 115.360934550790034, -2.81769326433249 ], [ 115.360950794342443, -2.817707365702518 ], [ 115.360967118837493, -2.817720922982517 ], [ 115.360983631289969, -2.817734471270001 ], [ 115.361000373070056, -2.817748114882477 ], [ 115.361017003332449, -2.817761248582485 ], [ 115.361034348557496, -2.817774287852501 ], [ 115.361052363775002, -2.817787040239978 ], [ 115.361107987742457, -2.817825317184997 ], [ 115.361168203649981, -2.817859502215015 ], [ 115.361209475337546, -2.817876760205024 ], [ 115.361270620242522, -2.817896651410024 ], [ 115.36129201061749, -2.817902107594989 ], [ 115.361402826879953, -2.817914582992501 ], [ 115.361449353305034, -2.817913838352524 ], [ 115.361495607237543, -2.817911597242528 ], [ 115.36154162284754, -2.817908917262514 ], [ 115.361606129420011, -2.81790258693502 ], [ 115.361651723247519, -2.817899854794973 ], [ 115.36167453365249, -2.817898879929999 ], [ 115.361680319889956, -2.817898753125007 ], [ 115.361742203140011, -2.817897384357479 ], [ 115.361809579447481, -2.817898958170019 ], [ 115.361855072552544, -2.817904012359975 ], [ 115.361898978355043, -2.817909530599991 ], [ 115.361965397784957, -2.817917084904991 ], [ 115.362026677590052, -2.817919700135008 ], [ 115.362072660824992, -2.817918656020026 ], [ 115.36213737693754, -2.817911543282491 ], [ 115.362178760142456, -2.817899969007499 ], [ 115.362222371864959, -2.817887344325015 ], [ 115.362263685820039, -2.817870016187499 ], [ 115.362323266804992, -2.817845228174974 ], [ 115.362345648232463, -2.817836839297513 ], [ 115.362405306560049, -2.817809048449988 ], [ 115.362444150977467, -2.817789626690001 ], [ 115.362463338912448, -2.817782002237493 ], [ 115.362522195042516, -2.817758923835015 ], [ 115.362546923702553, -2.817749631139975 ], [ 115.362597932350013, -2.817730461192525 ], [ 115.362638703112452, -2.817715840912513 ], [ 115.362749021149966, -2.817693865080003 ], [ 115.362792392754955, -2.817686338652493 ], [ 115.362814649177494, -2.817682807914991 ], [ 115.362876741967511, -2.817674954134986 ], [ 115.362921601950006, -2.817670649980016 ], [ 115.36296699433251, -2.817665264840002 ], [ 115.362989847902554, -2.817662345639974 ], [ 115.363037204402531, -2.817658826592492 ], [ 115.36308219658747, -2.817653676174984 ], [ 115.363125899139959, -2.817645825994987 ], [ 115.363190992070031, -2.817628498755028 ], [ 115.363213224209971, -2.817621910322487 ], [ 115.363235336742491, -2.817614856039995 ], [ 115.363256970832481, -2.817608071555014 ], [ 115.363320388324951, -2.817589381844982 ], [ 115.36338616473995, -2.817569378225016 ], [ 115.363407440900005, -2.817562281675009 ], [ 115.363422097152466, -2.817557232880006 ], [ 115.363428451762502, -2.817555043929985 ], [ 115.363489662317534, -2.817536349722502 ], [ 115.363530797307476, -2.817520833719982 ], [ 115.363551143570021, -2.817513661625014 ], [ 115.363571615737555, -2.817506729652507 ], [ 115.363591632847488, -2.817499220312527 ], [ 115.363612342434976, -2.817491969977482 ], [ 115.363632380230001, -2.817484423767496 ], [ 115.36365266084249, -2.817476957594977 ], [ 115.363673501729977, -2.817470028319974 ], [ 115.363695046789985, -2.817463078357491 ], [ 115.363716233017499, -2.817456741734986 ], [ 115.363737662062476, -2.817450527420021 ], [ 115.36375878174249, -2.817444474082492 ], [ 115.363779842964959, -2.817438714825016 ], [ 115.363800673062542, -2.817432874627514 ], [ 115.363822148872487, -2.817426493037487 ], [ 115.363843811742527, -2.817420456787488 ], [ 115.363865271364944, -2.817414352189985 ], [ 115.363885555575052, -2.817408858232511 ], [ 115.363905541207487, -2.817403841815008 ], [ 115.363925680625016, -2.817399248974993 ], [ 115.363981603167531, -2.817388642372521 ], [ 115.364000917907447, -2.817384993822486 ], [ 115.364097159755033, -2.817369261982492 ], [ 115.364139700387454, -2.817367379699988 ], [ 115.364203129570001, -2.817372002214995 ], [ 115.364267735067529, -2.817383430800021 ], [ 115.36428930170996, -2.817386781674998 ], [ 115.364292982634993, -2.817387811397509 ], [ 115.364352433217505, -2.817404428172495 ], [ 115.364372631992524, -2.817407806025017 ], [ 115.364458253745056, -2.81743944327502 ], [ 115.364501340264951, -2.817455026727487 ], [ 115.364564591382532, -2.817476423397522 ], [ 115.36462714642505, -2.817496117652524 ], [ 115.364669857927538, -2.817510111102479 ], [ 115.364691969559999, -2.817517935204989 ], [ 115.364757834107536, -2.817536737329988 ], [ 115.364801125672557, -2.817550958309994 ], [ 115.364844381262515, -2.817568166837475 ], [ 115.364885302215043, -2.817585707215017 ], [ 115.364965344575012, -2.817622126160018 ], [ 115.365026679237531, -2.817651726444979 ], [ 115.365065469694969, -2.817669846884996 ], [ 115.36510738709751, -2.817688330652516 ], [ 115.365134271429952, -2.817701955380016 ], [ 115.365142564977532, -2.817706157912482 ], [ 115.365182315012476, -2.817723220749997 ], [ 115.365221583910056, -2.817737344602506 ], [ 115.365261548882472, -2.817748751602494 ], [ 115.365297891385012, -2.817756426417475 ], [ 115.365387668007543, -2.817772723032476 ], [ 115.365435501147545, -2.817778789859972 ], [ 115.365483205684995, -2.817782163214986 ], [ 115.365529759090009, -2.817783450144987 ], [ 115.365575961762488, -2.817784609372495 ], [ 115.365623088035022, -2.817784784740013 ], [ 115.36569480717003, -2.817784846792506 ], [ 115.365718536679992, -2.817784328782523 ], [ 115.365789509377464, -2.817782054397526 ], [ 115.365836050192456, -2.817778646867509 ], [ 115.365882822134949, -2.817773339067514 ], [ 115.365950276684998, -2.817767604092523 ], [ 115.365995596220046, -2.817764448369985 ], [ 115.366017040554993, -2.81776307780251 ], [ 115.366021535365007, -2.817762694692476 ], [ 115.366081120847525, -2.817757615322478 ], [ 115.366102397007467, -2.817755661095021 ], [ 115.366163969092554, -2.817751198660005 ], [ 115.366228072767512, -2.817747211065011 ], [ 115.366271027985022, -2.817744604830011 ], [ 115.366334278205045, -2.817743604782493 ], [ 115.366399091445032, -2.817741556127487 ], [ 115.366465521667465, -2.817741263847495 ], [ 115.366533548184975, -2.817746324332518 ], [ 115.366594229940006, -2.817753033274982 ], [ 115.366615966552445, -2.817756659342479 ], [ 115.366681574795052, -2.817769859592488 ], [ 115.366724708080028, -2.817779975165024 ], [ 115.366808207432541, -2.817801404212503 ], [ 115.366849709347548, -2.817814868860012 ], [ 115.366891062872469, -2.817832914657515 ], [ 115.366906723667512, -2.817840397915006 ], [ 115.366926157117518, -2.817849686114982 ], [ 115.36697713968249, -2.817875834802521 ], [ 115.366994528975056, -2.817886389245018 ], [ 115.367043658937519, -2.817923819927501 ], [ 115.367067087177475, -2.817949205092475 ], [ 115.3670880162, -2.817981253332505 ], [ 115.367100985322509, -2.818015192847497 ], [ 115.367108628660048, -2.818057084167492 ], [ 115.36709888630503, -2.818098916132499 ], [ 115.367078559827519, -2.818140400059974 ], [ 115.367050680844955, -2.818181640269984 ], [ 115.367031092710022, -2.818220293132526 ], [ 115.36701885113996, -2.818261019830004 ], [ 115.367011061212452, -2.818302091867508 ], [ 115.367012268102485, -2.818327835859975 ], [ 115.367029303060008, -2.818394024165002 ], [ 115.36705679443503, -2.818435121382493 ], [ 115.367096387087486, -2.81846744211748 ], [ 115.36713657959001, -2.818493836322489 ], [ 115.367178922370044, -2.818516624242477 ], [ 115.367209058650019, -2.818528401764979 ], [ 115.367222598845046, -2.818533693375002 ], [ 115.367265578345041, -2.818548044757506 ], [ 115.367288049705053, -2.818555036985003 ], [ 115.367357989979951, -2.818576901302492 ], [ 115.367381404727553, -2.81858409138249 ], [ 115.367430019379981, -2.818598237717481 ], [ 115.367495760719976, -2.818613049552482 ], [ 115.367540712435016, -2.81862194564502 ], [ 115.367585478887463, -2.818630568344986 ], [ 115.367629778592459, -2.818639012079984 ], [ 115.367675009994969, -2.818645275857477 ], [ 115.367722510384965, -2.818652921895023 ], [ 115.367769535034995, -2.818659003109985 ], [ 115.367814388722536, -2.818663702967513 ], [ 115.367859639909966, -2.818666780447472 ], [ 115.367924854249964, -2.818668717587514 ], [ 115.367947041422553, -2.818668388435015 ], [ 115.367969850927466, -2.818667554765 ], [ 115.36799233937495, -2.818666253444974 ], [ 115.368014885377534, -2.8186649494275 ], [ 115.368036946647521, -2.818663256902482 ], [ 115.368058858629979, -2.818660826935002 ], [ 115.368081044004953, -2.818657968890022 ], [ 115.368091281887473, -2.818656555154973 ], [ 115.368102842672556, -2.818654957960007 ], [ 115.368124911135055, -2.818651543234978 ], [ 115.36814686988248, -2.818647481895027 ], [ 115.368168706320034, -2.818642862977526 ], [ 115.368190412357535, -2.818637845660021 ], [ 115.368273375715034, -2.818618607362509 ], [ 115.368294591622544, -2.818613008182524 ], [ 115.368315402832536, -2.818607131115016 ], [ 115.368336116917476, -2.818601254045006 ], [ 115.36839941030496, -2.818585688577514 ], [ 115.36841967023247, -2.818579591175023 ], [ 115.36847892926005, -2.818564078770009 ], [ 115.368498103704951, -2.818557498429982 ], [ 115.368517424740048, -2.818551678017513 ], [ 115.368536952617546, -2.818545142645007 ], [ 115.368556261962453, -2.818538782637518 ], [ 115.368576231407474, -2.81853274728752 ], [ 115.368617760302527, -2.818522603834992 ], [ 115.3686388898725, -2.818516855367477 ], [ 115.368659736157497, -2.818511158162494 ], [ 115.36874497210249, -2.818488719179982 ], [ 115.368808349124947, -2.81847471044 ], [ 115.368830359135018, -2.818472043050008 ], [ 115.368912367412463, -2.818471075379989 ], [ 115.368958803007445, -2.8184770198975 ], [ 115.368966944570047, -2.818478739402508 ], [ 115.369005083017555, -2.81848678923501 ], [ 115.369050659759978, -2.81849877000252 ], [ 115.369072523177465, -2.81850614174499 ], [ 115.369135357010009, -2.818527304592521 ], [ 115.369176849932501, -2.818542232437494 ], [ 115.369218546100001, -2.81855574924748 ], [ 115.369239635199961, -2.81856243570752 ], [ 115.369282558942473, -2.818573920949973 ], [ 115.369347472007462, -2.818590678017472 ], [ 115.369415237722478, -2.818598388805015 ], [ 115.369436739615026, -2.818599420327473 ], [ 115.369503281352536, -2.818598124405014 ], [ 115.369524001732543, -2.818595999304989 ], [ 115.369589189990052, -2.818587114005027 ], [ 115.369611875387477, -2.818583880042524 ], [ 115.36966228778499, -2.818575686320003 ], [ 115.369682859775025, -2.818572363325018 ], [ 115.369744509202519, -2.818561426667486 ], [ 115.369786613662541, -2.818552753607491 ], [ 115.369808485172484, -2.818546237120017 ], [ 115.369844326755015, -2.818539506592515 ], [ 115.369872310060032, -2.818534251854999 ], [ 115.369914901052539, -2.818525605772493 ], [ 115.36995731038246, -2.818515463217523 ], [ 115.370019929277532, -2.818503923117476 ], [ 115.370061665912544, -2.818494124104973 ], [ 115.370126171584957, -2.818482385254981 ], [ 115.370192033435046, -2.818473340772528 ], [ 115.370213821310017, -2.818468615735014 ], [ 115.370236253099961, -2.818463353799984 ], [ 115.370258022990015, -2.818458627862526 ], [ 115.370323970274967, -2.818445498660026 ], [ 115.370345375937518, -2.818440653112475 ], [ 115.370366122397513, -2.818435928075019 ], [ 115.370452004955041, -2.81841571760998 ], [ 115.370473812617547, -2.818410804614984 ], [ 115.370495075287522, -2.818406045402526 ], [ 115.370516998059998, -2.818401072152483 ], [ 115.37058230862749, -2.818385355600014 ], [ 115.370646480649953, -2.818373239932498 ], [ 115.370668166002474, -2.818369469974982 ], [ 115.370689691277448, -2.818365969812476 ], [ 115.370725325115018, -2.818359394870015 ], [ 115.370732683367464, -2.818358037792507 ], [ 115.370753865997472, -2.818353259695016 ], [ 115.370816900379964, -2.818341167409983 ], [ 115.370880975277487, -2.818332533019998 ], [ 115.370923703864946, -2.818326986002489 ], [ 115.370945182374953, -2.81832392471 ], [ 115.371054897864951, -2.818311880987494 ], [ 115.37107707784503, -2.818311755082505 ], [ 115.371120254297466, -2.81831371021002 ], [ 115.371183973962502, -2.818326109162513 ], [ 115.371205688992518, -2.818330469975024 ], [ 115.371247200797484, -2.818343224160003 ], [ 115.37129018839255, -2.818357458629976 ], [ 115.371333362145037, -2.818371280309975 ], [ 115.371395408172475, -2.818394833554976 ], [ 115.371456167267525, -2.818415101574999 ], [ 115.3715190595575, -2.818436222155015 ], [ 115.371561230567522, -2.818450638285015 ], [ 115.371597109019945, -2.81846503912999 ], [ 115.371624811735046, -2.818476158347494 ], [ 115.371645500640057, -2.81848352919252 ], [ 115.371663488880017, -2.81849083528499 ], [ 115.371705167960044, -2.818503494139975 ], [ 115.371749827392478, -2.818516212352506 ], [ 115.371815093892451, -2.818536351769978 ], [ 115.371836244147516, -2.81854387369998 ], [ 115.371877515834967, -2.818556701629973 ], [ 115.371941471122454, -2.818573788749973 ], [ 115.371962053905008, -2.818579644235001 ], [ 115.372002616027544, -2.818592831892488 ], [ 115.372038933350041, -2.81860470833999 ], [ 115.372080208634998, -2.818615302354999 ], [ 115.372123518185049, -2.818623527552518 ], [ 115.3721682864375, -2.818623334200026 ], [ 115.372236016179954, -2.818615805975014 ], [ 115.372258699779991, -2.818613522595001 ], [ 115.372302762062532, -2.818607952195009 ], [ 115.372370960352555, -2.818598234119975 ], [ 115.372396106295014, -2.81859533380748 ], [ 115.372461979837453, -2.818586431417486 ], [ 115.372470404685032, -2.818585137294974 ], [ 115.372505819087451, -2.818579696394977 ], [ 115.37254594863748, -2.818574117900027 ], [ 115.372588227564961, -2.818570428882481 ], [ 115.372632385177553, -2.818571106970012 ], [ 115.372660115772533, -2.818574013580019 ], [ 115.372683728372522, -2.818577771847515 ], [ 115.372726438075006, -2.818588886567511 ], [ 115.372767621627531, -2.818607437782475 ], [ 115.372809527337495, -2.818629020612491 ], [ 115.372852212759994, -2.818653798734999 ], [ 115.372890785582513, -2.818679358364989 ], [ 115.372927076822521, -2.818706725635025 ], [ 115.372963000242521, -2.818735994069982 ], [ 115.373018521687527, -2.818779494277521 ], [ 115.373054689722494, -2.818809013625014 ], [ 115.373072188730021, -2.818823590735008 ], [ 115.373089738999965, -2.818838239792512 ], [ 115.373139903185006, -2.818880885645001 ], [ 115.37315670611747, -2.818895484339976 ], [ 115.373173858887526, -2.818910499419985 ], [ 115.37319066181999, -2.818924922747499 ], [ 115.373207610442478, -2.818939286717523 ], [ 115.373224193042461, -2.818953737025026 ], [ 115.373240576889998, -2.818968368095 ], [ 115.373240775642444, -2.818968547060024 ], [ 115.373257179275015, -2.818983206909991 ], [ 115.373273965122507, -2.818997554692487 ], [ 115.373290944322548, -2.819011154242503 ], [ 115.373308473007455, -2.819025109022505 ], [ 115.373325882982499, -2.819038774220019 ], [ 115.37334352768255, -2.819052178614982 ], [ 115.373361720067464, -2.819065575814989 ], [ 115.373379461892455, -2.819078805742492 ], [ 115.373414253965052, -2.819106113654982 ], [ 115.373431539834996, -2.819118581857481 ], [ 115.373464117775029, -2.819144870839978 ], [ 115.373498568104992, -2.819169529350006 ], [ 115.37353420373995, -2.81919385870998 ], [ 115.373570309722481, -2.819216770737512 ], [ 115.373588725140053, -2.819227945712498 ], [ 115.373646119872546, -2.819261768315016 ], [ 115.373686699082555, -2.819284165032514 ], [ 115.37372861738254, -2.819303216269986 ], [ 115.373749837784999, -2.819313794095024 ], [ 115.373814940607531, -2.819335622440008 ], [ 115.373860350974951, -2.819347501585014 ], [ 115.373926159765006, -2.819356678267525 ], [ 115.373970651924992, -2.819357726877513 ], [ 115.37401532574745, -2.819356575745019 ], [ 115.374027137442454, -2.819356803275014 ], [ 115.374037549792547, -2.819357002922516 ], [ 115.374081404332514, -2.819355385942515 ], [ 115.374146677127555, -2.819358466119979 ], [ 115.374167749142543, -2.819358349207505 ], [ 115.37423008564997, -2.819361931207482 ], [ 115.374250189994996, -2.819363100327507 ], [ 115.374270544349997, -2.819365970962508 ], [ 115.374291441897526, -2.819370711289992 ], [ 115.374311825029963, -2.819377179212495 ], [ 115.374351373617515, -2.819392839107479 ], [ 115.374370768397512, -2.819403809937512 ], [ 115.374389699125004, -2.819416204394997 ], [ 115.374434560907503, -2.819450277007491 ], [ 115.374471151622515, -2.819480391707486 ], [ 115.374519911065022, -2.819522552822491 ], [ 115.374554794867549, -2.819553152255025 ], [ 115.374612046609968, -2.819601742625025 ], [ 115.374648151690053, -2.819630277215026 ], [ 115.374665646202516, -2.819645387624973 ], [ 115.374720312392469, -2.819686520815026 ], [ 115.374757075777552, -2.8197134887875 ], [ 115.374794082880044, -2.819740029577474 ], [ 115.374800826897513, -2.819744628712499 ], [ 115.374831557630046, -2.819765589210022 ], [ 115.374887499957481, -2.819803554990017 ], [ 115.374905823645008, -2.819816801104992 ], [ 115.374963621275015, -2.819853006012522 ], [ 115.375002078082503, -2.819877990977488 ], [ 115.375041185102532, -2.819901540622482 ], [ 115.375098882007478, -2.819937589947472 ], [ 115.375118439564972, -2.819949130047519 ], [ 115.375174780292468, -2.819982895994997 ], [ 115.375212682219967, -2.820005415917478 ], [ 115.37527271556246, -2.820041754822512 ], [ 115.375310775772505, -2.820065052660027 ], [ 115.375346891644995, -2.820085766745024 ], [ 115.37536585025498, -2.820096241147496 ], [ 115.375403092977535, -2.820118691824973 ], [ 115.375441326754981, -2.820139494042508 ], [ 115.375496906657531, -2.820174173700025 ], [ 115.375514217707519, -2.820184387300003 ], [ 115.375564856732467, -2.820220870997503 ], [ 115.375566900892522, -2.820222344084982 ], [ 115.375601206430019, -2.820249512605017 ], [ 115.375617718882495, -2.820263613974987 ], [ 115.375666847047455, -2.820308877752495 ], [ 115.375715093877488, -2.820363090685021 ], [ 115.37575557236255, -2.820419534832524 ], [ 115.375767986602455, -2.820439220992512 ], [ 115.375794327744984, -2.820475787427483 ], [ 115.375831417585005, -2.820530984217498 ], [ 115.375842728359999, -2.820551518437526 ], [ 115.375863952359964, -2.820588914047505 ], [ 115.37588266725254, -2.820626598337526 ], [ 115.375906260965053, -2.820684049730005 ], [ 115.375919115875035, -2.820723672960014 ], [ 115.37592518270003, -2.82074255512498 ], [ 115.375935277589974, -2.82078432323749 ], [ 115.375943544160009, -2.820848086969988 ], [ 115.37594569893497, -2.820870545739979 ], [ 115.375946207950051, -2.820914298654998 ], [ 115.375944599962509, -2.820979201827527 ], [ 115.375942377737488, -2.820999932099994 ], [ 115.375940014320008, -2.82102198257752 ], [ 115.375937007887501, -2.821042934982472 ], [ 115.375929904142481, -2.821085740015008 ], [ 115.37591933800752, -2.821150135970015 ], [ 115.375912496864999, -2.821193262059978 ], [ 115.375906941752532, -2.821235937587517 ], [ 115.375901407325046, -2.821278164355022 ], [ 115.375889675667509, -2.821341109704974 ], [ 115.375884431722511, -2.821385183679979 ], [ 115.375880795762555, -2.821452041077521 ], [ 115.375882010747546, -2.821496333590005 ], [ 115.375883847162527, -2.82151845331498 ], [ 115.375890969792522, -2.821563492262499 ], [ 115.375901490062461, -2.821608821690006 ], [ 115.375923134944969, -2.821674420937484 ], [ 115.375941008970017, -2.821719111847472 ], [ 115.375961644814993, -2.821761055327499 ], [ 115.375972490637537, -2.821781506809998 ], [ 115.375995005165009, -2.821822203832483 ], [ 115.3760220495775, -2.821870194354972 ], [ 115.376042544227516, -2.821906560239995 ], [ 115.376092583405011, -2.821987012689988 ], [ 115.376141531707503, -2.82206116359248 ], [ 115.376165602060041, -2.822095955662519 ], [ 115.376199037055017, -2.822148618164988 ], [ 115.376218519069994, -2.822184719650011 ], [ 115.376235624175024, -2.822221195252496 ], [ 115.376244398859967, -2.822239809420012 ], [ 115.376255286052469, -2.822279968644978 ], [ 115.376260343840045, -2.822324048017492 ], [ 115.376258463357544, -2.822389223682478 ], [ 115.376257061314959, -2.822410251632505 ], [ 115.376247003297522, -2.822474629599981 ], [ 115.376244925862466, -2.822496034364974 ], [ 115.376228630147466, -2.822559981557504 ], [ 115.376223040860054, -2.822582750592517 ], [ 115.376204665012551, -2.822650295974995 ], [ 115.376191768734998, -2.822694727879991 ], [ 115.376189667019958, -2.82270147369502 ], [ 115.376178044182552, -2.82273879915499 ], [ 115.376162934672493, -2.822781772359974 ], [ 115.376149119287447, -2.822822896560012 ], [ 115.376136001774967, -2.822866233989998 ], [ 115.376110669672471, -2.822949093024988 ], [ 115.376104351935055, -2.822969676709988 ], [ 115.376098812109944, -2.82299103830502 ], [ 115.376092765967542, -2.823011904374994 ], [ 115.376086601115048, -2.823032163402502 ], [ 115.376080419174968, -2.823052612187496 ], [ 115.37607451512747, -2.82307289010248 ], [ 115.376068736082516, -2.823093643757488 ], [ 115.376062804155026, -2.823114608752519 ], [ 115.376056757112451, -2.823135375897493 ], [ 115.376037743647544, -2.823200903200018 ], [ 115.376025206197482, -2.823245453814991 ], [ 115.376012918762513, -2.823290008927472 ], [ 115.375998545797529, -2.823334365287508 ], [ 115.375991101207546, -2.823356249392475 ], [ 115.375969503090005, -2.823421922382522 ], [ 115.375954298252509, -2.823464257069986 ], [ 115.375945931859974, -2.823484488217503 ], [ 115.375912533737505, -2.823560980954994 ], [ 115.375912522045041, -2.823561004337478 ], [ 115.375893684844982, -2.823599152677502 ], [ 115.375873900660054, -2.82363733879248 ], [ 115.375853863764974, -2.823675585160004 ], [ 115.375832527349985, -2.823717323595019 ], [ 115.375803770627499, -2.823767344787484 ], [ 115.375769718697484, -2.823826475212513 ], [ 115.375759106697501, -2.823845401444999 ], [ 115.375748462322463, -2.82386471168752 ], [ 115.375738106627523, -2.823883485935028 ], [ 115.375727899322555, -2.823902520085028 ], [ 115.37571788357252, -2.823921293432477 ], [ 115.375707839944994, -2.823939893212525 ], [ 115.375667070079999, -2.824013407392499 ], [ 115.37563727913755, -2.824072114237481 ], [ 115.375628777845009, -2.824092046809994 ], [ 115.375600072385055, -2.824151187127484 ], [ 115.375582958287509, -2.824192642277524 ], [ 115.375575132387553, -2.824213744867507 ], [ 115.375567174285038, -2.824234545287482 ], [ 115.375539192780025, -2.824311475994989 ], [ 115.375532769822485, -2.824331809665011 ], [ 115.375526791127527, -2.824352421227502 ], [ 115.375522219875052, -2.824372992319979 ], [ 115.375512196930003, -2.824418098715 ], [ 115.375504453767462, -2.824508452702503 ], [ 115.375510370407483, -2.824574337935019 ], [ 115.375522416824992, -2.824616679814994 ], [ 115.375539872667446, -2.824660448019984 ], [ 115.375575662087499, -2.824723871810022 ], [ 115.375589142925037, -2.824738239377496 ], [ 115.375624149035048, -2.824772679814998 ], [ 115.375664491722546, -2.82480142484502 ], [ 115.375684914427552, -2.824811434299988 ], [ 115.375749402112547, -2.824833396644976 ], [ 115.375772431952555, -2.824837371647504 ], [ 115.375817657957555, -2.824842295435019 ], [ 115.37584109159252, -2.824842933954983 ], [ 115.375888856385018, -2.824843832377496 ], [ 115.375912552622481, -2.824843812592519 ], [ 115.375960167227504, -2.824842281047495 ], [ 115.375982786077543, -2.824841556192496 ], [ 115.376028915002507, -2.82483626907748 ], [ 115.376073144559996, -2.824828560989999 ], [ 115.37607462574249, -2.82482830288501 ], [ 115.376122423809989, -2.824820700914984 ], [ 115.376141549692534, -2.824816920165006 ], [ 115.37618717499754, -2.824801816050012 ], [ 115.376233947837477, -2.82478134478248 ], [ 115.376274706912454, -2.824761505740014 ], [ 115.376294825645004, -2.824750688692518 ], [ 115.376351756327495, -2.824712178824996 ], [ 115.376369786837472, -2.824698609852476 ], [ 115.376424394569995, -2.824658633189983 ], [ 115.37645881342246, -2.824632149054992 ], [ 115.3764939022725, -2.824603588385003 ], [ 115.376529476754968, -2.824574319049987 ], [ 115.37656459078255, -2.824545647762477 ], [ 115.376581872155043, -2.824531798204987 ], [ 115.376632461719964, -2.824490164989982 ], [ 115.376667286167503, -2.824464368834981 ], [ 115.376702027877514, -2.82443808255249 ], [ 115.376719873125012, -2.824425476754982 ], [ 115.37673714010748, -2.824413430335028 ], [ 115.376754615732466, -2.824401183367513 ], [ 115.376771945670043, -2.824388800602492 ], [ 115.376789153297523, -2.824375990659973 ], [ 115.376806425674999, -2.824363544042512 ], [ 115.376824083865017, -2.824351782707481 ], [ 115.376824945415024, -2.824351152282475 ], [ 115.376875347919963, -2.824314182952492 ], [ 115.376893784020012, -2.824302477377501 ], [ 115.376912729140031, -2.824291005625014 ], [ 115.37696944398499, -2.824255497692491 ], [ 115.377009031242551, -2.824234104620018 ], [ 115.377061505785036, -2.82420543423251 ], [ 115.377080681127495, -2.824194754785026 ], [ 115.37713732313, -2.824163371142504 ], [ 115.377155609044962, -2.824153483097518 ], [ 115.377174080220016, -2.824143809090003 ], [ 115.377250882322528, -2.824103112967521 ], [ 115.377270685395047, -2.824091643914983 ], [ 115.377290554115007, -2.824080520200027 ], [ 115.37731064317245, -2.824069552967501 ], [ 115.377393718045028, -2.824026359429979 ], [ 115.377413390714992, -2.824015504612476 ], [ 115.377433458187511, -2.824004512197519 ], [ 115.377453594007534, -2.823993374094982 ], [ 115.377515396317449, -2.823961949085003 ], [ 115.377556080747468, -2.823940710695013 ], [ 115.377611467294969, -2.823914358760021 ], [ 115.377641351767465, -2.823900141377521 ], [ 115.377725165884954, -2.823859172762525 ], [ 115.377800952652478, -2.823821171910026 ], [ 115.377842214447469, -2.823799923627519 ], [ 115.377882271150042, -2.823778964027497 ], [ 115.377922451060044, -2.823757718444995 ], [ 115.377962607587506, -2.823738042177524 ], [ 115.377982872912526, -2.823728922152497 ], [ 115.378003407132496, -2.823720106097483 ], [ 115.37806376693004, -2.823695465572484 ], [ 115.378121688665033, -2.823671134415008 ], [ 115.378142820035009, -2.823662948785 ], [ 115.378230958092445, -2.823633159642498 ], [ 115.378252852987544, -2.823626408432517 ], [ 115.378274407937511, -2.823619947702525 ], [ 115.378295837882547, -2.82361381882248 ], [ 115.378316495309946, -2.823607583822479 ], [ 115.37833709338247, -2.823601593437502 ], [ 115.378398194222541, -2.823583261657518 ], [ 115.378419218572503, -2.823577856732527 ], [ 115.378440405699962, -2.823572471592513 ], [ 115.378441174619979, -2.823572263849996 ], [ 115.378461902194999, -2.823566663770009 ], [ 115.378483406784994, -2.823560670687527 ], [ 115.37850496712997, -2.823554568787472 ], [ 115.378526331424951, -2.823548370659978 ], [ 115.378547576110009, -2.823542055622511 ], [ 115.378569391864971, -2.823535345779987 ], [ 115.378634984817495, -2.82351558227748 ], [ 115.378656313137526, -2.823509093669998 ], [ 115.378716547930026, -2.823492404950002 ], [ 115.37873748414745, -2.823486199627496 ], [ 115.378758212622529, -2.823480249712475 ], [ 115.378821043757512, -2.823462673362485 ], [ 115.378842179622552, -2.823456800789984 ], [ 115.378863419810045, -2.823450849077517 ], [ 115.378885029620051, -2.823445040355011 ], [ 115.378906633134989, -2.82343964442498 ], [ 115.378969419302507, -2.823422381937519 ], [ 115.378990070434952, -2.823416495874994 ], [ 115.379011151442455, -2.823410227599993 ], [ 115.379054380054981, -2.823397255777479 ], [ 115.37907667514753, -2.823391182657474 ], [ 115.37909891807999, -2.823384963845001 ], [ 115.379121588189946, -2.823379114654983 ], [ 115.37914397501504, -2.823373642279989 ], [ 115.379166610049992, -2.82336773822999 ], [ 115.3791887153875, -2.823361504129991 ], [ 115.379210250552546, -2.823355920239976 ], [ 115.379232375672473, -2.823349641172513 ], [ 115.379253795725049, -2.823343458334989 ], [ 115.379275366865045, -2.823337167575005 ], [ 115.379296795009964, -2.823331081864978 ], [ 115.379307099442485, -2.823328141980028 ], [ 115.379339821275039, -2.823318806117527 ], [ 115.379361208052501, -2.823313000095027 ], [ 115.379382599327528, -2.82330726601748 ], [ 115.379403415034972, -2.823301842205012 ], [ 115.379423976234989, -2.823296418394989 ], [ 115.379444558119985, -2.823290880369996 ], [ 115.379465241627486, -2.823285750637524 ], [ 115.379485928732493, -2.823280625400002 ], [ 115.379507022332518, -2.823275287025012 ], [ 115.379527961247504, -2.823269880300018 ], [ 115.379549143877512, -2.823264326087497 ], [ 115.379570588212459, -2.823258860907515 ], [ 115.379592305940037, -2.823253396627479 ], [ 115.37963566855251, -2.823242897042519 ], [ 115.379657272965005, -2.823237493014972 ], [ 115.379678620172513, -2.823232142950019 ], [ 115.379744142977529, -2.823217439032476 ], [ 115.379787020855019, -2.823207213742478 ], [ 115.379808616275, -2.823202317832511 ], [ 115.379830305225028, -2.823197448002475 ], [ 115.379852158750055, -2.823192738254988 ], [ 115.379874057242546, -2.823188131027507 ], [ 115.379896423382547, -2.823183661397479 ], [ 115.379961940790054, -2.823169558227505 ], [ 115.380024621739949, -2.823155675395014 ], [ 115.380046844884987, -2.823151105039983 ], [ 115.380112401864949, -2.823135324635018 ], [ 115.380134654689982, -2.823130044715015 ], [ 115.380156758227486, -2.823124908687475 ], [ 115.3801783734325, -2.823119848202509 ], [ 115.380181950937526, -2.823119019927503 ], [ 115.380200154114959, -2.823114808402522 ], [ 115.380222468992542, -2.823109850440005 ], [ 115.380244960137475, -2.823104503970001 ], [ 115.380266871219987, -2.823099029797504 ], [ 115.380289220272516, -2.823093462092515 ], [ 115.380311161929967, -2.823087974429995 ], [ 115.38033333741248, -2.823082309600011 ], [ 115.380355506602541, -2.823076746394975 ], [ 115.380377156879945, -2.823071589682513 ], [ 115.380399368337521, -2.823066512110017 ], [ 115.380421220962489, -2.823061475007478 ], [ 115.380443013335025, -2.823056573702502 ], [ 115.380465185220032, -2.823051766825017 ], [ 115.380487164650049, -2.823046692850028 ], [ 115.380509275382451, -2.823041597292502 ], [ 115.380530942750056, -2.823036371332478 ], [ 115.380552860127523, -2.823030946620008 ], [ 115.380574648900051, -2.823025639722516 ], [ 115.380596066254952, -2.823020206917477 ], [ 115.380618114935032, -2.823015088875025 ], [ 115.38063977510501, -2.82300980266001 ], [ 115.380661340847496, -2.82300464504749 ], [ 115.38068272492751, -2.822999441570005 ], [ 115.380725343800009, -2.82298876212252 ], [ 115.380746181092491, -2.822983884200028 ], [ 115.380767399694946, -2.822978919939999 ], [ 115.38078840156254, -2.822974146340016 ], [ 115.380852424299974, -2.822957818247517 ], [ 115.380873446852547, -2.822952719992486 ], [ 115.380894859709997, -2.822947461655019 ], [ 115.380916332822494, -2.822942324727478 ], [ 115.380980960802503, -2.822925380602499 ], [ 115.381002710007465, -2.822919865059987 ], [ 115.381024291937479, -2.822914560857498 ], [ 115.381045852284956, -2.822909524655017 ], [ 115.381056271829948, -2.822907183720019 ], [ 115.381067307410035, -2.822904705187511 ], [ 115.381109981139957, -2.822894762282488 ], [ 115.381152492094998, -2.822886055047491 ], [ 115.38119579085253, -2.822877268670027 ], [ 115.381238957412506, -2.822869691882488 ], [ 115.381279857680056, -2.82286149096501 ], [ 115.381344002722471, -2.822850403222503 ], [ 115.381384150257531, -2.822843446967511 ], [ 115.381425610802467, -2.822835776649981 ], [ 115.3814472368, -2.82283223602002 ], [ 115.381509900662536, -2.822824182590011 ], [ 115.38155116335497, -2.822820425222517 ], [ 115.381594534060014, -2.822819889227503 ], [ 115.381631334319991, -2.822823973947493 ], [ 115.381674252664993, -2.822836579745001 ], [ 115.381716543285052, -2.822853388972476 ], [ 115.381762467165004, -2.822872532839995 ], [ 115.381780399644981, -2.822880293090009 ], [ 115.381822565259995, -2.822899974754989 ], [ 115.381844067150041, -2.822910389802473 ], [ 115.381866569987551, -2.822920266157496 ], [ 115.381909494627507, -2.822937409034978 ], [ 115.381924460245045, -2.822942483907525 ], [ 115.381972796107448, -2.822958879447526 ], [ 115.382014426625005, -2.822972470902528 ], [ 115.38203519376998, -2.822978232860009 ], [ 115.382097585135057, -2.822999717662526 ], [ 115.382118494372548, -2.823005949965022 ], [ 115.382182971267525, -2.823026937442478 ], [ 115.382224755567449, -2.823038083639972 ], [ 115.382269377230045, -2.823050888187481 ], [ 115.38229147986749, -2.823056988289977 ], [ 115.38233602238995, -2.823067383552484 ], [ 115.382381182745007, -2.823077813889995 ], [ 115.382446158762491, -2.823092004292505 ], [ 115.382490309179957, -2.823101485844973 ], [ 115.382536215074992, -2.823110318985016 ], [ 115.382580864614965, -2.823116458657523 ], [ 115.382625471887536, -2.823120936382509 ], [ 115.382718372754994, -2.823126567937493 ], [ 115.382763060067532, -2.82312710573251 ], [ 115.382799958352507, -2.823127080550023 ], [ 115.382808361617549, -2.823127075155014 ], [ 115.382865461372489, -2.82312826585752 ], [ 115.382888501102457, -2.82312735843999 ], [ 115.38295948638995, -2.823123026407472 ], [ 115.383006437297468, -2.823117850807478 ], [ 115.383052015837507, -2.823111458427491 ], [ 115.383097562902549, -2.823104420332527 ], [ 115.383142996652509, -2.823096425360006 ], [ 115.383209988049998, -2.823083412169979 ], [ 115.383254287754994, -2.823075627637479 ], [ 115.38331885727996, -2.823062271807487 ], [ 115.383381764857518, -2.823049793712528 ], [ 115.383423795572526, -2.823041880577478 ], [ 115.383466164432548, -2.823034800214998 ], [ 115.383488699645, -2.823032265027507 ], [ 115.383553270067523, -2.823027905112497 ], [ 115.383595745947446, -2.823027308862493 ], [ 115.383637582407459, -2.823028023824975 ], [ 115.383681071824981, -2.823030843200002 ], [ 115.383690980555002, -2.823032236247514 ], [ 115.383723250027515, -2.823036772429987 ], [ 115.383766111717478, -2.823043242152494 ], [ 115.383807988647504, -2.823051211945028 ], [ 115.383849887162455, -2.823061248377485 ], [ 115.383892206559949, -2.823072666169992 ], [ 115.383933855962482, -2.823082076677508 ], [ 115.383980789782527, -2.823093252552496 ], [ 115.384024720764955, -2.823100824842527 ], [ 115.384070381142465, -2.823107578752513 ], [ 115.384116314914991, -2.823112964792472 ], [ 115.384159887967485, -2.823114883944982 ], [ 115.384203459222476, -2.823114972077519 ], [ 115.384247041267486, -2.823113104187485 ], [ 115.384289897560052, -2.823110648137515 ], [ 115.384309042327459, -2.823107577852511 ], [ 115.384372538962452, -2.823096526982511 ], [ 115.384413936555006, -2.823082868980009 ], [ 115.384456602189971, -2.823066486927473 ], [ 115.384496220024971, -2.823045935622474 ], [ 115.384533998745042, -2.823021707885005 ], [ 115.384550099307489, -2.823007548059991 ], [ 115.384556521367472, -2.823001949780007 ], [ 115.384584722307522, -2.822977366812495 ], [ 115.384632656172471, -2.822924998390022 ], [ 115.384647671252537, -2.822907244872511 ], [ 115.384692373855046, -2.822858863144972 ], [ 115.384723699939968, -2.822822826412505 ], [ 115.384738952439989, -2.82280612060498 ], [ 115.384784789985019, -2.822756166862519 ], [ 115.384816739300049, -2.82272360870752 ], [ 115.384832809287445, -2.822708572042472 ], [ 115.384881369980008, -2.822663149984976 ], [ 115.384897591949994, -2.822648505424979 ], [ 115.384946232682523, -2.822605890149987 ], [ 115.385013864397479, -2.822552384984988 ], [ 115.385050795957454, -2.822528044832495 ], [ 115.385068975752461, -2.822516473257508 ], [ 115.385130367972465, -2.822481118210021 ], [ 115.385211491317477, -2.822441622682504 ], [ 115.385240871269957, -2.822428873892477 ], [ 115.385252394282475, -2.822423874562503 ], [ 115.385272708169964, -2.822415055809984 ], [ 115.385293094900021, -2.822405802685012 ], [ 115.385353361170019, -2.822378289725009 ], [ 115.385393155269981, -2.822359644082496 ], [ 115.385413172380026, -2.822350176919997 ], [ 115.385433565407538, -2.822340439059985 ], [ 115.385472920640041, -2.822320476807477 ], [ 115.38549293055496, -2.822310979967483 ], [ 115.385513281312456, -2.822301018177484 ], [ 115.385534047557485, -2.822291925132504 ], [ 115.385554699589989, -2.82228265402 ], [ 115.385596917364978, -2.82226389506252 ], [ 115.38561720786754, -2.822254130225019 ], [ 115.385637508264949, -2.822244252969995 ], [ 115.385698308729957, -2.822216609609995 ], [ 115.385718376202476, -2.822207946440017 ], [ 115.385758660435044, -2.822191717275018 ], [ 115.38581932780005, -2.822168044419982 ], [ 115.385839620102502, -2.82216075901249 ], [ 115.385859998739988, -2.822154453864982 ], [ 115.385879987970043, -2.82214860377502 ], [ 115.385940110347519, -2.82213866267 ], [ 115.38598352781753, -2.822134831557491 ], [ 115.386049607302539, -2.82213269836501 ], [ 115.38608049002255, -2.822133865684975 ], [ 115.386093459144945, -2.822134355815024 ], [ 115.386130673092453, -2.822136093305005 ], [ 115.386173121992556, -2.822138544857523 ], [ 115.386215423402518, -2.822141986562485 ], [ 115.386258014395025, -2.822146420220008 ], [ 115.386301278082556, -2.822150632644991 ], [ 115.386342483220005, -2.822155995302523 ], [ 115.386384046287503, -2.822162216812501 ], [ 115.386425787419967, -2.822168681139999 ], [ 115.386448355007474, -2.82217254732501 ], [ 115.386502691147484, -2.82218193085248 ], [ 115.386541337712515, -2.822189712684974 ], [ 115.386578065125036, -2.82219629842001 ], [ 115.386618048084983, -2.822198309305008 ], [ 115.386661309072451, -2.822194354985015 ], [ 115.386704532287467, -2.822184099117521 ], [ 115.386746563002475, -2.822167289887489 ], [ 115.386785932625003, -2.822144628772492 ], [ 115.386819882032455, -2.822113210955024 ], [ 115.386852012110012, -2.822073267567475 ], [ 115.386879079007485, -2.822013068747481 ], [ 115.386881091690043, -2.82199714715 ], [ 115.386884271692452, -2.821972002104985 ], [ 115.386882972172543, -2.821919990715003 ], [ 115.386884527997495, -2.821905022400017 ], [ 115.386894446622478, -2.821816092040024 ], [ 115.386899847949962, -2.821780283732494 ], [ 115.386906547900026, -2.821711961337485 ], [ 115.386910867342522, -2.821689746285017 ], [ 115.386924923747529, -2.821623522007485 ], [ 115.386936242612478, -2.821578515435021 ], [ 115.386955774089984, -2.821511371152496 ], [ 115.386970541857522, -2.821467518409975 ], [ 115.38697959623255, -2.821445822267492 ], [ 115.38700174113751, -2.821402981262509 ], [ 115.387024370777453, -2.821362929054999 ], [ 115.387059247387469, -2.821303515344994 ], [ 115.387105548082445, -2.821231506627498 ], [ 115.38715016164997, -2.821186897557482 ], [ 115.387174759907452, -2.821172426564999 ], [ 115.387187562654958, -2.821164894744982 ], [ 115.387248676984996, -2.82114569511748 ], [ 115.387291839047521, -2.821139545552512 ], [ 115.387338030025035, -2.821137785579992 ], [ 115.387408110594947, -2.821142227332473 ], [ 115.387450395819997, -2.821149953407485 ], [ 115.387490295139969, -2.821163367695021 ], [ 115.387531340199985, -2.82118086580499 ], [ 115.387574807132523, -2.821203478357518 ], [ 115.387617112139992, -2.821228490302474 ], [ 115.387639040309978, -2.82123839003998 ], [ 115.387698073607453, -2.821274531095014 ], [ 115.387738549394953, -2.821295844127519 ], [ 115.387758983790036, -2.821306925575016 ], [ 115.387779059355012, -2.821317655384973 ], [ 115.387798526979964, -2.821327928339997 ], [ 115.38781757012498, -2.821337480039972 ], [ 115.387892498039946, -2.821372504137514 ], [ 115.387930703940015, -2.821384835642505 ], [ 115.387971096090041, -2.821394839700019 ], [ 115.388011272402537, -2.821399493692525 ], [ 115.388047164345039, -2.821403650357524 ], [ 115.388136456232473, -2.821404657599999 ], [ 115.388219373724951, -2.821403174617501 ], [ 115.388241534820054, -2.821403716007524 ], [ 115.388306911034988, -2.821405913052502 ], [ 115.388328335585015, -2.821408513892493 ], [ 115.388391058800039, -2.821413451169974 ], [ 115.388412226142464, -2.821415446765002 ], [ 115.388455960174952, -2.821421224910011 ], [ 115.388497798434969, -2.821435212065012 ], [ 115.388557031382447, -2.821468174017525 ], [ 115.388575241755007, -2.821482795194981 ], [ 115.388625951827521, -2.8215355862975 ], [ 115.388656177139978, -2.821574678927504 ], [ 115.388682588430015, -2.82161773037501 ], [ 115.388696601667448, -2.821639530840002 ], [ 115.388717345429995, -2.821685350397502 ], [ 115.388734959549993, -2.821729653700004 ], [ 115.38874267303504, -2.821751039577521 ], [ 115.388750839779959, -2.821773682709988 ], [ 115.388769717447531, -2.821813611707512 ], [ 115.388780258402448, -2.821834573107481 ], [ 115.388798305097453, -2.821874286269974 ], [ 115.388835384144954, -2.821932574029972 ], [ 115.38886845221748, -2.821968326577519 ], [ 115.38888768961499, -2.821985178072509 ], [ 115.388925558267488, -2.822012764777526 ], [ 115.388988994647548, -2.822045759104981 ], [ 115.389032017315003, -2.822061174382497 ], [ 115.389072958049951, -2.822074597664994 ], [ 115.389115284642457, -2.822088075805027 ], [ 115.389157892722551, -2.822100071860007 ], [ 115.389219051117493, -2.822113049077473 ], [ 115.389259907320024, -2.822119106910009 ], [ 115.389305481362499, -2.822130420382507 ], [ 115.389376017889958, -2.822151564342505 ], [ 115.389475940662464, -2.822171628217518 ], [ 115.389478052269965, -2.822172050900008 ], [ 115.389556555889953, -2.82218646793001 ], [ 115.38962271901255, -2.822199571952524 ], [ 115.389643378239953, -2.822201885009974 ], [ 115.389666078927462, -2.82220132832748 ], [ 115.389692093615054, -2.822199676274977 ], [ 115.389710849874973, -2.822198157319974 ], [ 115.389736911330033, -2.822190400667523 ], [ 115.389784606874969, -2.822175617610014 ], [ 115.389810230357512, -2.822160884017478 ], [ 115.38985254076249, -2.822130936592487 ], [ 115.389870406694968, -2.822118066394978 ], [ 115.389900285769954, -2.822087978677473 ], [ 115.389908859904949, -2.822077542045008 ], [ 115.389925277930047, -2.822053878184988 ], [ 115.389939888314984, -2.822030774600023 ], [ 115.389963857944963, -2.82199054342999 ], [ 115.38997722367003, -2.821970589269995 ], [ 115.38999981283996, -2.821936940237492 ], [ 115.390011511222497, -2.821921125660026 ], [ 115.390027804240049, -2.821894852865 ], [ 115.390054244307521, -2.821861878322522 ], [ 115.390085174689943, -2.821834699012527 ], [ 115.390115412597538, -2.821813610810011 ], [ 115.390156220232484, -2.821797673025003 ], [ 115.390195449559997, -2.821790178972492 ], [ 115.390199976747454, -2.821789434335017 ], [ 115.390235866892453, -2.821783524890009 ], [ 115.39028034915998, -2.821779292679992 ], [ 115.390324293632489, -2.82177681774499 ], [ 115.390366741632533, -2.821776797062512 ], [ 115.390412369634987, -2.821777902327483 ], [ 115.390452373277526, -2.821780596697522 ], [ 115.390503666112522, -2.821784330682476 ], [ 115.390549837305002, -2.821786376639977 ], [ 115.3905940722575, -2.821787525075024 ], [ 115.390637683082446, -2.821787316432506 ], [ 115.390673859212484, -2.82178489995249 ], [ 115.390697236187521, -2.821783216422489 ], [ 115.390721588030033, -2.821778233279986 ], [ 115.390757428712504, -2.821772072922499 ], [ 115.390786992124958, -2.821760938417526 ], [ 115.390828610052495, -2.821742531992527 ], [ 115.390867192767473, -2.82172286202001 ], [ 115.390924851000022, -2.821696361697491 ], [ 115.390999893130015, -2.821656669219976 ], [ 115.391052776864967, -2.821629920684984 ], [ 115.3910634509175, -2.821624258552504 ], [ 115.391120375305036, -2.821594069209993 ], [ 115.391156323904966, -2.821572518757478 ], [ 115.391170833567458, -2.821562229612482 ], [ 115.391189319132536, -2.821545313364993 ], [ 115.391210113255056, -2.821524188290027 ], [ 115.391230883997537, -2.821498161909972 ], [ 115.391241731619971, -2.821477409155023 ], [ 115.391249411830017, -2.821464508380018 ], [ 115.391275111757523, -2.821404895920011 ], [ 115.391284450317471, -2.821372830592509 ], [ 115.391301186700048, -2.821281374934983 ], [ 115.391309048574954, -2.821236112954978 ], [ 115.391318586782518, -2.8211954851825 ], [ 115.391324180567494, -2.821178431340002 ], [ 115.39133256674495, -2.821153649619987 ], [ 115.391344754357533, -2.82112562315001 ], [ 115.391362212895046, -2.821089280645026 ], [ 115.391389808592521, -2.82105129688 ], [ 115.39142139818, -2.821021111134996 ], [ 115.391445550372509, -2.821008526022524 ], [ 115.391485330982505, -2.82099073743251 ], [ 115.391522991892543, -2.820980277417505 ], [ 115.391564427257549, -2.820976527245023 ], [ 115.391580068264943, -2.820977254797526 ], [ 115.391581160042506, -2.8209773060575 ], [ 115.391623262702524, -2.820984131012494 ], [ 115.391648558834959, -2.820993090060028 ], [ 115.391670995119966, -2.821002759569978 ], [ 115.391702255554947, -2.821023651719997 ], [ 115.391724469707469, -2.821040962769985 ], [ 115.391755955872554, -2.821068153772501 ], [ 115.391791881990002, -2.821106420825004 ], [ 115.391839260075017, -2.821153869055024 ], [ 115.391857783410046, -2.821168010895008 ], [ 115.391874460437521, -2.821182741789983 ], [ 115.391899512852547, -2.821196753227525 ], [ 115.391937764615022, -2.821213780092478 ], [ 115.391982555349955, -2.821228968742503 ], [ 115.392005651739964, -2.821234147037501 ], [ 115.392053826622487, -2.821241578135016 ], [ 115.392101141755006, -2.82124308000499 ], [ 115.392133648649974, -2.82124470238 ], [ 115.392172261940004, -2.821245212297526 ], [ 115.392215623652532, -2.821245528857503 ], [ 115.392273754929988, -2.821247748385019 ], [ 115.39235424155504, -2.821246305872478 ], [ 115.392396113089944, -2.821248311360023 ], [ 115.39243986330996, -2.821250404982493 ], [ 115.392548503210037, -2.821262171712476 ], [ 115.392705797334997, -2.821273192902481 ], [ 115.392870870594948, -2.821282614200015 ], [ 115.392993134325025, -2.821290922137507 ], [ 115.393061964837557, -2.821293498695013 ], [ 115.393135934975021, -2.821296051869979 ], [ 115.393217799362446, -2.821301349777514 ], [ 115.393282394967514, -2.821303834604976 ], [ 115.393293590627536, -2.821303289615003 ], [ 115.393361266410011, -2.821299993600007 ], [ 115.393423766592491, -2.821295783872472 ], [ 115.393498217867545, -2.821287132395014 ], [ 115.393561915950045, -2.821278017764996 ], [ 115.393584212842484, -2.821274481632486 ], [ 115.393630450584965, -2.821263910102516 ], [ 115.393649224832529, -2.821258759685008 ], [ 115.393695940114981, -2.821246189860005 ], [ 115.393757583245019, -2.821226786987495 ], [ 115.393832401445025, -2.821198727240017 ], [ 115.393906324817522, -2.821172393289999 ], [ 115.394115490937452, -2.821105245410024 ], [ 115.394163107342479, -2.821091750185019 ], [ 115.394173805677497, -2.821088716770021 ], [ 115.394247756927484, -2.821067412729974 ], [ 115.394308566387508, -2.821047812905022 ], [ 115.394321462664948, -2.821042831562522 ], [ 115.394363527555015, -2.821020844934992 ], [ 115.394382901650033, -2.821008892047473 ], [ 115.39440385315504, -2.820992330132526 ], [ 115.394423301895017, -2.820979253990004 ], [ 115.394436322277556, -2.820966989035014 ], [ 115.39445293005997, -2.820955662074994 ], [ 115.39447558128245, -2.820936874337519 ], [ 115.394492457960041, -2.820922792752526 ], [ 115.394507541389999, -2.820911925345001 ], [ 115.39453844209504, -2.820887676024995 ], [ 115.394548884125015, -2.820880108230028 ], [ 115.394592163097514, -2.820848404430023 ], [ 115.394607494739944, -2.820837607170006 ], [ 115.394651169415056, -2.820806876434972 ], [ 115.394666181799948, -2.820797185342485 ], [ 115.394725269055016, -2.820764102879991 ], [ 115.394790647970012, -2.820734007967474 ], [ 115.39485577956998, -2.820707681215026 ], [ 115.394926135332526, -2.820680277972485 ], [ 115.394949659799977, -2.820671530267475 ], [ 115.394968512287505, -2.820664520052503 ], [ 115.394999678292493, -2.820652655295021 ], [ 115.39503595694498, -2.820637367719996 ], [ 115.395076427334971, -2.820621368779996 ], [ 115.395097591979948, -2.820609852962491 ], [ 115.395118550679967, -2.820599707710016 ], [ 115.395164315380043, -2.820578501697526 ], [ 115.395177504837534, -2.820572273889979 ], [ 115.395237933882527, -2.820541340809996 ], [ 115.395249763564948, -2.820534199295025 ], [ 115.395277933929947, -2.820516622942478 ], [ 115.39530627786246, -2.820496789295021 ], [ 115.395344373145008, -2.820468805990004 ], [ 115.395362622187463, -2.820453827782501 ], [ 115.395400059165013, -2.820425321072491 ], [ 115.395417568067501, -2.82041093191998 ], [ 115.395455631872551, -2.820384189677497 ], [ 115.395478106829955, -2.820369431802476 ], [ 115.395529027342491, -2.820339930442515 ], [ 115.395549196437514, -2.820329779794974 ], [ 115.395592359399984, -2.820314952672504 ], [ 115.395612973660036, -2.820310780717477 ], [ 115.395638026074948, -2.8203083858225 ], [ 115.395663594699954, -2.82030399263499 ], [ 115.395685046227527, -2.820303369404996 ], [ 115.395727615637497, -2.820299862049978 ], [ 115.395752278644977, -2.820297777420024 ], [ 115.395772841642497, -2.820296039029984 ], [ 115.395811629402488, -2.820290093612527 ], [ 115.395847926040005, -2.820283012349989 ], [ 115.39584796560996, -2.820283004257476 ], [ 115.39584800428247, -2.82028299076751 ], [ 115.39596394397995, -2.820244224589999 ], [ 115.395992715990019, -2.820223327944973 ], [ 115.396012111669961, -2.820194562229972 ], [ 115.396045634797474, -2.820137210662494 ], [ 115.396061299190023, -2.820097775392526 ], [ 115.396078955580037, -2.820044582292496 ], [ 115.396094712599961, -2.819982531767494 ], [ 115.396120322595038, -2.819844646812498 ], [ 115.396128776222554, -2.819812207367477 ], [ 115.396140657165006, -2.81978303875502 ], [ 115.396161542122513, -2.819744554967485 ], [ 115.396174766652507, -2.819721311090007 ], [ 115.396197292870056, -2.819694954657507 ], [ 115.396229774584981, -2.819674328707492 ], [ 115.396263434410002, -2.819664769812505 ], [ 115.396316481820008, -2.819649706170026 ], [ 115.396360112429988, -2.819639801035009 ], [ 115.396407612819985, -2.819628126037514 ], [ 115.396454437822513, -2.819620834335012 ], [ 115.396526322432464, -2.81961311995002 ], [ 115.396620625342507, -2.819606588172519 ], [ 115.396718317795035, -2.819596791857521 ], [ 115.396812484009956, -2.819586506312476 ], [ 115.396905546752464, -2.81957955455249 ], [ 115.396950770062517, -2.81957746992498 ], [ 115.397021327272455, -2.819571976865006 ], [ 115.397088361837518, -2.819564640194983 ], [ 115.397154767777465, -2.819557707322474 ], [ 115.397175675217454, -2.819555523767519 ], [ 115.397240789729949, -2.819552326677524 ], [ 115.397306827847501, -2.819546172617493 ], [ 115.397410873112449, -2.819538721735 ], [ 115.397497149574974, -2.819530043277496 ], [ 115.397641210175038, -2.819517364634976 ], [ 115.397709859922543, -2.819511617967521 ], [ 115.397799151809977, -2.819509117852476 ], [ 115.397879358744945, -2.81951461900502 ], [ 115.39790932055746, -2.819521597742494 ], [ 115.397959574675042, -2.819537039102499 ], [ 115.397979349867455, -2.819544159934992 ], [ 115.398037377722517, -2.819561387347505 ], [ 115.398044846592484, -2.819563724684997 ], [ 115.398081219672463, -2.81957511280001 ], [ 115.398158824870052, -2.819592461622506 ], [ 115.398206765930013, -2.819597368324992 ], [ 115.398276621669993, -2.819598848607484 ], [ 115.398379710054996, -2.819597100324984 ], [ 115.398517112975014, -2.819596033730022 ], [ 115.398630789979961, -2.819593726070025 ], [ 115.398744019122546, -2.81960798391998 ], [ 115.398850172397488, -2.819617857577498 ], [ 115.39893895437001, -2.819620456617486 ], [ 115.398994899395007, -2.819622095182524 ], [ 115.399131723150049, -2.819629638697506 ], [ 115.399293467119946, -2.819645411905014 ], [ 115.399424981277548, -2.819663425327519 ], [ 115.399544175622509, -2.819672582224996 ], [ 115.399612698567466, -2.819682840789994 ], [ 115.399686692087471, -2.819696441237511 ], [ 115.399772214914947, -2.819711774677501 ], [ 115.39983157826498, -2.819722206815015 ], [ 115.399862759560051, -2.819727687282523 ], [ 115.399933882442497, -2.819740282287512 ], [ 115.400032771894985, -2.819753082340014 ], [ 115.400074454572518, -2.81975622996498 ], [ 115.400144921850028, -2.819761910084992 ], [ 115.400214699350045, -2.81976013932001 ], [ 115.40026061963249, -2.819754177712525 ], [ 115.400302584697556, -2.819746591032526 ], [ 115.40034502460253, -2.819731289067477 ], [ 115.400392566364985, -2.81971628207998 ], [ 115.400434320987529, -2.819700757982503 ], [ 115.400495110660017, -2.819671401415007 ], [ 115.400543152445039, -2.819642130279988 ], [ 115.400667591635056, -2.81956846501248 ], [ 115.400682295552542, -2.819559594999987 ], [ 115.400701194805038, -2.819548196092512 ], [ 115.400755067792488, -2.819511954312475 ], [ 115.400788904785031, -2.819483827117494 ], [ 115.400838408864956, -2.819442942137528 ], [ 115.40086556569247, -2.819414984912498 ], [ 115.400912609229977, -2.819366076182519 ], [ 115.400940304752453, -2.819329423415013 ], [ 115.400969605562523, -2.819289269584999 ], [ 115.40100886456753, -2.819230026745004 ], [ 115.401044182742453, -2.819172461139999 ], [ 115.40108114038253, -2.819116343444989 ], [ 115.401102924659995, -2.819079539590007 ], [ 115.4011224228625, -2.819041563917494 ], [ 115.401150526674996, -2.818999439672496 ], [ 115.401179446174979, -2.818955014962512 ], [ 115.401206935752498, -2.818915496952513 ], [ 115.401245846717529, -2.818867714172484 ], [ 115.401251212074953, -2.81886112574 ], [ 115.401298740345055, -2.818808644002502 ], [ 115.401333605262494, -2.818774663119996 ], [ 115.401368641049999, -2.818743036662511 ], [ 115.401425497987475, -2.818696679307493 ], [ 115.401493617137476, -2.818635333852512 ], [ 115.401542005159968, -2.818592247335005 ], [ 115.40157688806255, -2.818554050430009 ], [ 115.401593933812478, -2.81853559364248 ], [ 115.401634736952474, -2.818483646102493 ], [ 115.401669843787545, -2.818431491719991 ], [ 115.401692015675053, -2.818396000874998 ], [ 115.401710899637465, -2.818357384885019 ], [ 115.401726645867484, -2.818314302862518 ], [ 115.40173276395501, -2.818292995225022 ], [ 115.401738206652453, -2.818271283792512 ], [ 115.401742696067458, -2.818248871787489 ], [ 115.401746579340056, -2.818226162107521 ], [ 115.401754212787523, -2.818181800349976 ], [ 115.401756902660054, -2.81815837211002 ], [ 115.401757045650015, -2.818156363925027 ], [ 115.401758612269987, -2.818134335032482 ], [ 115.401764615245042, -2.818079785752502 ], [ 115.401767220580041, -2.818031288912493 ], [ 115.401770083122528, -2.817953089262517 ], [ 115.401774168742463, -2.817872448854985 ], [ 115.401774657074952, -2.817838871767492 ], [ 115.401775277607499, -2.817792332750003 ], [ 115.401776407155012, -2.817747345962516 ], [ 115.401776599610002, -2.817724851220021 ], [ 115.401778368577538, -2.817680715192523 ], [ 115.40177956287755, -2.817659129665003 ], [ 115.401782333687493, -2.817615946019998 ], [ 115.401784501054976, -2.817594321820025 ], [ 115.401787442737486, -2.817573238115017 ], [ 115.401793915157555, -2.817528911429974 ], [ 115.401797642847555, -2.817506155884985 ], [ 115.401806892375021, -2.817463070264978 ], [ 115.401811653385039, -2.817441646615009 ], [ 115.401816355940014, -2.81742035876249 ], [ 115.40182698772503, -2.817376250612483 ], [ 115.401833313557518, -2.817353488772483 ], [ 115.401841367885027, -2.817328778099977 ], [ 115.401865707137517, -2.817263846150013 ], [ 115.401865947255033, -2.817263206732491 ], [ 115.401875019617478, -2.817239250589978 ], [ 115.40188326370253, -2.817218505929986 ], [ 115.401891145359969, -2.817197333189995 ], [ 115.401899289620019, -2.817176307939974 ], [ 115.401909254110024, -2.817152029842475 ], [ 115.401917654675003, -2.817130277940009 ], [ 115.401927640747545, -2.81710808357002 ], [ 115.401938527042489, -2.817085688652526 ], [ 115.401948320657539, -2.817065106769974 ], [ 115.401958863409959, -2.81704488910998 ], [ 115.401969675059945, -2.817024478997496 ], [ 115.401981680109998, -2.817004925937511 ], [ 115.401994509840051, -2.816985488889998 ], [ 115.40200731618495, -2.816965794634996 ], [ 115.402020702592495, -2.816946479895023 ], [ 115.402034400167508, -2.816927656187488 ], [ 115.402048476355048, -2.816910204842486 ], [ 115.402063614645044, -2.816893036785018 ], [ 115.402095083720042, -2.816857101674998 ], [ 115.402128169779985, -2.816823566855021 ], [ 115.402143303570028, -2.816804216142486 ], [ 115.402158288974988, -2.816786950057519 ], [ 115.402173897607554, -2.816770144427494 ], [ 115.402188704945047, -2.816752869350012 ], [ 115.402203132767454, -2.816735522327519 ], [ 115.40221714060749, -2.816718032312508 ], [ 115.402231260865051, -2.816700184365004 ], [ 115.402244676949977, -2.816681884960019 ], [ 115.402257273755026, -2.816663614335027 ], [ 115.402269735659956, -2.816645027145 ], [ 115.402281500589993, -2.816626125195 ], [ 115.402292639594975, -2.816607575779983 ], [ 115.402303624812475, -2.816588459790012 ], [ 115.402314021874986, -2.816569465207522 ], [ 115.402324455810003, -2.816549758364999 ], [ 115.402334719772512, -2.816530556039993 ], [ 115.402344400074981, -2.81651110910002 ], [ 115.402345940612463, -2.816508033420007 ], [ 115.402354042604998, -2.816491867205002 ], [ 115.402362864055021, -2.816471948122512 ], [ 115.402371116235031, -2.816451969682475 ], [ 115.402379666090042, -2.816431896815004 ], [ 115.402388146694989, -2.816410778934994 ], [ 115.402396017562523, -2.816389811240015 ], [ 115.402403615035041, -2.816369000927523 ], [ 115.402428603597514, -2.816303886415028 ], [ 115.402445135835023, -2.816259532749996 ], [ 115.402453899727448, -2.816237029014985 ], [ 115.402468737642494, -2.81619581488502 ], [ 115.402477917922511, -2.816172443302492 ], [ 115.40249324506749, -2.816130595150014 ], [ 115.402502384877494, -2.816107024819985 ], [ 115.402530554342547, -2.816038608894985 ], [ 115.402559245412476, -2.815970484349975 ], [ 115.402577499852555, -2.815927910444998 ], [ 115.402585878834998, -2.815907986865 ], [ 115.402594152597544, -2.815887776400018 ], [ 115.402602645795014, -2.815867441829994 ], [ 115.402611306267545, -2.815847093767502 ], [ 115.402619990120002, -2.815826743010007 ], [ 115.402622663805005, -2.815815689442502 ], [ 115.402648950089997, -2.815759140072487 ], [ 115.40266868211495, -2.815719123837482 ], [ 115.402678500912543, -2.815699911622517 ], [ 115.402688394354982, -2.815680531232488 ], [ 115.402691850447468, -2.815674013845012 ], [ 115.402698525217488, -2.815661425134977 ], [ 115.402709835989981, -2.815642044745005 ], [ 115.402720555910037, -2.815622423335014 ], [ 115.402731911647493, -2.815603194932521 ], [ 115.402743429265001, -2.815583944042487 ], [ 115.402754838965052, -2.815564426957508 ], [ 115.40276665156, -2.815545146392481 ], [ 115.402778742944975, -2.815526201272519 ], [ 115.402791837072527, -2.815507366772522 ], [ 115.402805802645048, -2.815488755302511 ], [ 115.40282013963747, -2.815470793142481 ], [ 115.402834658292477, -2.815453964129972 ], [ 115.402848447597535, -2.815437082954986 ], [ 115.402863558907484, -2.815420457187486 ], [ 115.402879245780014, -2.815404467242502 ], [ 115.402910734642546, -2.815372258022478 ], [ 115.402927969249959, -2.815356888609983 ], [ 115.402944008660029, -2.815339839262492 ], [ 115.402961726202534, -2.815322980569988 ], [ 115.402978548920032, -2.815307492447516 ], [ 115.402995529020018, -2.815292519635022 ], [ 115.403014085632549, -2.815276601634991 ], [ 115.403031635002549, -2.815262434612521 ], [ 115.403067292222545, -2.815232301929996 ], [ 115.403084289407502, -2.815218412799993 ], [ 115.403101723665031, -2.815203734964996 ], [ 115.403233493230005, -2.815101640327498 ], [ 115.403270213450014, -2.815071912339988 ], [ 115.403287654002497, -2.815057625709983 ], [ 115.403305394029985, -2.815043482069996 ], [ 115.40331576681001, -2.815035273060005 ], [ 115.40332334269749, -2.815029277280019 ], [ 115.403341302160015, -2.815015319800011 ], [ 115.403359166292489, -2.815001579959983 ], [ 115.403376846065044, -2.8149879660225 ], [ 115.403394388240031, -2.814974760377481 ], [ 115.403411800915023, -2.814961718407517 ], [ 115.403429306217504, -2.814948498374974 ], [ 115.403446717092493, -2.814935299025024 ], [ 115.403463862667536, -2.814922134747519 ], [ 115.403481012737529, -2.814908767225006 ], [ 115.403498255440013, -2.814895220737526 ], [ 115.403515614155026, -2.81488168684001 ], [ 115.403533799345041, -2.814866257172525 ], [ 115.403551213817536, -2.814853165739976 ], [ 115.403568868407547, -2.814840276657492 ], [ 115.403586709159981, -2.814827534162475 ], [ 115.403604484259972, -2.814814919372509 ], [ 115.403622263857528, -2.814802425990024 ], [ 115.403639977802527, -2.814789732059978 ], [ 115.40365735090495, -2.814777801654998 ], [ 115.403675534297463, -2.814766373969974 ], [ 115.403693848992475, -2.814754496622527 ], [ 115.403712307577507, -2.814742805435003 ], [ 115.403730510755054, -2.814730803085013 ], [ 115.403746213817499, -2.814717749424972 ], [ 115.403764533007461, -2.814705331585003 ], [ 115.403782971807459, -2.814693272577472 ], [ 115.403801395317487, -2.814681315190001 ], [ 115.403819658749967, -2.814669033149983 ], [ 115.403837690157502, -2.814656710637507 ], [ 115.403855708074957, -2.814644318880028 ], [ 115.403873984097459, -2.814632026047491 ], [ 115.403892485849951, -2.814620357342505 ], [ 115.40391097590998, -2.814608912570009 ], [ 115.403929254632544, -2.814596885037474 ], [ 115.40394818176253, -2.814584916859985 ], [ 115.403986989307555, -2.814558914762472 ], [ 115.404005542322466, -2.814546835967519 ], [ 115.404024235630004, -2.81453494873 ], [ 115.404042978399957, -2.814522980550009 ], [ 115.404052132599986, -2.81451727974752 ], [ 115.404061697789984, -2.81451132443749 ], [ 115.404080108709991, -2.814499240247528 ], [ 115.404098631147463, -2.814486899750023 ], [ 115.404117083437541, -2.814474484610002 ], [ 115.404135952112483, -2.814461782584999 ], [ 115.404154665205056, -2.814449282907503 ], [ 115.404192210102451, -2.814424906785007 ], [ 115.404211828812549, -2.814411951150021 ], [ 115.404249316152459, -2.814386674805007 ], [ 115.404266941067476, -2.814374857712494 ], [ 115.40428464062245, -2.814362683589991 ], [ 115.404302618072506, -2.814349965377517 ], [ 115.404319857174983, -2.814337900972475 ], [ 115.404337209595042, -2.814325584757512 ], [ 115.404354535932498, -2.814313533842494 ], [ 115.404373134812545, -2.814301216727472 ], [ 115.40439170221498, -2.814288792592492 ], [ 115.404410981882506, -2.814276363962506 ], [ 115.404428903569965, -2.814264305852475 ], [ 115.404469992694999, -2.81423597810749 ], [ 115.404489827245015, -2.814222984702496 ], [ 115.404508623974948, -2.814210353725002 ], [ 115.404527111337529, -2.814197952072504 ], [ 115.404545903570011, -2.814185455095014 ], [ 115.404564610367515, -2.814173261187477 ], [ 115.404582986215019, -2.814161203077504 ], [ 115.404601256842511, -2.814149668372522 ], [ 115.404620410602547, -2.814137100347523 ], [ 115.404640373755001, -2.814123294854994 ], [ 115.404658540959986, -2.814111168395016 ], [ 115.404677611082548, -2.814098246037474 ], [ 115.404695917682488, -2.814086042237477 ], [ 115.404714545339971, -2.814074118125006 ], [ 115.404733008422454, -2.814062235384995 ], [ 115.404751593810033, -2.814049762687489 ], [ 115.404769799687529, -2.814037157787482 ], [ 115.404787603564955, -2.814024884739979 ], [ 115.404800628447447, -2.814015990445 ], [ 115.404805627777478, -2.814012574820026 ], [ 115.404823323737446, -2.813999899775013 ], [ 115.404841595262496, -2.813987439667528 ], [ 115.40485981732752, -2.813974780812487 ], [ 115.404897884729962, -2.813948588954986 ], [ 115.404917960295052, -2.813934707919998 ], [ 115.404937952225055, -2.813920702777523 ], [ 115.404956434192513, -2.813907916217488 ], [ 115.404999346242448, -2.813879496742516 ], [ 115.405035849724982, -2.813854277052485 ], [ 115.405076533255055, -2.81382808789499 ], [ 115.405125791822456, -2.813798662077488 ], [ 115.405158887772473, -2.813777465957514 ], [ 115.405216692597492, -2.813741046112511 ], [ 115.405262734287476, -2.813714943289995 ], [ 115.405302558964991, -2.813693245347508 ], [ 115.405322355742555, -2.813683597419981 ], [ 115.405340725294991, -2.813670748805009 ], [ 115.405359902437453, -2.813659359792496 ], [ 115.405379093069996, -2.813648594007475 ], [ 115.405398179382473, -2.813638062047517 ], [ 115.405417262097444, -2.813628083169988 ], [ 115.40543680166752, -2.813618687052497 ], [ 115.405456341237482, -2.813609697430024 ], [ 115.405475873612545, -2.813600929039978 ], [ 115.405495409585001, -2.813591934919998 ], [ 115.405515218052528, -2.813583153939987 ], [ 115.405535245055034, -2.813574391845009 ], [ 115.405555255870013, -2.813565741264995 ], [ 115.40557364340998, -2.813557738200018 ], [ 115.40557533143749, -2.813557004352504 ], [ 115.405595568880017, -2.813548604685025 ], [ 115.40561557879505, -2.813540560247475 ], [ 115.40563547, -2.813533062600015 ], [ 115.405655334227504, -2.81352555415998 ], [ 115.405675743440042, -2.813518659957481 ], [ 115.405695866670044, -2.813511779245005 ], [ 115.405715954827542, -2.813504332857519 ], [ 115.405736003414972, -2.813497447649979 ], [ 115.405756638357502, -2.813491199160012 ], [ 115.405814864064951, -2.813479893782528 ], [ 115.405877989277542, -2.813467744840011 ], [ 115.405919853617547, -2.813462776984977 ], [ 115.405940996679988, -2.813462160949996 ], [ 115.406028891020014, -2.813463813005001 ], [ 115.406105096872466, -2.813470995889986 ], [ 115.406195697272551, -2.813480245417509 ], [ 115.406269090944988, -2.813491207252525 ], [ 115.406337344992494, -2.813498868577483 ], [ 115.406397429597519, -2.813511772049992 ], [ 115.406453882740038, -2.813525198927493 ], [ 115.406486695404965, -2.813533002345025 ], [ 115.406531190262513, -2.813542983922503 ], [ 115.406553369342532, -2.813548644254979 ], [ 115.406607718970008, -2.813562528887473 ], [ 115.406669666072503, -2.81358203428249 ], [ 115.406689878334987, -2.813589002230003 ], [ 115.406750087047499, -2.813612192150003 ], [ 115.406810062835007, -2.813636270597499 ], [ 115.406830467552481, -2.813645456272525 ], [ 115.40687094424004, -2.813665473382514 ], [ 115.406932369732544, -2.81369766731251 ], [ 115.406993163902484, -2.81372912559749 ], [ 115.407033401369972, -2.813752402750026 ], [ 115.407053040765049, -2.813764307977522 ], [ 115.407072526375032, -2.813775512630002 ], [ 115.407091011042553, -2.813787522177506 ], [ 115.407108596385001, -2.813800865417477 ], [ 115.407126091795021, -2.813815016249976 ], [ 115.407144118704991, -2.813828128365003 ], [ 115.407162428902552, -2.813840701787512 ], [ 115.407180804750055, -2.813853118727479 ], [ 115.407199605977553, -2.813865750604975 ], [ 115.407217522270003, -2.8138791576975 ], [ 115.407251164109994, -2.81390945226002 ], [ 115.407255195769949, -2.813913558564991 ], [ 115.407268166692461, -2.813926772302523 ], [ 115.40728379781001, -2.813943032945019 ], [ 115.40731362472502, -2.813976912205021 ], [ 115.407328531887515, -2.813995487702527 ], [ 115.407341992937518, -2.814013425580015 ], [ 115.407370406119981, -2.814055261142528 ], [ 115.407382814065045, -2.814074989569974 ], [ 115.407396617760014, -2.814098498747512 ], [ 115.407410752404985, -2.814124471167474 ], [ 115.407432078027455, -2.814170289827473 ], [ 115.407449220004992, -2.814216677757486 ], [ 115.407456412782494, -2.814239778642502 ], [ 115.407471346024977, -2.814288392394985 ], [ 115.407476964090051, -2.814310084042518 ], [ 115.407487242442471, -2.814354205682491 ], [ 115.407501761997537, -2.814401852662513 ], [ 115.407513880362444, -2.814443779957514 ], [ 115.407531540347463, -2.814507112912509 ], [ 115.407560288077548, -2.814603534625007 ], [ 115.407599562370024, -2.814726399104984 ], [ 115.407603543667506, -2.814734236695017 ], [ 115.40760799711245, -2.814743002387502 ], [ 115.407628880267453, -2.814807830017514 ], [ 115.40765369076496, -2.814859317102503 ], [ 115.407680968102454, -2.814901908995012 ], [ 115.407721397124988, -2.814945608852497 ], [ 115.407780173217475, -2.81499090770501 ], [ 115.407835500407487, -2.815030734180027 ], [ 115.407868873350026, -2.815054448405022 ], [ 115.407894797207518, -2.815082050395006 ], [ 115.407907695284962, -2.815098768792495 ], [ 115.407926709650042, -2.815132065292516 ], [ 115.407944759942552, -2.815169877287474 ], [ 115.407959400007485, -2.815211241605027 ], [ 115.407966966002505, -2.8152461595825 ], [ 115.407975471789996, -2.815299322104977 ], [ 115.40798372486995, -2.815346826094981 ], [ 115.407990396039963, -2.815394675425011 ], [ 115.407998119417471, -2.815428536697482 ], [ 115.408011420390039, -2.815485364857523 ], [ 115.408014568017506, -2.815497179252475 ], [ 115.408018337077465, -2.81551132468752 ], [ 115.408032460029972, -2.815555704432484 ], [ 115.408040246359974, -2.81557706243251 ], [ 115.408047725122515, -2.815598019332526 ], [ 115.408055041107446, -2.815619084152502 ], [ 115.408062093590047, -2.815640539280025 ], [ 115.408069417670049, -2.815661528557484 ], [ 115.408077310120007, -2.815682693202518 ], [ 115.408084704345015, -2.815703949577482 ], [ 115.408092361172521, -2.815725918217481 ], [ 115.408100098940054, -2.815748648579984 ], [ 115.408107587595055, -2.815769760164983 ], [ 115.408115042975055, -2.815791389760022 ], [ 115.408122113444961, -2.815812653329999 ], [ 115.408129013942471, -2.815833631817497 ], [ 115.40813641626255, -2.815855008702499 ], [ 115.408144091077475, -2.815875864880013 ], [ 115.408150172292494, -2.815897284932475 ], [ 115.408155894680021, -2.815918604259991 ], [ 115.408161286115046, -2.815939871427474 ], [ 115.408167102929951, -2.81596125011248 ], [ 115.408173134682556, -2.815982564942487 ], [ 115.408178836384991, -2.816003764662526 ], [ 115.408184862742473, -2.816024878045027 ], [ 115.408191410704944, -2.816045904194993 ], [ 115.408198200587549, -2.816066628172507 ], [ 115.408204799812552, -2.81608728020251 ], [ 115.408211894562555, -2.816107580599976 ], [ 115.40821855494255, -2.816127551845 ], [ 115.408225232407517, -2.816147255990018 ], [ 115.408232247120054, -2.816166268557481 ], [ 115.40823951004495, -2.81618545109751 ], [ 115.408247174967528, -2.816204761339975 ], [ 115.408256389419989, -2.816224016725016 ], [ 115.408264893409978, -2.816243012205007 ], [ 115.408274747282462, -2.816261765767479 ], [ 115.408287112960011, -2.816279976139981 ], [ 115.408300369864946, -2.816297249417516 ], [ 115.408315071084985, -2.816314294270001 ], [ 115.408329460237496, -2.816329563857494 ], [ 115.408335384070028, -2.816334688195013 ], [ 115.408346053627497, -2.816343918837504 ], [ 115.408364852157547, -2.81635783134999 ], [ 115.408384955602514, -2.816370458729978 ], [ 115.408405959267498, -2.816381103105016 ], [ 115.408427998952448, -2.816390337345013 ], [ 115.408450577332474, -2.816399212752515 ], [ 115.408473081067541, -2.816406471182518 ], [ 115.408495258349944, -2.816414015595001 ], [ 115.408515881602511, -2.816421878367521 ], [ 115.408535678379963, -2.816429286982498 ], [ 115.408553653127456, -2.816436284607505 ], [ 115.408571146739973, -2.816444434262507 ], [ 115.408589208724948, -2.816452803354991 ], [ 115.408608242874948, -2.816461533972472 ], [ 115.408627590889978, -2.816471626165026 ], [ 115.408647322017487, -2.816494905115007 ], [ 115.408684159147469, -2.816525131330025 ], [ 115.408714236972514, -2.816553834092474 ], [ 115.408756654395006, -2.816610828627518 ], [ 115.408783079175009, -2.816654819864993 ], [ 115.408808422070024, -2.816702642212476 ], [ 115.408844609890025, -2.816769022972494 ], [ 115.408883850910001, -2.816836608822484 ], [ 115.408912739830043, -2.816875975745006 ], [ 115.408942034347547, -2.81691134608252 ], [ 115.408968061627547, -2.816930882054976 ], [ 115.408976659144969, -2.816937333790008 ], [ 115.409012712067465, -2.81695118335 ], [ 115.409065761274974, -2.816937724995 ], [ 115.409128620289948, -2.816917262722484 ], [ 115.409172435259961, -2.816889092357485 ], [ 115.409207076245025, -2.816842433730017 ], [ 115.409239973444983, -2.816793498919992 ], [ 115.409267162650053, -2.816756010680024 ], [ 115.409279087660025, -2.816735907237501 ], [ 115.409290166407459, -2.816715554680002 ], [ 115.409301386349966, -2.816695000672496 ], [ 115.409313173764986, -2.816672880050021 ], [ 115.409323544745007, -2.816651583204987 ], [ 115.409334047027528, -2.816629433800017 ], [ 115.409343995330005, -2.816606573035017 ], [ 115.409354017374994, -2.816584563927506 ], [ 115.409363849662554, -2.816562805729973 ], [ 115.409374578575012, -2.816540769640028 ], [ 115.409394630757447, -2.81649548877499 ], [ 115.40940455207749, -2.816473331280008 ], [ 115.409422240844947, -2.81642864037002 ], [ 115.409431976905012, -2.816405943280017 ], [ 115.40944000784998, -2.816384007015017 ], [ 115.409448114339966, -2.816362632830021 ], [ 115.409456796395034, -2.81634188277252 ], [ 115.409475533769978, -2.816295911227485 ], [ 115.409479337002495, -2.816285374770018 ], [ 115.409483318299976, -2.816274341887492 ], [ 115.409491226040018, -2.816252637649995 ], [ 115.409499158060044, -2.816231446024972 ], [ 115.409506394904952, -2.816209916254991 ], [ 115.409513808914994, -2.816188792977528 ], [ 115.409521081732464, -2.816167700280005 ], [ 115.409527992122548, -2.816146957415015 ], [ 115.409534789200052, -2.816126228942494 ], [ 115.409541578182484, -2.81610549507252 ], [ 115.40954837165998, -2.816084573245007 ], [ 115.409555395365032, -2.816063074950023 ], [ 115.409562306654948, -2.81604187163498 ], [ 115.409569367232507, -2.816020417407515 ], [ 115.409575978149974, -2.815999638572521 ], [ 115.409582807600032, -2.815978553067509 ], [ 115.409589757562458, -2.815957115027516 ], [ 115.409596506972548, -2.815936061 ], [ 115.409603760905043, -2.815915896402487 ], [ 115.409611135345017, -2.815895768674977 ], [ 115.409617446787479, -2.815875897255012 ], [ 115.409624343687483, -2.815855703877503 ], [ 115.409638595245042, -2.815818424279996 ], [ 115.409645800612452, -2.815797800127484 ], [ 115.409652490670055, -2.815776943950027 ], [ 115.409659547649994, -2.815756172309989 ], [ 115.409666737730049, -2.815735305340013 ], [ 115.409673991662544, -2.815713753087493 ], [ 115.409681608919982, -2.815692456242516 ], [ 115.409688935695044, -2.815671459769987 ], [ 115.409696022352477, -2.815650537942474 ], [ 115.409702797844943, -2.815630278015021 ], [ 115.409709763995011, -2.815609480292494 ], [ 115.409716490922506, -2.815588497309989 ], [ 115.409723170187476, -2.815567576382477 ], [ 115.409729556275011, -2.815546578112503 ], [ 115.409736498139978, -2.815525416164974 ], [ 115.409742716052506, -2.815504321667504 ], [ 115.409749730765043, -2.815483514052517 ], [ 115.409756904657456, -2.815461987879985 ], [ 115.409763584822485, -2.815440459010006 ], [ 115.409767217182548, -2.815428739044989 ], [ 115.4097701246925, -2.815419359115026 ], [ 115.409776473905026, -2.815396880562503 ], [ 115.409782451700039, -2.81537531122251 ], [ 115.409788684900036, -2.81535373738501 ], [ 115.409794600639998, -2.815332293950007 ], [ 115.409800520877525, -2.815310646369994 ], [ 115.409805924005013, -2.815288959217526 ], [ 115.409811768697523, -2.815267405167504 ], [ 115.409817882289985, -2.815245789062487 ], [ 115.409823923935051, -2.815224639704979 ], [ 115.409829391812536, -2.815203485852521 ], [ 115.409835206830053, -2.815182537045018 ], [ 115.409841252972456, -2.815161493807523 ], [ 115.409846988847448, -2.815140823789989 ], [ 115.409852850627544, -2.815119992792518 ], [ 115.409858698919948, -2.815098857824978 ], [ 115.409864461774987, -2.815077676094973 ], [ 115.409870214737452, -2.815055958365008 ], [ 115.409876106197544, -2.815033710037483 ], [ 115.409882533652535, -2.815012324160023 ], [ 115.409888940422547, -2.814991234157503 ], [ 115.409901548017501, -2.814947783412492 ], [ 115.409911154574957, -2.8148985374375 ], [ 115.409921336699995, -2.814831163827478 ], [ 115.409928991729998, -2.814783436804987 ], [ 115.409934009047447, -2.814761505039996 ], [ 115.409938030815056, -2.814738810647498 ], [ 115.409941482412478, -2.814716124350014 ], [ 115.40994378107996, -2.814693676372485 ], [ 115.409947092384982, -2.814669519682525 ], [ 115.409951635759967, -2.814642050789985 ], [ 115.409954956057504, -2.814620236835026 ], [ 115.40995684013501, -2.81459786799752 ], [ 115.409958934657539, -2.814575634957521 ], [ 115.409961661402463, -2.814553291302502 ], [ 115.409962240565051, -2.814547904362485 ], [ 115.409964109357475, -2.814530580722476 ], [ 115.409966067179994, -2.814507656102478 ], [ 115.409968162599966, -2.814484823215025 ], [ 115.409970588072497, -2.81446202000501 ], [ 115.409972997354998, -2.814435875814979 ], [ 115.409976019977535, -2.814411389075019 ], [ 115.409978333032541, -2.814389845815015 ], [ 115.409980744115046, -2.814367911350018 ], [ 115.409983218150046, -2.814345933717505 ], [ 115.409985961982557, -2.814324031627507 ], [ 115.409988078087508, -2.81430236066501 ], [ 115.409989365017509, -2.814280402817474 ], [ 115.409991355217471, -2.814258479144996 ], [ 115.409993556757513, -2.814236803684992 ], [ 115.409998654115043, -2.814188407569986 ], [ 115.410002307159971, -2.814163437892489 ], [ 115.410004890014989, -2.814140999807478 ], [ 115.410010524267477, -2.81409052985498 ], [ 115.410012788760014, -2.814067447854995 ], [ 115.410014939037524, -2.814043037554995 ], [ 115.410016484972516, -2.814020561699976 ], [ 115.410018576794982, -2.813997921267514 ], [ 115.410020931219947, -2.813975649557506 ], [ 115.410023725415044, -2.813953573 ], [ 115.410026446762458, -2.813931489247523 ], [ 115.410028819174954, -2.813909036772486 ], [ 115.410031211372484, -2.813886211979991 ], [ 115.410033583782479, -2.813863452834994 ], [ 115.410035800612491, -2.813840973382526 ], [ 115.41003846260503, -2.813818911212479 ], [ 115.410041120999949, -2.813797103552474 ], [ 115.410043613022481, -2.813775127720021 ], [ 115.410046599669954, -2.813752586212502 ], [ 115.410049607902465, -2.813729729942509 ], [ 115.41005231756003, -2.813706722587483 ], [ 115.41005475832003, -2.813684107335007 ], [ 115.410057912242451, -2.813661532552487 ], [ 115.410059406915025, -2.813648969924998 ], [ 115.410060559847466, -2.813639275232504 ], [ 115.410063447569996, -2.813617250835023 ], [ 115.41006632360245, -2.813592856724995 ], [ 115.410067758019977, -2.813570712717478 ], [ 115.410069047647539, -2.813548434712516 ], [ 115.410069864232469, -2.813526601870024 ], [ 115.410070232955036, -2.813503917372486 ], [ 115.410070738374998, -2.813481362375001 ], [ 115.410071147564963, -2.813458680572523 ], [ 115.410071673670018, -2.813436369292504 ], [ 115.410071777090025, -2.813414127259989 ], [ 115.410070144822498, -2.813391348332516 ], [ 115.410069925387461, -2.81336916565499 ], [ 115.410069796785024, -2.813347536060007 ], [ 115.410068675329967, -2.81332600269252 ], [ 115.410067835362497, -2.813304756210016 ], [ 115.41006632360245, -2.81328364102751 ], [ 115.410065544789973, -2.813262365765013 ], [ 115.410064324409973, -2.813241173242488 ], [ 115.410062374680024, -2.813219230682478 ], [ 115.410060301742533, -2.813196983255011 ], [ 115.410058110094951, -2.813174727732473 ], [ 115.410055934635011, -2.813153028889985 ], [ 115.410054054152511, -2.813131226624989 ], [ 115.410051182615007, -2.813109482817481 ], [ 115.410048053875016, -2.813087813652487 ], [ 115.410044685912453, -2.813066245209995 ], [ 115.410041739734993, -2.813044631804985 ], [ 115.410038416740008, -2.813023184772476 ], [ 115.410034407562534, -2.813001860947509 ], [ 115.410030322840043, -2.812980145917493 ], [ 115.410025479992555, -2.812958372429989 ], [ 115.410021081407535, -2.812936553080021 ], [ 115.410017360912548, -2.812914821862478 ], [ 115.410013075642496, -2.812893581672483 ], [ 115.409986450315046, -2.812789881747506 ], [ 115.409974299574969, -2.812754972762491 ], [ 115.409959089339964, -2.812711265712494 ], [ 115.409946382819953, -2.812673424937486 ], [ 115.40993296313502, -2.812631397819985 ], [ 115.409927185889956, -2.812610941842479 ], [ 115.409920791712466, -2.812590531727494 ], [ 115.409914787837465, -2.812569835629972 ], [ 115.40990889907755, -2.81254953703251 ], [ 115.409903422205048, -2.81252901900001 ], [ 115.409893426240046, -2.812481701169986 ], [ 115.409881442775031, -2.812417189202506 ], [ 115.409875438900031, -2.812352327397491 ], [ 115.409876286062513, -2.812320977930028 ], [ 115.409880342004953, -2.812279520082484 ], [ 115.409888024012503, -2.812233103374979 ], [ 115.409896859852552, -2.812189958399983 ], [ 115.409902322335029, -2.812168353987488 ], [ 115.409908926054982, -2.812147024765011 ], [ 115.409929616757495, -2.812083793432521 ], [ 115.409944639034961, -2.812042935432487 ], [ 115.409962382657454, -2.812003741179979 ], [ 115.40997326625245, -2.811984125167498 ], [ 115.409984452919957, -2.811964697112501 ], [ 115.409995945357537, -2.81194514675002 ], [ 115.410007589777479, -2.811925489370026 ], [ 115.410019824155029, -2.811903857077482 ], [ 115.410025817237511, -2.811894791012492 ], [ 115.410032623307529, -2.811884495572485 ], [ 115.410045893702545, -2.811865507287507 ], [ 115.410059988777448, -2.811847379652477 ], [ 115.410073975034948, -2.811830109072503 ], [ 115.410088356092501, -2.811812665822515 ], [ 115.410103058209984, -2.811795115552513 ], [ 115.410133639654987, -2.811761825347503 ], [ 115.41014985982747, -2.811745402827512 ], [ 115.410166071907497, -2.811729554974988 ], [ 115.410182312762458, -2.811714496727518 ], [ 115.410198684022475, -2.811700351290028 ], [ 115.410215578684983, -2.811686345247495 ], [ 115.410233196404988, -2.811673647719999 ], [ 115.41025069631246, -2.811660728060019 ], [ 115.410268687249982, -2.811648881290012 ], [ 115.410288287074991, -2.811635713417502 ], [ 115.410308011905045, -2.811625390100005 ], [ 115.410327523597516, -2.811615485864991 ], [ 115.410367557817494, -2.811595324864982 ], [ 115.410389942842471, -2.811585013237504 ], [ 115.410410355652516, -2.811576502055004 ], [ 115.410430944732525, -2.811568524167512 ], [ 115.410451326967518, -2.811560600242501 ], [ 115.410472118392477, -2.811552426302512 ], [ 115.410493201199984, -2.811545774917477 ], [ 115.410537650192509, -2.811532816584986 ], [ 115.410580750202485, -2.811519297977497 ], [ 115.410602199032496, -2.81151388405749 ], [ 115.410623227880023, -2.811508793894973 ], [ 115.410644523824999, -2.811503956442493 ], [ 115.410665886322477, -2.811499478717508 ], [ 115.410686797357471, -2.811495178159987 ], [ 115.410707792929998, -2.811490859614992 ], [ 115.410729470189949, -2.811487158004979 ], [ 115.410753245565047, -2.811483301712485 ], [ 115.410775267264967, -2.811480130702478 ], [ 115.410790148347473, -2.811477807755011 ], [ 115.410797354615056, -2.811476682702505 ], [ 115.410819279187535, -2.811474167299991 ], [ 115.410859334089992, -2.811471241805009 ], [ 115.410881643572452, -2.811470573607494 ], [ 115.410905613202544, -2.811470594292473 ], [ 115.410927687062554, -2.811471191442479 ], [ 115.410949028875052, -2.811471996335001 ], [ 115.410970905782506, -2.811473568349982 ], [ 115.410992127085024, -2.811476463267525 ], [ 115.411013448212543, -2.811479468802474 ], [ 115.411058998874978, -2.811487722779987 ], [ 115.411097646339954, -2.811496924642483 ], [ 115.41111907088748, -2.811500189182482 ], [ 115.41114139116246, -2.811504653417501 ], [ 115.411163142165037, -2.8115106563925 ], [ 115.411184989394997, -2.811516832035011 ], [ 115.411206925660053, -2.811523574252476 ], [ 115.411228399669994, -2.811528667114999 ], [ 115.411249846702503, -2.811533734794978 ], [ 115.411270835979963, -2.811539048887482 ], [ 115.411291686762524, -2.811544087790026 ], [ 115.411313117607506, -2.811549032262519 ], [ 115.411358116085012, -2.811559341189991 ], [ 115.411380332934982, -2.811564357609996 ], [ 115.411402513815005, -2.811569493637478 ], [ 115.411424432092531, -2.811575420170016 ], [ 115.411446220867447, -2.811581970829991 ], [ 115.411466971822506, -2.811588620417524 ], [ 115.411488106789989, -2.811594809552503 ], [ 115.411509668037525, -2.811600655145014 ], [ 115.411529864112481, -2.811606600565028 ], [ 115.411551666377477, -2.811611921852489 ], [ 115.411571750934968, -2.811617830397495 ], [ 115.411594180027464, -2.811624558227493 ], [ 115.411614055044993, -2.811631497395013 ], [ 115.411635689134982, -2.811639541832506 ], [ 115.411657174840002, -2.811647551192493 ], [ 115.411666011577495, -2.811650812134985 ], [ 115.411678309807485, -2.811655350115018 ], [ 115.411699722665048, -2.811662369322505 ], [ 115.411742652702515, -2.811673833879979 ], [ 115.411782194992497, -2.811683545660003 ], [ 115.411803719365025, -2.811689037817473 ], [ 115.411825151109952, -2.811693654040027 ], [ 115.411873537335055, -2.811704174307522 ], [ 115.411896518609979, -2.811708973089992 ], [ 115.411918024097531, -2.811713411245023 ], [ 115.411939671677487, -2.81171835212001 ], [ 115.411961740142488, -2.811724881197506 ], [ 115.411982845432476, -2.811729313957528 ], [ 115.41200386798505, -2.811732911244974 ], [ 115.412024684592552, -2.811737233387475 ], [ 115.412045732325055, -2.811742426972501 ], [ 115.412067168565045, -2.811747028802472 ], [ 115.41208850857754, -2.811751154892477 ], [ 115.412109414217525, -2.8117567109025 ], [ 115.412130636419988, -2.811761852327493 ], [ 115.412152571784986, -2.811765973019988 ], [ 115.412174136627527, -2.811771662132514 ], [ 115.41219583097245, -2.811778544644994 ], [ 115.412217597264998, -2.811785366002482 ], [ 115.412239395032543, -2.811791997602484 ], [ 115.412261093875031, -2.811799300997507 ], [ 115.412307176035029, -2.811818452059981 ], [ 115.412327852347516, -2.811826730319979 ], [ 115.41234917976999, -2.811835421367505 ], [ 115.412370052137476, -2.811842201357479 ], [ 115.412390633122527, -2.811848967854985 ], [ 115.412413422842519, -2.811860019624987 ], [ 115.41243348941498, -2.811867991215024 ], [ 115.412453100929952, -2.811876488910002 ], [ 115.412473285314945, -2.811885290572491 ], [ 115.412492859057465, -2.811895069802517 ], [ 115.412512961604989, -2.811903425402477 ], [ 115.412523927037455, -2.811910654152484 ], [ 115.412531400404987, -2.811915580640004 ], [ 115.412550656687472, -2.811927745769992 ], [ 115.412569778972511, -2.811940588087509 ], [ 115.412591903194993, -2.811954882812472 ], [ 115.412629800625041, -2.811981552207499 ], [ 115.412647975922482, -2.81199516524498 ], [ 115.412666403932462, -2.812008768390001 ], [ 115.412684998314944, -2.812022446179981 ], [ 115.412702678985056, -2.812036621292521 ], [ 115.412720615964986, -2.812050219042476 ], [ 115.412737684197509, -2.812064342894985 ], [ 115.412755124749992, -2.812078110615005 ], [ 115.412774685902491, -2.812092393650005 ], [ 115.412791913317506, -2.812106384402512 ], [ 115.412809263937447, -2.812119823869978 ], [ 115.412860940779979, -2.812159539729976 ], [ 115.412895808394978, -2.812186776597514 ], [ 115.412912746227448, -2.812199978645026 ], [ 115.412929479012519, -2.812213535925025 ], [ 115.412946418642491, -2.812226967299978 ], [ 115.412963725195027, -2.812240560552482 ], [ 115.412980437297506, -2.812254464972511 ], [ 115.412996852622541, -2.812268253377511 ], [ 115.413013283237547, -2.812282009407511 ], [ 115.413029649997497, -2.812296525365014 ], [ 115.413066332445055, -2.812324833325022 ], [ 115.413082748670035, -2.812339254852475 ], [ 115.413099101042462, -2.812353805882481 ], [ 115.413115768177477, -2.812368174352514 ], [ 115.413133374205017, -2.812382010422482 ], [ 115.413151509034947, -2.812395983187514 ], [ 115.413169464000021, -2.812409919982485 ], [ 115.413187624910051, -2.81242366342002 ], [ 115.413207135699963, -2.812437503087494 ], [ 115.413225578097467, -2.812450157447472 ], [ 115.413238425812551, -2.812458811624992 ], [ 115.413244178775017, -2.812462687702521 ], [ 115.413262732689986, -2.812474814162499 ], [ 115.41328080816254, -2.812486460382502 ], [ 115.413299335995021, -2.812497817920018 ], [ 115.413366903860037, -2.812549217772528 ], [ 115.41342115096495, -2.812588233960014 ], [ 115.413438685047481, -2.812601689615008 ], [ 115.413456365719981, -2.812615502302492 ], [ 115.413473853035043, -2.81262969720251 ], [ 115.413491531009981, -2.812644194274981 ], [ 115.413509116352543, -2.812658923370009 ], [ 115.413526463374978, -2.812673270255004 ], [ 115.413544106275026, -2.812686883292486 ], [ 115.413561598987485, -2.812700297580022 ], [ 115.413579044037533, -2.812713685787514 ], [ 115.413596194110028, -2.812727189107477 ], [ 115.413613589695046, -2.812740671745019 ], [ 115.413630558104956, -2.812754355830009 ], [ 115.413647933905054, -2.8127679418875 ], [ 115.413664803387519, -2.812782096317505 ], [ 115.413682064974978, -2.812795033065015 ], [ 115.413698698834992, -2.812808445552491 ], [ 115.413715904664969, -2.812822072979998 ], [ 115.413733647390018, -2.812835206680006 ], [ 115.413750946750042, -2.812848019319972 ], [ 115.413767488877511, -2.812861402132512 ], [ 115.413784018417459, -2.812874660837508 ], [ 115.413800976034963, -2.812888182145002 ], [ 115.413817433627514, -2.812901563157482 ], [ 115.413833825570009, -2.812913884767511 ], [ 115.413850095205021, -2.812926493262523 ], [ 115.413866783025014, -2.812939025315018 ], [ 115.413884504167527, -2.812950902662521 ], [ 115.413902516687472, -2.812962312360014 ], [ 115.413920656012465, -2.812973061957507 ], [ 115.413939176652548, -2.812983486897508 ], [ 115.41396060119996, -2.812996169137477 ], [ 115.413985659910054, -2.813011001657514 ], [ 115.414020159702545, -2.813032721182481 ], [ 115.414075885295006, -2.813058794327503 ], [ 115.414116886285001, -2.813075882345004 ], [ 115.414138530269952, -2.813082817917518 ], [ 115.414220766075005, -2.813097420209999 ], [ 115.41433675883502, -2.813114296887477 ], [ 115.414383198924952, -2.813121269329997 ], [ 115.41440542297255, -2.813125719177492 ], [ 115.414428551737501, -2.813129483737498 ], [ 115.414451250625007, -2.813133030665028 ], [ 115.414473895555034, -2.813136484062511 ], [ 115.414495670837482, -2.813140575077512 ], [ 115.414532575417525, -2.813148038550025 ], [ 115.414553582682515, -2.813152748300013 ], [ 115.414575078277494, -2.813157369017517 ], [ 115.414596091835051, -2.813162201074988 ], [ 115.414616487560011, -2.813167039427526 ], [ 115.414637290677547, -2.813172197039989 ], [ 115.414658646879957, -2.81317719637002 ], [ 115.414679810624989, -2.813183840562488 ], [ 115.414700407797454, -2.813191616999973 ], [ 115.41472058408749, -2.813199995082527 ], [ 115.414741249609961, -2.813208910062485 ], [ 115.414787582679992, -2.813226312845018 ], [ 115.414809821117501, -2.813234612687495 ], [ 115.414819642612542, -2.813238608375002 ], [ 115.414830738447449, -2.813243121172491 ], [ 115.414850644042531, -2.813251594584983 ], [ 115.414869849064985, -2.813259899825027 ], [ 115.414910364422553, -2.813276433859983 ], [ 115.414952473377525, -2.813294304287524 ], [ 115.414973304375053, -2.813303671627523 ], [ 115.414993701897515, -2.813313477834981 ], [ 115.415013684835003, -2.813323558335014 ], [ 115.415033164150032, -2.813332407664973 ], [ 115.415052451009956, -2.813340462892484 ], [ 115.41507097884255, -2.813348821190004 ], [ 115.41509084486745, -2.813357441192522 ], [ 115.415109103802479, -2.813366453299977 ], [ 115.415175066377515, -2.813381158115021 ], [ 115.415256154647523, -2.813404391199981 ], [ 115.415303825909973, -2.813412729712525 ], [ 115.415394307602469, -2.813428162080015 ], [ 115.415468616782505, -2.813436511385021 ], [ 115.415546258852487, -2.813447216914994 ], [ 115.415598733394972, -2.813449878907477 ], [ 115.415666253594964, -2.813450819600007 ], [ 115.415684154599944, -2.813450366340021 ], [ 115.415737818045045, -2.813449005667508 ], [ 115.415760435094967, -2.813447898602476 ], [ 115.415782878577488, -2.813446239352515 ], [ 115.415805292380014, -2.813443507212526 ], [ 115.415829207152456, -2.813440822735004 ], [ 115.415851704592455, -2.813437640934978 ], [ 115.415873764962498, -2.813433025612483 ], [ 115.41589554204495, -2.81342809912752 ], [ 115.415917712132455, -2.813422814710009 ], [ 115.415940062982486, -2.813416491577527 ], [ 115.415962465095049, -2.81340900921748 ], [ 115.415983803310041, -2.813402590757505 ], [ 115.416004988639997, -2.813395237 ], [ 115.416025666749988, -2.813387418295008 ], [ 115.416045725229992, -2.813380515997494 ], [ 115.416065773817536, -2.813373364590007 ], [ 115.416086465417493, -2.81336639484249 ], [ 115.416106412380032, -2.813359795617487 ], [ 115.416126996065032, -2.813352273687485 ], [ 115.416147567157509, -2.813344433400005 ], [ 115.416167559085011, -2.81333689797998 ], [ 115.416187856784973, -2.813328935382515 ], [ 115.416208213837535, -2.813320727270025 ], [ 115.416227869420027, -2.81331210367 ], [ 115.416247382910001, -2.813303027712493 ], [ 115.416266594227523, -2.813293502992508 ], [ 115.416285810942554, -2.813283864059997 ], [ 115.416304908944994, -2.813274144187517 ], [ 115.416324433224986, -2.81326401332251 ], [ 115.416343515042513, -2.813253896849972 ], [ 115.416361729910022, -2.813243739907477 ], [ 115.416379462742498, -2.81323274119751 ], [ 115.416396924877517, -2.813220328754994 ], [ 115.416414479645027, -2.813207847962474 ], [ 115.416431954369955, -2.813195295227501 ], [ 115.416449226750046, -2.813181672297503 ], [ 115.416465568332455, -2.813167618590001 ], [ 115.416481343340024, -2.813152415552509 ], [ 115.416494154182487, -2.813134120642474 ], [ 115.416501441387481, -2.813125378332472 ], [ 115.416522371309952, -2.813100261167506 ], [ 115.416535448352533, -2.813080429317495 ], [ 115.416547450705025, -2.813059389680006 ], [ 115.416558700325027, -2.813038731352492 ], [ 115.416570351939981, -2.813017563110009 ], [ 115.416581811102446, -2.812995561195009 ], [ 115.416591158655024, -2.812973922607512 ], [ 115.416599544832479, -2.812952214772508 ], [ 115.416606796967471, -2.812930982677528 ], [ 115.416615318042545, -2.812910071642477 ], [ 115.416626341032497, -2.812887690215007 ], [ 115.416636731800054, -2.812865530020019 ], [ 115.416652673182512, -2.812821715050006 ], [ 115.41666036238496, -2.812800680807527 ], [ 115.416669792677453, -2.812777293037527 ], [ 115.416677770562501, -2.812756726442501 ], [ 115.41668647510005, -2.81273555999752 ], [ 115.416693837849948, -2.812714639070009 ], [ 115.416701670945031, -2.812693171352521 ], [ 115.416708959052471, -2.812673653367483 ], [ 115.416716425222489, -2.812654380895026 ], [ 115.416725715219968, -2.812631745857516 ], [ 115.416733081567486, -2.812612048907511 ], [ 115.416740032427469, -2.812592126225013 ], [ 115.416747545362455, -2.81257229887251 ], [ 115.416756149177445, -2.812552987729987 ], [ 115.416763968782448, -2.812532455307519 ], [ 115.416771684064997, -2.812511993932503 ], [ 115.416779372370002, -2.812492241225016 ], [ 115.416787559797513, -2.812472369804993 ], [ 115.41679575622004, -2.812452761885027 ], [ 115.416803504777477, -2.812433235804974 ], [ 115.416811333377495, -2.812413541552473 ], [ 115.416818876890034, -2.812394119792486 ], [ 115.416827228892544, -2.812375419289992 ], [ 115.416835171704975, -2.812356546117485 ], [ 115.416842624387527, -2.812337281739985 ], [ 115.416851153557445, -2.812317955309993 ], [ 115.416859441710017, -2.812299287182498 ], [ 115.416859652152539, -2.812298868097514 ], [ 115.416869936797525, -2.812278227757474 ], [ 115.416888143572464, -2.812246189410018 ], [ 115.416926389940045, -2.812217816700013 ], [ 115.416968498897518, -2.812205505880002 ], [ 115.416997255620004, -2.812197281579984 ], [ 115.417036851869966, -2.812192818245023 ], [ 115.417087723820032, -2.812199481320022 ], [ 115.417135709844956, -2.812217796912478 ], [ 115.417192680097514, -2.81225327157 ], [ 115.417222669790021, -2.812271438774985 ], [ 115.417272596552493, -2.812303905199997 ], [ 115.417330343820026, -2.812332824699979 ], [ 115.417373119174954, -2.812355236705002 ], [ 115.417404367017525, -2.812369663630022 ], [ 115.417424089150018, -2.812378285429986 ], [ 115.417444321197536, -2.812387028637488 ], [ 115.417464510977538, -2.812395723285022 ], [ 115.417484674677553, -2.812404372064975 ], [ 115.417504709775017, -2.812413248372479 ], [ 115.417524713394982, -2.812422406170015 ], [ 115.417544817740009, -2.812430802239987 ], [ 115.417565560602497, -2.812438290894988 ], [ 115.417585122655055, -2.812446013372494 ], [ 115.417616357907491, -2.812458238757472 ], [ 115.417651128397551, -2.812473043395016 ], [ 115.417671287600001, -2.812481624727525 ], [ 115.417736999262502, -2.81250536772751 ], [ 115.417768030369984, -2.81251804007502 ], [ 115.417789026842456, -2.812525401924972 ], [ 115.417810122239985, -2.812533206242506 ], [ 115.417831092629967, -2.812540223652491 ], [ 115.417865157152505, -2.812551528129973 ], [ 115.41788605290003, -2.812558096777479 ], [ 115.417906984620004, -2.812565055732478 ], [ 115.417927982889978, -2.812572130700005 ], [ 115.417949450607466, -2.812579184982496 ], [ 115.417970799612476, -2.812586393047525 ], [ 115.417991525387492, -2.812593619100028 ], [ 115.418012134252535, -2.812601498960021 ], [ 115.418032285362528, -2.812609718762474 ], [ 115.418052011092527, -2.812619260569988 ], [ 115.418071815962548, -2.812629474170024 ], [ 115.418091352832448, -2.812638857697493 ], [ 115.418109701702519, -2.812647864407495 ], [ 115.418128646820037, -2.81265637199499 ], [ 115.418146767260055, -2.812663873240012 ], [ 115.418157631969962, -2.812676069844997 ], [ 115.418167975972551, -2.812689817779983 ], [ 115.418180046672546, -2.812720367749989 ], [ 115.418183623275013, -2.812745864429985 ], [ 115.418181087187463, -2.812774089652521 ], [ 115.418177030344964, -2.812801127770001 ], [ 115.418168071299988, -2.812847712652513 ], [ 115.418160018769981, -2.812906936604975 ], [ 115.418153015750022, -2.812961109067487 ], [ 115.418148488562451, -2.813006169599987 ], [ 115.418147628809947, -2.813021139712475 ], [ 115.418147194437552, -2.813028701212488 ], [ 115.418145310357545, -2.813072296750022 ], [ 115.418144392149998, -2.813099234142499 ], [ 115.418146739379949, -2.813121647047524 ], [ 115.41814949130503, -2.813144354927488 ], [ 115.418153251372473, -2.81316732721001 ], [ 115.418157603190025, -2.813189907387482 ], [ 115.418162543167455, -2.813212515445002 ], [ 115.418167498432467, -2.813234454407507 ], [ 115.418174852187462, -2.813256727015016 ], [ 115.418182894825009, -2.813279441192492 ], [ 115.418189452680053, -2.813302032162483 ], [ 115.418196032122523, -2.813323876694994 ], [ 115.418204649424979, -2.813348706077477 ], [ 115.418210561567548, -2.813369775395017 ], [ 115.418216776782515, -2.813390952630016 ], [ 115.418230763937459, -2.813435506842495 ], [ 115.418238345222449, -2.813459061884998 ], [ 115.418245121614973, -2.813480752634973 ], [ 115.418253688557456, -2.813505606297497 ], [ 115.418259949637445, -2.813526299700015 ], [ 115.418267825899989, -2.813548718 ], [ 115.418286874440014, -2.813597537694989 ], [ 115.418295364039977, -2.813619380429998 ], [ 115.41830393637747, -2.813641317592499 ], [ 115.418313741684983, -2.813662123407482 ], [ 115.418322514572537, -2.813682345562484 ], [ 115.418342123389948, -2.813720963352523 ], [ 115.41835314188495, -2.813740181865001 ], [ 115.418363881587538, -2.813760477762514 ], [ 115.418377428075019, -2.813785930377492 ], [ 115.418387887192466, -2.813807576157501 ], [ 115.418397627747481, -2.81382937392749 ], [ 115.418406951019961, -2.81384997020001 ], [ 115.41841601798501, -2.813870597949972 ], [ 115.41841745420254, -2.813873929937472 ], [ 115.418424745904986, -2.813890849782524 ], [ 115.418432891064981, -2.813912745577511 ], [ 115.418441454409958, -2.813934056810012 ], [ 115.418450322624949, -2.813955230450006 ], [ 115.418459644097538, -2.813976603737501 ], [ 115.418509873032463, -2.814073116279985 ], [ 115.418532438819966, -2.814111178287476 ], [ 115.418544210047457, -2.814127897585024 ], [ 115.41855573755754, -2.814144172614988 ], [ 115.41858920223001, -2.814202350657524 ], [ 115.418628227409954, -2.814264021667498 ], [ 115.418688694227512, -2.814344871617493 ], [ 115.418721565347482, -2.814383371595 ], [ 115.418764096985001, -2.814441483087478 ], [ 115.418779326104982, -2.814459820264972 ], [ 115.418794310609997, -2.814478536954994 ], [ 115.418809248347543, -2.814497012627498 ], [ 115.41885238612997, -2.814557485740011 ], [ 115.418904876857482, -2.814629189584991 ], [ 115.418938200337493, -2.814674709669987 ], [ 115.418990549875048, -2.814760898897475 ], [ 115.419031910594981, -2.81483189677499 ], [ 115.419053949379986, -2.814880809102476 ], [ 115.41909288283, -2.814972827732504 ], [ 115.41910978738747, -2.81501332780249 ], [ 115.419142586560042, -2.815114235332487 ], [ 115.419153730059975, -2.815156294827489 ], [ 115.419173474674949, -2.815222409387502 ], [ 115.419193006152454, -2.815288486175007 ], [ 115.419208369269995, -2.81535373738501 ], [ 115.419217366987482, -2.815395495605003 ], [ 115.419230723720034, -2.815438365387479 ], [ 115.419239031655025, -2.815461493252485 ], [ 115.419253996375005, -2.815503148949972 ], [ 115.419261926597528, -2.81552221997498 ], [ 115.419276551372491, -2.815584523207519 ], [ 115.419309803805049, -2.815659854917499 ], [ 115.419318754757455, -2.815707990232511 ], [ 115.419326928695, -2.81572948042998 ], [ 115.419352390299991, -2.81577899440498 ], [ 115.419374843674973, -2.815813307137489 ], [ 115.41939493182997, -2.815838730972473 ], [ 115.419407839799987, -2.81585051119248 ], [ 115.419421211820008, -2.815865297844994 ], [ 115.419459116444955, -2.815898973857486 ], [ 115.419500030202471, -2.815926125289991 ], [ 115.41956686781748, -2.815960184415019 ], [ 115.419610696277459, -2.815979056687524 ], [ 115.419669567697497, -2.815999516264981 ], [ 115.419750524667506, -2.816020394924976 ], [ 115.419806540739955, -2.816032769597484 ], [ 115.419827312379994, -2.816035151002495 ], [ 115.419832547334977, -2.816036342602501 ], [ 115.419884660350021, -2.81604820555998 ], [ 115.419925238659971, -2.816062315922522 ], [ 115.419957425394955, -2.816073615904997 ], [ 115.419992524134955, -2.816092361372512 ], [ 115.42005000879999, -2.816122290809972 ], [ 115.420087953894949, -2.816153251770004 ], [ 115.42011563862502, -2.81618060735002 ], [ 115.420138445432485, -2.816210805684989 ], [ 115.420169018785032, -2.816268861419985 ], [ 115.420189105142526, -2.816320161444992 ], [ 115.420206999852553, -2.816378310709979 ], [ 115.420217548002483, -2.816458121045002 ], [ 115.420215771840049, -2.816511032657502 ], [ 115.420197589347481, -2.816602585440023 ], [ 115.420173181747487, -2.816687450865004 ], [ 115.42015955431998, -2.816730522994987 ], [ 115.420122013019977, -2.816849182244994 ], [ 115.420080921197496, -2.816971240930002 ], [ 115.420032793977498, -2.817122958357515 ], [ 115.419982057824996, -2.817281852375004 ], [ 115.419927400629945, -2.817428508419994 ], [ 115.419877943312486, -2.817580508234983 ], [ 115.419875041200044, -2.817588287369972 ], [ 115.41982969468495, -2.817709882004976 ], [ 115.419793901667504, -2.817818903219973 ], [ 115.419760347062493, -2.817925710302518 ], [ 115.419734178590033, -2.818030652192476 ], [ 115.419715800942527, -2.818117565372518 ], [ 115.419694807170004, -2.818221830972504 ], [ 115.419675235224986, -2.818328793639978 ], [ 115.419654501355012, -2.818462678410015 ], [ 115.419653465335045, -2.8184693666675 ], [ 115.419639177805038, -2.818560157725017 ], [ 115.41962858738998, -2.818656038044992 ], [ 115.419617419607448, -2.818750435385027 ], [ 115.41960731842255, -2.818853534562493 ], [ 115.419598460999964, -2.818972144350028 ], [ 115.41959230693999, -2.819015915252521 ], [ 115.41958104113246, -2.819099687099992 ], [ 115.419572857302455, -2.819154874897492 ], [ 115.419563104155031, -2.819189105792475 ], [ 115.41954349713501, -2.819238501954999 ], [ 115.419523837054953, -2.819275119650001 ], [ 115.419499618312557, -2.819312035022506 ], [ 115.419480800897531, -2.819338374367476 ], [ 115.419473320337488, -2.819348846972503 ], [ 115.419426221042499, -2.819402514914998 ], [ 115.419379814227455, -2.819454111717505 ], [ 115.419316173702555, -2.819514851930023 ], [ 115.41927574198246, -2.819547023377481 ], [ 115.419223269237477, -2.819587312105 ], [ 115.41915934273004, -2.819633223394987 ], [ 115.419110809914969, -2.819668921084997 ], [ 115.419034797417453, -2.819714678590003 ], [ 115.41898571601746, -2.819738229134998 ], [ 115.418893986967532, -2.819770577749978 ], [ 115.418814241385007, -2.819802404757525 ], [ 115.418750427289979, -2.819824356309994 ], [ 115.418742193997446, -2.819827410407527 ], [ 115.418676541690047, -2.819851769442494 ], [ 115.418558081189985, -2.819892422397515 ], [ 115.418467238872495, -2.819927370952485 ], [ 115.418338403795019, -2.819964478777479 ], [ 115.418240669072475, -2.819994032297473 ], [ 115.418155703822549, -2.820021807859973 ], [ 115.418026900222458, -2.820071029554981 ], [ 115.417945660862529, -2.820100702685011 ], [ 115.417890911037489, -2.82011788873001 ], [ 115.417829255315041, -2.820137242139992 ], [ 115.417715481185041, -2.820186781294979 ], [ 115.417643791727528, -2.820219486940005 ], [ 115.417596344394951, -2.820244390965001 ], [ 115.417520790552544, -2.820292252884997 ], [ 115.417462833742547, -2.82033014581998 ], [ 115.417413055367547, -2.820366740132499 ], [ 115.41736627892999, -2.820407026162513 ], [ 115.417323142050009, -2.820449609062507 ], [ 115.417284203202485, -2.820490908627505 ], [ 115.417205837179949, -2.820573879180017 ], [ 115.417159507705037, -2.820621232084989 ], [ 115.417154919364975, -2.820625922947499 ], [ 115.417078761175048, -2.820702359027507 ], [ 115.417029705857544, -2.82074688266249 ], [ 115.416964901609958, -2.820801170237473 ], [ 115.416914232905015, -2.820838157554988 ], [ 115.416840044232458, -2.820886899910022 ], [ 115.416742522649997, -2.820938020972505 ], [ 115.4167133630325, -2.820953539674974 ], [ 115.416609906822487, -2.821005772297497 ], [ 115.41653972912502, -2.821042737132473 ], [ 115.416454419435013, -2.821090761830021 ], [ 115.416427365129948, -2.821107239207493 ], [ 115.416413672952444, -2.821116014792494 ], [ 115.416379669585012, -2.821137809862478 ], [ 115.416295552397514, -2.821202667169985 ], [ 115.416268888397553, -2.821225983892475 ], [ 115.416244684044955, -2.821254551754976 ], [ 115.416209513357444, -2.821289421169979 ], [ 115.416175965050002, -2.821323864304986 ], [ 115.416139509229993, -2.821364626077525 ], [ 115.416094276930039, -2.821420554014992 ], [ 115.416039498324949, -2.821496919947492 ], [ 115.415993658079969, -2.8215676498275 ], [ 115.415955182385005, -2.821626961014999 ], [ 115.415853676805, -2.821810485665026 ], [ 115.41584870535246, -2.8218194761875 ], [ 115.415830161332451, -2.821853889645013 ], [ 115.415808702609979, -2.821895870897492 ], [ 115.415798095104947, -2.821916621854996 ], [ 115.415787521777474, -2.821937485227522 ], [ 115.415776958339961, -2.821957703785017 ], [ 115.415766449762486, -2.821977665137524 ], [ 115.41575608237747, -2.821997791964975 ], [ 115.415745711394948, -2.82201795026748 ], [ 115.415735301742529, -2.822038530354973 ], [ 115.41572514569998, -2.822059293899997 ], [ 115.415714995050052, -2.822079943234996 ], [ 115.415704930737547, -2.822100767935012 ], [ 115.415694746815007, -2.822121446947506 ], [ 115.415684702287535, -2.822142410144977 ], [ 115.415675123607457, -2.822162590032519 ], [ 115.415665678927553, -2.822182188957527 ], [ 115.41565600402248, -2.822201774392511 ], [ 115.415646303035032, -2.822221578362473 ], [ 115.41563672795246, -2.822240942564974 ], [ 115.41562697120753, -2.822259943442475 ], [ 115.415617081362484, -2.822279810364989 ], [ 115.415607686144995, -2.822299028877524 ], [ 115.415598333197522, -2.822318231202473 ], [ 115.415588634007463, -2.822337197005027 ], [ 115.415578578687473, -2.822357467722497 ], [ 115.415568803957513, -2.822377008192518 ], [ 115.415558408692505, -2.822396743814977 ], [ 115.41554805120245, -2.822417339189997 ], [ 115.41553789336001, -2.822437553249983 ], [ 115.415527802067459, -2.822459104605002 ], [ 115.415517441877455, -2.822480069599976 ], [ 115.415507653655027, -2.822500371795002 ], [ 115.415497800682488, -2.822520575065028 ], [ 115.415488122180022, -2.822540924922521 ], [ 115.415478359140025, -2.822562540129979 ], [ 115.415468773265047, -2.822583023987477 ], [ 115.41545928991502, -2.822604089707511 ], [ 115.415451944252482, -2.82261947710748 ], [ 115.415449741812495, -2.822624090629972 ], [ 115.415440121764959, -2.822644474662525 ], [ 115.415430129397464, -2.822665154572519 ], [ 115.415420279122486, -2.822685624042492 ], [ 115.415410266070012, -2.822706876820007 ], [ 115.415399074907555, -2.822728554080015 ], [ 115.41538824437248, -2.822748843685019 ], [ 115.415365764019953, -2.822791765627528 ], [ 115.415354981147516, -2.822812532772502 ], [ 115.415343168552454, -2.822835428612507 ], [ 115.415331919832511, -2.822856684087526 ], [ 115.415320492147544, -2.822879557444992 ], [ 115.415309681397503, -2.822900799432489 ], [ 115.41529805675998, -2.822922939842499 ], [ 115.415286985207445, -2.8229442501775 ], [ 115.415275203187548, -2.822965984092491 ], [ 115.415263531787446, -2.82298763527001 ], [ 115.415252277669993, -2.823008584977515 ], [ 115.41524059457754, -2.82303054012749 ], [ 115.415229193872506, -2.823052478189993 ], [ 115.415218277902454, -2.823073709385028 ], [ 115.415207376320041, -2.823095332682499 ], [ 115.415196606937457, -2.823116596254977 ], [ 115.415185531787529, -2.823137915582492 ], [ 115.4151741346775, -2.823159879724983 ], [ 115.415162045092529, -2.823181735050014 ], [ 115.415150370092533, -2.823203028297485 ], [ 115.415138733765048, -2.823224068834975 ], [ 115.415126934659952, -2.823245353989989 ], [ 115.41511567514749, -2.823267087904981 ], [ 115.415104522655042, -2.823288401837488 ], [ 115.415093497867474, -2.823310142049991 ], [ 115.415082729384949, -2.823331643039978 ], [ 115.415071574195053, -2.82335311884998 ], [ 115.415060206762519, -2.823374438179997 ], [ 115.415049047975003, -2.823395085714992 ], [ 115.415037560935048, -2.823415898724988 ], [ 115.415034925920054, -2.82342061117248 ], [ 115.415026205194977, -2.823436208115027 ], [ 115.415014713657456, -2.823456438364985 ], [ 115.414990703557464, -2.823496370062514 ], [ 115.41497910860005, -2.823516807154988 ], [ 115.414968219607545, -2.823537385442478 ], [ 115.414958132812444, -2.823556675900022 ], [ 115.414947994755039, -2.823575584144976 ], [ 115.414938559967482, -2.823593860167477 ], [ 115.414929620705038, -2.823611764770021 ], [ 115.414920257862491, -2.823629881612476 ], [ 115.414911402240023, -2.823647396809974 ], [ 115.414902399127527, -2.82366493359001 ], [ 115.414892734112527, -2.823683018057523 ], [ 115.414882828980012, -2.823701770719993 ], [ 115.414872862692505, -2.823720794079975 ], [ 115.414862908097462, -2.823739944242504 ], [ 115.414852963392491, -2.823758604274985 ], [ 115.414842953039965, -2.823777449570002 ], [ 115.414832487629951, -2.823796689665016 ], [ 115.41482213463496, -2.823816041277496 ], [ 115.414812000172446, -2.823834580799996 ], [ 115.414801977230013, -2.823852742609972 ], [ 115.414781642660046, -2.823889368399989 ], [ 115.414771259087502, -2.823907986165011 ], [ 115.414760356605029, -2.823926904302482 ], [ 115.414748875860028, -2.823945961837524 ], [ 115.414737189169955, -2.823964318797493 ], [ 115.414704052750039, -2.824017990337495 ], [ 115.414644540112477, -2.824116679239978 ], [ 115.414611538592453, -2.824177136165019 ], [ 115.414595544149961, -2.824209283332493 ], [ 115.414581946399949, -2.824236611930019 ], [ 115.414551264229999, -2.824297730755006 ], [ 115.414517257264947, -2.824361746297484 ], [ 115.414480432724986, -2.824433799079998 ], [ 115.414447619162502, -2.824503501934998 ], [ 115.414419767157483, -2.82456449035999 ], [ 115.414387489590013, -2.824638983002501 ], [ 115.414369860180045, -2.824680183642499 ], [ 115.414333949352454, -2.824761171190005 ], [ 115.414296953042481, -2.824843297279983 ], [ 115.414251806175002, -2.824943667017521 ], [ 115.414220785860039, -2.825019934922523 ], [ 115.414216677757508, -2.825029073832525 ], [ 115.414169329349988, -2.825134403330026 ], [ 115.41414059961005, -2.825204464115018 ], [ 115.414103127557496, -2.82528435538751 ], [ 115.414042275829956, -2.825416198697496 ], [ 115.414006715737514, -2.825481916657509 ], [ 115.413982871112466, -2.825526014014997 ], [ 115.41394734519497, -2.825588588842493 ], [ 115.41391492643254, -2.825649916309999 ], [ 115.413899013827518, -2.825682829699986 ], [ 115.413866002415034, -2.825741764970019 ], [ 115.413854366085047, -2.825761470914983 ], [ 115.413840803410039, -2.825782608580027 ], [ 115.413827000615015, -2.825802113077486 ], [ 115.413812606967554, -2.825821549224997 ], [ 115.413805085037552, -2.825831268197476 ], [ 115.413798636897468, -2.825839596820003 ], [ 115.413784516642522, -2.825858953827492 ], [ 115.41377067787505, -2.825878953850008 ], [ 115.413719972299987, -2.825954980737492 ], [ 115.413683949054985, -2.826006839244997 ], [ 115.413632750649981, -2.826075318122491 ], [ 115.413574255147523, -2.826148764852519 ], [ 115.413520817432527, -2.826223877130019 ], [ 115.413466262757538, -2.826298700724976 ], [ 115.413411412207552, -2.826372544957508 ], [ 115.4133559303325, -2.826442672292501 ], [ 115.413316490562465, -2.826493864399993 ], [ 115.413270462362448, -2.82655814973748 ], [ 115.413266490955039, -2.826563695857487 ], [ 115.413226072725024, -2.826618520327486 ], [ 115.41319790865748, -2.826653363662501 ], [ 115.413170498219984, -2.826687033379983 ], [ 115.413142164180044, -2.826721927075027 ], [ 115.413114185372478, -2.826757220970023 ], [ 115.413085959249997, -2.826793963670013 ], [ 115.413057618015046, -2.826831647062477 ], [ 115.413029235410022, -2.826867986867512 ], [ 115.413001660397526, -2.826903646785013 ], [ 115.412973669000053, -2.826938284175014 ], [ 115.412945877249967, -2.826971640927525 ], [ 115.412918616999946, -2.827004694610025 ], [ 115.412890753304964, -2.82703766105999 ], [ 115.412862776295015, -2.827069776747521 ], [ 115.412848656940014, -2.827085771192515 ], [ 115.412834525892549, -2.827102391562505 ], [ 115.412820775257501, -2.82711899304752 ], [ 115.412807474285046, -2.827135756409973 ], [ 115.412792811740019, -2.827152973930026 ], [ 115.412777721115049, -2.827170120405015 ], [ 115.412761461372497, -2.827187208422515 ], [ 115.412744596384982, -2.827204165140017 ], [ 115.412727967022533, -2.827220959980025 ], [ 115.412710927567446, -2.827237831259993 ], [ 115.412695761399959, -2.8272527788925 ], [ 115.412662947837475, -2.827285115815016 ], [ 115.412590993080016, -2.827362552839986 ], [ 115.412532875292527, -2.827424509832497 ], [ 115.412473672022543, -2.827485793234985 ], [ 115.412413877897507, -2.827544116067486 ], [ 115.412399349350039, -2.827558840667507 ], [ 115.412384330672467, -2.827573970862488 ], [ 115.41236939562998, -2.827588924790007 ], [ 115.412353762715043, -2.827604811312483 ], [ 115.412338887929991, -2.827620302135017 ], [ 115.41232386655247, -2.827636226430002 ], [ 115.412309585320031, -2.827652791942512 ], [ 115.412295619747511, -2.827669978887513 ], [ 115.412281173937458, -2.827687921260008 ], [ 115.412265327882551, -2.827706950014999 ], [ 115.412252099755051, -2.827725772824977 ], [ 115.412239788034981, -2.827744734132523 ], [ 115.412228390027508, -2.827764285392504 ], [ 115.412217861664999, -2.827784045297506 ], [ 115.412207997900055, -2.827804065104999 ], [ 115.412199153967549, -2.827824216214992 ], [ 115.412190810057496, -2.827845154229976 ], [ 115.412183475187476, -2.827865775684984 ], [ 115.412177338212473, -2.827886779352525 ], [ 115.412171808282551, -2.827907786615015 ], [ 115.412166421342476, -2.827929322680006 ], [ 115.412162021860013, -2.82795043696251 ], [ 115.412159668334994, -2.827959801602503 ], [ 115.412156784207468, -2.827971276052494 ], [ 115.412152123022452, -2.827992166405011 ], [ 115.412147468132503, -2.82801197936999 ], [ 115.412142635174973, -2.828034269964974 ], [ 115.412137642137509, -2.828055488569987 ], [ 115.41213229836751, -2.828077162229988 ], [ 115.412127092192463, -2.828099271165001 ], [ 115.412121946269963, -2.828122115742474 ], [ 115.412100743855035, -2.828210055050022 ], [ 115.412082776300053, -2.828275820672502 ], [ 115.412074231840052, -2.828321017 ], [ 115.412066032722464, -2.828367192692497 ], [ 115.412057677119947, -2.828411016655025 ], [ 115.412048497739988, -2.828452880994973 ], [ 115.41204425293995, -2.828473551912509 ], [ 115.412038543144945, -2.82849499444751 ], [ 115.412032480815014, -2.828516159992489 ], [ 115.412026316859965, -2.828537453240017 ], [ 115.41202120061746, -2.828560058599976 ], [ 115.412013926902546, -2.828581186372503 ], [ 115.411996837084985, -2.828626494217474 ], [ 115.411988012937513, -2.828647998805025 ], [ 115.411979208574962, -2.828668658032484 ], [ 115.411970036387515, -2.828689694075024 ], [ 115.411960757182555, -2.828710162644995 ], [ 115.411951192892502, -2.828731939727504 ], [ 115.411940731980053, -2.828752882239996 ], [ 115.411930569640049, -2.828774302292516 ], [ 115.411919407255027, -2.828794676432494 ], [ 115.411906877900037, -2.828815842877475 ], [ 115.411903314785036, -2.828821853044985 ], [ 115.411894963682471, -2.828835940924989 ], [ 115.41188275808247, -2.82885640500001 ], [ 115.411871414935035, -2.828876128030004 ], [ 115.411859417977553, -2.828896247662499 ], [ 115.411837148065047, -2.828934011994988 ], [ 115.411813548057467, -2.828972841122493 ], [ 115.411791751187479, -2.829010173779977 ], [ 115.411768833764995, -2.829047977682478 ], [ 115.411737023845035, -2.829102778769993 ], [ 115.411702025827481, -2.829158721097485 ], [ 115.411679921392533, -2.829195416135008 ], [ 115.411646357792506, -2.82924995102502 ], [ 115.411611354380057, -2.829304622609982 ], [ 115.411575768207513, -2.829358727622491 ], [ 115.411537863582453, -2.829411820000018 ], [ 115.411512633102461, -2.829447446642519 ], [ 115.411487515037493, -2.829484327840021 ], [ 115.411449656277455, -2.829539950907474 ], [ 115.411425563440048, -2.829576802427482 ], [ 115.411420397732513, -2.829584302772503 ], [ 115.41138757337751, -2.829631972237507 ], [ 115.411351347787445, -2.8296869909625 ], [ 115.411312658052452, -2.829745306599989 ], [ 115.411270595862447, -2.82980272291752 ], [ 115.411219455912487, -2.829879906332508 ], [ 115.411194327057501, -2.829917405364995 ], [ 115.411167933752495, -2.829955336069986 ], [ 115.411141546744943, -2.829993078817495 ], [ 115.411116009595048, -2.830028980652514 ], [ 115.411089522762495, -2.830064897777504 ], [ 115.41107721104504, -2.830082946270011 ], [ 115.411064250014988, -2.830101708827499 ], [ 115.411052105569979, -2.830120280727499 ], [ 115.411040099619981, -2.830139188072508 ], [ 115.41102711880751, -2.830159715097523 ], [ 115.411016197439949, -2.830179271755014 ], [ 115.411005332730042, -2.830199338327475 ], [ 115.410994450034991, -2.830219799704992 ], [ 115.410983443232453, -2.830240329427511 ], [ 115.410972978719997, -2.830260744937505 ], [ 115.410962835267469, -2.830280730569996 ], [ 115.410951849147523, -2.830301620922512 ], [ 115.410941799225043, -2.830321451872521 ], [ 115.410931707932491, -2.830341234260004 ], [ 115.41093138687495, -2.830341852994991 ], [ 115.410921549189993, -2.830360818797487 ], [ 115.410911334690013, -2.830380189294999 ], [ 115.41090124879247, -2.830399733360025 ], [ 115.410890899394985, -2.830420655189982 ], [ 115.410881305427552, -2.830441568922481 ], [ 115.410872115254961, -2.830462190377489 ], [ 115.410863298302502, -2.830483060045026 ], [ 115.410854875252539, -2.83050353581001 ], [ 115.410846759770038, -2.830524391087522 ], [ 115.410838477014977, -2.8305455233575 ], [ 115.410830329157534, -2.830566813007522 ], [ 115.410822181299977, -2.830587976752497 ], [ 115.410813962394968, -2.830608875200028 ], [ 115.410805497074989, -2.830629699002486 ], [ 115.410797197232455, -2.830650661300012 ], [ 115.410789420795027, -2.830671479705018 ], [ 115.410782584149956, -2.830692183897497 ], [ 115.410776045177499, -2.830712470804997 ], [ 115.410769453147509, -2.830733021212495 ], [ 115.410755994792453, -2.830773378287518 ], [ 115.410733650237489, -2.830837425307493 ], [ 115.410711431587515, -2.830901712444984 ], [ 115.410690005239985, -2.830965076877476 ], [ 115.41066816430498, -2.831027630119991 ], [ 115.410646358442477, -2.831088763335003 ], [ 115.410622871747478, -2.831148059234977 ], [ 115.410608345897458, -2.831184852299998 ], [ 115.410598864345047, -2.831208869592501 ], [ 115.410576221215024, -2.831269918272483 ], [ 115.41055465457498, -2.831329636852502 ], [ 115.410532903570015, -2.831387640427522 ], [ 115.410518259010018, -2.831426834679974 ], [ 115.410503019997464, -2.831465521717519 ], [ 115.410487699147552, -2.831504731257496 ], [ 115.410472836052463, -2.831543814894985 ], [ 115.410457536784975, -2.831583581117513 ], [ 115.410440955085051, -2.831624586605017 ], [ 115.410423664720042, -2.831665714400003 ], [ 115.41040621337504, -2.831706198282518 ], [ 115.410388407699998, -2.831746417762474 ], [ 115.410370813362533, -2.831787121977527 ], [ 115.410351992350002, -2.831827973682493 ], [ 115.410333029244953, -2.831867495287497 ], [ 115.410313029222493, -2.831906941352486 ], [ 115.41029325582997, -2.831945749797512 ], [ 115.410274235167549, -2.831983746152503 ], [ 115.410256821594999, -2.832016321394974 ], [ 115.410254301694977, -2.832021035642526 ], [ 115.410234394302506, -2.832059745159995 ], [ 115.410212903202478, -2.832099003267501 ], [ 115.410191567687548, -2.832138482604989 ], [ 115.410170105364955, -2.83217752487252 ], [ 115.410148086364984, -2.832215684007508 ], [ 115.410125558347545, -2.832253626402519 ], [ 115.410092182707444, -2.832308984172528 ], [ 115.410070510845003, -2.832346410357502 ], [ 115.410048374032499, -2.832384028100023 ], [ 115.410015808682488, -2.832440289687497 ], [ 115.409983501437523, -2.832497882272492 ], [ 115.409951899260022, -2.832554711329976 ], [ 115.409920321365007, -2.832611454054984 ], [ 115.409899788044982, -2.832651035017477 ], [ 115.409890210264962, -2.832671395667489 ], [ 115.409879629742477, -2.832691603435023 ], [ 115.409869961129971, -2.832711432587473 ], [ 115.40986025294751, -2.832731464984988 ], [ 115.40985003035496, -2.832752821185011 ], [ 115.409839307737457, -2.832775023647514 ], [ 115.409830515067483, -2.832795810577522 ], [ 115.409825689304967, -2.832809286019994 ], [ 115.409823264732495, -2.832816054317504 ], [ 115.409815894787471, -2.832836811570019 ], [ 115.409809585145013, -2.832857238769975 ], [ 115.409803310574944, -2.83287835934749 ], [ 115.409797552214968, -2.832899369309985 ], [ 115.409792623930002, -2.832920515969988 ], [ 115.409788297292494, -2.832941769647505 ], [ 115.409784378047448, -2.832963594394982 ], [ 115.409779767222517, -2.832986662004998 ], [ 115.409775983775035, -2.833009511979981 ], [ 115.409773139219965, -2.833032433899973 ], [ 115.409770982645, -2.833056237155006 ], [ 115.409769818022482, -2.83307869232749 ], [ 115.409769281127524, -2.83310099191749 ], [ 115.40976921727497, -2.833122374197501 ], [ 115.409770177752534, -2.833144144087498 ], [ 115.409772479117464, -2.833166044377492 ], [ 115.409775323672534, -2.833187805272473 ], [ 115.40978381507, -2.833230741605007 ], [ 115.409789211002476, -2.833251913444997 ], [ 115.409795471185021, -2.833274562869974 ], [ 115.409803059662522, -2.833296044977487 ], [ 115.409811670672525, -2.833317391284993 ], [ 115.40981926095003, -2.833339443560021 ], [ 115.409827037387458, -2.833360860914979 ], [ 115.409835432560044, -2.833381672127473 ], [ 115.409843263855009, -2.833401846617505 ], [ 115.409851170694992, -2.833422710889977 ], [ 115.40985900918497, -2.833445596837521 ], [ 115.409866855770019, -2.833466970125016 ], [ 115.40987526622996, -2.833487446787501 ], [ 115.409899852794979, -2.833543816294991 ], [ 115.409919013752528, -2.833584106820012 ], [ 115.40994024584495, -2.833624562822479 ], [ 115.409962703714996, -2.833664776007481 ], [ 115.409964728090017, -2.833668113392491 ], [ 115.409997884294967, -2.833722777784999 ], [ 115.410034062222508, -2.833780263347478 ], [ 115.410068471182512, -2.833833860245022 ], [ 115.410092789750024, -2.833869194607473 ], [ 115.410118418629963, -2.833904948055022 ], [ 115.410156695574983, -2.833958231987481 ], [ 115.410194612789951, -2.834013783109981 ], [ 115.410233118165024, -2.834070110347511 ], [ 115.41027130787495, -2.834124404217505 ], [ 115.410320192322501, -2.8341957528325 ], [ 115.410368481420051, -2.834267122129972 ], [ 115.410416828972529, -2.834339963617481 ], [ 115.410465536254947, -2.834411968737527 ], [ 115.410468820580036, -2.834416850257526 ], [ 115.410528156049963, -2.834505035079985 ], [ 115.410580564042448, -2.834584497377477 ], [ 115.410633796712546, -2.834664362569981 ], [ 115.410671791270033, -2.834717645602495 ], [ 115.410712499082479, -2.834771486215004 ], [ 115.410753637670041, -2.834825022857501 ], [ 115.410793176365019, -2.834877057630024 ], [ 115.410827446830012, -2.834927346819995 ], [ 115.410838233297454, -2.834944486100028 ], [ 115.410848857887459, -2.834961882584992 ], [ 115.410859585902472, -2.834979225109976 ], [ 115.41087043801997, -2.834996323919995 ], [ 115.410881160637473, -2.835013861599975 ], [ 115.410891927319994, -2.835031675372477 ], [ 115.410902552809944, -2.835049166284989 ], [ 115.410912795190029, -2.835066918004998 ], [ 115.410923177862514, -2.835087868610003 ], [ 115.410932234035045, -2.835107314649974 ], [ 115.410940855834951, -2.835128378572506 ], [ 115.410948595402488, -2.835147670827496 ], [ 115.410954983285023, -2.835168439772474 ], [ 115.410956182082487, -2.835173340177505 ], [ 115.410960893629976, -2.835192583870025 ], [ 115.410965758062503, -2.835214244042504 ], [ 115.410969608059986, -2.835235279184985 ], [ 115.410972726910018, -2.835256166837496 ], [ 115.410976167715035, -2.835275418624974 ], [ 115.41097710391, -2.835293958149975 ], [ 115.41097706523999, -2.835313652402476 ], [ 115.410976015729943, -2.835332188330028 ], [ 115.410974269247504, -2.835350416687504 ], [ 115.410971988567553, -2.835369413967499 ], [ 115.410962417982546, -2.835433711895007 ], [ 115.410959216394986, -2.835455783057512 ], [ 115.410955167647444, -2.835479931652515 ], [ 115.410952924737444, -2.835503236684985 ], [ 115.410950955222461, -2.835526839392514 ], [ 115.410950224972453, -2.835551285662518 ], [ 115.410951357220029, -2.835574331689998 ], [ 115.410953146870042, -2.835597076445026 ], [ 115.410955670367457, -2.835619151202479 ], [ 115.410959347694984, -2.83564032933748 ], [ 115.410964338035001, -2.835660672002518 ], [ 115.410970901285054, -2.835681595629978 ], [ 115.410978907950039, -2.835702424827502 ], [ 115.410989340984997, -2.835722564244975 ], [ 115.411001044762543, -2.835743772057526 ], [ 115.41101527473495, -2.835763264862521 ], [ 115.411032045292473, -2.835781330445002 ], [ 115.411050682842529, -2.835798736822483 ], [ 115.411068683672511, -2.835815049625012 ], [ 115.411088153094965, -2.835831812987522 ], [ 115.411107427364982, -2.835846585252511 ], [ 115.411126341907448, -2.835859880827513 ], [ 115.411145698914993, -2.835872109809998 ], [ 115.411165592817497, -2.835882961029995 ], [ 115.411186225064966, -2.835892618849982 ], [ 115.411207908617484, -2.835901497854991 ], [ 115.411229525622502, -2.835910656552528 ], [ 115.411251738877468, -2.835919165037524 ], [ 115.41126012685254, -2.835922301872472 ], [ 115.411296814697494, -2.835936024627472 ], [ 115.411341248400049, -2.835950722247503 ], [ 115.411382878917493, -2.835965457639986 ], [ 115.411421648689952, -2.835980155260017 ], [ 115.411460160357478, -2.835992910344999 ], [ 115.411480214340031, -2.836000284784973 ], [ 115.411503950147448, -2.836009031592482 ], [ 115.411525666974967, -2.836016313402524 ], [ 115.411547536690023, -2.836023749894991 ], [ 115.4115681077825, -2.836031332979985 ], [ 115.411587863189993, -2.836039496125011 ], [ 115.41160671297996, -2.836048326569994 ], [ 115.411626594292557, -2.836058263177506 ], [ 115.411646061917509, -2.836069410275002 ], [ 115.411664990847498, -2.836081319997504 ], [ 115.411682674214944, -2.836094040907483 ], [ 115.411700060809949, -2.836105848107479 ], [ 115.41171762276997, -2.8361172083425 ], [ 115.411734524627491, -2.836130653207476 ], [ 115.411752300627541, -2.836142303924987 ], [ 115.411769216874973, -2.836152272909999 ], [ 115.411783885717455, -2.836164762692476 ], [ 115.411799262327463, -2.836179480997487 ], [ 115.411813754899981, -2.836195200247516 ], [ 115.411826860719998, -2.836209977907515 ], [ 115.411839483605036, -2.836225523589974 ], [ 115.411851441890008, -2.836241291402473 ], [ 115.41186342895503, -2.836258252614982 ], [ 115.411876611217508, -2.836276720194974 ], [ 115.411890119932536, -2.836295369434993 ], [ 115.411903132225007, -2.83631423091748 ], [ 115.411916024905054, -2.836332997069974 ], [ 115.411929452682443, -2.836351953880012 ], [ 115.411943161047475, -2.836370675964986 ], [ 115.411956160747536, -2.836389737097477 ], [ 115.411969042637452, -2.836408225360003 ], [ 115.411977124844952, -2.836418699762476 ], [ 115.411981251832458, -2.836424048929985 ], [ 115.411993214614995, -2.836442718857484 ], [ 115.412006134274975, -2.836461040745007 ], [ 115.412019689757471, -2.836478962435024 ], [ 115.412032825254983, -2.83649681667498 ], [ 115.412046396925007, -2.836515006362504 ], [ 115.412068502260013, -2.836546139092491 ], [ 115.412081690817445, -2.836565747012514 ], [ 115.412094215674983, -2.836584980812518 ], [ 115.412106926692445, -2.836605027600001 ], [ 115.412120600885032, -2.836626140085002 ], [ 115.412133498962476, -2.836644856775024 ], [ 115.412146354770016, -2.836663865744981 ], [ 115.412158531589967, -2.836682472717484 ], [ 115.412171108609982, -2.836701167825026 ], [ 115.412183422127555, -2.836719921387498 ], [ 115.41219556657245, -2.836738431232504 ], [ 115.412207616587466, -2.83675659304248 ], [ 115.412218920167447, -2.836775266564985 ], [ 115.41222888555501, -2.836795048052522 ], [ 115.412238278075051, -2.836814773782521 ], [ 115.412247577065045, -2.836834684772498 ], [ 115.412256465962514, -2.836855186617527 ], [ 115.412264038254989, -2.836874995984999 ], [ 115.412270087094953, -2.836896740692509 ], [ 115.412275334639958, -2.836917304589974 ], [ 115.412279713437556, -2.836937481780012 ], [ 115.412283912372459, -2.836957006060004 ], [ 115.412288593345011, -2.836975756025026 ], [ 115.412293421804975, -2.83699493316999 ], [ 115.412297898629959, -2.837014308162509 ], [ 115.41230161372755, -2.837032540119992 ], [ 115.41230450324997, -2.837050797257518 ], [ 115.412305270372485, -2.837068316050022 ], [ 115.412304452887497, -2.837085933767526 ], [ 115.41230267672745, -2.837106791744986 ], [ 115.412301424869952, -2.83712818122001 ], [ 115.412304523035004, -2.837148028359991 ], [ 115.412306357652483, -2.837168692980015 ], [ 115.412301064242456, -2.837195354282528 ], [ 115.412298725104961, -2.837217904782506 ], [ 115.412297641422469, -2.837232096085017 ], [ 115.412296871602507, -2.837242165792475 ], [ 115.412294240187521, -2.83726390780248 ], [ 115.412292023357509, -2.837299663947476 ], [ 115.412291598877459, -2.837319567744998 ], [ 115.412292036847475, -2.837342772950024 ], [ 115.412291967600027, -2.837367889217489 ], [ 115.412291828204957, -2.837395467827491 ], [ 115.412291856084948, -2.837422424105 ], [ 115.412290437852448, -2.837446972 ], [ 115.412289231862474, -2.837471354420018 ], [ 115.412287407137455, -2.837497765709998 ], [ 115.412284798204951, -2.837524403627526 ], [ 115.412284587762542, -2.837549760012507 ], [ 115.412282600262529, -2.837589909347514 ], [ 115.412279859127466, -2.837616229805008 ], [ 115.412279669372538, -2.837642643792492 ], [ 115.412279804270042, -2.837668875217503 ], [ 115.412281343909967, -2.837694024760026 ], [ 115.412284876445028, -2.837716523997528 ], [ 115.412289329889973, -2.837738357740022 ], [ 115.412294450627542, -2.837761149257517 ], [ 115.412301245007484, -2.837781538687523 ], [ 115.41230786131996, -2.837801505434982 ], [ 115.412315364362485, -2.837821382250013 ], [ 115.412324217290006, -2.837840714977517 ], [ 115.412333908382493, -2.837855845169997 ], [ 115.412345455677496, -2.837870913312486 ], [ 115.412358438292472, -2.837887408677489 ], [ 115.412373647625031, -2.83790463519 ], [ 115.412389457707491, -2.837918185274987 ], [ 115.412405793892503, -2.837929222655021 ], [ 115.412423757849979, -2.837940694407507 ], [ 115.412441627379962, -2.837950395395012 ], [ 115.412460298205019, -2.837959785214991 ], [ 115.412480256857521, -2.837969419652495 ], [ 115.412502678755004, -2.837977489269974 ], [ 115.412526419059986, -2.837983085750011 ], [ 115.412551672922518, -2.837987512215022 ], [ 115.412558622882443, -2.837988486179995 ], [ 115.4125785140875, -2.837991271380019 ], [ 115.412605748257533, -2.837994001722507 ], [ 115.412629769147543, -2.837994059277491 ], [ 115.412655841395008, -2.837994550307485 ], [ 115.412682235597458, -2.837994185182481 ], [ 115.412707105447453, -2.837992391935018 ], [ 115.412731390739964, -2.837991500707517 ], [ 115.412752978067488, -2.837989960167477 ], [ 115.412776068160042, -2.837987621929983 ], [ 115.412799355205038, -2.837985655115006 ], [ 115.412821665587444, -2.837983021900016 ], [ 115.412844068599952, -2.837980832949995 ], [ 115.412866334015007, -2.837978726737504 ], [ 115.412888435752507, -2.837976759020023 ], [ 115.412910368419944, -2.837974831772499 ], [ 115.412932553795031, -2.837973054712506 ], [ 115.412955044939963, -2.837971667057502 ], [ 115.412974775165026, -2.837969913379993 ], [ 115.412997242029974, -2.837968865670007 ], [ 115.413019666625019, -2.837967689357527 ], [ 115.413041809732476, -2.837966336777527 ], [ 115.413064091334945, -2.837965402382508 ], [ 115.413086584277494, -2.83796455162252 ], [ 115.413109077222543, -2.837963756622514 ], [ 115.413131127700012, -2.837962649557483 ], [ 115.413175209767473, -2.837960296030019 ], [ 115.413196831270056, -2.837959364332505 ], [ 115.413218670404945, -2.837958557639979 ], [ 115.413240284712515, -2.837958450622523 ], [ 115.413261806387482, -2.837958526164982 ], [ 115.413285302975055, -2.837958776177516 ], [ 115.413309930907531, -2.837959928207511 ], [ 115.413329852690026, -2.837959583767486 ], [ 115.413352172064947, -2.837959197957503 ], [ 115.413374114622457, -2.837958980322526 ], [ 115.413418829814987, -2.837959899430018 ], [ 115.413439982770001, -2.837960174622481 ], [ 115.413456345035002, -2.83796042283501 ], [ 115.413460571847509, -2.837960487587509 ], [ 115.413480663602513, -2.837960868899984 ], [ 115.413502805810026, -2.837960955235019 ], [ 115.413522866087533, -2.837962095574994 ], [ 115.41356508116246, -2.837967612015007 ], [ 115.413585690027503, -2.837970711977505 ], [ 115.413607559739944, -2.8379751627225 ], [ 115.413630228952456, -2.8379809678475 ], [ 115.41365173893746, -2.837987014887517 ], [ 115.413671952997447, -2.83799359612749 ], [ 115.41369272104248, -2.838001613582492 ], [ 115.413712106827461, -2.838010976424982 ], [ 115.41373131634748, -2.838023269257519 ], [ 115.413749329767484, -2.838037668302491 ], [ 115.413766311664972, -2.83805201698749 ], [ 115.413782602885021, -2.838065905217491 ], [ 115.413799586582513, -2.838082528284986 ], [ 115.413814784224996, -2.838101209902504 ], [ 115.41382860230749, -2.838120140632498 ], [ 115.41383969814251, -2.83813875300001 ], [ 115.413849084367484, -2.838159208980017 ], [ 115.413857403995053, -2.838181832325006 ], [ 115.413864854879989, -2.83820438642249 ], [ 115.413869808344998, -2.83822485589252 ], [ 115.413874231210002, -2.838245560985001 ], [ 115.413878591125012, -2.83826503490252 ], [ 115.413883498724999, -2.838286844362472 ], [ 115.41389776736753, -2.838353996740011 ], [ 115.413919096590007, -2.838439892787505 ], [ 115.41394312917248, -2.838531962680008 ], [ 115.413955853680022, -2.838579864170015 ], [ 115.413967412664988, -2.83862337157251 ], [ 115.413990930837485, -2.838715337142503 ], [ 115.414008411859982, -2.838782035362499 ], [ 115.414026162677487, -2.838847684072505 ], [ 115.414047408262491, -2.83893489402999 ], [ 115.414062961137461, -2.838998998605007 ], [ 115.414079901667492, -2.839062014100023 ], [ 115.414102586164972, -2.839146476627491 ], [ 115.414120027617514, -2.839209109912474 ], [ 115.41413746007504, -2.839271413145013 ], [ 115.41416278318502, -2.839353318 ], [ 115.414181677042507, -2.839414669749999 ], [ 115.414192202707454, -2.839452273104996 ], [ 115.414199594235015, -2.839478675400017 ], [ 115.414223535987503, -2.839563685615019 ], [ 115.414246438122518, -2.839651602439972 ], [ 115.414268958944945, -2.839738504827494 ], [ 115.414293043690009, -2.83982579842251 ], [ 115.414318286760022, -2.839907889437484 ], [ 115.414348602007522, -2.839987021682475 ], [ 115.414379987447546, -2.840065417385006 ], [ 115.414388057062524, -2.840085652130028 ], [ 115.414395871272518, -2.840106457047511 ], [ 115.414403698972478, -2.840128128010008 ], [ 115.414411305437511, -2.840150880857493 ], [ 115.414419235660034, -2.840170513057501 ], [ 115.414427016592526, -2.840190372787504 ], [ 115.414434525932506, -2.84021108057749 ], [ 115.414441099977466, -2.840233625680014 ], [ 115.414445871780003, -2.840257059314979 ], [ 115.414449326074987, -2.840281004664973 ], [ 115.41445268864004, -2.840304379842507 ], [ 115.414453843369984, -2.840315483772486 ], [ 115.414454865000039, -2.840325315159987 ], [ 115.414456554825051, -2.840348011352489 ], [ 115.414456666342517, -2.840369830702514 ], [ 115.414456401042457, -2.840391323599988 ], [ 115.414457961364974, -2.840408708394989 ], [ 115.414458534234996, -2.840426949344987 ], [ 115.414459186242539, -2.840446328835014 ], [ 115.414460364355023, -2.840466784815021 ], [ 115.414460876967496, -2.840488033994973 ], [ 115.414462746657478, -2.840509547577483 ], [ 115.414464921219974, -2.84053109263499 ], [ 115.414467333200037, -2.840552700647493 ], [ 115.414470622920021, -2.840574718747519 ], [ 115.414474983732475, -2.840596735949987 ], [ 115.414480464202484, -2.840618343062488 ], [ 115.41448603280503, -2.84063976491251 ], [ 115.414491433232456, -2.840661745242528 ], [ 115.414497414624975, -2.840683772337513 ], [ 115.414504180224981, -2.840705178002509 ], [ 115.41451203670249, -2.840726573772486 ], [ 115.414521452602457, -2.840748153904997 ], [ 115.414532121259981, -2.840769897712505 ], [ 115.41454317122998, -2.840791481442523 ], [ 115.414553945107514, -2.840812250385 ], [ 115.414564016615032, -2.840834388995006 ], [ 115.41457575726497, -2.840857944937511 ], [ 115.414586618377484, -2.840879571834989 ], [ 115.414597426429964, -2.840901419965007 ], [ 115.414608203905004, -2.840922331 ], [ 115.414618753852551, -2.840943271714991 ], [ 115.414629591582525, -2.840963716002477 ], [ 115.414640135235004, -2.840983900387528 ], [ 115.41465043516996, -2.841003947175011 ], [ 115.414672429889947, -2.841041742982497 ], [ 115.41470175767995, -2.841103520112483 ], [ 115.414727595202521, -2.841162045292492 ], [ 115.414729760770001, -2.841166951094976 ], [ 115.414748211259962, -2.841206525760015 ], [ 115.414765489935007, -2.841246429579996 ], [ 115.414782695764984, -2.841287471940007 ], [ 115.414800539212479, -2.841327532239973 ], [ 115.414817477945007, -2.841366757969979 ], [ 115.41483053070499, -2.841407698707485 ], [ 115.41484322733254, -2.841448034200027 ], [ 115.414853240385014, -2.841489275309982 ], [ 115.414861186794951, -2.841532855557489 ], [ 115.414865340762503, -2.841576478970012 ], [ 115.414866842629976, -2.841620412652503 ], [ 115.414866827342507, -2.841665420122524 ], [ 115.414866035940008, -2.841710029194985 ], [ 115.414864542164992, -2.841753076142481 ], [ 115.414861163412525, -2.841795501659988 ], [ 115.414855681145013, -2.841839420052509 ], [ 115.414851349109995, -2.841882511070025 ], [ 115.414846286827469, -2.841925744177502 ], [ 115.414836476122446, -2.841966662432526 ], [ 115.414822405330028, -2.842006520384984 ], [ 115.414811592779984, -2.842034456024976 ], [ 115.414806784105053, -2.842046878360009 ], [ 115.414791181767555, -2.842087153600005 ], [ 115.414774144112471, -2.8421273299125 ], [ 115.41475390307005, -2.842165679702475 ], [ 115.414733927329962, -2.842197471635018 ], [ 115.414710424447549, -2.842232108125017 ], [ 115.414685479949981, -2.842264436055018 ], [ 115.414671565639992, -2.842279759602491 ], [ 115.414656430950004, -2.842294717127515 ], [ 115.414640537229957, -2.842309480397489 ], [ 115.414623860202482, -2.842323257112525 ], [ 115.414605711884974, -2.842334626342506 ], [ 115.414585144390003, -2.842343401027506 ], [ 115.414566495147483, -2.842351226927519 ], [ 115.414546352132447, -2.842357934072481 ], [ 115.414525768449948, -2.842362473850017 ], [ 115.41450472521251, -2.842364979360013 ], [ 115.414478527962501, -2.842365504565009 ], [ 115.414452699432445, -2.842366172760023 ], [ 115.414415829027462, -2.842365877782527 ], [ 115.414352488877512, -2.842359655372491 ], [ 115.414294231692452, -2.842351100122528 ], [ 115.414234423180005, -2.842348704329993 ], [ 115.41421283675254, -2.842347662915017 ], [ 115.414191379827457, -2.842348234882479 ], [ 115.414169240317506, -2.842349589262483 ], [ 115.414146809427507, -2.842354200985028 ], [ 115.414102389215032, -2.842365293222485 ], [ 115.414083978292524, -2.842370300647474 ], [ 115.414078483434992, -2.842371795322492 ], [ 115.414039337744953, -2.842393809827513 ], [ 115.414021235292466, -2.842408098255021 ], [ 115.414005796630022, -2.842421812917507 ], [ 115.413988835417513, -2.842437188625013 ], [ 115.413971249175006, -2.842454346790021 ], [ 115.413951949722446, -2.842471154219993 ], [ 115.413931251825034, -2.842492648917528 ], [ 115.413902122784975, -2.842527021005026 ], [ 115.413869588010016, -2.842569066110002 ], [ 115.413830981914998, -2.842624557877514 ], [ 115.413793355180019, -2.842682448137509 ], [ 115.413756965012453, -2.842742850202512 ], [ 115.413725311575035, -2.842802701882476 ], [ 115.413698595414985, -2.842867435084997 ], [ 115.413682607267447, -2.842908998152495 ], [ 115.41366895465751, -2.842950605285012 ], [ 115.413655084415041, -2.842995765642513 ], [ 115.413649013092481, -2.843037219892494 ], [ 115.413637618682515, -2.843081885619995 ], [ 115.413631425049971, -2.84312042337001 ], [ 115.413630625552514, -2.84312539302249 ], [ 115.413628935727502, -2.843165739307494 ], [ 115.413629344020023, -2.843236666140001 ], [ 115.413633722817508, -2.843310531955012 ], [ 115.413637324602519, -2.843378624125023 ], [ 115.413637383957507, -2.843469618427491 ], [ 115.413636139297523, -2.843528373834999 ], [ 115.413635543044961, -2.843591752657517 ], [ 115.413634083447505, -2.843655157560022 ], [ 115.41363112197746, -2.843718967157486 ], [ 115.413630010417478, -2.843782811827509 ], [ 115.413631230797478, -2.843824948662473 ], [ 115.413630068872521, -2.843890446287503 ], [ 115.413628656037531, -2.843956282954991 ], [ 115.413626526442499, -2.844024265407484 ], [ 115.41362590411245, -2.844044128732492 ], [ 115.413625743132457, -2.844131675934989 ], [ 115.413630747859997, -2.844224333087482 ], [ 115.413628245947507, -2.844318594627509 ], [ 115.413632550102534, -2.844413043227519 ], [ 115.413636559280008, -2.844480069700012 ], [ 115.413644848330023, -2.844546839865018 ], [ 115.413652633762467, -2.844611682782499 ], [ 115.413658994667458, -2.844674593057505 ], [ 115.413668282865046, -2.844740123957479 ], [ 115.413674164429949, -2.844806829372487 ], [ 115.413680685414988, -2.844891854875016 ], [ 115.413680980392542, -2.844925734135018 ], [ 115.413681468725031, -2.844981921077476 ], [ 115.413681704347482, -2.845071185087477 ], [ 115.413681916587507, -2.845158708907491 ], [ 115.413683056927539, -2.845203317977507 ], [ 115.413683992222445, -2.845225499757476 ], [ 115.413684948202445, -2.84524810511499 ], [ 115.413686486942538, -2.845270181672504 ], [ 115.413688263102472, -2.845292656630022 ], [ 115.413690774910037, -2.845314512854998 ], [ 115.413694534974979, -2.84533732056002 ], [ 115.413699475849967, -2.845358270267525 ], [ 115.413704893367481, -2.845379674132516 ], [ 115.413711206607445, -2.845400709274998 ], [ 115.413718511799971, -2.845421474622526 ], [ 115.413727736145006, -2.845442018735014 ], [ 115.413739198005032, -2.845462875809972 ], [ 115.413750849622488, -2.845482667190026 ], [ 115.413762521922536, -2.845502484652513 ], [ 115.413775292294986, -2.845522090772477 ], [ 115.41378840620996, -2.845540556552521 ], [ 115.41380110823502, -2.845558898225022 ], [ 115.413816967780008, -2.845583339100017 ], [ 115.413867620295036, -2.845655846040017 ], [ 115.413922927700014, -2.845730271235027 ], [ 115.413943353102468, -2.845756032315023 ], [ 115.413979033705004, -2.845801035289981 ], [ 115.414032934572447, -2.845872951374986 ], [ 115.414086237390052, -2.845946899030025 ], [ 115.41413515511249, -2.846019433850017 ], [ 115.414147990237552, -2.846037583067528 ], [ 115.414160301957509, -2.846055508354993 ], [ 115.414173137980015, -2.846074253822508 ], [ 115.414185431712554, -2.846091081037514 ], [ 115.414198979099979, -2.8461091169425 ], [ 115.414213843994958, -2.846130176367524 ], [ 115.414243578277478, -2.846159223569998 ], [ 115.414282938007545, -2.846195209042492 ], [ 115.414303872424966, -2.846206616942482 ], [ 115.414323211447481, -2.846217178579991 ], [ 115.414347549800027, -2.846224335384989 ], [ 115.414369082267513, -2.846229439037472 ], [ 115.414390362925019, -2.846232200855013 ], [ 115.414414363132551, -2.846233583112507 ], [ 115.414437850727495, -2.846234450960026 ], [ 115.414465026439984, -2.84623547079002 ], [ 115.414538680014971, -2.84623523966502 ], [ 115.414619924770022, -2.846229287052495 ], [ 115.414635917415012, -2.846228115235022 ], [ 115.41472846394754, -2.846223728342522 ], [ 115.414773686357535, -2.846223179754986 ], [ 115.414795955369982, -2.846223148279989 ], [ 115.41481936022501, -2.846223460345016 ], [ 115.414842444922556, -2.846224506254998 ], [ 115.414887233859986, -2.846228083760025 ], [ 115.414912350124951, -2.84623079611498 ], [ 115.414933896982461, -2.846233462605028 ], [ 115.414955553555046, -2.846236638109986 ], [ 115.414977302760008, -2.846240588832472 ], [ 115.414998915267461, -2.846245809397487 ], [ 115.415021192374979, -2.846251635205022 ], [ 115.415042336334977, -2.846257348597476 ], [ 115.415062956889983, -2.846264385792495 ], [ 115.415087322222462, -2.846273908714977 ], [ 115.415106992194978, -2.846282704982514 ], [ 115.415126172934947, -2.846292397875004 ], [ 115.415145420225031, -2.846303732929982 ], [ 115.415164369839999, -2.846315889067512 ], [ 115.415182903967548, -2.846327943579979 ], [ 115.415201162902463, -2.846340449552486 ], [ 115.415220762727472, -2.846354575202497 ], [ 115.415237331837488, -2.846368252092475 ], [ 115.415254507989971, -2.84638270329998 ], [ 115.415271203902535, -2.846397938714972 ], [ 115.415287532892535, -2.846413557239998 ], [ 115.415303440102548, -2.846428360079983 ], [ 115.415320128819985, -2.846444313155018 ], [ 115.415335755439969, -2.846459194237525 ], [ 115.415367324342469, -2.846491862109986 ], [ 115.415413628634951, -2.8465436936375 ], [ 115.4154195947375, -2.846550372902527 ], [ 115.415476884249983, -2.846613211230022 ], [ 115.415531086390047, -2.846672542204999 ], [ 115.415587657344986, -2.846730630314994 ], [ 115.41564307896499, -2.846788437835016 ], [ 115.415699156190044, -2.84684647468498 ], [ 115.415755760419984, -2.846902754257485 ], [ 115.415819053807468, -2.84696937603502 ], [ 115.41588090108246, -2.847037503277477 ], [ 115.415941692554952, -2.847104903867489 ], [ 115.416013197650045, -2.847190627245027 ], [ 115.416026165874996, -2.847205499335018 ], [ 115.416071685060047, -2.847257704079993 ], [ 115.416087091347549, -2.847276157270016 ], [ 115.416102065957489, -2.847293013262515 ], [ 115.416117084634948, -2.847309511325022 ], [ 115.416132837160035, -2.847326206340028 ], [ 115.416148790234956, -2.847342910347493 ], [ 115.416164899790033, -2.847359467764988 ], [ 115.416180934702538, -2.847376000002498 ], [ 115.416197088325021, -2.847391755224976 ], [ 115.416213455087473, -2.847407616567523 ], [ 115.416229489999978, -2.847423006667498 ], [ 115.416245731754998, -2.847438313127498 ], [ 115.416262623719945, -2.847452967580011 ], [ 115.416345305592472, -2.847525416965027 ], [ 115.416413496684982, -2.847584776714996 ], [ 115.416481130200054, -2.847642007772492 ], [ 115.41655016485754, -2.847697168590003 ], [ 115.416617834344947, -2.847756807129997 ], [ 115.416685572182473, -2.847816915117505 ], [ 115.416686316820005, -2.847817629179985 ], [ 115.41675013900749, -2.847878855024987 ], [ 115.416781883277508, -2.847911764815024 ], [ 115.416828103034959, -2.847958692340001 ], [ 115.416888512295031, -2.848021783377476 ], [ 115.416947695779982, -2.848087584075017 ], [ 115.417004396235029, -2.848155651962486 ], [ 115.417046463822544, -2.848204865562479 ], [ 115.417074596414977, -2.848238189939991 ], [ 115.417103236224989, -2.848273956877506 ], [ 115.417131027075015, -2.848309933357484 ], [ 115.417171474982524, -2.848365760572506 ], [ 115.417210171912529, -2.848423722777511 ], [ 115.417234975215024, -2.84846078833499 ], [ 115.417265330930036, -2.848506614190001 ], [ 115.417272440069951, -2.848517344900017 ], [ 115.417296427687461, -2.848554327720024 ], [ 115.417320146407519, -2.848592305189982 ], [ 115.417345495597488, -2.848628358112478 ], [ 115.417369962554972, -2.848666304107496 ], [ 115.417394315295041, -2.848706396782518 ], [ 115.417418184202461, -2.848743151174972 ], [ 115.417440399255042, -2.848780454155019 ], [ 115.417461321982501, -2.848818124957518 ], [ 115.417482733940005, -2.848856657310023 ], [ 115.417503409355049, -2.848897645709997 ], [ 115.417522269937535, -2.848938266287519 ], [ 115.417542387770027, -2.848980487660015 ], [ 115.417561761865045, -2.849020070420011 ], [ 115.417579535167533, -2.84906193116251 ], [ 115.417597634922458, -2.84910592509749 ], [ 115.417613755270054, -2.849148718437505 ], [ 115.417629130980004, -2.849193230382525 ], [ 115.417643437394986, -2.849235553377525 ], [ 115.41765861435249, -2.849279118337506 ], [ 115.417668271275033, -2.849310519065 ], [ 115.417671719274949, -2.849321730912493 ], [ 115.417684826892469, -2.849363212142521 ], [ 115.417697067564973, -2.849404912807472 ], [ 115.417708393627549, -2.849447644992495 ], [ 115.417720995827494, -2.84949157597498 ], [ 115.417732751765016, -2.849536994437528 ], [ 115.417743539132516, -2.849581066612473 ], [ 115.41775301259247, -2.849626264739982 ], [ 115.417770884817514, -2.849709389977477 ], [ 115.417788349652483, -2.849799870767526 ], [ 115.417811044045038, -2.849910438815016 ], [ 115.417833533389967, -2.85001881431748 ], [ 115.417851009017454, -2.850125069217484 ], [ 115.417860996887498, -2.85019297882252 ], [ 115.41786376320249, -2.850211785445026 ], [ 115.417869246367445, -2.850256417900027 ], [ 115.417874698957462, -2.850298820934995 ], [ 115.417879469862555, -2.850341172707488 ], [ 115.417882798252549, -2.850386983272472 ], [ 115.417885076235052, -2.850431772207514 ], [ 115.417886742680025, -2.850476603412517 ], [ 115.417887704055033, -2.850521075787526 ], [ 115.417887669879974, -2.850566378234987 ], [ 115.417888856085028, -2.850611272392484 ], [ 115.41788914027245, -2.850657186379976 ], [ 115.417888847992458, -2.850702163275002 ], [ 115.417887991837461, -2.850745317242513 ], [ 115.417888349767509, -2.850789527015024 ], [ 115.417886989092494, -2.850833009234975 ], [ 115.417884557327511, -2.85087698428498 ], [ 115.417884097772458, -2.850921388312486 ], [ 115.417882750587523, -2.850963811129986 ], [ 115.417879445579956, -2.85100726907001 ], [ 115.417874937277475, -2.851050419440014 ], [ 115.417868192362448, -2.851094350425001 ], [ 115.417868093437505, -2.851094916997511 ], [ 115.417860576905014, -2.851138026 ], [ 115.41784308958745, -2.85121850902749 ], [ 115.417822835054949, -2.851301907657501 ], [ 115.417802778374949, -2.851389231827511 ], [ 115.41778214073247, -2.851481293627501 ], [ 115.417761581332456, -2.851571545989998 ], [ 115.41774169821997, -2.851661834325 ], [ 115.417722128972514, -2.851749941807498 ], [ 115.4177029878025, -2.851838403619979 ], [ 115.417685049925012, -2.851925691817485 ], [ 115.417675014390056, -2.851978094412516 ], [ 115.41766840527248, -2.852012604997526 ], [ 115.417654074575012, -2.852099928269979 ], [ 115.417634386617465, -2.852209461197504 ], [ 115.417619656622492, -2.852297800702502 ], [ 115.417605325925024, -2.852385117680001 ], [ 115.417592507887548, -2.852473224259995 ], [ 115.417583738600001, -2.852536852194987 ], [ 115.417576751764955, -2.852599546632518 ], [ 115.417574357770036, -2.852620389320009 ], [ 115.417570794657536, -2.852643268972486 ], [ 115.417568023844979, -2.852664174612528 ], [ 115.417564261082475, -2.852685823092486 ], [ 115.417560742935052, -2.852706994932475 ], [ 115.417557149242498, -2.852727294429997 ], [ 115.417552729075055, -2.852749713627475 ], [ 115.417547611032546, -2.852771471825008 ], [ 115.417542661165044, -2.852792147239995 ], [ 115.417537777845041, -2.852812953954981 ], [ 115.417530529310056, -2.852836682567499 ], [ 115.41752268182745, -2.852859565814981 ], [ 115.417519508119994, -2.85286775774 ], [ 115.417513362152476, -2.852883625380002 ], [ 115.417505110872526, -2.852906464562523 ], [ 115.417495560072553, -2.852929144564996 ], [ 115.417481056705014, -2.852955432647491 ], [ 115.417467438272524, -2.852980833997492 ], [ 115.41745545930246, -2.853001343937478 ], [ 115.417442259952509, -2.853021003117476 ], [ 115.417428582162529, -2.853040253105007 ], [ 115.417413664210017, -2.853061292744997 ], [ 115.417398697692533, -2.853080650652487 ], [ 115.417383517135022, -2.853096773697473 ], [ 115.417368369855012, -2.853112101742511 ], [ 115.417352421277542, -2.853127002609995 ], [ 115.417336112972521, -2.853141005952523 ], [ 115.417318592379956, -2.853154110872481 ], [ 115.417299676937546, -2.853166710374978 ], [ 115.417280685955006, -2.853178513977525 ], [ 115.417261385605002, -2.853189457827511 ], [ 115.41724174081503, -2.85319944030249 ], [ 115.417220658007523, -2.853208018934993 ], [ 115.417199793734994, -2.853215389777517 ], [ 115.417178310730037, -2.853222330744984 ], [ 115.41715630791748, -2.853228681757514 ], [ 115.417134502054978, -2.853234187407509 ], [ 115.417112589174963, -2.853239023962487 ], [ 115.417091466797501, -2.853244363237479 ], [ 115.417070426260011, -2.853249916549998 ], [ 115.41704847920505, -2.853254403267499 ], [ 115.417026061802517, -2.853258911569981 ], [ 115.416934815689956, -2.85326970433249 ], [ 115.416821145880022, -2.853279496152481 ], [ 115.416794612282501, -2.853281218352492 ], [ 115.416729737887522, -2.853285430777476 ], [ 115.416638307412541, -2.85329144904 ], [ 115.416547588299977, -2.853296789214994 ], [ 115.416455986054984, -2.853305262627487 ], [ 115.416364448559989, -2.853315174055012 ], [ 115.416273788805029, -2.853323244572493 ], [ 115.416184787397469, -2.853334831437508 ], [ 115.41609835085751, -2.853350002100001 ], [ 115.416055576405029, -2.853358750705013 ], [ 115.416013863150056, -2.853367778099994 ], [ 115.415970999662477, -2.853377060002515 ], [ 115.415928557057555, -2.853387355442521 ], [ 115.415904019055006, -2.853394493359986 ], [ 115.4158866972125, -2.853399532262472 ], [ 115.415844574767448, -2.853412443829995 ], [ 115.415801869560028, -2.853424790622512 ], [ 115.415759381990028, -2.853437640134985 ], [ 115.415716395295021, -2.853451417747522 ], [ 115.415673368132502, -2.853465487642495 ], [ 115.415630805917544, -2.853478524215006 ], [ 115.41558832194255, -2.853492597704985 ], [ 115.41554605290753, -2.853507735094979 ], [ 115.415504431384988, -2.853523482222499 ], [ 115.415463884550036, -2.85353941011499 ], [ 115.415423251382549, -2.85355499716502 ], [ 115.415341937380049, -2.853586292672503 ], [ 115.415263637907515, -2.853620270857505 ], [ 115.415184608182471, -2.853655616912476 ], [ 115.415088103732501, -2.853699964282498 ], [ 115.415063171827455, -2.853712024189974 ], [ 115.415009993117451, -2.853737746600018 ], [ 115.414912012879995, -2.853786622954999 ], [ 115.414814035339987, -2.853833438062509 ], [ 115.414734804167551, -2.85387228607749 ], [ 115.414677223275021, -2.85390339362749 ], [ 115.414622135302466, -2.853935636120013 ], [ 115.41456799881496, -2.853969186230017 ], [ 115.414512711192515, -2.854005776944973 ], [ 115.414439768080001, -2.854058622907473 ], [ 115.41436862271496, -2.854110645989977 ], [ 115.414294779380043, -2.854166012749999 ], [ 115.414290363710052, -2.854169379812504 ], [ 115.414241875862444, -2.854206359035004 ], [ 115.414168989407472, -2.854258859657477 ], [ 115.414098355754959, -2.854310218142473 ], [ 115.414016086672518, -2.854379404784993 ], [ 115.413950546780029, -2.854437562142493 ], [ 115.413887945872489, -2.854499889657518 ], [ 115.413824976242495, -2.854557784415022 ], [ 115.413765599402495, -2.854618706287511 ], [ 115.413708397124992, -2.854678307057497 ], [ 115.413668576044984, -2.85472306091998 ], [ 115.413632911629975, -2.854769152074994 ], [ 115.413627099312521, -2.854775591220005 ], [ 115.413598688827506, -2.854807062995008 ], [ 115.413572656152496, -2.854837578790011 ], [ 115.41354510182498, -2.854871575862489 ], [ 115.413516924267469, -2.854910032672478 ], [ 115.413489610057468, -2.854951966259989 ], [ 115.413463411907514, -2.854993148915014 ], [ 115.413400918017487, -2.855094157170015 ], [ 115.413326348032456, -2.855205789115018 ], [ 115.413268348054999, -2.855298016390009 ], [ 115.413221784757525, -2.855375346395022 ], [ 115.413161414167462, -2.855473259182475 ], [ 115.413128580819944, -2.855526760752525 ], [ 115.413114414697475, -2.855549845450014 ], [ 115.413068373007491, -2.855626610680019 ], [ 115.413010814597556, -2.855723441582484 ], [ 115.412952446797476, -2.855819883080017 ], [ 115.412907112872517, -2.855893292042481 ], [ 115.412850649837537, -2.855985575972511 ], [ 115.412806742237535, -2.856058144967506 ], [ 115.412748636140009, -2.856150681607517 ], [ 115.412687799702553, -2.856244853217504 ], [ 115.412655710992453, -2.856295980574998 ], [ 115.412640587992541, -2.856320077010025 ], [ 115.412583162682495, -2.856415604795018 ], [ 115.412545973917531, -2.856474202822483 ], [ 115.412508741085048, -2.856531287290011 ], [ 115.412474377090007, -2.856588155020006 ], [ 115.412453662107509, -2.856627227864976 ], [ 115.412432717795014, -2.856665433762487 ], [ 115.412412816697497, -2.856703877982511 ], [ 115.412392924594997, -2.856742682827473 ], [ 115.412374471404974, -2.856781422024994 ], [ 115.412356727779979, -2.856822146925026 ], [ 115.412332262625, -2.856885766765004 ], [ 115.412325040167502, -2.856907501579997 ], [ 115.412305623804968, -2.856974283437523 ], [ 115.412300417630036, -2.856995770037486 ], [ 115.412288105012522, -2.857037333107485 ], [ 115.412273168172533, -2.857099511332478 ], [ 115.412271684289976, -2.857106822822516 ], [ 115.412264641699949, -2.857141498880026 ], [ 115.412257945347505, -2.857184427119989 ], [ 115.41225306023, -2.857227746562501 ], [ 115.412249555572544, -2.857271360085008 ], [ 115.412247293777455, -2.857315127389995 ], [ 115.412246628279945, -2.857359252627475 ], [ 115.412246700224955, -2.857403235769993 ], [ 115.412248470989994, -2.857446628957518 ], [ 115.41225338398749, -2.857490406157524 ], [ 115.41226219374505, -2.857533995397489 ], [ 115.412268480007469, -2.857555765287486 ], [ 115.412275941682537, -2.857577235699978 ], [ 115.412284031982495, -2.857598510962475 ], [ 115.4122932383425, -2.857619564092488 ], [ 115.412303183044969, -2.857639949024986 ], [ 115.412314126895012, -2.857660447272508 ], [ 115.412326335192461, -2.857679699059986 ], [ 115.412339643360042, -2.857698410352498 ], [ 115.412353242907557, -2.857716410284979 ], [ 115.412368374899984, -2.857733513590006 ], [ 115.412384380134995, -2.857750814747476 ], [ 115.412399366437512, -2.857767527750013 ], [ 115.412456692822502, -2.857831785207509 ], [ 115.412520672392475, -2.857892555997523 ], [ 115.412539149862482, -2.857909013590017 ], [ 115.412591789880025, -2.857955899744979 ], [ 115.412681096154984, -2.85802769802001 ], [ 115.412735118429964, -2.858068812324973 ], [ 115.412788823245023, -2.858108097410025 ], [ 115.412841704282528, -2.858143678187503 ], [ 115.412932666210054, -2.858202624252499 ], [ 115.413024388965027, -2.858261785252523 ], [ 115.413096712442552, -2.858311342394984 ], [ 115.413186605077499, -2.858369467377486 ], [ 115.413276316049974, -2.858425075157527 ], [ 115.413278451939959, -2.858426399857478 ], [ 115.413373139757482, -2.858476927367519 ], [ 115.413434171349991, -2.858504130062499 ], [ 115.41347708789749, -2.858522349427517 ], [ 115.413534423274996, -2.858541051727514 ], [ 115.413580866962548, -2.858555550597487 ], [ 115.41367146736502, -2.858577108247516 ], [ 115.413759528979995, -2.858596377120023 ], [ 115.413803006702551, -2.858606830840017 ], [ 115.413844681287515, -2.858617577740006 ], [ 115.413886965610004, -2.858629845389999 ], [ 115.413929966695036, -2.858640175005007 ], [ 115.413992163807507, -2.858654012872478 ], [ 115.414054244007502, -2.858670841884987 ], [ 115.414094857392456, -2.858683781332502 ], [ 115.414130290679964, -2.858696746857504 ], [ 115.414150966095008, -2.858704312852524 ], [ 115.414206758234968, -2.858722105939989 ], [ 115.414307588425004, -2.858751431032488 ], [ 115.41439103291998, -2.858781899165024 ], [ 115.414473982787513, -2.858808978652519 ], [ 115.414552051137548, -2.858840143757504 ], [ 115.414630861425053, -2.858870922155006 ], [ 115.414739897927461, -2.858908867250022 ], [ 115.414849497407545, -2.858947256610008 ], [ 115.414936270292515, -2.858978161812502 ], [ 115.414979236302543, -2.858994441339973 ], [ 115.415042618722509, -2.859018456834974 ], [ 115.415125619852461, -2.859049478049997 ], [ 115.415165752997495, -2.859064783612496 ], [ 115.41520678816255, -2.859082285320028 ], [ 115.415227329577533, -2.859090354935006 ], [ 115.415247436620007, -2.859098410162517 ], [ 115.415268120127507, -2.859107514000016 ], [ 115.415288370162443, -2.859116764427483 ], [ 115.415307746955023, -2.859125507634985 ], [ 115.415327103062509, -2.859134507152476 ], [ 115.415346138114955, -2.85914404356248 ], [ 115.415365314357473, -2.859154785065016 ], [ 115.415383959102542, -2.859166141704975 ], [ 115.415401729704968, -2.859177456974976 ], [ 115.415419381600032, -2.859190721974983 ], [ 115.415436226800011, -2.859205799107485 ], [ 115.415453271652495, -2.859221648760013 ], [ 115.415469171664995, -2.859237418372516 ], [ 115.415485229960041, -2.859257255617479 ], [ 115.415499270175019, -2.85927568632502 ], [ 115.415511104355005, -2.859294144009993 ], [ 115.41552280273504, -2.859313629619976 ], [ 115.415535001140029, -2.859337441870025 ], [ 115.415545295679976, -2.859358886202472 ], [ 115.415562498810004, -2.859392673732486 ], [ 115.415578429399943, -2.859430664692525 ], [ 115.415605413560002, -2.859513692802523 ], [ 115.415613637860019, -2.859552464374985 ], [ 115.415623596952514, -2.859599417080005 ], [ 115.415635591210048, -2.859662759927517 ], [ 115.415646913675005, -2.859727149587513 ], [ 115.415657007665004, -2.859812990777527 ], [ 115.415659279352553, -2.859878974034984 ], [ 115.415662758829967, -2.859959753839973 ], [ 115.415662932397481, -2.860004680372526 ], [ 115.415661599602458, -2.860115341050005 ], [ 115.415657077812511, -2.860200803624991 ], [ 115.415648953337495, -2.860273800694983 ], [ 115.415641795632496, -2.860340022275011 ], [ 115.415636131702513, -2.860407966054993 ], [ 115.415631123377466, -2.860451416800004 ], [ 115.415630758252519, -2.860454578814995 ], [ 115.415623604145026, -2.860500880409973 ], [ 115.415615788137529, -2.860546780909999 ], [ 115.415606876754964, -2.860593715627488 ], [ 115.415597738744964, -2.860639586447519 ], [ 115.415588002685013, -2.860683864567477 ], [ 115.415578103847452, -2.86072919669499 ], [ 115.415560628219964, -2.860790178822526 ], [ 115.415541201065025, -2.860852084555006 ], [ 115.415516546152503, -2.860937036315022 ], [ 115.415493446164987, -2.861021892744986 ], [ 115.415477100987459, -2.861086132220009 ], [ 115.415460468924948, -2.861151618152519 ], [ 115.415437832990051, -2.861213504100022 ], [ 115.415417191749953, -2.86127499164752 ], [ 115.415400796209951, -2.861315902707474 ], [ 115.415397695347451, -2.861322987565018 ], [ 115.415382734224977, -2.861357170797476 ], [ 115.415362709022475, -2.861395731927473 ], [ 115.41534028802505, -2.861433498957524 ], [ 115.415312695924968, -2.861471269582523 ], [ 115.415282377079961, -2.861507690327528 ], [ 115.415251807325035, -2.86154147425998 ], [ 115.415217848924954, -2.861572845309979 ], [ 115.415183335642496, -2.861602324187515 ], [ 115.41514909125749, -2.861630906439984 ], [ 115.415114039282457, -2.861658879852484 ], [ 115.415077250714944, -2.861684548302492 ], [ 115.415039246264996, -2.861706266930014 ], [ 115.414995857572535, -2.861728823725002 ], [ 115.414950474185048, -2.861749178982507 ], [ 115.414905494592517, -2.861767506264982 ], [ 115.41485955632254, -2.861782059994994 ], [ 115.414816680245053, -2.861793627972474 ], [ 115.414775020052502, -2.861807833665011 ], [ 115.414705613972501, -2.861824739119982 ], [ 115.414693955162534, -2.861826780582476 ], [ 115.414650093427554, -2.861834464389972 ], [ 115.414606212807485, -2.861840454772505 ], [ 115.414562193690017, -2.861846170865022 ], [ 115.414517196112456, -2.861850841042497 ], [ 115.414473215667499, -2.861855992360006 ], [ 115.414428910564993, -2.861863070024981 ], [ 115.414383114390034, -2.86187079430249 ], [ 115.414345386929995, -2.861879089647516 ], [ 115.414321157394966, -2.861883481937525 ], [ 115.414299928, -2.861889012767506 ], [ 115.414279772392547, -2.861893566035008 ], [ 115.414258173374947, -2.861900900007527 ], [ 115.414236692169993, -2.861912719794987 ], [ 115.414217927815002, -2.861923762572474 ], [ 115.414199423364948, -2.861935966372528 ], [ 115.414181885685025, -2.861951817822501 ], [ 115.414166922765048, -2.86196690484752 ], [ 115.414146269834987, -2.861989134290013 ], [ 115.414127869704998, -2.862007916632479 ], [ 115.414109936324962, -2.862026152185024 ], [ 115.414092829420042, -2.862044283417504 ], [ 115.414077968124957, -2.862062384969988 ], [ 115.41406306186002, -2.862081105257516 ], [ 115.41404770683755, -2.862100845377483 ], [ 115.414034972435047, -2.862119321049988 ], [ 115.414020908837529, -2.862141671000018 ], [ 115.413997798059995, -2.862182504717509 ], [ 115.413978042652502, -2.8622233042625 ], [ 115.413969401067448, -2.862246043620019 ], [ 115.413952420067517, -2.862290729134997 ], [ 115.413932571132477, -2.862359579430006 ], [ 115.413907174277483, -2.862445121145015 ], [ 115.413879122622461, -2.862529898435014 ], [ 115.413852312934978, -2.862615653289993 ], [ 115.413827812702493, -2.862702663597474 ], [ 115.413799895050033, -2.862788472409989 ], [ 115.413774464920039, -2.862873473632476 ], [ 115.413746329630044, -2.862960887735028 ], [ 115.413719886862509, -2.863047019404974 ], [ 115.413699113422467, -2.863108396335008 ], [ 115.413690890022508, -2.863132688822475 ], [ 115.413661387762545, -2.863217234987474 ], [ 115.413631478110005, -2.863298885334984 ], [ 115.413605345609994, -2.863382220112499 ], [ 115.413578340767458, -2.863463847080027 ], [ 115.413552889954985, -2.863548035312476 ], [ 115.413524980392481, -2.863633937654981 ], [ 115.413494316209949, -2.863736484650019 ], [ 115.413466808647513, -2.863820377907473 ], [ 115.413436634592472, -2.863907520415012 ], [ 115.413419307354957, -2.8639676823625 ], [ 115.41341182859253, -2.863993641292495 ], [ 115.41338198639005, -2.864095420267518 ], [ 115.413353739582476, -2.864180936799983 ], [ 115.413328742927547, -2.86426788955248 ], [ 115.41330387037749, -2.864352846707504 ], [ 115.413279399825001, -2.864436540315012 ], [ 115.413253961600049, -2.864520754630007 ], [ 115.413227587182519, -2.864605592174996 ], [ 115.413202022155019, -2.86469020129249 ], [ 115.413177755749984, -2.86477647505501 ], [ 115.413158616377473, -2.864833117955015 ], [ 115.41314970229746, -2.864859496867496 ], [ 115.413136627952554, -2.864900247847515 ], [ 115.413123593179989, -2.864940597730026 ], [ 115.413110871370009, -2.864980531227502 ], [ 115.413098173842513, -2.865020614910009 ], [ 115.413085275764956, -2.865061247177493 ], [ 115.413072785980034, -2.86510290827249 ], [ 115.413059957152541, -2.86514495157752 ], [ 115.413046473615054, -2.865185726840025 ], [ 115.413023754942515, -2.865244916619986 ], [ 115.413016421869997, -2.865265921185028 ], [ 115.41300403101252, -2.865303254742514 ], [ 115.412992731030045, -2.865339799592505 ], [ 115.412979981339959, -2.865380754717478 ], [ 115.412968818057493, -2.865425281052524 ], [ 115.412955827349947, -2.865475893097482 ], [ 115.412939903054962, -2.865521155077488 ], [ 115.412924728792518, -2.865554905734996 ], [ 115.412907229784992, -2.8655983196075 ], [ 115.412890013162496, -2.865643732672481 ], [ 115.412873148177482, -2.86568993174501 ], [ 115.41287272010004, -2.865691103562483 ], [ 115.412854472854974, -2.865737172232514 ], [ 115.412833631067542, -2.865780891874977 ], [ 115.412812228102553, -2.865823002630009 ], [ 115.412792632774995, -2.865865053129994 ], [ 115.412774611260033, -2.865907485842513 ], [ 115.412755481779982, -2.865951582299999 ], [ 115.412736214704978, -2.865995680554988 ], [ 115.412716235364996, -2.866038824632483 ], [ 115.412696086954952, -2.866082281672504 ], [ 115.412674514017453, -2.866130213737506 ], [ 115.412638131944959, -2.866205293640007 ], [ 115.41262139196499, -2.866244644375001 ], [ 115.412612488674995, -2.866263829612478 ], [ 115.412603498152521, -2.866283206405001 ], [ 115.412594415900003, -2.866302791839985 ], [ 115.412585668194993, -2.866322542750027 ], [ 115.412576669577447, -2.866342644397491 ], [ 115.412568161092508, -2.866363077892515 ], [ 115.412560747079965, -2.866383950260001 ], [ 115.412553019207508, -2.866404736290008 ], [ 115.412546194252513, -2.866426187817524 ], [ 115.41253930184746, -2.866448285960018 ], [ 115.412533246712542, -2.866469970412481 ], [ 115.412525732877498, -2.866493142345007 ], [ 115.412518855760027, -2.866514916730011 ], [ 115.412517400657521, -2.866519359379993 ], [ 115.412511544272547, -2.866537231607481 ], [ 115.412505229232465, -2.866559484432514 ], [ 115.412485981042551, -2.866616889957527 ], [ 115.412465189617478, -2.866679250747495 ], [ 115.412447412717484, -2.866745985837497 ], [ 115.412431792392454, -2.866808134387497 ], [ 115.412418327742444, -2.866871923299982 ], [ 115.412412563987459, -2.86689324892501 ], [ 115.412406761562465, -2.866914528682514 ], [ 115.412400431235028, -2.866936954177504 ], [ 115.412394563157477, -2.866958429987505 ], [ 115.412388988262478, -2.866979160259973 ], [ 115.412381856637467, -2.867000609989987 ], [ 115.412374986717509, -2.867020607314998 ], [ 115.412367428814946, -2.867040276387513 ], [ 115.412358693699957, -2.867059490402482 ], [ 115.41234936773003, -2.867078877087522 ], [ 115.412338925700055, -2.867098300645011 ], [ 115.412327557369963, -2.867118531794972 ], [ 115.412315072082492, -2.86713912626999 ], [ 115.412302656042471, -2.867157928394988 ], [ 115.412288962965022, -2.86717823418752 ], [ 115.412272453212495, -2.867198822367527 ], [ 115.412257510075051, -2.867217137059981 ], [ 115.412239445395016, -2.867236569612487 ], [ 115.412222019229944, -2.867255431092474 ], [ 115.412203959945032, -2.867273414834983 ], [ 115.412187856685023, -2.86728825724748 ], [ 115.412168466402477, -2.867305453184997 ], [ 115.412149973642499, -2.867324156384996 ], [ 115.412148636350025, -2.867325508964996 ], [ 115.412130354932515, -2.867342112247513 ], [ 115.412108740624944, -2.867360686845018 ], [ 115.412057969400053, -2.867403162724997 ], [ 115.412014353179984, -2.867440160834974 ], [ 115.411973550039988, -2.867476321674985 ], [ 115.411957566387514, -2.867491443775009 ], [ 115.411936089680012, -2.867510305257497 ], [ 115.41192029218746, -2.867527422952492 ], [ 115.411906430037448, -2.867544040624978 ], [ 115.41189224862751, -2.86756172938999 ], [ 115.411879264217532, -2.867579247284993 ], [ 115.411874577849972, -2.867589843097505 ], [ 115.411869708020049, -2.867596175222502 ], [ 115.411856481692553, -2.867614096012517 ], [ 115.411835040954998, -2.867647788214981 ], [ 115.411811857332509, -2.867685221595025 ], [ 115.411791926557498, -2.867726301727487 ], [ 115.411774294447468, -2.867768914304975 ], [ 115.411750098187554, -2.867835187144976 ], [ 115.411730022622464, -2.86790421101 ], [ 115.411698526565033, -2.868015591147525 ], [ 115.411686368629944, -2.86806828512249 ], [ 115.411678153325056, -2.868103894680019 ], [ 115.411659424042455, -2.868192047124978 ], [ 115.411639962714958, -2.868278502550027 ], [ 115.411614019969988, -2.868386330365013 ], [ 115.411596770975052, -2.868449677709975 ], [ 115.411580211757496, -2.868511195835026 ], [ 115.411568052922462, -2.868556345400009 ], [ 115.411551321935008, -2.868615654787504 ], [ 115.411536599135047, -2.868654234804978 ], [ 115.411519224232507, -2.868692340879988 ], [ 115.41149894272246, -2.868728562872491 ], [ 115.411462164947466, -2.868782226317478 ], [ 115.411433176200035, -2.868813707087497 ], [ 115.41139998762003, -2.868841929612472 ], [ 115.411365728844999, -2.868868382270023 ], [ 115.411349146245016, -2.868879839632484 ], [ 115.411341154870001, -2.868885359672504 ], [ 115.411287502217533, -2.86892201873502 ], [ 115.411227734172485, -2.868955173142524 ], [ 115.411168207147512, -2.868987091880001 ], [ 115.411091256657528, -2.8690309311325 ], [ 115.411032788132502, -2.869059257079982 ], [ 115.410974819632543, -2.869085894097509 ], [ 115.410914030857498, -2.869110816109981 ], [ 115.410873721445, -2.869124857227519 ], [ 115.410833784352462, -2.869135321737474 ], [ 115.410794537037532, -2.869140302182473 ], [ 115.410754455155029, -2.869139562040004 ], [ 115.410733343569973, -2.869138907335014 ], [ 115.41069020758755, -2.869133196640007 ], [ 115.410648265004966, -2.869122336427495 ], [ 115.410605666817446, -2.869109653287524 ], [ 115.410540619755011, -2.869090868249998 ], [ 115.41051859535753, -2.869084912937524 ], [ 115.410496901910051, -2.869079047559978 ], [ 115.410454866699979, -2.869069626262501 ], [ 115.410414040175056, -2.869061485600014 ], [ 115.410373494242549, -2.869054310807485 ], [ 115.410311983312454, -2.869048075807484 ], [ 115.410270513772502, -2.869047487652495 ], [ 115.410228248334988, -2.869051682987504 ], [ 115.410184427070021, -2.869059331722497 ], [ 115.41011818570496, -2.869079760722514 ], [ 115.410076568679983, -2.869099694194972 ], [ 115.410038997702486, -2.869126199015 ], [ 115.410003085075004, -2.869157561972486 ], [ 115.409969299344993, -2.869192281197513 ], [ 115.409939147772548, -2.869228803567523 ], [ 115.409911630317538, -2.869266938417525 ], [ 115.409886854895035, -2.869306585030017 ], [ 115.40985354490499, -2.869367884619976 ], [ 115.409825318782509, -2.869430196844974 ], [ 115.409815767982536, -2.869453988409987 ], [ 115.409800093700028, -2.869493028880015 ], [ 115.409778582814965, -2.869554972385004 ], [ 115.409760861674954, -2.869617306192481 ], [ 115.409748388077446, -2.869680927832519 ], [ 115.409739681740007, -2.869744702354978 ], [ 115.409733265977479, -2.869810326785 ], [ 115.409727319659964, -2.869877856877508 ], [ 115.40972179242749, -2.869943618902482 ], [ 115.409714491730028, -2.870001879682491 ], [ 115.409705343827454, -2.870063994957491 ], [ 115.409697588072504, -2.87012812831 ], [ 115.409690959170007, -2.870196544235 ], [ 115.409688833172481, -2.870344534872515 ], [ 115.409688647912503, -2.870357449137487 ], [ 115.409684897740021, -2.870425379427502 ], [ 115.409679239205047, -2.870492729654984 ], [ 115.409675133799965, -2.870561349727495 ], [ 115.409673183169957, -2.870630391579994 ], [ 115.40967281804501, -2.870700210447524 ], [ 115.409667018317464, -2.87081251328749 ], [ 115.409660191564967, -2.870903296249992 ], [ 115.409654266829989, -2.870973964977509 ], [ 115.409645620749984, -2.871065193104982 ], [ 115.409639744577476, -2.871134169307481 ], [ 115.409633853119999, -2.871222284879991 ], [ 115.409631104792538, -2.871246713165021 ], [ 115.409626651349981, -2.87128631841 ], [ 115.409617894649955, -2.87135014419249 ], [ 115.409608536304972, -2.87141572275749 ], [ 115.409598264247506, -2.871480214039991 ], [ 115.409585870692467, -2.871546755777501 ], [ 115.409566853627553, -2.871615113247515 ], [ 115.409544968625028, -2.871679940877527 ], [ 115.409489248429963, -2.871831959577491 ], [ 115.409459639149986, -2.871918779227485 ], [ 115.409419794687551, -2.872025767075002 ], [ 115.409396463575035, -2.872086018054972 ], [ 115.409386895689977, -2.872113029192519 ], [ 115.409374554292526, -2.87214787432498 ], [ 115.409347097990008, -2.872230520222502 ], [ 115.409322131910017, -2.872313417930002 ], [ 115.409304619412524, -2.872375508022515 ], [ 115.409275377057497, -2.872476268064986 ], [ 115.409251492862495, -2.872558610889996 ], [ 115.409226777692538, -2.872642398927496 ], [ 115.409202317932454, -2.872727259855026 ], [ 115.409179807902547, -2.872813819602527 ], [ 115.409151440587493, -2.872923532395021 ], [ 115.409136769945007, -2.87298145233251 ], [ 115.409123061579976, -2.873035571734988 ], [ 115.409107350424961, -2.873102592810028 ], [ 115.409091911762516, -2.873168922307514 ], [ 115.409080197192452, -2.873235099820022 ], [ 115.409070908095032, -2.873302940177496 ], [ 115.40905784184497, -2.873393174555019 ], [ 115.40904665337996, -2.873482704762523 ], [ 115.409036712274997, -2.873573287177521 ], [ 115.409031247995017, -2.873641214769975 ], [ 115.409023626240014, -2.873707763702498 ], [ 115.409012821785041, -2.873796655389981 ], [ 115.409003117199973, -2.873866049777519 ], [ 115.40900179789503, -2.873874460237516 ], [ 115.408988507712479, -2.873959146697473 ], [ 115.408977143879952, -2.874029410727474 ], [ 115.408960614340003, -2.874125356700006 ], [ 115.408940025262496, -2.874224002435028 ], [ 115.408923064947544, -2.874299182162474 ], [ 115.408901452439977, -2.874400562734991 ], [ 115.408880503632531, -2.874503813899992 ], [ 115.408851210014973, -2.874630472617525 ], [ 115.408831924952551, -2.874707762152525 ], [ 115.408819269692458, -2.874759617962525 ], [ 115.408807465192467, -2.874807987997485 ], [ 115.408782301262477, -2.874902889857481 ], [ 115.408752904222524, -2.87502565361001 ], [ 115.408723951450042, -2.875147098959985 ], [ 115.408697392669978, -2.875269567737519 ], [ 115.408678813577467, -2.875367261089991 ], [ 115.408656266672551, -2.875486548965 ], [ 115.408639473632547, -2.875578295102514 ], [ 115.408628948867545, -2.87564309575248 ], [ 115.408622153590045, -2.875684937610004 ], [ 115.408609618840046, -2.875766688682518 ], [ 115.408602992634997, -2.875827076357496 ], [ 115.408598308964997, -2.87592491360499 ], [ 115.408593065917444, -2.876005098057476 ], [ 115.408592705289948, -2.876072152407517 ], [ 115.408594372632479, -2.87618172130999 ], [ 115.408592836589946, -2.87624464597252 ], [ 115.408590716887488, -2.876311586109978 ], [ 115.408587386697491, -2.876380312302501 ], [ 115.408583935099955, -2.876449703989977 ], [ 115.408574702659962, -2.87651840320251 ], [ 115.408568148402537, -2.876543573427512 ], [ 115.40855154062001, -2.876607345252523 ], [ 115.40852942899005, -2.876670111637509 ], [ 115.408504810947534, -2.876732062335009 ], [ 115.408479644319982, -2.876796434907476 ], [ 115.408452159240028, -2.876857438619993 ], [ 115.408424193922542, -2.876917596069973 ], [ 115.408403597647521, -2.876956397319987 ], [ 115.408371831794966, -2.87701401328502 ], [ 115.408336528907512, -2.877068147977525 ], [ 115.408309756989979, -2.877103499427506 ], [ 115.408281617202533, -2.877138499242506 ], [ 115.40823642267253, -2.877188710190012 ], [ 115.408189279312523, -2.877236001939991 ], [ 115.408140518070013, -2.877281398817502 ], [ 115.408111961897475, -2.877304843244985 ], [ 115.408086454427462, -2.877325785757478 ], [ 115.40803233232748, -2.877370404720011 ], [ 115.407959829882543, -2.877423481807512 ], [ 115.407884964919958, -2.877477311627501 ], [ 115.407811093707551, -2.877530022692497 ], [ 115.407720582339948, -2.877598554630026 ], [ 115.407648542147513, -2.877650757577499 ], [ 115.407523550772453, -2.877746335725021 ], [ 115.407434564652476, -2.87781504213001 ], [ 115.407391794694945, -2.877846328644978 ], [ 115.407363286187547, -2.877867183024989 ], [ 115.407274542885034, -2.87793191083 ], [ 115.407185033362452, -2.877998627035026 ], [ 115.40709608771499, -2.878059494049978 ], [ 115.407023951294946, -2.878107989092484 ], [ 115.406932170982486, -2.878165853272492 ], [ 115.406859899665051, -2.878211073882483 ], [ 115.406786835144999, -2.87825768394498 ], [ 115.406712764282474, -2.87830249806251 ], [ 115.406641519989989, -2.878344008069973 ], [ 115.406637107017445, -2.878346579230026 ], [ 115.406522403884992, -2.878408291610015 ], [ 115.406404374162548, -2.878467626179997 ], [ 115.406287489277474, -2.878525881564997 ], [ 115.406187752662504, -2.87857138456252 ], [ 115.406106653599977, -2.878609810795012 ], [ 115.406004397084985, -2.878654813767525 ], [ 115.405884871790022, -2.878712875797476 ], [ 115.405831758727459, -2.878737044180014 ], [ 115.405826425749979, -2.87873947144999 ], [ 115.405745527235013, -2.87877388940251 ], [ 115.405662054860045, -2.878806274889996 ], [ 115.405580345157546, -2.878838321332523 ], [ 115.405477138960009, -2.878876031702475 ], [ 115.405393353619957, -2.878905762389991 ], [ 115.405330627707485, -2.878928491857494 ], [ 115.405250706755055, -2.878958063365019 ], [ 115.40517307278003, -2.878990012679992 ], [ 115.405119074785034, -2.879011912069984 ], [ 115.405045926627508, -2.879037049919987 ], [ 115.404990655194979, -2.87905682871002 ], [ 115.404988647907544, -2.879057547267507 ], [ 115.404912222620055, -2.879095636254988 ], [ 115.404852529219966, -2.879123341669981 ], [ 115.404790509275017, -2.879153219845023 ], [ 115.404709592772519, -2.879189057827489 ], [ 115.40465259014502, -2.879220390207479 ], [ 115.404595584817457, -2.879254156155014 ], [ 115.404540309787535, -2.879287908610024 ], [ 115.404490176180047, -2.879319212212522 ], [ 115.404422069622456, -2.879359464067477 ], [ 115.404351343339954, -2.879398588174979 ], [ 115.404304529129945, -2.879432051047502 ], [ 115.404252834299996, -2.879472398232508 ], [ 115.404214164352538, -2.87950685395748 ], [ 115.404165806007541, -2.879549942274991 ], [ 115.404088978722484, -2.879608184170024 ], [ 115.404009907632485, -2.879668062829978 ], [ 115.403933306977478, -2.879728101569981 ], [ 115.40385792760253, -2.879783146375019 ], [ 115.403785777692519, -2.8798325506325 ], [ 115.403678790742447, -2.879906918270024 ], [ 115.403623533700056, -2.879945829237499 ], [ 115.403531200304997, -2.880015980852477 ], [ 115.403490785672489, -2.880043472227499 ], [ 115.403438382174954, -2.880079119554978 ], [ 115.403345035245025, -2.880139260817487 ], [ 115.403253023807451, -2.880202830297492 ], [ 115.403159561765051, -2.880264421264997 ], [ 115.403064727354945, -2.880324282839979 ], [ 115.402991709599974, -2.880369482764991 ], [ 115.402937659445001, -2.880403961872503 ], [ 115.402824596677533, -2.880474575739981 ], [ 115.402732532180039, -2.880529587270019 ], [ 115.402673330709945, -2.880564961204982 ], [ 115.402618061974977, -2.880599316205007 ], [ 115.402564528029984, -2.880636333200016 ], [ 115.402514014009967, -2.880675233374973 ], [ 115.402463818350043, -2.88071540069501 ], [ 115.402415189309977, -2.880758376597498 ], [ 115.402337555334952, -2.880830926705016 ], [ 115.402278490559979, -2.880892094994977 ], [ 115.402234582060032, -2.880942511887497 ], [ 115.4021919766775, -2.880995018804981 ], [ 115.402151445132517, -2.881050325312515 ], [ 115.402091858752556, -2.881149167999979 ], [ 115.402090298427538, -2.881151757147506 ], [ 115.402024075050008, -2.881269663665023 ], [ 115.401942961597456, -2.881402648212486 ], [ 115.401887084022519, -2.881498008724975 ], [ 115.401830976217525, -2.881597387410011 ], [ 115.401780401045016, -2.881697720272484 ], [ 115.401715375565004, -2.88184204977 ], [ 115.40167352381502, -2.881946470052526 ], [ 115.401673019295004, -2.881947833424988 ], [ 115.401634177575033, -2.882052661999978 ], [ 115.401577934875036, -2.882198237957482 ], [ 115.401525462130053, -2.882348574927505 ], [ 115.401487900147458, -2.882456803837499 ], [ 115.401441793704976, -2.882590213767514 ], [ 115.401411815702545, -2.882679582997525 ], [ 115.401373609804978, -2.882794076585014 ], [ 115.401371599819981, -2.882799771992495 ], [ 115.401333134917536, -2.882908722159982 ], [ 115.401265850339996, -2.883084773442476 ], [ 115.401228463722532, -2.883187335727484 ], [ 115.401198733035017, -2.883266112739989 ], [ 115.401160387742493, -2.883360724117495 ], [ 115.401138518027551, -2.883418396742513 ], [ 115.401119931740027, -2.883477438132502 ], [ 115.401105643309961, -2.883539277314981 ], [ 115.401100645777547, -2.88358257337751 ], [ 115.401098372292495, -2.883649407395012 ], [ 115.401098482009957, -2.883656295302501 ], [ 115.40109904678252, -2.883691627867506 ], [ 115.401103824882512, -2.88373670728248 ], [ 115.401110868372484, -2.883780461997503 ], [ 115.401128200107451, -2.883846001892493 ], [ 115.401139188922457, -2.883889701747478 ], [ 115.401153611349969, -2.883932364687496 ], [ 115.401165973430011, -2.883963169164986 ], [ 115.401190929617542, -2.884024279897517 ], [ 115.401213879417469, -2.884085245837525 ], [ 115.401229127422539, -2.884124279112484 ], [ 115.401242280907468, -2.884165783724995 ], [ 115.401253260729959, -2.884208418782521 ], [ 115.401261652302537, -2.884251692362511 ], [ 115.401265194732446, -2.884297076647499 ], [ 115.40126556165751, -2.884340988745009 ], [ 115.401263098412528, -2.884384175990022 ], [ 115.401258483992478, -2.884445241754975 ], [ 115.401255039587454, -2.884486988285005 ], [ 115.401250399984974, -2.884531877044992 ], [ 115.40124998989495, -2.884534197295011 ], [ 115.401239291560046, -2.884594674004973 ], [ 115.401221478687489, -2.884673873700024 ], [ 115.401201495752503, -2.884750981572495 ], [ 115.401178707830013, -2.884833817227502 ], [ 115.401152658967476, -2.884921625232494 ], [ 115.401131238915013, -2.885015193397521 ], [ 115.401118598044945, -2.885083101204998 ], [ 115.401110711890055, -2.885148935174982 ], [ 115.401101625139972, -2.885218386220004 ], [ 115.401087335812463, -2.885334054322527 ], [ 115.401072791975025, -2.885419260590027 ], [ 115.401068396990013, -2.885445006382497 ], [ 115.401054601390001, -2.885529807954981 ], [ 115.401046075814975, -2.885608048072527 ], [ 115.401041434414992, -2.885662450762482 ], [ 115.401027876235048, -2.885749264117521 ], [ 115.401015539335049, -2.885818710664978 ], [ 115.401001738340028, -2.885888052892483 ], [ 115.400983914674953, -2.885955342864975 ], [ 115.400958134709981, -2.886041324347502 ], [ 115.400938318149997, -2.886104161777496 ], [ 115.400912241407468, -2.886180185067474 ], [ 115.400883458604994, -2.886251170355024 ], [ 115.400864067422503, -2.886294395369987 ], [ 115.400859905359994, -2.886303670977497 ], [ 115.400830118914996, -2.886361656564986 ], [ 115.400792180114991, -2.886446495009977 ], [ 115.400748320180014, -2.886535966762494 ], [ 115.400690429920019, -2.886662974417504 ], [ 115.400647571827449, -2.886757828609973 ], [ 115.400613419174988, -2.886835264734998 ], [ 115.400586538437551, -2.886894220692511 ], [ 115.400553644834986, -2.886971526414982 ], [ 115.400537808672539, -2.887013738792518 ], [ 115.400520374415009, -2.887072218107505 ], [ 115.400505298179951, -2.887114223642527 ], [ 115.400502789072448, -2.887121588189984 ], [ 115.400491543950011, -2.887154588812507 ], [ 115.400480075795031, -2.887198793190009 ], [ 115.40046896467004, -2.887247260352524 ], [ 115.400450072612443, -2.887316384044993 ], [ 115.400428851310039, -2.887402873642486 ], [ 115.400411295644972, -2.887491607952484 ], [ 115.40039671403747, -2.887551070225015 ], [ 115.40037454305002, -2.887606938809995 ], [ 115.400341063990027, -2.887694073222519 ], [ 115.400300905662448, -2.887804089087524 ], [ 115.400277165359967, -2.887868062359985 ], [ 115.400250417722532, -2.887931462767483 ], [ 115.400227006570049, -2.887979686212475 ], [ 115.400221139394944, -2.887991771302495 ], [ 115.400190504887519, -2.888045764799983 ], [ 115.400163598970039, -2.888082618117494 ], [ 115.400133775652534, -2.888118000145028 ], [ 115.400104284184977, -2.888152597965018 ], [ 115.400045732024978, -2.888218974225026 ], [ 115.399999219089977, -2.888264782095007 ], [ 115.399953565005035, -2.888309076402493 ], [ 115.399908696030025, -2.888353842854997 ], [ 115.399880233385034, -2.888385447730002 ], [ 115.399853073859958, -2.88841852119748 ], [ 115.399829373127545, -2.888450708832522 ], [ 115.399808984597485, -2.888486136725021 ], [ 115.399791034129976, -2.888524503602525 ], [ 115.399774155652494, -2.888566551405006 ], [ 115.399751463060056, -2.888633112927494 ], [ 115.399738903127513, -2.888675213790009 ], [ 115.399728661647487, -2.888714885582488 ], [ 115.399717153922552, -2.888759465877513 ], [ 115.39969505038755, -2.888863807917517 ], [ 115.399675356132548, -2.888947660705014 ], [ 115.399651551077454, -2.889047194072475 ], [ 115.399632722872525, -2.889138495045017 ], [ 115.399581216899946, -2.889316355765004 ], [ 115.399549282872499, -2.889419266084985 ], [ 115.399518008950054, -2.889521544185016 ], [ 115.399500035997448, -2.889588953767486 ], [ 115.399491672302474, -2.889620324817486 ], [ 115.399477391070036, -2.889705987939976 ], [ 115.399468953630048, -2.889767271342521 ], [ 115.399461302197551, -2.889832216782509 ], [ 115.39946094409504, -2.889856724595006 ] ] ] } },
{ "type": "Feature", "properties": { "source_feature_id": 4, "nama_objek": "Jalan Kolektor Primer", "orde_01": 42010000, "orde_02": 22011000, "orde_03": 22011200, "orde_04": 22011201, "jenis_sistem": 42000000, "status_jaringan": 2, "provinsi": "Provinsi Kalimantan Selatan", "kabupaten": "Kabupaten Hulu Sungai Selatan", "keterangan": "Jln. Lingkar Selatan Kandangan - Negara", "sumber_data": "SK Gubernur Provinsi Kalsel No. 188.44/0150/KUM/2023 Pemerintah Provinsi Kalimantan Selatan, 2023", "source_shape_length": 0.011341974110631058, "source_layer": "_6306_50KB_LN_SR_TRANSPORTASI_KABUPATEN_HULUSUNGAISELATAN_2024", "source_dataset": "_6306_50KB_RTRW_KABUPATEN_HULUSUNGAISELATAN_2025.gdb.zip" }, "geometry": { "type": "MultiLineString", "coordinates": [ [ [ 115.116368584309953, -2.637444878552515 ], [ 115.116351107427477, -2.637458896332475 ], [ 115.11629155693754, -2.637509046082528 ], [ 115.116232008242491, -2.637559196732525 ], [ 115.11617245774255, -2.637609347375019 ], [ 115.116112909037497, -2.637659498012511 ], [ 115.116053359432499, -2.637709647737495 ], [ 115.115975989052458, -2.637745416710004 ], [ 115.115898618672531, -2.637781184770006 ], [ 115.115824892582509, -2.637766718000023 ], [ 115.115751167395047, -2.637752251227482 ], [ 115.115677440412469, -2.637737785355 ], [ 115.115603714337453, -2.637723317670009 ], [ 115.115586397637458, -2.637719920362485 ], [ 115.115529988265052, -2.63770885088752 ], [ 115.11544411875002, -2.6376834670275 ], [ 115.115358250142549, -2.637658083164979 ], [ 115.115272382442527, -2.637632698395009 ], [ 115.115186512952505, -2.637607313619981 ], [ 115.115100644365043, -2.637581929747512 ], [ 115.115014774890028, -2.637556545867483 ], [ 115.114928907217518, -2.637531161085008 ], [ 115.114843037755008, -2.637505777199976 ], [ 115.114757169199947, -2.637480393315002 ], [ 115.114721839422486, -2.637472723242524 ], [ 115.114673933087488, -2.637462323157479 ], [ 115.114590696079972, -2.63744425299501 ], [ 115.114507459980018, -2.637426182832485 ], [ 115.114424223884953, -2.637408112662513 ], [ 115.114340986897446, -2.637390043394987 ], [ 115.114257750815, -2.637371973217512 ], [ 115.114174514737556, -2.63735390303998 ], [ 115.114091278667502, -2.637335832855001 ], [ 115.114008041705006, -2.637317762667521 ], [ 115.113924805647457, -2.637299693379987 ], [ 115.11384442368751, -2.637276090989985 ], [ 115.113842900330042, -2.63727564379252 ], [ 115.113760994119957, -2.637251595104999 ], [ 115.113679088815047, -2.637227546414977 ], [ 115.113597182619969, -2.637203496817506 ], [ 115.113515277329952, -2.63717944811998 ], [ 115.113433371144993, -2.63715539942001 ], [ 115.113351465869982, -2.637131349812478 ], [ 115.113269559700029, -2.637107301107505 ], [ 115.113187654435023, -2.637083252397474 ], [ 115.113105212377491, -2.63706398709752 ], [ 115.11302277122752, -2.637044721795007 ], [ 115.112978290649949, -2.637034327792492 ], [ 115.112940329182493, -2.637025457392497 ], [ 115.112857888045028, -2.637006192082481 ], [ 115.112775446012506, -2.63698692676752 ], [ 115.112693004885045, -2.636967662355005 ], [ 115.11261056286753, -2.636948397034985 ], [ 115.112528121754963, -2.636929131710019 ], [ 115.112445679747452, -2.636909866379995 ], [ 115.112363238647504, -2.636890601047526 ], [ 115.112335417629993, -2.636884099782492 ], [ 115.112280796652499, -2.636871335712499 ], [ 115.112198354664997, -2.636852071274973 ], [ 115.112115913582556, -2.636832805932499 ], [ 115.112102493382508, -2.636829669525014 ], [ 115.112033471607447, -2.636813540585024 ], [ 115.111951031434955, -2.636794276142496 ], [ 115.11186581356003, -2.636775206384982 ], [ 115.111780596592553, -2.636756135722521 ], [ 115.111695379629964, -2.636737065960006 ], [ 115.111610162672491, -2.636717996192488 ], [ 115.111524944824964, -2.636698926420024 ], [ 115.111439727879997, -2.636679856645003 ], [ 115.111354510942533, -2.636660786867481 ], [ 115.111269294012459, -2.636641717085013 ], [ 115.111225152600014, -2.636631838962501 ], [ 115.111184077090002, -2.636622647297486 ], [ 115.111098860175048, -2.636603576602511 ], [ 115.111013643264982, -2.63658450680748 ], [ 115.110928426360033, -2.636565437010006 ], [ 115.11084179699003, -2.63654394355251 ], [ 115.110755166724971, -2.636522450992516 ], [ 115.110668538265031, -2.636500958435022 ], [ 115.11058190801748, -2.636479464965021 ], [ 115.110495278672488, -2.636457972395021 ], [ 115.110408649335, -2.636436478920018 ], [ 115.110350605240001, -2.636422078357498 ], [ 115.110322020005015, -2.636414986342515 ], [ 115.110235389784975, -2.636393492857508 ], [ 115.110148761370056, -2.636371999369999 ], [ 115.110062132062467, -2.636350505877488 ], [ 115.109975501860049, -2.636329013284978 ], [ 115.109888872567467, -2.636307519785021 ], [ 115.109802243280001, -2.636286027185008 ], [ 115.109715614000038, -2.63626453367749 ], [ 115.109631128160004, -2.636244888042484 ], [ 115.109546643227532, -2.636225242407477 ], [ 115.109476816160054, -2.636209004539978 ], [ 115.109462157402504, -2.636205595862521 ], [ 115.109377670685035, -2.636185950215008 ], [ 115.109293184872513, -2.636166303662492 ], [ 115.109208699965052, -2.636146658009977 ], [ 115.109124214167537, -2.636127011450014 ], [ 115.109039728375024, -2.636107364884992 ], [ 115.108955242587513, -2.636087719219972 ], [ 115.108870756810006, -2.636068072647504 ], [ 115.108786271035001, -2.63604842697498 ], [ 115.108701786167444, -2.636028781300013 ], [ 115.108617300407445, -2.636009134714982 ], [ 115.108600801789976, -2.636005298237478 ], [ 115.108532813755005, -2.63598948903001 ], [ 115.108448328907457, -2.635969843344981 ], [ 115.108363843167467, -2.635950195844998 ], [ 115.108279357434981, -2.635930550150022 ], [ 115.108194871707497, -2.635910904449986 ], [ 115.108110385987516, -2.635891257842502 ], [ 115.108031913077525, -2.635869605820005 ], [ 115.107953441074983, -2.635847954702513 ], [ 115.107874968177498, -2.635826302672513 ], [ 115.107796496182459, -2.635804652452521 ], [ 115.107728717570012, -2.635785950944978 ], [ 115.107718023299981, -2.635783000417518 ], [ 115.107637968887502, -2.635772038337507 ], [ 115.107557913582468, -2.635761076249992 ], [ 115.107477860080053, -2.635750114159976 ], [ 115.107397805684968, -2.635739151162511 ], [ 115.107317751292499, -2.635728189064992 ], [ 115.107237696905031, -2.635717226962527 ], [ 115.107168660857496, -2.635707773654985 ], [ 115.107099624809962, -2.635698320342499 ], [ 115.107028301889954, -2.635668306155026 ], [ 115.106956978077505, -2.635638291964995 ], [ 115.106885655167503, -2.635608277772519 ], [ 115.106856149275018, -2.635595861172476 ], [ 115.106814332265003, -2.635578263579987 ], [ 115.106770808774968, -2.635518386707474 ], [ 115.106727285290049, -2.63545850983752 ], [ 115.106683761807517, -2.635398632970009 ], [ 115.106675958974961, -2.635314886927517 ], [ 115.106668155239959, -2.635231139982523 ], [ 115.106660352402514, -2.635147393942475 ], [ 115.10665254866251, -2.635063647902484 ], [ 115.106644744920004, -2.634979900957489 ], [ 115.106636942070054, -2.63489615492 ], [ 115.106633664747505, -2.634815832834988 ], [ 115.106633006692505, -2.634799696979996 ], [ 115.106631583925036, -2.634764822772524 ], [ 115.106630388320013, -2.634735511654981 ], [ 115.106627110989962, -2.634655189570026 ], [ 115.106623833655021, -2.634574868390018 ], [ 115.106620557217525, -2.634494546307508 ], [ 115.106617279877469, -2.6344142251275 ], [ 115.106614003432469, -2.63433390304499 ], [ 115.10662705879497, -2.634279124730028 ], [ 115.106634263302453, -2.634248901435001 ], [ 115.106640115050027, -2.634224347320014 ] ] ] } },
{ "type": "Feature", "properties": { "source_feature_id": 5, "nama_objek": "Jalan Kolektor Primer", "orde_01": 42010000, "orde_02": 22011000, "orde_03": 22011200, "orde_04": 22011201, "jenis_sistem": 42000000, "status_jaringan": 2, "provinsi": "Provinsi Kalimantan Selatan", "kabupaten": "Kabupaten Hulu Sungai Selatan", "keterangan": "Kandangan - Lumpangi", "sumber_data": "Kepmen PUPR No.430 Tahun 2022 Kementerian PUPR, 2022", "source_shape_length": 0.098808114057361479, "source_layer": "_6306_50KB_LN_SR_TRANSPORTASI_KABUPATEN_HULUSUNGAISELATAN_2024", "source_dataset": "_6306_50KB_RTRW_KABUPATEN_HULUSUNGAISELATAN_2025.gdb.zip" }, "geometry": { "type": "MultiLineString", "coordinates": [ [ [ 115.280042638057466, -2.788352331295016 ], [ 115.280223876629975, -2.788314076832478 ], [ 115.280277327837553, -2.788308971382492 ], [ 115.280342036754973, -2.788302518745013 ], [ 115.280385419152481, -2.788296762184984 ], [ 115.280453444770046, -2.788287872387514 ], [ 115.280510426714955, -2.788281053727474 ], [ 115.280586135242515, -2.788270778972503 ], [ 115.280652230017495, -2.788262423372487 ], [ 115.280717428167463, -2.78825729094001 ], [ 115.280805085087536, -2.788246035027498 ], [ 115.280891096247501, -2.788237870980026 ], [ 115.280933295135014, -2.788232711570004 ], [ 115.280978833207541, -2.788227144767518 ], [ 115.281091048812527, -2.78821216386001 ], [ 115.281180151842477, -2.788204576280009 ], [ 115.281287762020042, -2.788194842017504 ], [ 115.281399948847479, -2.788180084142482 ], [ 115.281484325940028, -2.78817393727752 ], [ 115.281570300229987, -2.788161916939998 ], [ 115.281632852574944, -2.788151455124989 ], [ 115.28169611808255, -2.788145711154982 ], [ 115.281775493145005, -2.788139361942513 ], [ 115.281826932567469, -2.788134332932486 ], [ 115.281895299927555, -2.788127649172509 ], [ 115.282066805139948, -2.788104785707503 ], [ 115.282240650385006, -2.788084388184984 ], [ 115.28234610218999, -2.788072045887475 ], [ 115.282452312124974, -2.788060100192524 ], [ 115.282560062597554, -2.788042722592479 ], [ 115.282626333637495, -2.788039194552482 ], [ 115.282719774997531, -2.788028194945014 ], [ 115.282738970127525, -2.788025934949985 ], [ 115.282847862740027, -2.788014447907528 ], [ 115.282959035132535, -2.787999886085004 ], [ 115.283018813067542, -2.787991157265026 ], [ 115.28311025703249, -2.7879812458375 ], [ 115.283261916005017, -2.787965210924995 ], [ 115.283330367902522, -2.78795666376999 ], [ 115.283445737430043, -2.787943092100022 ], [ 115.283531036327531, -2.787936107064979 ], [ 115.283613369262525, -2.787927183992508 ], [ 115.283618685155034, -2.787926609324984 ], [ 115.283684604559994, -2.787922350134977 ], [ 115.283773257929965, -2.787918726767487 ], [ 115.283818724054981, -2.787918322072528 ], [ 115.283884264847529, -2.787918239334999 ], [ 115.284015778104958, -2.787913829060017 ], [ 115.284103338797536, -2.787911584352514 ], [ 115.28418940931499, -2.787911132892475 ], [ 115.28423218466753, -2.787910715607495 ], [ 115.284296268557455, -2.787911617627515 ], [ 115.284358576287445, -2.787909469147507 ], [ 115.284420956862505, -2.787905856569978 ], [ 115.284483442657461, -2.787899029817481 ], [ 115.28450443013503, -2.787895729304978 ], [ 115.284511436752496, -2.787894293087504 ], [ 115.284546773815009, -2.787887049947528 ], [ 115.284567409657484, -2.787881316769983 ], [ 115.284607675004963, -2.78786800590251 ], [ 115.284647221792511, -2.787852860420003 ], [ 115.284702608340012, -2.787826808860018 ], [ 115.284754867042466, -2.787797729282488 ], [ 115.284850902947483, -2.787751288289996 ], [ 115.284893650422532, -2.787724880597523 ], [ 115.284977752322447, -2.78767712299998 ], [ 115.285039434122496, -2.78764261781248 ], [ 115.285106185402469, -2.787606525319973 ], [ 115.285166402207551, -2.78757409307002 ], [ 115.285224133287556, -2.787542402759982 ], [ 115.285285228730004, -2.787508472237505 ], [ 115.285314309207479, -2.787493429277504 ], [ 115.285387782919997, -2.787455421229993 ], [ 115.28542768763748, -2.787437127222518 ], [ 115.285513455982482, -2.787400514022522 ], [ 115.285553410162493, -2.787386081702493 ], [ 115.28559875487997, -2.78737008096499 ], [ 115.285639640757495, -2.787357422107505 ], [ 115.285681755109977, -2.787348033185026 ], [ 115.285706706800056, -2.787343230804993 ], [ 115.285772325832454, -2.787332412859996 ], [ 115.285816838675032, -2.787324928702503 ], [ 115.28586337499496, -2.787322735254975 ], [ 115.285906824840026, -2.787323532054984 ], [ 115.285939416270026, -2.78732837939998 ], [ 115.285980398377546, -2.787335933707482 ], [ 115.286019695152504, -2.787347248974982 ], [ 115.286059116935007, -2.787362489787483 ], [ 115.286096348867545, -2.787381425012484 ], [ 115.286131940437485, -2.787405115852494 ], [ 115.286159400335009, -2.787425338907497 ], [ 115.286165515724974, -2.787429843612472 ], [ 115.286197242907519, -2.787457122747526 ], [ 115.286239029007447, -2.787505178920014 ], [ 115.286268262369958, -2.787543740950014 ], [ 115.286284585065005, -2.787570243972482 ], [ 115.286308219250031, -2.787606689897473 ], [ 115.286332700592538, -2.787641973897507 ], [ 115.286355348220013, -2.787681178044977 ], [ 115.286376138747528, -2.787723037887474 ], [ 115.286396838442556, -2.787762682702521 ], [ 115.286415475992499, -2.787801319374978 ], [ 115.286472241200045, -2.787927530229979 ], [ 115.286497253144944, -2.787983064267507 ], [ 115.286570821287455, -2.78816169300751 ], [ 115.286589752014947, -2.788210090922519 ], [ 115.286603217565016, -2.788244509774984 ], [ 115.286643354307444, -2.788347052275014 ], [ 115.28671938029504, -2.788549933932472 ], [ 115.286743333737491, -2.788612461094999 ], [ 115.286767807887486, -2.788673453117497 ], [ 115.286794390947534, -2.788734597125028 ], [ 115.286845849257475, -2.788856876145019 ], [ 115.286870300924988, -2.788919011202495 ], [ 115.286895894730037, -2.788981718232492 ], [ 115.286920867104982, -2.78904435511248 ], [ 115.286923164872519, -2.789049829284977 ], [ 115.286964319647495, -2.789147833804975 ], [ 115.28698973988503, -2.789211006682478 ], [ 115.287044004077529, -2.789333134617493 ], [ 115.28712791711996, -2.78951721504751 ], [ 115.287166741752458, -2.789593839085001 ], [ 115.287197085777507, -2.789650293127522 ], [ 115.287236632565055, -2.789726876694999 ], [ 115.287277713595017, -2.789800727222485 ], [ 115.287303648245029, -2.789854470707496 ], [ 115.287309654817477, -2.789865640287474 ], [ 115.287376103025053, -2.789989195445003 ], [ 115.28743265689252, -2.790090521159982 ], [ 115.287464089994955, -2.790148263930007 ], [ 115.287572280237555, -2.790347115727513 ], [ 115.287649522107472, -2.790489398367527 ], [ 115.287669070669949, -2.790519864700002 ], [ 115.287738045075002, -2.790627077377508 ], [ 115.287753748137447, -2.790651529045022 ], [ 115.287785392582464, -2.790700804697508 ], [ 115.287827684099966, -2.790751952739981 ], [ 115.287920364632555, -2.79085981113252 ], [ 115.288012705222513, -2.79095145025002 ], [ 115.288048090847496, -2.790985717117508 ], [ 115.288096165004958, -2.791032304697524 ], [ 115.288170511060002, -2.791100208007492 ], [ 115.288218622092472, -2.791142977965023 ], [ 115.288303750117507, -2.791221165924981 ], [ 115.288353097717504, -2.791267098797505 ], [ 115.288382409319979, -2.791294849177518 ], [ 115.288486168602503, -2.791393080327509 ], [ 115.28853308533246, -2.791440532154979 ], [ 115.288595226687448, -2.791502013407523 ], [ 115.288668035802516, -2.791575580647475 ], [ 115.288717032664977, -2.791625332042486 ], [ 115.288779432125011, -2.79169365173999 ], [ 115.288840258670007, -2.791763377977475 ], [ 115.288883686032477, -2.791812791227528 ], [ 115.288940327135037, -2.791878752902505 ], [ 115.288999620337449, -2.791944684899988 ], [ 115.289003056645015, -2.79194848003749 ], [ 115.289058914437533, -2.792010149250018 ], [ 115.289106035314944, -2.792064935947508 ], [ 115.289158157322504, -2.792124025902524 ], [ 115.289199589989948, -2.792175091207525 ], [ 115.289241321229952, -2.792224389344995 ], [ 115.289284789062549, -2.792276069784975 ], [ 115.289356863427543, -2.79236521688 ], [ 115.289398671112508, -2.792418120399986 ], [ 115.289435598175032, -2.792471235259995 ], [ 115.289460376294983, -2.792507185657485 ], [ 115.289496306010051, -2.792562331187526 ], [ 115.289530963182528, -2.792621469705011 ], [ 115.28955277983755, -2.792661411295001 ], [ 115.289564468325011, -2.792682808864981 ], [ 115.289604855979974, -2.792765781214996 ], [ 115.289630383235021, -2.79282630378998 ], [ 115.289666798585017, -2.792907862407503 ], [ 115.289696606612551, -2.792990961562509 ], [ 115.289715576012554, -2.793055317947506 ], [ 115.28972662418505, -2.793098159852491 ], [ 115.289774111985025, -2.793297375872498 ], [ 115.289785226707522, -2.793363005697472 ], [ 115.289791940145051, -2.793407940324983 ], [ 115.289801520625019, -2.793475381382507 ], [ 115.28980794807751, -2.793522593092518 ], [ 115.289823180794997, -2.793634534404987 ], [ 115.289847699912457, -2.793807528895002 ], [ 115.28986044690248, -2.793896219134979 ], [ 115.289869460807495, -2.79396209627248 ], [ 115.289881185267518, -2.794027631670019 ], [ 115.289890381734949, -2.794082539777492 ], [ 115.289900765307493, -2.794148255037499 ], [ 115.289910989700047, -2.794213806622508 ], [ 115.289921882289946, -2.794279576739996 ], [ 115.289945630687498, -2.794415415739991 ], [ 115.289945761087552, -2.794416112712497 ], [ 115.289953866677479, -2.794459417767484 ], [ 115.289965512897538, -2.794525301202498 ], [ 115.289977036810001, -2.794591392380028 ], [ 115.289989805384948, -2.7946562955525 ], [ 115.290003198089948, -2.794720508944977 ], [ 115.290012705722461, -2.794763321170024 ], [ 115.29002672075751, -2.794827092994979 ], [ 115.290041037064952, -2.794890252382515 ], [ 115.290055876777501, -2.794953174349985 ], [ 115.290065675789947, -2.794994341714983 ], [ 115.290082940074967, -2.795056654839982 ], [ 115.290105463597456, -2.795141397057478 ], [ 115.290135694307537, -2.795243943152514 ], [ 115.290151136564987, -2.795286680734989 ], [ 115.290154010800052, -2.795294853774976 ], [ 115.290173883117518, -2.795351366272484 ], [ 115.290188251587551, -2.795394536427523 ], [ 115.290212482919969, -2.795457057297483 ], [ 115.290228945009972, -2.795497605929995 ], [ 115.290256162992478, -2.795557489985015 ], [ 115.290308891142445, -2.795654383842475 ], [ 115.290340985247553, -2.795713294832524 ], [ 115.290390948882532, -2.795787291049976 ], [ 115.290431465140045, -2.795841485097526 ], [ 115.290459166057531, -2.795876269974997 ], [ 115.29048838683002, -2.795911412782516 ], [ 115.290529948097515, -2.79596483161248 ], [ 115.290556427737556, -2.796001087779985 ], [ 115.290596425984972, -2.796053469692481 ], [ 115.290607188172544, -2.796067882227476 ], [ 115.290636126555, -2.796106635812521 ], [ 115.290661441572524, -2.796143024180026 ], [ 115.290695537569945, -2.796199346922492 ], [ 115.290715721952552, -2.796237953917512 ], [ 115.290732845944945, -2.796277804677516 ], [ 115.290747192830054, -2.796319743659978 ], [ 115.290763145002529, -2.796385045232512 ], [ 115.29076938989499, -2.796428951035011 ], [ 115.290771503302494, -2.796473534027484 ], [ 115.290768292722532, -2.796541915777482 ], [ 115.290763741254978, -2.79658707523248 ], [ 115.290753896375008, -2.79665480407499 ], [ 115.290745101004973, -2.79669976568249 ], [ 115.290736426145031, -2.796744785742476 ], [ 115.290718428912555, -2.796832734942484 ], [ 115.29069936688245, -2.796924883975009 ], [ 115.290690585902553, -2.796967330177495 ], [ 115.290672683097455, -2.797054931340028 ], [ 115.290645617999985, -2.797187828655012 ], [ 115.290634256865019, -2.797250973652524 ], [ 115.290608833930037, -2.797378761020013 ], [ 115.290597317212473, -2.797443623724973 ], [ 115.290588173804963, -2.797510330937484 ], [ 115.290575079677524, -2.797599772112505 ], [ 115.290563269780023, -2.797688017187511 ], [ 115.290554147955049, -2.797754191102513 ], [ 115.290548144979994, -2.797799156305018 ], [ 115.29054584901246, -2.797815522167525 ], [ 115.290535623719961, -2.797888389737523 ], [ 115.290525292307507, -2.797954539369982 ], [ 115.290512354662496, -2.798041379705012 ], [ 115.290497217272446, -2.798129624782518 ], [ 115.290491198109976, -2.798174191585019 ], [ 115.290483822770057, -2.79821814055498 ], [ 115.290474039945025, -2.798283139055002 ], [ 115.290467024335044, -2.798326230072519 ], [ 115.290458588692445, -2.798369118740027 ], [ 115.290444631214996, -2.798433270977512 ], [ 115.290434290810026, -2.798476408759996 ], [ 115.290418191147523, -2.798542474754981 ], [ 115.29040271831002, -2.798607208855003 ], [ 115.290392230417524, -2.798650045362479 ], [ 115.290378040915016, -2.798703134142499 ], [ 115.290375208949968, -2.798713728155008 ], [ 115.290363674244986, -2.798755623972511 ], [ 115.290351607139996, -2.798798313890018 ], [ 115.290338969867548, -2.798840959742506 ], [ 115.290326442312448, -2.798883065102473 ], [ 115.29031391565502, -2.798924944730004 ], [ 115.290307517877523, -2.798945991565006 ], [ 115.290272554934973, -2.799051367827474 ], [ 115.29025144335003, -2.799114993062517 ], [ 115.290230420797457, -2.799177337665014 ], [ 115.29021591023502, -2.799219146247481 ], [ 115.290200493157499, -2.799260774964978 ], [ 115.290184876429976, -2.79930099984 ], [ 115.290140344700035, -2.799425530762505 ], [ 115.290091009692446, -2.799559739289975 ], [ 115.290079046012465, -2.799592286655013 ], [ 115.290057342672526, -2.799655035950025 ], [ 115.2900372716025, -2.799718591040005 ], [ 115.290002055950026, -2.799847560117485 ], [ 115.289997983819944, -2.7998691429475 ], [ 115.28999032429499, -2.799912566712521 ], [ 115.289979708697501, -2.799978588639988 ], [ 115.289970909729959, -2.800067252802478 ], [ 115.289968254930045, -2.800135695705023 ], [ 115.289968638942469, -2.80024881782748 ], [ 115.289969828745029, -2.800315454894985 ], [ 115.289975800242473, -2.800405457245006 ], [ 115.289979296807473, -2.800447534724981 ], [ 115.289990845899979, -2.800586516854992 ], [ 115.289997331812515, -2.800707322785001 ], [ 115.290000268097515, -2.800776962687507 ], [ 115.290005479669958, -2.80087030781749 ], [ 115.290009647127476, -2.800937396342476 ], [ 115.290010991614963, -2.801056300207506 ], [ 115.290010317122551, -2.801123174695022 ], [ 115.290006626304944, -2.801189463722494 ], [ 115.289997079102477, -2.801276752820002 ], [ 115.289989323347527, -2.801319973337513 ], [ 115.28998274301, -2.801348748944974 ], [ 115.289979536027545, -2.801362780167494 ], [ 115.289961921004988, -2.801426205754979 ], [ 115.289948177567453, -2.801467928002523 ], [ 115.289925086572453, -2.801528926319975 ], [ 115.289907699979949, -2.801569082847493 ], [ 115.289878587127532, -2.801625716752483 ], [ 115.289845832019978, -2.80167938559498 ], [ 115.289811192832531, -2.801730577704973 ], [ 115.289749456172444, -2.801816693185003 ], [ 115.289699035682474, -2.80188707502748 ], [ 115.289611826624991, -2.802001515557492 ], [ 115.289567785025042, -2.802075055820012 ], [ 115.289548756270051, -2.802116456110014 ], [ 115.289543746147501, -2.802129383865008 ], [ 115.289540529272472, -2.802137684607487 ], [ 115.289525408069949, -2.802170711309998 ], [ 115.289515208860053, -2.802212885017525 ], [ 115.289505328007522, -2.802254145012512 ], [ 115.289502630042534, -2.8022992649 ], [ 115.289503371982505, -2.802367589992514 ], [ 115.289513261827551, -2.802474638095021 ], [ 115.289525740819954, -2.802625027222518 ], [ 115.289535527242492, -2.802739391310013 ], [ 115.289549663684966, -2.802859002040009 ], [ 115.289566407265056, -2.8029817100375 ], [ 115.289570778867528, -2.803023629237487 ], [ 115.289578251335001, -2.803095270129973 ], [ 115.289589563007553, -2.803190753850004 ], [ 115.289607663662537, -2.803325213287508 ], [ 115.289619872860044, -2.803402364327496 ], [ 115.289646211302511, -2.803556583670002 ], [ 115.289677319752514, -2.803716178260004 ], [ 115.289686607949989, -2.803758870875015 ], [ 115.289704587197548, -2.803842863057525 ], [ 115.289718818967458, -2.803915037250022 ], [ 115.289720132877505, -2.803921697627516 ], [ 115.289736235239957, -2.803985473049977 ], [ 115.28975137892246, -2.804049389667512 ], [ 115.289772066927526, -2.804134657987504 ], [ 115.28979170632249, -2.804223966962525 ], [ 115.289809967954966, -2.804311863102498 ], [ 115.289825179987474, -2.804376170922524 ], [ 115.289840263417545, -2.804440950890012 ], [ 115.289851657827512, -2.80452473263 ], [ 115.289855666105041, -2.804566803815021 ], [ 115.289859133892492, -2.804628839949999 ], [ 115.289858323602516, -2.8046702078625 ], [ 115.289854877399989, -2.804732914892497 ], [ 115.289845537942483, -2.804794585002526 ], [ 115.289844581062539, -2.804803359687526 ], [ 115.289838510640038, -2.804858984554983 ], [ 115.289828200810007, -2.804926529935017 ], [ 115.289817906272447, -2.804991433107489 ], [ 115.289810708997493, -2.805034630245018 ], [ 115.289796487117542, -2.805112727369988 ], [ 115.289786564897554, -2.805165471709984 ], [ 115.28976442808505, -2.805254984830015 ], [ 115.289724848922447, -2.805390410139978 ], [ 115.289691365365002, -2.80549072681498 ], [ 115.289645249029945, -2.805628600980015 ], [ 115.289629164655025, -2.805678802935006 ], [ 115.289625694170013, -2.80568964066498 ], [ 115.289597911414944, -2.805777811997473 ], [ 115.289561406135022, -2.805887529284973 ], [ 115.289541675907458, -2.805947433127528 ], [ 115.2895097679625, -2.806036335607473 ], [ 115.289486518687454, -2.806104407092505 ], [ 115.28945587878502, -2.806204786722503 ], [ 115.289435101747472, -2.80627024387752 ], [ 115.289419663987474, -2.806312904117476 ], [ 115.289398226847538, -2.806375150692475 ], [ 115.289364076890024, -2.806477647324982 ], [ 115.289347011354948, -2.806537291262487 ], [ 115.289339421977502, -2.806563815867491 ], [ 115.289327132740027, -2.806630418757493 ], [ 115.289318118835013, -2.806696796820006 ], [ 115.28930888639502, -2.806789178777478 ], [ 115.289308095892466, -2.806832848957526 ], [ 115.28930292119253, -2.806919731560015 ], [ 115.289304173050027, -2.806986350639988 ], [ 115.289306362897491, -2.807070689960028 ], [ 115.289306019357468, -2.807159500709986 ], [ 115.289307459172505, -2.807269573232475 ], [ 115.289315766210052, -2.807358457727503 ], [ 115.289324102025034, -2.80743725182748 ], [ 115.289325520257535, -2.807450641832475 ], [ 115.289333878554999, -2.807517644024983 ], [ 115.289343340322489, -2.80762202023999 ], [ 115.289353725695037, -2.807714701672523 ], [ 115.289371177937483, -2.807883830875028 ], [ 115.289388924260038, -2.807974479837526 ], [ 115.289407516842516, -2.808090084089997 ], [ 115.289421580442536, -2.808226029207503 ], [ 115.289431171712522, -2.808334625942507 ], [ 115.28943220503254, -2.808346324322486 ], [ 115.289442924052537, -2.808438792614993 ], [ 115.289448859577533, -2.808484685920007 ], [ 115.289459567805011, -2.808552999322501 ], [ 115.289472922737446, -2.808621874799996 ], [ 115.28949119066499, -2.808691238609981 ], [ 115.289519681187471, -2.808777862207478 ], [ 115.289536622617447, -2.808819391999975 ], [ 115.289560209137449, -2.808881998305026 ], [ 115.289577275569968, -2.808921840070013 ], [ 115.289595321367528, -2.808960990257503 ], [ 115.289624249860026, -2.809019536122491 ], [ 115.28964563843499, -2.809058938120018 ], [ 115.289668606222449, -2.809098413859999 ], [ 115.289706161010031, -2.809155519012506 ], [ 115.289721748960005, -2.809178768284994 ], [ 115.289729897717507, -2.809190925320024 ], [ 115.289756621072456, -2.809227540317522 ], [ 115.289796771304964, -2.80928087371251 ], [ 115.2898549160725, -2.809351680934981 ], [ 115.289915087910003, -2.809415908717483 ], [ 115.289962065797454, -2.809465481147527 ], [ 115.290018286915029, -2.809532929400007 ], [ 115.290064140647473, -2.809579492699982 ], [ 115.290127041030019, -2.809643491154986 ], [ 115.290187883765043, -2.809704314102476 ], [ 115.290318304347466, -2.809842174777486 ], [ 115.290324686834992, -2.809848120194999 ], [ 115.290382414317492, -2.809901879867482 ], [ 115.290431860842546, -2.809944986172525 ], [ 115.290464884847552, -2.809975635967476 ], [ 115.290511643297464, -2.810018474272511 ], [ 115.290543752692543, -2.810047606912519 ], [ 115.290611845760054, -2.810103061807524 ], [ 115.290680223912545, -2.810167089940023 ], [ 115.290783143227486, -2.810253557054978 ], [ 115.290939370755041, -2.810389957229972 ], [ 115.2910039034075, -2.810440328257528 ], [ 115.291065764172458, -2.810488612860013 ], [ 115.291100021149987, -2.810516570982486 ], [ 115.291167931654968, -2.810572812784983 ], [ 115.291237076929974, -2.810630328927516 ], [ 115.291306829247446, -2.810686878297474 ], [ 115.291395043747457, -2.810753838220023 ], [ 115.291430824172494, -2.810781915952475 ], [ 115.291482440762479, -2.810825419757521 ], [ 115.291533590602512, -2.810867877650026 ], [ 115.291585583107462, -2.8109100531575 ], [ 115.291637965920017, -2.810952076677495 ], [ 115.291704673132472, -2.811006956004974 ], [ 115.291723793617507, -2.811022686047522 ], [ 115.291775956094966, -2.811064678992523 ], [ 115.291828786769997, -2.811108303304991 ], [ 115.291911169165019, -2.811174196632521 ], [ 115.291961160679989, -2.811215175139978 ], [ 115.291994069570023, -2.811244287095008 ], [ 115.292062909975016, -2.811300089127485 ], [ 115.292231573327513, -2.811431096067508 ], [ 115.292265481367508, -2.811460601024976 ], [ 115.292298892079998, -2.811489624845024 ], [ 115.292403942787473, -2.811575392290024 ], [ 115.292432258842496, -2.811598510262513 ], [ 115.292519956229967, -2.811669502745019 ], [ 115.292643309042546, -2.811774582229987 ], [ 115.292742271339989, -2.811862472975008 ], [ 115.292860414377515, -2.811963831964988 ], [ 115.292893435682458, -2.811992932227497 ], [ 115.292943661920049, -2.812036882097516 ], [ 115.293010897034947, -2.812094614075022 ], [ 115.293063437227488, -2.812136496402502 ], [ 115.293092204742493, -2.812157110662497 ], [ 115.29313799192505, -2.812189925124983 ], [ 115.29319539025505, -2.812225674975025 ], [ 115.293276278877556, -2.812267404417526 ], [ 115.293317850040012, -2.812286106717522 ], [ 115.293381577797504, -2.812309399159972 ], [ 115.293403311712495, -2.812315663837524 ], [ 115.293467568274991, -2.812335302332485 ], [ 115.293509765362501, -2.812347491742514 ], [ 115.293552147712489, -2.812357947262512 ], [ 115.293697103139948, -2.812393992987495 ], [ 115.293777157189993, -2.812418113705007 ], [ 115.29387522735999, -2.81244981570751 ], [ 115.293915567350041, -2.812467220284987 ], [ 115.293928600324989, -2.812472961557489 ], [ 115.293955799420019, -2.81248494772251 ], [ 115.294015086327477, -2.812512386937499 ], [ 115.294034730217504, -2.812521653552494 ], [ 115.294130059255053, -2.812576344022489 ], [ 115.294185141829985, -2.812613708155027 ], [ 115.294220131754969, -2.812640167109976 ], [ 115.294269972182519, -2.812683759947504 ], [ 115.294315464387523, -2.812730253997472 ], [ 115.294364694174988, -2.812779883985002 ], [ 115.294450922072542, -2.812878985677514 ], [ 115.29450121486002, -2.812956237440005 ], [ 115.294534800940028, -2.81301367714002 ], [ 115.294553193875004, -2.813055913799985 ], [ 115.294564295105033, -2.813080851999985 ], [ 115.294581044080019, -2.813118485929976 ], [ 115.29460510813999, -2.813180666854976 ], [ 115.294619321025039, -2.813222235317483 ], [ 115.294634969227445, -2.813285645614997 ], [ 115.294646077654988, -2.813350618037475 ], [ 115.294654245297465, -2.813417017680024 ], [ 115.294655373947535, -2.813462162747498 ], [ 115.294658305737471, -2.81350559640498 ], [ 115.294664083879979, -2.81359233781501 ], [ 115.294666297112485, -2.813638286877506 ], [ 115.294670514032532, -2.813731429662482 ], [ 115.29467270568, -2.8138320188325 ], [ 115.294672136409986, -2.813947066404978 ], [ 115.294672568984993, -2.813970760842494 ], [ 115.294673328909994, -2.814012297830004 ], [ 115.294672816297521, -2.814078075142504 ], [ 115.294677485577495, -2.814162166250014 ], [ 115.294682010964948, -2.814231066009995 ], [ 115.294681814015007, -2.814300033219979 ], [ 115.294689650707483, -2.814413596010013 ], [ 115.294698880450028, -2.814478447922511 ], [ 115.294707207272495, -2.814520445362518 ], [ 115.294723797064989, -2.81458335383752 ], [ 115.29473977891746, -2.814624710962505 ], [ 115.294771925185046, -2.814683585977491 ], [ 115.294798252837495, -2.814720425807479 ], [ 115.294829634680013, -2.814753362577505 ], [ 115.294893468559962, -2.814809052195017 ], [ 115.294910883930015, -2.814824245342493 ], [ 115.295053758325025, -2.814946003654995 ], [ 115.295117799047489, -2.815000409940012 ], [ 115.295168762727485, -2.815042294067496 ], [ 115.295217985322552, -2.815084090057496 ], [ 115.295281320077493, -2.815130814335021 ], [ 115.295362732104991, -2.815197693319988 ], [ 115.295473923382474, -2.815286059802474 ], [ 115.295544966227453, -2.815339403989981 ], [ 115.295595323765042, -2.815373751797495 ], [ 115.295600530840034, -2.815377304119977 ], [ 115.295673733854983, -2.815433554914989 ], [ 115.295762521222514, -2.815502120127519 ], [ 115.295834967010023, -2.815553320330025 ], [ 115.29596192610245, -2.815650224077501 ], [ 115.296072244139964, -2.815735555352489 ], [ 115.296123777089974, -2.815776726314994 ], [ 115.296194650862503, -2.81583006510499 ], [ 115.296249211832446, -2.815869932052522 ], [ 115.296311256059994, -2.815920809397483 ], [ 115.296317982090045, -2.815926324039992 ], [ 115.296367386344969, -2.815969533767486 ], [ 115.296433007177484, -2.816027129947486 ], [ 115.296481065150033, -2.816071576242507 ], [ 115.296563149870053, -2.816150543912499 ], [ 115.296625484577476, -2.816210988247519 ], [ 115.29668774014749, -2.816275496617493 ], [ 115.296717342232455, -2.816307996317505 ], [ 115.296807778954985, -2.816395190085018 ], [ 115.296856907119945, -2.816442271392475 ], [ 115.296905270862453, -2.816488808612519 ], [ 115.296951452847452, -2.816536987092491 ], [ 115.296960017990045, -2.816546445262475 ], [ 115.296995999864976, -2.81658617731 ], [ 115.297040899417539, -2.816634335107494 ], [ 115.297086228847547, -2.816682856229988 ], [ 115.297134231059999, -2.816729629069982 ], [ 115.297166489742494, -2.816759884959993 ], [ 115.297182650559989, -2.816774721077479 ], [ 115.297214446090038, -2.816805012042494 ], [ 115.297260532747487, -2.816854855167492 ], [ 115.297289643802515, -2.816888104002487 ], [ 115.297335271804968, -2.816936406590003 ], [ 115.297350592654993, -2.816952086270021 ], [ 115.297396682012504, -2.816999542594999 ], [ 115.297427056612491, -2.817032566600005 ], [ 115.297459281120041, -2.817063711022513 ], [ 115.297504454067507, -2.817113027145012 ], [ 115.297550815917475, -2.81716125329001 ], [ 115.297581051125007, -2.817192948995 ], [ 115.297584651110014, -2.817196576859999 ], [ 115.297612095722457, -2.817224249 ], [ 115.297642672672509, -2.817255765740015 ], [ 115.297657597820034, -2.817272118112498 ], [ 115.297688619034943, -2.817305046790011 ], [ 115.29773368406245, -2.817353195592489 ], [ 115.297764053267542, -2.817384685355023 ], [ 115.297809560762516, -2.817431167714972 ], [ 115.297824903197466, -2.81744720442498 ], [ 115.297855388414973, -2.817479448717506 ], [ 115.297886692017528, -2.81751140432749 ], [ 115.297902378892445, -2.817527512085007 ], [ 115.297948856755056, -2.817575017872514 ], [ 115.297980190034991, -2.817606423997518 ], [ 115.298011078150012, -2.817638731242482 ], [ 115.298042058895021, -2.817670951252524 ], [ 115.298073981230004, -2.817702554330026 ], [ 115.298105772262488, -2.817735456924993 ], [ 115.298136708942479, -2.817767522252495 ], [ 115.298168124059998, -2.817799184684986 ], [ 115.298211564912549, -2.817844892727521 ], [ 115.298230250125016, -2.817864553705022 ], [ 115.298277757712526, -2.817911007287478 ], [ 115.298309051422507, -2.817943141862486 ], [ 115.298339554627546, -2.817975189202514 ], [ 115.298386168287493, -2.818021901790019 ], [ 115.29841686664497, -2.818054090325006 ], [ 115.298462589977476, -2.818101612299984 ], [ 115.298493175019985, -2.81813377924999 ], [ 115.298523453394978, -2.818165642229985 ], [ 115.298554658970033, -2.818196801940019 ], [ 115.298602295159981, -2.818243415600023 ], [ 115.298632997114964, -2.818275264192494 ], [ 115.298663827672499, -2.818307399667503 ], [ 115.298710133764985, -2.818353900012482 ], [ 115.298741635217539, -2.818384327675005 ], [ 115.298771310147458, -2.818415741892522 ], [ 115.298802009404994, -2.818446017570011 ], [ 115.298832866045018, -2.818475524324981 ], [ 115.298844730800056, -2.81848694301749 ], [ 115.298878117232448, -2.81851906680248 ], [ 115.298938886219958, -2.818580425744983 ], [ 115.298985367679961, -2.818625383754977 ], [ 115.29903121331995, -2.818671092697514 ], [ 115.299076218092523, -2.818715938289984 ], [ 115.299106409232536, -2.81874624184502 ], [ 115.299137808162527, -2.818775638884972 ], [ 115.29918400183999, -2.818823437852473 ], [ 115.299227954407456, -2.81886784367498 ], [ 115.299273067997547, -2.818913880870014 ], [ 115.299303660234955, -2.818943590874994 ], [ 115.299350556282548, -2.818988504815024 ], [ 115.299380682672449, -2.81901845493752 ], [ 115.299440768177533, -2.819079340840005 ], [ 115.299469980854951, -2.819111461024988 ], [ 115.299482493122468, -2.819124369892506 ], [ 115.29951737332749, -2.819160359862508 ], [ 115.299616445342508, -2.819251686914981 ], [ 115.299745835302474, -2.819379018327481 ], [ 115.299912889767484, -2.819542974627495 ], [ 115.299977460192508, -2.819606485650013 ], [ 115.300028237712468, -2.819652631662507 ], [ 115.300077640170002, -2.819701153685003 ], [ 115.3001284060025, -2.819753416887522 ], [ 115.300208835970011, -2.819836219265028 ], [ 115.300257378675042, -2.819882366177524 ], [ 115.30032231242501, -2.819945673952475 ], [ 115.300371395622506, -2.819992525934992 ], [ 115.300420164060029, -2.820040324899992 ], [ 115.300483869335039, -2.820103905170015 ], [ 115.300564659930046, -2.820183175912518 ], [ 115.300630419257459, -2.820245358637521 ], [ 115.300694595779987, -2.820307821947495 ], [ 115.300771102904946, -2.820385872309998 ], [ 115.300778240822524, -2.820393153222483 ], [ 115.300825598222445, -2.820440134704995 ], [ 115.300887601082536, -2.820503670907499 ], [ 115.300917841684964, -2.820536160714994 ], [ 115.300993876664961, -2.82061735780502 ], [ 115.301079697170053, -2.820710711930019 ], [ 115.301150728322455, -2.820790799255008 ], [ 115.30120545926502, -2.820854162789999 ], [ 115.301247965719995, -2.820905481702482 ], [ 115.301314763765049, -2.820989314705002 ], [ 115.301368797732493, -2.821060541010013 ], [ 115.301369968649965, -2.821062084247501 ], [ 115.301411187277495, -2.821114848372474 ], [ 115.301464842627524, -2.821183241812491 ], [ 115.301549348325011, -2.821288759267475 ], [ 115.301594577927517, -2.821338822727512 ], [ 115.301640366909965, -2.821391371015011 ], [ 115.301671960092449, -2.821424277207484 ], [ 115.301717759867529, -2.821472020417502 ], [ 115.301762387824965, -2.821519025282498 ], [ 115.301806424927463, -2.821566006765011 ], [ 115.301852895594948, -2.821611461200007 ], [ 115.301913794985012, -2.821673444275007 ], [ 115.301945432235016, -2.821705781197522 ], [ 115.301970035887507, -2.821731783294979 ], [ 115.301989838960026, -2.821752713217506 ], [ 115.302019369097479, -2.821783530285018 ], [ 115.302048813802458, -2.821816575875005 ], [ 115.302094261940056, -2.821863168849973 ], [ 115.302176095750042, -2.821966595382492 ], [ 115.302209642262483, -2.82202437322502 ], [ 115.302228651232554, -2.822058842442516 ], [ 115.302268049630015, -2.822159696012477 ], [ 115.302272308819965, -2.822198019722521 ], [ 115.302276636357533, -2.822235296622523 ], [ 115.302259533050005, -2.822313290324985 ], [ 115.302252291710033, -2.822360422894974 ], [ 115.302244201409962, -2.822450641982527 ], [ 115.302244760787516, -2.822496269987482 ], [ 115.302246959629997, -2.822522461842482 ], [ 115.302248499270036, -2.82253234719002 ], [ 115.302253858330005, -2.822566759747474 ], [ 115.302281750802535, -2.822665961264988 ], [ 115.302300106865005, -2.822711013702474 ], [ 115.302319112237456, -2.822754718055023 ], [ 115.302330951812451, -2.822781278632476 ], [ 115.302396753407493, -2.82290780515001 ], [ 115.302415638269963, -2.822947353737504 ], [ 115.30243234587499, -2.822987626277495 ], [ 115.302445816819954, -2.823026746787491 ], [ 115.302470216327492, -2.823185662387516 ], [ 115.302474648187513, -2.823226192134996 ], [ 115.302476838034977, -2.823269393767475 ], [ 115.302481333747551, -2.823312134047512 ], [ 115.302492704774977, -2.823376877139992 ], [ 115.302497648347526, -2.823391722249994 ], [ 115.302529031990048, -2.823485966704993 ], [ 115.302547548129951, -2.823528700690019 ], [ 115.302571005147456, -2.823571342042499 ], [ 115.302596757235051, -2.823610660402494 ], [ 115.302610496177522, -2.823629136074999 ], [ 115.302637660200048, -2.823665839207479 ], [ 115.302678191745031, -2.823720750912514 ], [ 115.302766087884947, -2.823841178227497 ], [ 115.302803520365046, -2.82389549907748 ], [ 115.302841738855022, -2.823948169672519 ], [ 115.30289679714997, -2.824040351979988 ], [ 115.302957443829996, -2.824126703085028 ], [ 115.302978932232463, -2.824149478414995 ], [ 115.30298809722251, -2.824159191092519 ], [ 115.303016756817556, -2.824182980859973 ], [ 115.303035236087453, -2.824196238665024 ], [ 115.303074019349992, -2.824220812640021 ], [ 115.303163126877507, -2.82427166120749 ], [ 115.303226796179956, -2.824296420442522 ], [ 115.303286650557538, -2.824322982819979 ], [ 115.303344461677511, -2.824347957892485 ], [ 115.303404450055041, -2.824377741639978 ], [ 115.30346241406005, -2.824409297950012 ], [ 115.30352064696001, -2.824445726789975 ], [ 115.303539298899977, -2.824459362309995 ], [ 115.303591563000055, -2.824498739124977 ], [ 115.303652915649991, -2.82455648639251 ], [ 115.303714806992502, -2.82462889440751 ], [ 115.30372203394495, -2.824639162867527 ], [ 115.303807985750041, -2.824761299795 ], [ 115.303854381774954, -2.824836966952489 ], [ 115.303917565442475, -2.824941959204978 ], [ 115.303960378569968, -2.825013350084987 ], [ 115.304026520107527, -2.825114987867494 ], [ 115.30408098934754, -2.825197330692504 ], [ 115.304185559814982, -2.825377877687515 ], [ 115.304201012867452, -2.825404036267514 ], [ 115.30422665523497, -2.825447440247501 ], [ 115.304310919912496, -2.82558712025002 ], [ 115.304361917767551, -2.825662346739989 ], [ 115.30438785511501, -2.825699434780006 ], [ 115.304442220032456, -2.825769394842496 ], [ 115.304488368742454, -2.82581654 ], [ 115.304520944884985, -2.825846530592514 ], [ 115.304611073142496, -2.825914855685028 ], [ 115.3046699580525, -2.825951372657528 ], [ 115.304750486045009, -2.8259954933975 ], [ 115.30482219169005, -2.826028895117474 ], [ 115.304851213712482, -2.826042413727521 ], [ 115.304932539404945, -2.82607803407501 ], [ 115.305034863367496, -2.826119816574987 ], [ 115.305096179145039, -2.826144008340009 ], [ 115.305155939994961, -2.826165707182497 ], [ 115.30521537888751, -2.82618744199749 ], [ 115.305292145915018, -2.82621541540999 ], [ 115.305354296265023, -2.826238020767505 ], [ 115.305395447442493, -2.826252692307492 ], [ 115.305520829122543, -2.826297143997522 ], [ 115.305608466257468, -2.826324005847482 ], [ 115.305665780949994, -2.826340485925016 ], [ 115.305674437825019, -2.826342976147487 ], [ 115.305717767162491, -2.826354806730023 ], [ 115.305783536379977, -2.826371744559992 ], [ 115.305827700287523, -2.826381995932479 ], [ 115.305894562185017, -2.826395295107488 ], [ 115.305937536287502, -2.826403338642479 ], [ 115.306002515005048, -2.826412160092502 ], [ 115.306068011729963, -2.826420423064974 ], [ 115.306134289067472, -2.826427238127508 ], [ 115.306177869312478, -2.826431646602487 ], [ 115.306242399267489, -2.826438745852499 ], [ 115.306285182714987, -2.826445239854991 ], [ 115.306349533704974, -2.826454617985007 ], [ 115.306392606732516, -2.826463672359978 ], [ 115.306434733675019, -2.826474754704975 ], [ 115.30647602874501, -2.826487778687522 ], [ 115.306546272092532, -2.826512253737519 ], [ 115.306558610792536, -2.826516554294983 ], [ 115.306660802555029, -2.826571097277508 ], [ 115.306725131060034, -2.826612976907484 ], [ 115.306820266742534, -2.826676372814973 ], [ 115.306877230700024, -2.82671029974 ], [ 115.306937459197457, -2.826747370694989 ], [ 115.306997828887461, -2.82677796293251 ], [ 115.30703907629254, -2.826797982740004 ], [ 115.307100054825014, -2.826826011012486 ], [ 115.307162502847518, -2.826853691244992 ], [ 115.307204177429981, -2.826871466344983 ], [ 115.307288184902518, -2.826907871800017 ], [ 115.307341188245005, -2.826930486152492 ], [ 115.307404532892519, -2.826957512580009 ], [ 115.307486235402507, -2.826995550305014 ], [ 115.307660947594968, -2.827072519679973 ], [ 115.307847620769962, -2.827154063909973 ], [ 115.307916121232552, -2.827184607582524 ], [ 115.307980216812552, -2.827214090957511 ], [ 115.308044309697493, -2.827243684947518 ], [ 115.30810721457749, -2.827273757377498 ], [ 115.308161942819993, -2.827300032870028 ], [ 115.308171072737537, -2.827304417065022 ], [ 115.30824505366752, -2.827339571565005 ], [ 115.308308324570021, -2.827368740175018 ], [ 115.308370705144966, -2.827397460024997 ], [ 115.308412192667447, -2.827416439317517 ], [ 115.308453313269979, -2.827434976142513 ], [ 115.308514885352452, -2.827462206714983 ], [ 115.308611050759964, -2.827509732287524 ], [ 115.30869051125751, -2.827541651027502 ], [ 115.308812935070023, -2.827586973259997 ], [ 115.308875662782498, -2.827608326762515 ], [ 115.308940314145048, -2.827628333979987 ], [ 115.308992649292463, -2.827642730327511 ], [ 115.309003932184964, -2.827645833887516 ], [ 115.30904530909504, -2.827658538610024 ], [ 115.309108059289997, -2.827678418125004 ], [ 115.309170848157464, -2.827699384019979 ], [ 115.309202141864944, -2.827711556342479 ], [ 115.309249725895029, -2.827730014927511 ], [ 115.30931049937999, -2.827761216007502 ], [ 115.309369425657451, -2.827800519977473 ], [ 115.309392468987539, -2.827817568425019 ], [ 115.309422869670016, -2.827844246815005 ], [ 115.309574594292485, -2.827990085375006 ], [ 115.309655508095034, -2.828061091344978 ], [ 115.309686487042541, -2.8280848217575 ], [ 115.309702628075001, -2.828092703414995 ], [ 115.309736870660004, -2.828107730187526 ], [ 115.309745283817506, -2.828108464932484 ], [ 115.309758814117458, -2.828109648442478 ], [ 115.309797653139981, -2.828109592682495 ], [ 115.30984192406504, -2.828098489652518 ], [ 115.309888759857472, -2.828074661217499 ], [ 115.309930526172479, -2.828042573405014 ], [ 115.309989668287471, -2.827995028947498 ], [ 115.310059784832447, -2.827935213239982 ], [ 115.310096924134996, -2.827909326254996 ], [ 115.310148563204962, -2.82787767191752 ], [ 115.310190465317532, -2.827861270980009 ], [ 115.31023373170251, -2.827851560102488 ], [ 115.310276026817519, -2.827846918700004 ], [ 115.310318535072497, -2.827846735237472 ], [ 115.310361474102478, -2.82784837920002 ], [ 115.310405342132526, -2.827852671662527 ], [ 115.310448860327483, -2.827858794247504 ], [ 115.310491981919995, -2.827865636290028 ], [ 115.310534474885003, -2.827876346315009 ], [ 115.310563315244963, -2.827885111109993 ], [ 115.310576564057556, -2.82788913467499 ], [ 115.310618221555046, -2.827903227952504 ], [ 115.310658415852458, -2.827916637742476 ], [ 115.310694900450017, -2.827930579032511 ], [ 115.310739158785054, -2.827957009207523 ], [ 115.310776432984994, -2.827984299134982 ], [ 115.310810546969947, -2.828015271787478 ], [ 115.310837632750008, -2.828042112052515 ], [ 115.310858623827471, -2.828063926907475 ], [ 115.310888374300021, -2.828099164144987 ], [ 115.310914860232515, -2.828138073312516 ], [ 115.310969504840045, -2.828229137764993 ], [ 115.31108869018999, -2.828421384039984 ], [ 115.311135981939969, -2.828498179847486 ], [ 115.311155937897524, -2.82852667756498 ], [ 115.31116016201247, -2.828532709317528 ], [ 115.3111844248225, -2.828566971687508 ], [ 115.311241847432484, -2.828633336259998 ], [ 115.311294365142544, -2.828679502957527 ], [ 115.311348839777452, -2.828722343062509 ], [ 115.311387837080019, -2.82874789729749 ], [ 115.311427239074987, -2.828771564755016 ], [ 115.311487748159948, -2.828803189414998 ], [ 115.311603677067524, -2.828858367319981 ], [ 115.311689333894947, -2.828898472587525 ], [ 115.311728774562539, -2.828917825997507 ], [ 115.31178597504254, -2.828949189852494 ], [ 115.311861504604963, -2.828992122587522 ], [ 115.311899231164944, -2.82901606434001 ], [ 115.311917508087504, -2.829027662897488 ], [ 115.311951978202501, -2.829056078775011 ], [ 115.312039686382491, -2.829130359177498 ], [ 115.312071450437543, -2.829161510795018 ], [ 115.312101996810043, -2.829193851314983 ], [ 115.312147340627462, -2.829241288754986 ], [ 115.312191571085009, -2.829290583292504 ], [ 115.312220719909988, -2.829324253012487 ], [ 115.312309045924962, -2.829415920907479 ], [ 115.312371714282449, -2.829479458009985 ], [ 115.312432616372462, -2.829546932345011 ], [ 115.312492573274994, -2.829613098164998 ], [ 115.312531852062534, -2.829656480562505 ], [ 115.312551096655056, -2.829677736937526 ], [ 115.312610492380031, -2.829745375847494 ], [ 115.312654077124989, -2.82979631704751 ], [ 115.312696578184955, -2.829846999239976 ], [ 115.312739896730022, -2.829895172324996 ], [ 115.312781805137547, -2.829941913687492 ], [ 115.312829071704982, -2.829986735899979 ], [ 115.312880012002552, -2.830029216275022 ], [ 115.312934874245002, -2.830066976110004 ], [ 115.312994778984944, -2.830100478554982 ], [ 115.313057884415002, -2.830129505972479 ], [ 115.313122910792458, -2.830151227297506 ], [ 115.31318864584, -2.830166649769978 ], [ 115.313237104907444, -2.830176836392525 ], [ 115.313256003262495, -2.830180808697492 ], [ 115.31332254589995, -2.830194391157477 ], [ 115.313410568842528, -2.830210632914998 ], [ 115.313506667697538, -2.830225628209973 ], [ 115.313680601977467, -2.830246945739987 ], [ 115.313766549287493, -2.83025982493001 ], [ 115.31385085443253, -2.830269596965024 ], [ 115.313935218034999, -2.830282075057482 ], [ 115.314021075412484, -2.830297109025025 ], [ 115.314105936339956, -2.830315665634998 ], [ 115.314124713284968, -2.830319584879987 ], [ 115.314194229080044, -2.830334091844975 ], [ 115.314278566602525, -2.830354209680024 ], [ 115.314359642285012, -2.830371259925016 ], [ 115.314422389782521, -2.830381025662518 ], [ 115.314487513287531, -2.830383097702509 ], [ 115.314556270954995, -2.830375967877501 ], [ 115.314622665204979, -2.83036342682999 ], [ 115.314686576424947, -2.830338540790024 ], [ 115.314747926375048, -2.830314796889979 ], [ 115.314827411157466, -2.830275018977488 ], [ 115.314885267242516, -2.830242146057515 ], [ 115.314958204057461, -2.830188924179993 ], [ 115.314968986029953, -2.830180092837509 ], [ 115.315011704727453, -2.830145102015024 ], [ 115.315062557790043, -2.830098110639995 ], [ 115.315177394022498, -2.829978587142477 ], [ 115.315232199607522, -2.829913085919998 ], [ 115.315274922799972, -2.829863519785022 ], [ 115.315318297999966, -2.829815102984981 ], [ 115.315363069850036, -2.829768627819988 ], [ 115.315408846242462, -2.829724763387503 ], [ 115.315454973367537, -2.829682336069993 ], [ 115.315503054722512, -2.829644001569989 ], [ 115.315554710882452, -2.829609873197512 ], [ 115.315609222387479, -2.829577806970008 ], [ 115.315625287877538, -2.829568930662504 ], [ 115.315645213255038, -2.829557922960021 ], [ 115.315704556820037, -2.829524682217482 ], [ 115.31578140209001, -2.829483851197494 ], [ 115.315857519810038, -2.829442681134992 ], [ 115.315931424294945, -2.8293992079075 ], [ 115.316003049002461, -2.829352835265013 ], [ 115.316078889729965, -2.829310124662527 ], [ 115.316142898975045, -2.829264000232513 ], [ 115.316198605680029, -2.829224323942526 ], [ 115.31625558492749, -2.829187895105008 ], [ 115.316315117349973, -2.829150860125026 ], [ 115.316371887052469, -2.829114395312502 ], [ 115.316393114650054, -2.829099796617527 ], [ 115.316427245719979, -2.82907632701 ], [ 115.316499467577501, -2.829025546792479 ], [ 115.316574650899952, -2.828977621919989 ], [ 115.31665024161498, -2.828926558414992 ], [ 115.316722797119951, -2.828874655840025 ], [ 115.316794524347529, -2.828826444984998 ], [ 115.316865848679981, -2.828779760277484 ], [ 115.316932909327534, -2.828736037037515 ], [ 115.316984186869945, -2.828701950034997 ], [ 115.317038673197544, -2.828663772014977 ], [ 115.317111047937487, -2.828611235419999 ], [ 115.317137140867544, -2.828592066369993 ], [ 115.317163508990006, -2.828572694074978 ], [ 115.317215083309975, -2.828535195942493 ], [ 115.317265760107489, -2.828500484809979 ], [ 115.317320154702543, -2.82846994473249 ], [ 115.317401160235022, -2.828411769387515 ], [ 115.317475473014952, -2.828358674312483 ], [ 115.317551499902493, -2.828314323347513 ], [ 115.317606799215014, -2.828278631055014 ], [ 115.31765976478755, -2.828237159717503 ], [ 115.317716072240046, -2.828199104005023 ], [ 115.317770465034982, -2.828161954810014 ], [ 115.317842206652472, -2.828110668272473 ], [ 115.317881157189959, -2.828085345162492 ], [ 115.317916457379965, -2.828062395362508 ], [ 115.317972851167497, -2.828022657919973 ], [ 115.318028038062494, -2.827982373687519 ], [ 115.318101757290037, -2.827929424302511 ], [ 115.318173961160028, -2.827880249375028 ], [ 115.318243377129988, -2.827831428777472 ], [ 115.318313865092477, -2.827776465810018 ], [ 115.318386449374998, -2.827727099324989 ], [ 115.318438777327515, -2.82768833944499 ], [ 115.318490396614948, -2.827647567779991 ], [ 115.318557922209948, -2.827592508587486 ], [ 115.318603230954977, -2.827547974159984 ], [ 115.31860477688997, -2.827546454304979 ], [ 115.318648055862468, -2.827495764017499 ], [ 115.318700086139984, -2.827420379247485 ], [ 115.318720463877526, -2.82738113823001 ], [ 115.318779776864972, -2.827241077812516 ], [ 115.318790362784966, -2.827083486014999 ], [ 115.318798928827505, -2.827010493440014 ], [ 115.318798826305056, -2.826912683172509 ], [ 115.318800081757445, -2.826820625870027 ], [ 115.31880030748755, -2.826728523602526 ], [ 115.31880099816749, -2.826691995840008 ], [ 115.31880217987748, -2.826629576592495 ], [ 115.318806927397532, -2.826567876804972 ], [ 115.318814169637449, -2.826507900120021 ], [ 115.31882275816497, -2.826445122045016 ], [ 115.318837590682506, -2.826358583882495 ], [ 115.318852521227541, -2.826273478337498 ], [ 115.318862173650018, -2.826206872749992 ], [ 115.318867790815034, -2.826164076709972 ], [ 115.318871669592454, -2.826029932034999 ], [ 115.318864145862449, -2.825941430652506 ], [ 115.318856156287552, -2.825853990470023 ], [ 115.318851818857524, -2.825793474189993 ], [ 115.318849943770033, -2.825767318307498 ], [ 115.318875989935009, -2.825598324902501 ], [ 115.318884098222497, -2.825539027205025 ], [ 115.318900837305023, -2.82547596764249 ], [ 115.318922701622455, -2.825414454015004 ], [ 115.318949733442537, -2.825353605885027 ], [ 115.318982479557462, -2.825294750652517 ], [ 115.319016661890032, -2.825236343282484 ], [ 115.319053956774951, -2.825179096037516 ], [ 115.319093597092547, -2.825125671812486 ], [ 115.319135725832552, -2.825070837450028 ], [ 115.319178661267529, -2.825018026559974 ], [ 115.319201531024987, -2.824990566660006 ], [ 115.319222621027507, -2.824965248047477 ], [ 115.319282052725043, -2.824896073094976 ], [ 115.319328163664977, -2.824845729947526 ], [ 115.319373146852513, -2.824795193442526 ], [ 115.319418630964947, -2.82474600592252 ], [ 115.319452629835041, -2.824715009889985 ], [ 115.319513760352493, -2.824652408982502 ], [ 115.31957372624754, -2.824590191184996 ], [ 115.319634820790043, -2.824526634297513 ], [ 115.319680365157524, -2.824476780379996 ], [ 115.319726304324945, -2.824427457959985 ], [ 115.31977263470003, -2.824379882924973 ], [ 115.319816491937445, -2.824331199024982 ], [ 115.319880887892509, -2.824259718212488 ], [ 115.319924729842455, -2.8242093867525 ], [ 115.319984374679962, -2.82414227844248 ], [ 115.320043870227551, -2.824076217842503 ], [ 115.320101464610048, -2.82401146755501 ], [ 115.32016154381995, -2.823947175922513 ], [ 115.320196531945044, -2.823911480030006 ], [ 115.32025378907997, -2.823846745929984 ], [ 115.320308915725036, -2.823781400292489 ], [ 115.32036429867253, -2.823717847000012 ], [ 115.320405963365033, -2.823666277177495 ], [ 115.320414120214991, -2.823655717337488 ], [ 115.320446424762508, -2.823613889869989 ], [ 115.320483674682464, -2.823559068097495 ], [ 115.320518607047461, -2.823503153647493 ], [ 115.320550075225015, -2.823445301160007 ], [ 115.320587905207503, -2.823369604322522 ], [ 115.320625967215051, -2.823285344142505 ], [ 115.320662282737544, -2.823203048982521 ], [ 115.32070133579748, -2.823112254327498 ], [ 115.320739877142501, -2.823027432069978 ], [ 115.320775914777528, -2.822944019049999 ], [ 115.320812897597534, -2.82286295775998 ], [ 115.320818371769974, -2.822850745865026 ], [ 115.320849025162488, -2.822782349725003 ], [ 115.320886450449962, -2.822701174220015 ], [ 115.320924757072476, -2.822619074210024 ], [ 115.320963024125035, -2.822535714252524 ], [ 115.320998024840037, -2.822454975817493 ], [ 115.321034575085037, -2.822371792125011 ], [ 115.321073463569974, -2.822286647010003 ], [ 115.321112111935008, -2.822203280757492 ], [ 115.32115069105248, -2.822120814722496 ], [ 115.321189318732536, -2.822037552789993 ], [ 115.321193388165057, -2.822028836562481 ], [ 115.321216345157495, -2.821979658034991 ], [ 115.321254678760056, -2.821897513959982 ], [ 115.321292104047529, -2.821814970585024 ], [ 115.321309691189981, -2.821773740264973 ], [ 115.321417206039996, -2.821545683885006 ], [ 115.32144246170003, -2.821495325449973 ], [ 115.321481286332528, -2.821416481885024 ], [ 115.321511802127475, -2.821359947802478 ], [ 115.321540699144975, -2.821304018965009 ], [ 115.321580039087507, -2.821235646207526 ], [ 115.32158962406254, -2.821217469110024 ], [ 115.321618037242501, -2.821163579034987 ], [ 115.321654433705021, -2.821091323905023 ], [ 115.321673895932463, -2.821055291667506 ], [ 115.32172340810996, -2.820963570712479 ], [ 115.321755012084964, -2.820905924170006 ], [ 115.321788537910038, -2.820845370117524 ], [ 115.321823516142445, -2.820784684764988 ], [ 115.321869155837476, -2.820704538982511 ], [ 115.321904320227532, -2.82064593466248 ], [ 115.321948247612454, -2.820566627047526 ], [ 115.321991728935018, -2.820489995817525 ], [ 115.322030755015021, -2.820429758327521 ], [ 115.322039972167545, -2.820415531950005 ], [ 115.322098859774997, -2.820322718317527 ], [ 115.322154355140015, -2.820251357115012 ], [ 115.32219468074004, -2.820208293077485 ], [ 115.322239668425027, -2.820162457332515 ], [ 115.322289210280019, -2.820120688320003 ], [ 115.322341290017448, -2.820075161039995 ], [ 115.322410975785033, -2.820019850935012 ], [ 115.322461544664975, -2.819982187327525 ], [ 115.322530575724954, -2.81993235589249 ], [ 115.322598030275003, -2.819879035090025 ], [ 115.322648073949949, -2.819840443382475 ], [ 115.322681327282453, -2.819816657212527 ], [ 115.322721520682535, -2.819787904087491 ], [ 115.322799417259944, -2.819733762202475 ], [ 115.322870648062462, -2.819680551117472 ], [ 115.32298227821002, -2.819607501885002 ], [ 115.323049936004963, -2.819556611947519 ], [ 115.3231177790625, -2.819499762204998 ], [ 115.323189634895016, -2.819450185277503 ], [ 115.323251811322507, -2.819400024692527 ], [ 115.323316256739986, -2.81935008803498 ], [ 115.32336384256746, -2.819309214747477 ], [ 115.323405742880027, -2.819282137959988 ], [ 115.323423045837444, -2.819270955789989 ], [ 115.323499444145, -2.819219655762481 ], [ 115.323571717260052, -2.819162023607475 ], [ 115.323695443290035, -2.819090279292482 ], [ 115.323749257822556, -2.81905499889001 ], [ 115.32380251027746, -2.819021249132504 ], [ 115.323859034467546, -2.818989557022519 ], [ 115.323917650479984, -2.818958739955008 ], [ 115.323980292757483, -2.818931803459975 ], [ 115.324044513342528, -2.81891058575502 ], [ 115.324107395740043, -2.818895904322517 ], [ 115.324171888822548, -2.818889772745024 ], [ 115.324184121399981, -2.818890120782498 ], [ 115.324234265799987, -2.818891540812501 ], [ 115.324316486317457, -2.818894477097501 ], [ 115.324389465402533, -2.818895336850005 ], [ 115.324480393155, -2.818897919702522 ], [ 115.324548140884986, -2.818901016070015 ], [ 115.324614497362518, -2.818904196072481 ], [ 115.324701879987515, -2.818907671952502 ], [ 115.324766346089973, -2.818908862655007 ], [ 115.324852974184978, -2.818909248462489 ], [ 115.324918392670043, -2.818909746687495 ], [ 115.325082949717512, -2.818917956597488 ], [ 115.325117272344983, -2.818919669807485 ], [ 115.325205208054967, -2.818928504747475 ], [ 115.325271265057495, -2.818931017452485 ], [ 115.325337502822549, -2.818931760292514 ], [ 115.325405072484955, -2.818932114624999 ], [ 115.325470715799952, -2.818932308879994 ], [ 115.325536510202483, -2.818929762897483 ], [ 115.325662797499945, -2.818935438519986 ], [ 115.325747857177475, -2.818936751529975 ], [ 115.325837585237537, -2.81893250492999 ], [ 115.325922098127535, -2.818927193534989 ], [ 115.325981337369967, -2.81892737609752 ], [ 115.325988406039983, -2.81892739768 ], [ 115.326055830912537, -2.818928260130008 ], [ 115.326123495002548, -2.818926852692528 ], [ 115.326190717527538, -2.818923073739995 ], [ 115.32625658297502, -2.818919526815023 ], [ 115.326321764037516, -2.818911690122491 ], [ 115.326386427992475, -2.818900802929988 ], [ 115.326534140737522, -2.818885607085008 ], [ 115.326621100682473, -2.818879261467487 ], [ 115.326685324867526, -2.818874741474986 ], [ 115.326767700969981, -2.818874463585018 ], [ 115.326833139237465, -2.818873238710012 ], [ 115.326877939864971, -2.818872048905007 ], [ 115.326900187294996, -2.818871458052513 ], [ 115.326969562794943, -2.818867938104972 ], [ 115.327038911317459, -2.81887232050002 ], [ 115.327101202857534, -2.818879354997478 ], [ 115.327162127430029, -2.818889448989978 ], [ 115.327225437904985, -2.818898448505024 ], [ 115.327288475882483, -2.818908136002506 ], [ 115.327367743927539, -2.818917585177473 ], [ 115.327452835079953, -2.818935103972478 ], [ 115.327506248514965, -2.818954487060012 ], [ 115.327584842067495, -2.818987806942516 ], [ 115.327623867247553, -2.819006299699993 ], [ 115.327689645460055, -2.819033131872516 ], [ 115.327748953052492, -2.819054918849986 ], [ 115.327774365194955, -2.819064253812485 ], [ 115.327838416710051, -2.81908162601502 ], [ 115.327925907255008, -2.819095707600013 ], [ 115.328015110109959, -2.819101867057498 ], [ 115.328103169925043, -2.819107937482499 ], [ 115.328211703707552, -2.819121236655008 ], [ 115.328296951342509, -2.819129505022488 ], [ 115.328380564012491, -2.819142583862515 ], [ 115.328441185512474, -2.81915145477501 ], [ 115.328500606417492, -2.819164351952509 ], [ 115.328562513950033, -2.81917583269751 ], [ 115.328620880850053, -2.819191247977528 ], [ 115.328633578377548, -2.819198785194999 ], [ 115.328654797879949, -2.819211380199988 ], [ 115.328703322599949, -2.819237939879997 ], [ 115.328717451850025, -2.819275556722516 ], [ 115.328735119930002, -2.819340621772483 ], [ 115.328749307635007, -2.819407451292477 ], [ 115.328764563732534, -2.819481175914973 ], [ 115.328789021695002, -2.819748547957488 ], [ 115.328795595739962, -2.819812788330012 ], [ 115.328802670707546, -2.819876311042492 ], [ 115.328813060575044, -2.819958449722492 ], [ 115.328827217702496, -2.820043363709999 ], [ 115.328831165724978, -2.820067034764975 ], [ 115.328849911194993, -2.820117530800019 ], [ 115.328875013072548, -2.82017525378501 ], [ 115.328917329769979, -2.820227118587525 ], [ 115.328976247954984, -2.820267056580008 ], [ 115.329018808372552, -2.820288463142504 ], [ 115.329080977605031, -2.82030703864001 ], [ 115.329146564262487, -2.820318218110003 ], [ 115.329234225680011, -2.820330310394979 ], [ 115.329322191965048, -2.820340821672517 ], [ 115.329407746270022, -2.820355022864987 ], [ 115.329494562324953, -2.820375842172496 ], [ 115.329555207207477, -2.820396831447511 ], [ 115.329578434897485, -2.820407002779973 ], [ 115.329615979794994, -2.820423445084998 ], [ 115.329674322412529, -2.820457476332479 ], [ 115.329735919677546, -2.820506119762513 ], [ 115.329790949192557, -2.820547654950019 ], [ 115.329846615430029, -2.820596290287483 ], [ 115.329917827344957, -2.820661597255025 ], [ 115.329982363595036, -2.820732124787526 ], [ 115.330042983297517, -2.820802083050012 ], [ 115.330103361082479, -2.820867666110018 ], [ 115.330163040092543, -2.82093432925501 ], [ 115.330222136342513, -2.820998155940003 ], [ 115.330236065042527, -2.821014375212485 ], [ 115.330280243337484, -2.821065814635006 ], [ 115.330338249610008, -2.821133027267479 ], [ 115.330395304399985, -2.821198070735022 ], [ 115.33043906001501, -2.821245080097526 ], [ 115.330479781317536, -2.821292837695012 ], [ 115.330519648262452, -2.82134085519499 ], [ 115.330560232867469, -2.821390207292495 ], [ 115.330615232707487, -2.821454165277487 ], [ 115.330667661382449, -2.821515827292501 ], [ 115.330713031282471, -2.821579137767515 ], [ 115.330769673282475, -2.821639405835015 ], [ 115.330816261759992, -2.821704407932486 ], [ 115.330822520142533, -2.821713137650022 ], [ 115.33088035104754, -2.821790348945001 ], [ 115.330947310069973, -2.821886713100014 ], [ 115.330990903807447, -2.821942255229999 ], [ 115.331029932585011, -2.821998413395022 ], [ 115.331078445615049, -2.8220724905525 ], [ 115.331114755742533, -2.822127353695009 ], [ 115.331150449832535, -2.822183938137528 ], [ 115.331204890292497, -2.822257686142507 ], [ 115.33125027278254, -2.822311653560007 ], [ 115.331344118834977, -2.822424833240007 ], [ 115.331350111020015, -2.822430979205024 ], [ 115.331407226962483, -2.822489560145016 ], [ 115.33145463472249, -2.822537120792504 ], [ 115.331502107237498, -2.822584001550013 ], [ 115.331548392645004, -2.822630697947488 ], [ 115.331641834002539, -2.822726063857488 ], [ 115.331702764869988, -2.822790602805014 ], [ 115.331746229104965, -2.822840233689988 ], [ 115.331805380214973, -2.822903080112496 ], [ 115.331861861234984, -2.822967013817504 ], [ 115.331928694355042, -2.823051060857495 ], [ 115.331985922712533, -2.823144245009985 ], [ 115.332008421950036, -2.823171796639997 ], [ 115.332050152292481, -2.823223294520005 ], [ 115.332091477940025, -2.823274333742518 ], [ 115.332131244162497, -2.823325259652506 ], [ 115.332173726337487, -2.823373713324997 ], [ 115.332217107832548, -2.823423032147502 ], [ 115.332261448007444, -2.823471415672486 ], [ 115.332309704730051, -2.823517772127502 ], [ 115.332360435485043, -2.823561709404999 ], [ 115.332419040707464, -2.823598853204999 ], [ 115.332479172074954, -2.823631139764984 ], [ 115.332540108340027, -2.823663071094984 ], [ 115.332601791939965, -2.823691904257487 ], [ 115.332661058162444, -2.82371869236249 ], [ 115.332661200254961, -2.823718756214987 ], [ 115.332743315552534, -2.823752535649987 ], [ 115.332804314767486, -2.823775452175028 ], [ 115.332866930964997, -2.823795154522486 ], [ 115.332930718977536, -2.823810827007492 ], [ 115.332996531364984, -2.823821809529989 ], [ 115.333062006507475, -2.823829373727506 ], [ 115.333127851269978, -2.823834520547507 ], [ 115.333193669052548, -2.823838218560013 ], [ 115.333259287187502, -2.823840996565025 ], [ 115.333324448464964, -2.823841603607491 ], [ 115.333413035282547, -2.82383976719251 ], [ 115.333478335957466, -2.823839620602485 ], [ 115.333542054722557, -2.823832581607519 ], [ 115.33354272651502, -2.823832512360013 ], [ 115.333603482014951, -2.823826162247485 ], [ 115.333664721350033, -2.8238176600575 ], [ 115.333724441730055, -2.823806111862496 ], [ 115.333780362474954, -2.823787663169981 ], [ 115.333834773257536, -2.823756033114989 ], [ 115.333883967969996, -2.823712468155009 ], [ 115.333930988124962, -2.823665142232528 ], [ 115.333975638564993, -2.823616990732489 ], [ 115.334027042015009, -2.823550872575026 ], [ 115.33407673315503, -2.82348209961998 ], [ 115.334143775815051, -2.823372034292504 ], [ 115.334187442397479, -2.823328694165014 ], [ 115.334198394339978, -2.823315757415003 ], [ 115.334227220310026, -2.823281701889982 ], [ 115.334270755589955, -2.823235554977487 ], [ 115.334314481527485, -2.823192550295005 ], [ 115.334358112137465, -2.823154976620003 ], [ 115.334424058522472, -2.823110853182527 ], [ 115.334478363184985, -2.823078266249979 ], [ 115.33453421918, -2.823054106862514 ], [ 115.334576901002492, -2.823041364367498 ], [ 115.334638482079981, -2.823033123880009 ], [ 115.334681519137462, -2.823027913207511 ], [ 115.33472243469248, -2.82302736731998 ], [ 115.334761964392555, -2.823033019557499 ], [ 115.334827929665039, -2.823056910047512 ], [ 115.334887727387468, -2.823087567037476 ], [ 115.334940269377512, -2.823124224302489 ], [ 115.33496751973496, -2.823150487204998 ], [ 115.334988757225005, -2.823170954875025 ], [ 115.33503667490254, -2.823222239615006 ], [ 115.335097893552529, -2.823289120397476 ], [ 115.33514622491748, -2.823340503162513 ], [ 115.335190899639997, -2.823380155170014 ], [ 115.335244509127506, -2.823417180257479 ], [ 115.335301530642482, -2.823446255340002 ], [ 115.335363898625019, -2.823469763617481 ], [ 115.335429478987521, -2.82348713132501 ], [ 115.335499534375003, -2.823498136329988 ], [ 115.335570284042547, -2.823506705069974 ], [ 115.335637886979953, -2.823511450792523 ], [ 115.335728669942455, -2.823515934812519 ], [ 115.335744102307444, -2.823515856572499 ], [ 115.335817452812535, -2.823515478854972 ], [ 115.335881948592487, -2.823513796224972 ], [ 115.335972463557482, -2.823514350207518 ], [ 115.336059034097502, -2.823509614377485 ], [ 115.336149548162552, -2.823506301275017 ], [ 115.336219413794993, -2.823502396417496 ], [ 115.336306719079971, -2.823498721787473 ], [ 115.336396796074951, -2.823494977910002 ], [ 115.336477333062476, -2.82349471800751 ], [ 115.336563608622555, -2.823499292857491 ], [ 115.336642871272488, -2.823500881059999 ], [ 115.336649566724986, -2.823501014160001 ], [ 115.336736566240006, -2.823508376910013 ], [ 115.336803004555009, -2.823515294494996 ], [ 115.33691264000754, -2.823523237307484 ], [ 115.336996903785007, -2.82352620416998 ], [ 115.337134388542495, -2.823537191187484 ], [ 115.337224958365027, -2.823547952474996 ], [ 115.337314313204956, -2.823555594014977 ], [ 115.337425300337486, -2.823565273417501 ], [ 115.337533576912506, -2.823573991447518 ], [ 115.337539089757456, -2.823574333189981 ], [ 115.337641161009969, -2.823580673409992 ], [ 115.337728937539964, -2.823591395127494 ], [ 115.337818832872472, -2.823597748837528 ], [ 115.33790997196752, -2.823604921829997 ], [ 115.338018530929958, -2.823616298252489 ], [ 115.338098834095035, -2.823623155584983 ], [ 115.338178220847453, -2.823627321244999 ], [ 115.338263207680029, -2.823634254117508 ], [ 115.338329126187546, -2.823638940485012 ], [ 115.338390166772456, -2.823640122195002 ], [ 115.338435679662553, -2.823640997234975 ], [ 115.338475403617508, -2.823641759859981 ], [ 115.338541075710054, -2.823641817415023 ], [ 115.338630890102536, -2.823635697529994 ], [ 115.33869847055746, -2.823630743164983 ], [ 115.338763946600011, -2.823625618827521 ], [ 115.33882995863496, -2.823619975582517 ], [ 115.338892805060027, -2.823614889915007 ], [ 115.338958259515039, -2.82360555675001 ], [ 115.33902116529498, -2.823597286585027 ], [ 115.339084084562501, -2.823583480192497 ], [ 115.339144884129951, -2.823569901330018 ], [ 115.339230577829994, -2.823549298759986 ], [ 115.339321869807463, -2.823528847277487 ], [ 115.339325130750012, -2.823528068465009 ], [ 115.339424949202453, -2.823504192365021 ], [ 115.339510989139967, -2.823485227460026 ], [ 115.339576052392545, -2.823476642532512 ], [ 115.33963991325254, -2.823467822882492 ], [ 115.339807519002534, -2.823401306325025 ] ] ] } },
{ "type": "Feature", "properties": { "source_feature_id": 6, "nama_objek": "Jalan Arteri Primer", "orde_01": 42010000, "orde_02": 22011000, "orde_03": 22011100, "orde_04": 22011101, "jenis_sistem": 42000000, "status_jaringan": 2, "provinsi": "Provinsi Kalimantan Selatan", "kabupaten": "Kabupaten Hulu Sungai Selatan", "keterangan": "Ds. Bagambir (Bts. Kab. HST) - Pantai Hambawang", "sumber_data": "Kepmen PUPR No.430 Tahun 2022 Kementerian PUPR, 2022", "source_shape_length": 0.00061883658926926131, "source_layer": "_6306_50KB_LN_SR_TRANSPORTASI_KABUPATEN_HULUSUNGAISELATAN_2024", "source_dataset": "_6306_50KB_RTRW_KABUPATEN_HULUSUNGAISELATAN_2025.gdb.zip" }, "geometry": { "type": "MultiLineString", "coordinates": [ [ [ 115.310688803945027, -2.700306047284982 ], [ 115.310478026470037, -2.699724212617525 ] ] ] } },
{ "type": "Feature", "properties": { "source_feature_id": 7, "nama_objek": "Jalan Arteri Primer", "orde_01": 42010000, "orde_02": 22011000, "orde_03": 22011100, "orde_04": 22011101, "jenis_sistem": 42000000, "status_jaringan": 2, "provinsi": "Provinsi Kalimantan Selatan", "kabupaten": "Kabupaten Hulu Sungai Selatan", "keterangan": "Jembatan Manggaris (Bts. Kab. HSS) - Sp. Tiga Hamalau (Kandangan)", "sumber_data": "Kepmen PUPR No.430 Tahun 2022 Kementerian PUPR, 2022", "source_shape_length": 0.066642962751113588, "source_layer": "_6306_50KB_LN_SR_TRANSPORTASI_KABUPATEN_HULUSUNGAISELATAN_2024", "source_dataset": "_6306_50KB_RTRW_KABUPATEN_HULUSUNGAISELATAN_2025.gdb.zip" }, "geometry": { "type": "MultiLineString", "coordinates": [ [ [ 115.231743485737525, -2.87265861829502 ], [ 115.231766798600006, -2.872626497114993 ], [ 115.231819999792492, -2.872555110729991 ], [ 115.231856689434949, -2.87250453465748 ], [ 115.231860176107489, -2.872499728679998 ], [ 115.231875308997473, -2.872481733245024 ], [ 115.23190201526495, -2.872449972787479 ], [ 115.231943795070038, -2.872398105287516 ], [ 115.231996641032538, -2.872327727942491 ], [ 115.232024825784947, -2.872289139832503 ], [ 115.232183369067457, -2.872072087557513 ], [ 115.232212488215055, -2.872034047132502 ], [ 115.232268863117497, -2.871961243417502 ], [ 115.232319728772495, -2.871893355395002 ], [ 115.232360679402518, -2.871836698105028 ], [ 115.232396716134986, -2.871780191002472 ], [ 115.232436679310013, -2.871725126412514 ], [ 115.232487844437514, -2.871648139050023 ], [ 115.232529109830011, -2.871594600610024 ], [ 115.232555289995048, -2.871559280634983 ], [ 115.232567852625039, -2.871542332912497 ], [ 115.232618211960016, -2.871473114792479 ], [ 115.232655755957467, -2.871421785087477 ], [ 115.232703744682453, -2.871351253057526 ], [ 115.232729640659954, -2.871315308054989 ], [ 115.232772575194986, -2.871252156762523 ], [ 115.232810744220046, -2.871197826020023 ], [ 115.232848788239949, -2.87114299975002 ], [ 115.232898589097545, -2.871068509805013 ], [ 115.232937012632533, -2.871009781374994 ], [ 115.232973517015012, -2.870952998182474 ], [ 115.233023594862516, -2.870881317717476 ], [ 115.233060285405031, -2.870822755665017 ], [ 115.233065158829959, -2.870814640182516 ], [ 115.233094054947514, -2.870766521057476 ], [ 115.233131251805048, -2.870705424715027 ], [ 115.233167192312521, -2.870650863747528 ], [ 115.233214000224962, -2.870578925177483 ], [ 115.233249398439966, -2.870521237264995 ], [ 115.233284763382471, -2.870463821847522 ], [ 115.233340611280028, -2.870381877422517 ], [ 115.233374404205051, -2.870327517900023 ], [ 115.23340937974001, -2.870272551337507 ], [ 115.233440739100047, -2.870220761180008 ], [ 115.23348210791255, -2.870154961382525 ], [ 115.233516720119951, -2.870098760049984 ], [ 115.233547718852492, -2.870051721009986 ], [ 115.233575732734948, -2.87000921365501 ], [ 115.233644092002464, -2.86989291602498 ], [ 115.233753828177555, -2.869721907239978 ], [ 115.233791125760035, -2.869662263302473 ], [ 115.233833580055034, -2.86959125103499 ], [ 115.23385810277, -2.86955294710998 ], [ 115.23390563373755, -2.869474135022472 ], [ 115.233941201025004, -2.869413062962508 ], [ 115.233976620825047, -2.869355218567478 ], [ 115.234015889722514, -2.869297363382486 ], [ 115.234023800157502, -2.869284757584978 ], [ 115.234052445365023, -2.869239106199984 ], [ 115.234100427792555, -2.869161249192473 ], [ 115.234137941212452, -2.869100233787492 ], [ 115.2341704283225, -2.869043107052505 ], [ 115.234205579224977, -2.868986306772513 ], [ 115.234249869037512, -2.868914262082512 ], [ 115.234283965932491, -2.868860826165019 ], [ 115.234315158017466, -2.868811491157487 ], [ 115.234363066702485, -2.868735671115019 ], [ 115.234386164889997, -2.868698431087523 ], [ 115.234432362164966, -2.86862415697999 ], [ 115.234468587755032, -2.868564078669976 ], [ 115.234497738380014, -2.868516303985018 ], [ 115.234517447922485, -2.868484000337503 ], [ 115.234551950412538, -2.868428143444987 ], [ 115.23458673438995, -2.868369996877504 ], [ 115.234621917667482, -2.868311718110022 ], [ 115.234667391887456, -2.868237535732476 ], [ 115.234703702015054, -2.868177672362492 ], [ 115.234734824852467, -2.868126708679995 ], [ 115.234772009119979, -2.86806550801748 ], [ 115.234812901294958, -2.867998970774977 ], [ 115.234856809795019, -2.867925958415015 ], [ 115.234888896705002, -2.86787243796249 ], [ 115.23493210913, -2.867798969647481 ], [ 115.234951914000021, -2.867763534560027 ], [ 115.234964362414985, -2.867743307907517 ], [ 115.235003798587513, -2.867679224017479 ], [ 115.235026832022527, -2.867643562299975 ], [ 115.235080605184976, -2.867555892789994 ], [ 115.235113579727454, -2.867502448779987 ], [ 115.235145572209944, -2.867450772835014 ], [ 115.235188093955003, -2.867380766910003 ], [ 115.235220643117486, -2.867327530640011 ], [ 115.235264931132519, -2.867253754757485 ], [ 115.235288318002517, -2.867215705340016 ], [ 115.235347973630041, -2.867119038112492 ], [ 115.235371897394998, -2.867078860899994 ], [ 115.235407869377468, -2.867017868879998 ], [ 115.235435117037468, -2.866972838924994 ], [ 115.235444942130016, -2.866956601664981 ], [ 115.23548244925496, -2.866895449564993 ], [ 115.235531994704957, -2.866813057277511 ], [ 115.235556804302519, -2.866770676725025 ], [ 115.235595733257469, -2.866707465177512 ], [ 115.235634260212464, -2.866644786927509 ], [ 115.235659675952547, -2.86660310694748 ], [ 115.235697990670019, -2.866540469167489 ], [ 115.235749278107505, -2.866456396945011 ], [ 115.235788493044993, -2.866392885922494 ], [ 115.235826986724987, -2.866330153712511 ], [ 115.235863822057468, -2.866267123827527 ], [ 115.235888873572549, -2.866224702807472 ], [ 115.235903367047513, -2.866200824007478 ], [ 115.23594002611253, -2.866140428237486 ], [ 115.235983252024994, -2.866076558387476 ], [ 115.236011230832446, -2.866035773232511 ], [ 115.236047781079947, -2.865974398999981 ], [ 115.236085969892542, -2.865910538139985 ], [ 115.2361653467525, -2.86577320806748 ], [ 115.236223022075023, -2.865672093692524 ], [ 115.236246167927447, -2.865631974037512 ], [ 115.236314321250006, -2.865518003852515 ], [ 115.236351526202498, -2.865458645899992 ], [ 115.236370229402496, -2.865428250612524 ], [ 115.236388765330048, -2.865398127822516 ], [ 115.236422812762498, -2.865339301367499 ], [ 115.236461228202529, -2.865276068235005 ], [ 115.236498300954963, -2.865217384775008 ], [ 115.236535049952522, -2.86515863566251 ], [ 115.236572738740051, -2.865100909080013 ], [ 115.236643543265018, -2.864989004639995 ], [ 115.236678284975028, -2.864934038074978 ], [ 115.236711053572549, -2.864878101142494 ], [ 115.236745045247517, -2.864820930342489 ], [ 115.236777446022529, -2.864763861162487 ], [ 115.236809350372482, -2.86470570560499 ], [ 115.236835996385025, -2.864655046792507 ], [ 115.236841318572488, -2.86464492762002 ], [ 115.236873134787515, -2.864583806997473 ], [ 115.236906237032485, -2.864520806789983 ], [ 115.236941336672544, -2.864456103267514 ], [ 115.236974587307486, -2.864393320695001 ], [ 115.237007167047523, -2.864328784444979 ], [ 115.237052220382452, -2.864241328075025 ], [ 115.237084836994995, -2.864176656027496 ], [ 115.237118111012478, -2.864113511029984 ], [ 115.237140773927536, -2.864070866977499 ], [ 115.23717531419004, -2.864003815322519 ], [ 115.237212191790036, -2.863933382220011 ], [ 115.23724639480497, -2.863869363080028 ], [ 115.23725449769745, -2.863854679850022 ], [ 115.23728200975745, -2.863804822334998 ], [ 115.237316685817518, -2.863740670995014 ], [ 115.237339670689948, -2.863697256222508 ], [ 115.237385036989963, -2.863609742295012 ], [ 115.23742038844, -2.863543932607513 ], [ 115.237444134139992, -2.863499375695028 ], [ 115.237478697785036, -2.863433539027483 ], [ 115.237512271275023, -2.863366586300003 ], [ 115.237545854657469, -2.86329388600501 ], [ 115.237580052277508, -2.863220868247481 ], [ 115.237613391945047, -2.863153434382525 ], [ 115.237647150695011, -2.863086252327491 ], [ 115.237665027420007, -2.863050339702511 ], [ 115.237669541117498, -2.863041270937515 ], [ 115.237708995275057, -2.862962558675008 ], [ 115.237731427065, -2.862918300340027 ], [ 115.237765988009983, -2.862851542764986 ], [ 115.237789709427489, -2.862807625272524 ], [ 115.237837475120045, -2.862719473725008 ], [ 115.237861396187554, -2.862675585909983 ], [ 115.237907058364954, -2.862586858797499 ], [ 115.23794115706005, -2.86252021903249 ], [ 115.237976129894946, -2.862453350842486 ], [ 115.237999079694987, -2.862408569100012 ], [ 115.238043112300033, -2.862319654927489 ], [ 115.238076978070012, -2.862255782377474 ], [ 115.238080835262508, -2.862248588702528 ], [ 115.238111225152466, -2.862191909827516 ], [ 115.238145447955048, -2.862126286299997 ], [ 115.23816821878745, -2.862083072974997 ], [ 115.238202902942476, -2.862018996280028 ], [ 115.238248831317492, -2.86193511471248 ], [ 115.238282007309977, -2.861867914672473 ], [ 115.238315087970022, -2.861801722769997 ], [ 115.238348212699975, -2.861736351950015 ], [ 115.238370729925009, -2.861694930077476 ], [ 115.238405455447491, -2.861629209420016 ], [ 115.238438001012469, -2.861562266584997 ], [ 115.238470998937487, -2.861496242857527 ], [ 115.238496733937495, -2.861446939324992 ], [ 115.238505872847554, -2.861429430425005 ], [ 115.238538422909983, -2.861364413037506 ], [ 115.238570881242481, -2.861300065645025 ], [ 115.238591349810008, -2.861256556445028 ], [ 115.238634806849973, -2.861171198192494 ], [ 115.238668089859971, -2.861106221275008 ], [ 115.238702752429958, -2.861041513254975 ], [ 115.23873721175255, -2.860977665887503 ], [ 115.238772076669989, -2.860916297049982 ], [ 115.238807466790036, -2.860850823707494 ], [ 115.238841812800047, -2.86078518219 ], [ 115.238876370147523, -2.860717527992506 ], [ 115.238911984199945, -2.860644989575007 ], [ 115.238920225587549, -2.860628199232508 ], [ 115.238953978042446, -2.860562573902484 ], [ 115.238999492732546, -2.860475799217511 ], [ 115.239041965915021, -2.860387840127487 ], [ 115.239074106784983, -2.860323020589988 ], [ 115.239105701767471, -2.860259674145027 ], [ 115.239138030594972, -2.860196041715028 ], [ 115.239168910617536, -2.860138726119999 ], [ 115.239199785242477, -2.860079478784996 ], [ 115.239230605007492, -2.860019736822494 ], [ 115.239271973822497, -2.859941333925008 ], [ 115.239325212787548, -2.85984191117501 ], [ 115.239336242074955, -2.859821315799991 ], [ 115.239367343327444, -2.85975915106502 ], [ 115.239410153754989, -2.859676772265004 ], [ 115.239441808092465, -2.859616281167519 ], [ 115.239474129727455, -2.859556889937494 ], [ 115.239504959387546, -2.859497211827488 ], [ 115.239536225217535, -2.859437441084992 ], [ 115.239567256325017, -2.85937409823498 ], [ 115.239602643747503, -2.859305863075008 ], [ 115.239632083952529, -2.859244087745026 ], [ 115.239654645244968, -2.859203540910016 ], [ 115.239688365325037, -2.859138692597526 ], [ 115.239719454889951, -2.859075402807491 ], [ 115.239737062714994, -2.859038172672513 ], [ 115.239749715277526, -2.859011423237519 ], [ 115.239805205245034, -2.858907942747521 ], [ 115.239817276844974, -2.858886815874996 ], [ 115.239860714100018, -2.858807446207493 ], [ 115.239904783579959, -2.858727023432493 ], [ 115.239938819319946, -2.858666115050028 ], [ 115.239971652669965, -2.858604292952521 ], [ 115.239993795777536, -2.858561848549982 ], [ 115.240027337792526, -2.858496476829998 ], [ 115.240072205867477, -2.858410256127513 ], [ 115.240107799235034, -2.858340882425011 ], [ 115.240129480990049, -2.858296135757485 ], [ 115.240158117202554, -2.858239276122504 ], [ 115.240173593637451, -2.858208545387527 ], [ 115.240206621237462, -2.858146062290018 ], [ 115.240241169595038, -2.85808298564001 ], [ 115.240274467892505, -2.858018681417491 ], [ 115.240306138417509, -2.857954551659986 ], [ 115.240338655205051, -2.857891990322514 ], [ 115.240371198972525, -2.857829053967521 ], [ 115.240403689677464, -2.857766542992522 ], [ 115.240437348605042, -2.857699370830005 ], [ 115.240469467892467, -2.857634127712515 ], [ 115.240502258972469, -2.857572230074993 ], [ 115.240534047307506, -2.857509824320005 ], [ 115.24056658118252, -2.857446371752474 ], [ 115.240571841317546, -2.857436428847507 ], [ 115.240599565617458, -2.857384027149976 ], [ 115.240645259272469, -2.857300174362479 ], [ 115.24066880711996, -2.857258450317488 ], [ 115.240699849917519, -2.857194924905002 ], [ 115.240731434107488, -2.857130680037528 ], [ 115.240764540850023, -2.857065999894985 ], [ 115.240796171804959, -2.857001262197514 ], [ 115.240827729017496, -2.856935459702527 ], [ 115.240872543132468, -2.856851484607489 ], [ 115.240905621097454, -2.856789846875017 ], [ 115.240928354160019, -2.856749442132525 ], [ 115.240973158385032, -2.856669656979989 ], [ 115.240990515300041, -2.856636372169987 ], [ 115.241004639152493, -2.856609287287483 ], [ 115.241025202152514, -2.856568528215007 ], [ 115.241065593402482, -2.856485406575018 ], [ 115.241108519842555, -2.85640872678249 ], [ 115.241139391770048, -2.856349628732517 ], [ 115.241180228185044, -2.856270169132472 ], [ 115.241208898572495, -2.85620714014749 ], [ 115.241240295702482, -2.856145264992506 ], [ 115.241271127159962, -2.856084978937474 ], [ 115.241301210382517, -2.856025878192497 ], [ 115.241331717184949, -2.855965601132482 ], [ 115.241363414689999, -2.855904449029993 ], [ 115.241402275294945, -2.855832639965001 ], [ 115.241403459702497, -2.855830448317477 ], [ 115.241433320789952, -2.855771198282525 ], [ 115.241472238952497, -2.855694558057507 ], [ 115.241502787125, -2.855637890875016 ], [ 115.241538160157461, -2.85557752568252 ], [ 115.241570849614959, -2.855511641350006 ], [ 115.241604587682446, -2.855447868624992 ], [ 115.241634971277449, -2.855386459317515 ], [ 115.241665230764966, -2.855330425259979 ], [ 115.241705673277465, -2.855252801175027 ], [ 115.241734547812484, -2.855194722957492 ], [ 115.241772421859991, -2.855120089120021 ], [ 115.241792409292543, -2.855082180897512 ], [ 115.241818314264947, -2.855031113795008 ], [ 115.241832957025053, -2.855002243757497 ], [ 115.241871857199953, -2.854921436975019 ], [ 115.241902490807547, -2.854861951317503 ], [ 115.241933109124943, -2.854800026699991 ], [ 115.241964928040034, -2.854740506869973 ], [ 115.241996666912542, -2.854680694757519 ], [ 115.242017831557519, -2.854637816882473 ], [ 115.242057524935035, -2.854556379672488 ], [ 115.242096489860046, -2.854475271617503 ], [ 115.242136345117501, -2.854396169047504 ], [ 115.242156483634972, -2.854356180692491 ], [ 115.242197166267488, -2.854277273277489 ], [ 115.242223475032461, -2.854223890419973 ], [ 115.242227754907503, -2.854215205667515 ], [ 115.24225727155499, -2.854153521167518 ], [ 115.242286448259961, -2.854091398700007 ], [ 115.242317310294993, -2.854030356314979 ], [ 115.242357569347519, -2.853949265345022 ], [ 115.242387335107537, -2.853885500715023 ], [ 115.24241938874502, -2.85382010021749 ], [ 115.242450346107489, -2.853757424664991 ], [ 115.242482235167472, -2.853694625905007 ], [ 115.242514287004951, -2.853633528665 ], [ 115.242544597755, -2.853571756930023 ], [ 115.242576448144973, -2.853506080340026 ], [ 115.242607818297529, -2.853442016235022 ], [ 115.242621988912447, -2.853413302682497 ], [ 115.242639906107456, -2.853377005144978 ], [ 115.242670868865048, -2.853312959025004 ], [ 115.242701610389986, -2.853250410277496 ], [ 115.242738683145035, -2.853175479665026 ], [ 115.242769225920028, -2.853113857217522 ], [ 115.242800410809991, -2.85305143797251 ], [ 115.242829687339963, -2.852990382100018 ], [ 115.242859794845003, -2.852926963707489 ], [ 115.242891481557535, -2.85286160008252 ], [ 115.24292411525505, -2.852797919987495 ], [ 115.242961971317527, -2.85272118803249 ], [ 115.242993845989986, -2.852657393722495 ], [ 115.243019997374972, -2.852602428959983 ], [ 115.24302604621505, -2.852589716142518 ], [ 115.24305639473755, -2.852525948812513 ], [ 115.243084119937521, -2.852469280732521 ], [ 115.243126213605024, -2.852385866814984 ], [ 115.243184808932483, -2.852265025810027 ], [ 115.243215855327549, -2.852203189324996 ], [ 115.243237019072467, -2.8521639689925 ], [ 115.24327900212495, -2.852083459882522 ], [ 115.243315215124994, -2.852006950960003 ], [ 115.243353054999943, -2.851925593789986 ], [ 115.243382580642447, -2.851862741072523 ], [ 115.243418068789993, -2.851791681140014 ], [ 115.243444156322539, -2.851739444919986 ], [ 115.24347660296246, -2.851675198252508 ], [ 115.24350575988251, -2.851616131679975 ], [ 115.243538226307464, -2.851551144869973 ], [ 115.243568927365004, -2.851487992677505 ], [ 115.243599703962445, -2.851424245132478 ], [ 115.243631988725042, -2.851361621742512 ], [ 115.243663923650047, -2.851298108919991 ], [ 115.243695516835032, -2.851233623032499 ], [ 115.243728867292475, -2.851167119067497 ], [ 115.243762695292503, -2.851098651880022 ], [ 115.243821644052446, -2.850983588122517 ], [ 115.243826146960032, -2.85097479814749 ], [ 115.243860941729963, -2.850907527059974 ], [ 115.243893022344992, -2.850843827179972 ], [ 115.24392518030254, -2.850781083280026 ], [ 115.243958949845023, -2.850712075602473 ], [ 115.243990427017479, -2.850648605050026 ], [ 115.244023987917444, -2.850584695627504 ], [ 115.244059058777452, -2.850514719377486 ], [ 115.244086666167505, -2.850459688962474 ], [ 115.244111705990008, -2.850401918315015 ], [ 115.244144149032536, -2.850336624834995 ], [ 115.244175833047507, -2.850273012189973 ], [ 115.244214017362538, -2.850197115704987 ], [ 115.244225104205043, -2.850175548162497 ], [ 115.244246729302517, -2.850133478777479 ], [ 115.244278287412499, -2.850072466970005 ], [ 115.244306342662526, -2.850013504719982 ], [ 115.244335961834963, -2.849951849897479 ], [ 115.244369673822462, -2.849886128342519 ], [ 115.244398194919995, -2.849829361335026 ], [ 115.244431353825007, -2.849755293172507 ], [ 115.244467209794948, -2.849685128965007 ], [ 115.244494682284994, -2.849630948409981 ], [ 115.244524492112532, -2.849567324072495 ], [ 115.244586393347504, -2.849440523262501 ], [ 115.244624003894955, -2.849365219430013 ], [ 115.244625358275016, -2.849362509772504 ], [ 115.244661357235032, -2.849286803042503 ], [ 115.244689507814996, -2.849230780674986 ], [ 115.244727064402468, -2.84915637436751 ], [ 115.244755119652496, -2.849098062325027 ], [ 115.244790394659958, -2.849021392422515 ], [ 115.244817932802448, -2.848963589397499 ], [ 115.244854900332484, -2.848889966397508 ], [ 115.244874992987548, -2.848851268570002 ], [ 115.244904999765026, -2.848793166072483 ], [ 115.244945944099982, -2.848710478805003 ], [ 115.24498399531501, -2.848633914125003 ], [ 115.245012278095032, -2.848574020175022 ], [ 115.245020949357468, -2.848553905937479 ], [ 115.245046302145056, -2.84849509567249 ], [ 115.245073762044967, -2.848436455377509 ], [ 115.245100708429959, -2.848375414792486 ], [ 115.245136388135052, -2.848295867060017 ], [ 115.245165458719953, -2.848234401995001 ], [ 115.245195657054978, -2.848172164415018 ], [ 115.245225664732516, -2.84811191883 ], [ 115.245255827094979, -2.848048694692523 ], [ 115.245287726947481, -2.847985664807481 ], [ 115.245318286809947, -2.847922123207525 ], [ 115.245360450624958, -2.847839533967488 ], [ 115.24539214722995, -2.847772640594997 ], [ 115.245409421407544, -2.847738531107495 ], [ 115.245424504837501, -2.847708744662498 ], [ 115.245486191135001, -2.84758355273749 ], [ 115.245507648960029, -2.847542022047492 ], [ 115.245553401069969, -2.847460494905022 ], [ 115.245587150827532, -2.847399084699987 ], [ 115.245619056974988, -2.847333254325008 ], [ 115.245650051209964, -2.847273078889998 ], [ 115.245684148105056, -2.847195399047507 ], [ 115.245714012792519, -2.847130604692495 ], [ 115.245742335139994, -2.847067089175027 ], [ 115.245770435357485, -2.847006223057519 ], [ 115.245799711887457, -2.846945401009975 ], [ 115.245807972160037, -2.84692834986248 ], [ 115.245840847777458, -2.846860487022525 ], [ 115.245869932752498, -2.846802468159979 ], [ 115.245900884717457, -2.846740735995013 ], [ 115.245931242232473, -2.846680186442484 ], [ 115.245979052889993, -2.846579349057492 ], [ 115.24600857044004, -2.846516491842522 ], [ 115.246037566379982, -2.846456462094977 ], [ 115.246066592000034, -2.846393712800023 ], [ 115.246096563705009, -2.846331343017482 ], [ 115.246129671347489, -2.846265828304979 ], [ 115.246159934432512, -2.84620206367498 ], [ 115.246189211862543, -2.846135869074999 ], [ 115.246199062137521, -2.846114153144981 ], [ 115.246223905907527, -2.846059379937515 ], [ 115.246250559114969, -2.845997227790008 ], [ 115.24628038602998, -2.845936340990022 ], [ 115.24632208759499, -2.845858172817486 ], [ 115.246349040275049, -2.84580001275998 ], [ 115.246379071337515, -2.845741244762507 ], [ 115.24641047656246, -2.845679552169997 ], [ 115.246450836337544, -2.845598416235021 ], [ 115.246478843922546, -2.845535201987502 ], [ 115.246507895622472, -2.845472539027526 ], [ 115.246538808920036, -2.845406878624999 ], [ 115.246556726112544, -2.84536279655498 ], [ 115.246587822869969, -2.845299101172486 ], [ 115.246596814292502, -2.845280689352478 ], [ 115.24662089993501, -2.845227644639976 ], [ 115.24664871236746, -2.845169737292508 ], [ 115.246687646717533, -2.845081539880027 ], [ 115.246717437659981, -2.845015525147517 ], [ 115.246745608922538, -2.844954096055005 ], [ 115.246779738194959, -2.844895001602481 ], [ 115.246810427560035, -2.844837364952525 ], [ 115.24684661178253, -2.844757496162515 ], [ 115.246872067992513, -2.84469549869749 ], [ 115.24690780165497, -2.844614979697496 ], [ 115.246936497222464, -2.844560258650006 ], [ 115.246969166892541, -2.844499940219976 ], [ 115.246976178007458, -2.84448419219251 ], [ 115.247003621719955, -2.844422533772502 ], [ 115.247033893799994, -2.844366979952497 ], [ 115.24707013917498, -2.844290720140009 ], [ 115.247088929609959, -2.844251156264988 ], [ 115.247126802760022, -2.844172649047493 ], [ 115.247155653010054, -2.844115220139997 ], [ 115.247193262659948, -2.844036924265026 ], [ 115.247229469365038, -2.843959045672477 ], [ 115.247257167584962, -2.843899649050002 ], [ 115.24728285941751, -2.843843043022503 ], [ 115.247316806125013, -2.843774368992513 ], [ 115.247348279699963, -2.843708952305008 ], [ 115.247367812974971, -2.84367033092002 ], [ 115.24737995202247, -2.843646328014984 ], [ 115.247424555700036, -2.84355193877002 ], [ 115.247446134932488, -2.843505507672489 ], [ 115.24747370814498, -2.843446639850015 ], [ 115.247512324134959, -2.843364190004991 ], [ 115.247543481147545, -2.843301793242517 ], [ 115.247574185799976, -2.84323940907251 ], [ 115.247603406572466, -2.843178328917475 ], [ 115.247633380975003, -2.843114600257479 ], [ 115.247662000999981, -2.84304859271748 ], [ 115.247690791897526, -2.842986136600018 ], [ 115.247730316202478, -2.842900003132513 ], [ 115.247752186814978, -2.842854607155004 ], [ 115.247752851412542, -2.842853207809981 ], [ 115.247780234869992, -2.842795499212514 ], [ 115.247822487717485, -2.842711024992525 ], [ 115.247853222047524, -2.842645407760017 ], [ 115.247873158220045, -2.842601039705016 ], [ 115.247912653744947, -2.842512472672524 ], [ 115.247942057079968, -2.842447359957475 ], [ 115.247974352634969, -2.842383935269993 ], [ 115.248004309052476, -2.842320676057511 ], [ 115.248032626905001, -2.842257404255008 ], [ 115.248062087795006, -2.842194923857505 ], [ 115.248092213284963, -2.842132847252515 ], [ 115.248122992582466, -2.842067188649992 ], [ 115.248136137972551, -2.842035331965008 ], [ 115.248150004620015, -2.842001724300019 ], [ 115.248180040177544, -2.841934734699976 ], [ 115.248211216074992, -2.841867492390008 ], [ 115.248244095290033, -2.841798622307522 ], [ 115.248277836052466, -2.841730388944995 ], [ 115.248310639724991, -2.841661853412518 ], [ 115.248342377697554, -2.841595558987478 ], [ 115.248373265812461, -2.841527429947519 ], [ 115.248404636864962, -2.841462194924986 ], [ 115.248431845852451, -2.841406847047494 ], [ 115.248466578569946, -2.841338440117511 ], [ 115.248495161722531, -2.841270926212474 ], [ 115.248519493780009, -2.841217526267485 ], [ 115.248532881087499, -2.841188149015011 ], [ 115.24857270126995, -2.841101726862519 ], [ 115.248633322770047, -2.840971762237473 ], [ 115.248662521057554, -2.840908556085026 ], [ 115.248670301092488, -2.840887565010007 ], [ 115.248697114379979, -2.840826331069991 ], [ 115.248724121919963, -2.840765321962522 ], [ 115.248751742799982, -2.840701516862509 ], [ 115.248770764359961, -2.840658689347492 ], [ 115.248808413577535, -2.840572795097501 ], [ 115.248834462439959, -2.840506669747526 ], [ 115.248852908434969, -2.840463882702522 ], [ 115.248880055370023, -2.840389447614996 ], [ 115.248885676132545, -2.840374035932484 ], [ 115.248910661997456, -2.84030616230001 ], [ 115.248934878942464, -2.84023725174751 ], [ 115.248957406059958, -2.840169358330002 ], [ 115.248971591065015, -2.840125014557486 ], [ 115.249003222019951, -2.840034742410012 ], [ 115.249034382630043, -2.839943570940022 ], [ 115.249048745702453, -2.839898236115005 ], [ 115.249069860885015, -2.839829572877477 ], [ 115.249091792652507, -2.839760121832512 ], [ 115.249114244227485, -2.839690265192473 ], [ 115.249136417912496, -2.839620532662479 ], [ 115.249163437142556, -2.839531381967504 ], [ 115.249164815802487, -2.839526829600004 ], [ 115.249178547552447, -2.83948049113252 ], [ 115.249192255917478, -2.839433605875001 ], [ 115.249199234657453, -2.839410104792478 ], [ 115.249219070105028, -2.839339388402493 ], [ 115.249239685262523, -2.839268811407521 ], [ 115.249260418235053, -2.839198541980011 ], [ 115.249281030694988, -2.839126891192507 ], [ 115.249300831967503, -2.839053142287526 ], [ 115.24932079961502, -2.838979808870022 ], [ 115.249340590994962, -2.838908855060026 ], [ 115.249361573977467, -2.838837939919983 ], [ 115.249383102847446, -2.838766469897507 ], [ 115.249404417680012, -2.838696408212513 ], [ 115.249414939747453, -2.838663236719981 ], [ 115.249426583269951, -2.838626530889997 ], [ 115.249447896302513, -2.838556753392481 ], [ 115.249467793802523, -2.838486317590025 ], [ 115.249489608657541, -2.838415856607526 ], [ 115.249529867709953, -2.838280339565017 ], [ 115.249549364112454, -2.838210976654977 ], [ 115.24956770308745, -2.838141468055028 ], [ 115.249585838815051, -2.838068910752497 ], [ 115.249604979984952, -2.837997981222486 ], [ 115.249626569109978, -2.837930177735018 ], [ 115.249647053867534, -2.837861466832521 ], [ 115.2496670907625, -2.837795383750006 ], [ 115.249667964905029, -2.837792503222488 ], [ 115.249688550387532, -2.837723035089994 ], [ 115.249709474012548, -2.837653287269973 ], [ 115.249750860812469, -2.837515344757492 ], [ 115.24976993363498, -2.837447561955003 ], [ 115.249791315017546, -2.837376179167507 ], [ 115.24981142206002, -2.837306419655022 ], [ 115.24983715615997, -2.837217417350018 ], [ 115.249857315362533, -2.837145280929974 ], [ 115.249884448807506, -2.837048894289978 ], [ 115.249904650279973, -2.836975058152518 ], [ 115.249919141955047, -2.836927376997494 ], [ 115.249925817622511, -2.836905411055 ], [ 115.249949612785031, -2.836826778832517 ], [ 115.249965806877526, -2.836761801014973 ], [ 115.249986521860023, -2.836691492017508 ], [ 115.250004781694997, -2.836621558037507 ], [ 115.25002429068752, -2.836550483717474 ], [ 115.250043348222448, -2.836480349187525 ], [ 115.250068873679993, -2.836389405247473 ], [ 115.25008146329003, -2.836343830302496 ], [ 115.250102055064986, -2.836274360372499 ], [ 115.250165557094988, -2.836066950630027 ], [ 115.250167978970012, -2.83605852937751 ], [ 115.250186671377492, -2.835993565949991 ], [ 115.250208168772474, -2.835921289234989 ], [ 115.250228864869996, -2.835849054790003 ], [ 115.250242779179985, -2.835801354747503 ], [ 115.25026734596247, -2.835728647259998 ], [ 115.250287202092522, -2.835664119102489 ], [ 115.250309443227479, -2.835590388184983 ], [ 115.250336134204986, -2.835495434167512 ], [ 115.250357320435, -2.83542509189499 ], [ 115.250378130745048, -2.835354431262488 ], [ 115.25039262691746, -2.835308600012524 ], [ 115.250413289742482, -2.835238853090004 ], [ 115.250427113219985, -2.835192679197519 ], [ 115.250434080267496, -2.835169403844986 ], [ 115.250453102727533, -2.835099681205008 ], [ 115.250477078654967, -2.835008649129975 ], [ 115.250490010904969, -2.834962384407504 ], [ 115.250509196142502, -2.834890873915015 ], [ 115.250527830095052, -2.834821752022492 ], [ 115.250546287780026, -2.83475190078002 ], [ 115.250565908290014, -2.834683744760014 ], [ 115.250587364315038, -2.834613362017478 ], [ 115.25060775734255, -2.834543535954992 ], [ 115.250628088315011, -2.83447501930749 ], [ 115.250647628785032, -2.83440752698499 ], [ 115.250675881887446, -2.834323861257474 ], [ 115.250689893324989, -2.83428237283249 ], [ 115.250709482357479, -2.834216581130022 ], [ 115.250727877990016, -2.834151916277506 ], [ 115.250745692659962, -2.834086058924981 ], [ 115.250766412140024, -2.834019751009976 ], [ 115.250784394085031, -2.833953183192477 ], [ 115.250810390787478, -2.833865656675016 ], [ 115.250827750400049, -2.833798443142484 ], [ 115.250845858250045, -2.833730977802475 ], [ 115.250865145109969, -2.833666346225016 ], [ 115.250877452332475, -2.833624389255021 ], [ 115.250896220284972, -2.833561129142481 ], [ 115.25091490370005, -2.833496831212528 ], [ 115.250928067974996, -2.833456012785007 ], [ 115.250935026930051, -2.83343443535 ], [ 115.250967580589986, -2.83332822721502 ], [ 115.250985543647516, -2.833264470677477 ], [ 115.251008507837469, -2.833177561094999 ], [ 115.251028459294957, -2.833113987119987 ], [ 115.251048935059998, -2.833050688337494 ], [ 115.251059881607489, -2.833009854620002 ], [ 115.251086587874966, -2.832925757217481 ], [ 115.251112967690005, -2.832835253942505 ], [ 115.251134598182489, -2.832769919994973 ], [ 115.251155637822535, -2.832702808987506 ], [ 115.251172950670025, -2.83263535803502 ], [ 115.251185682372466, -2.83258984514498 ], [ 115.251192411099964, -2.832565790977526 ], [ 115.251205141904961, -2.832522195442493 ], [ 115.251230607107459, -2.832431016777491 ], [ 115.251249640357514, -2.832361758187517 ], [ 115.251283237232542, -2.832249152277484 ], [ 115.251309883244971, -2.83215874882751 ], [ 115.251348816694986, -2.832023390067491 ], [ 115.251368537027474, -2.83195238499502 ], [ 115.251389377917462, -2.831881746844999 ], [ 115.251415225332494, -2.831788780327486 ], [ 115.251428213342479, -2.831742468839991 ], [ 115.251434971747472, -2.831721029002495 ], [ 115.251442581810011, -2.831696890300009 ], [ 115.251455298222481, -2.831650014935008 ], [ 115.251469301567454, -2.831604431900018 ], [ 115.251476862167465, -2.831581912874981 ], [ 115.25149698179996, -2.831514384579975 ], [ 115.251510370907454, -2.831470128942499 ], [ 115.251523841852531, -2.831425306732513 ], [ 115.251535942230021, -2.831382966649983 ], [ 115.251562322042446, -2.831297503177495 ], [ 115.25158067271002, -2.831231965082509 ], [ 115.251594067212523, -2.831186975597518 ], [ 115.251606939209978, -2.83114469666998 ], [ 115.251625164870006, -2.831083927680027 ], [ 115.251643395027486, -2.831022119974989 ], [ 115.251662597349991, -2.830959197110019 ], [ 115.251681352712467, -2.830894927957502 ], [ 115.251692569955026, -2.830854694090021 ], [ 115.251693749867513, -2.830850460080001 ], [ 115.251717502760016, -2.830763785219972 ], [ 115.251737073807476, -2.830696890947479 ], [ 115.251764879045027, -2.830610936444998 ], [ 115.25178822274745, -2.830548170960014 ], [ 115.251803066060006, -2.830505929804985 ], [ 115.25183524290253, -2.830398110085014 ], [ 115.251846657997476, -2.830353617025025 ], [ 115.25189209174755, -2.830200434602489 ], [ 115.251911027872552, -2.830134660884994 ], [ 115.251929927125047, -2.830067788197482 ], [ 115.251950160072511, -2.830001828322509 ], [ 115.251953861682523, -2.829989718950003 ], [ 115.251971503682512, -2.829932013052485 ], [ 115.251991384095049, -2.829865498295021 ], [ 115.252010661962458, -2.829803159087476 ], [ 115.252037171277493, -2.829713136052476 ], [ 115.252056360112533, -2.829643970092491 ], [ 115.252076140702457, -2.829574162017479 ], [ 115.252097803569995, -2.829506752435009 ], [ 115.25211882522251, -2.829441852859986 ], [ 115.252140285744986, -2.829374382122523 ], [ 115.25216015626745, -2.829305071372517 ], [ 115.252178347752533, -2.829235322652494 ], [ 115.252198506954983, -2.82916602539251 ], [ 115.252211725190023, -2.829123529727497 ], [ 115.252220215690045, -2.829096229007519 ], [ 115.252243840880055, -2.829024194209978 ], [ 115.252265901249984, -2.828955379887475 ], [ 115.252289831310009, -2.828885312807472 ], [ 115.252310156887461, -2.828816618992505 ], [ 115.252328666735025, -2.828750507129996 ], [ 115.252348557939968, -2.828684255872474 ], [ 115.252388083142478, -2.828560329294987 ], [ 115.252410816207544, -2.828493325307477 ], [ 115.252430004142525, -2.828429823277474 ], [ 115.252450614804957, -2.828364019882486 ], [ 115.252469864792488, -2.82829834419249 ], [ 115.252481296074961, -2.828260945885006 ], [ 115.252497455992511, -2.82820807474252 ], [ 115.252518455162544, -2.828137870067508 ], [ 115.252537551367482, -2.828071198827502 ], [ 115.252555677202508, -2.828006873917502 ], [ 115.252579413010039, -2.827912327292495 ], [ 115.252597722307542, -2.827842236830008 ], [ 115.252617510990035, -2.827775044882515 ], [ 115.252637951679958, -2.827708274717509 ], [ 115.252657197172539, -2.82764170690001 ], [ 115.252678689170011, -2.827574997887496 ], [ 115.252718933832512, -2.827440338799988 ], [ 115.252732841847546, -2.827392903159989 ], [ 115.252738859210012, -2.827372383329987 ], [ 115.252758908697501, -2.827301848602474 ], [ 115.25278329201501, -2.8272254323075 ], [ 115.252804907220025, -2.827153885842506 ], [ 115.252824831699968, -2.827086183979986 ], [ 115.252844050212502, -2.827017779747507 ], [ 115.252864079912456, -2.826951950272473 ], [ 115.252884507115027, -2.826886743127488 ], [ 115.252908009997554, -2.826801634887488 ], [ 115.252928170099949, -2.826734576939998 ], [ 115.252947756434992, -2.826667212322491 ], [ 115.252991416719965, -2.826537069629978 ], [ 115.252994398872488, -2.826527845285 ], [ 115.253029973354955, -2.826417742185015 ], [ 115.253054218177454, -2.826329649992488 ], [ 115.253073248732449, -2.826258757334983 ], [ 115.253155385612445, -2.825977594190022 ], [ 115.25317791093255, -2.825905720372475 ], [ 115.253199488364999, -2.825836585889988 ], [ 115.25322023392755, -2.825766075445017 ], [ 115.253237946075046, -2.825702494274992 ], [ 115.253249570709954, -2.825660834979999 ], [ 115.253257831882479, -2.825631233794979 ], [ 115.253298543292544, -2.825492659059989 ], [ 115.253318217762512, -2.82542463973499 ], [ 115.25334023496498, -2.825341098112517 ], [ 115.253360804257454, -2.825278241797491 ], [ 115.253380448149983, -2.825213263980004 ], [ 115.253403881784948, -2.825127570280017 ], [ 115.253426220044958, -2.825067446104981 ], [ 115.25344011097252, -2.825016816972493 ], [ 115.253441487834948, -2.825013671144973 ], [ 115.253463981677555, -2.82492745223999 ], [ 115.253480929402485, -2.824862747817519 ], [ 115.253499778292507, -2.824800109137527 ], [ 115.253501819752501, -2.824793213135024 ], [ 115.253518442822497, -2.824737125117508 ], [ 115.253541828792549, -2.824654169855023 ], [ 115.253566225600025, -2.824591119285003 ], [ 115.253585838015056, -2.824523742974975 ], [ 115.253609411945035, -2.824434834200019 ], [ 115.253635673947542, -2.824346616102503 ], [ 115.253649170072549, -2.824302668032487 ], [ 115.25367729097502, -2.824220125557474 ], [ 115.253695530125015, -2.824160863832503 ], [ 115.253710234939945, -2.82410092312 ], [ 115.253731440055049, -2.82401737790002 ], [ 115.253749020002488, -2.82395383810001 ], [ 115.253757229012535, -2.823926676774988 ], [ 115.253774424049993, -2.823869786562511 ], [ 115.253794072437472, -2.823807844855025 ], [ 115.253813951052507, -2.823744538880021 ], [ 115.2538318592525, -2.823684012707474 ], [ 115.253859193247536, -2.823599119405003 ], [ 115.25388073111003, -2.823537007727509 ], [ 115.25389946219002, -2.823471727737513 ], [ 115.253916443189951, -2.823405900062482 ], [ 115.253934241672482, -2.823341677674989 ], [ 115.253950770312485, -2.823278645992502 ], [ 115.253968770242523, -2.823216054977479 ], [ 115.253981995672461, -2.823173662734973 ], [ 115.253999903872455, -2.82311107981252 ], [ 115.254016248152539, -2.823060948004979 ], [ 115.254042083874992, -2.822981692550002 ], [ 115.254061538009978, -2.822918801162473 ], [ 115.254085623652486, -2.8228345337875 ], [ 115.254104529200049, -2.822771957160001 ], [ 115.254124226152499, -2.822706130382528 ], [ 115.254143340342466, -2.822641721837499 ], [ 115.254167756037532, -2.8225580660025 ], [ 115.254187481767531, -2.822492028785007 ], [ 115.254206379220022, -2.822429107717483 ], [ 115.254232400204955, -2.822342035357508 ], [ 115.254250662737491, -2.822277632207488 ], [ 115.25426967890246, -2.822212614819989 ], [ 115.254274760072462, -2.822194873895 ], [ 115.254281033742473, -2.822172967307495 ], [ 115.254306300195026, -2.822088261962506 ], [ 115.254329950567467, -2.822004902905007 ], [ 115.254349268004944, -2.821940471874996 ], [ 115.254374226890036, -2.82185443103748 ], [ 115.254407970352531, -2.821743648950019 ], [ 115.254420058139999, -2.821700872697477 ], [ 115.254432215175029, -2.821658816799982 ], [ 115.254444068239991, -2.821616311242508 ], [ 115.254457063442487, -2.821574006234982 ], [ 115.254477201962459, -2.821510408877486 ], [ 115.254503605157538, -2.821425070409987 ], [ 115.254522773307485, -2.821360410054979 ], [ 115.25453144816754, -2.821328256592494 ], [ 115.254540505240016, -2.82129468400251 ], [ 115.254559103220004, -2.821229249329974 ], [ 115.254583241922546, -2.821147653840001 ], [ 115.254603536922446, -2.821083557359998 ], [ 115.254628888812476, -2.820999119115015 ], [ 115.254645226794992, -2.820935519957516 ], [ 115.254662624180014, -2.820872855197479 ], [ 115.254681292307509, -2.820808396289976 ], [ 115.254701804944943, -2.820739491134987 ], [ 115.254727585809974, -2.82065289541498 ], [ 115.25474799322501, -2.820588728787527 ], [ 115.254770936729983, -2.820523268932504 ], [ 115.254790910672455, -2.820462634842499 ], [ 115.254792492580009, -2.820457830665021 ], [ 115.254815349747446, -2.820392958067487 ], [ 115.25484339870502, -2.820307270665012 ], [ 115.254861673827463, -2.820243645427524 ], [ 115.254879955244974, -2.820179241380004 ], [ 115.254898547829953, -2.820114812149995 ], [ 115.254914314744951, -2.820047540162477 ], [ 115.254943020205019, -2.819964558817503 ], [ 115.25496374687998, -2.819900652992487 ], [ 115.254982099345057, -2.8198374567325 ], [ 115.255003931287547, -2.819772049940013 ], [ 115.2550249502425, -2.819713504075025 ], [ 115.255053206940033, -2.819626677230019 ], [ 115.255060628144975, -2.819600431414983 ], [ 115.255071428104998, -2.81956223001248 ], [ 115.255089971224947, -2.819498600279985 ], [ 115.255107879425054, -2.819437077659984 ], [ 115.25512634430504, -2.819373848124997 ], [ 115.255152531664976, -2.81929084789499 ], [ 115.255170664695015, -2.819227981685003 ], [ 115.255187463130028, -2.819161999327491 ], [ 115.255211499312509, -2.819078290430014 ], [ 115.255230446227529, -2.819013759577501 ], [ 115.255249964214954, -2.818949780007472 ], [ 115.255268304090009, -2.818884866942483 ], [ 115.255293444637459, -2.818799402569994 ], [ 115.25531370726253, -2.818736450927474 ], [ 115.255314761267528, -2.818733099152496 ], [ 115.255333950102454, -2.818671991120027 ], [ 115.255353105662493, -2.818608001657481 ], [ 115.255371873612489, -2.818544324260017 ], [ 115.255399125770055, -2.818459190839974 ], [ 115.255419204932537, -2.818396285059976 ], [ 115.255437742657477, -2.818331530274975 ], [ 115.255458938779952, -2.818265957107485 ], [ 115.255485402229965, -2.818182121407517 ], [ 115.255505413044943, -2.818118076187488 ], [ 115.255525942767463, -2.818055781947521 ], [ 115.255544494882542, -2.817990758267513 ], [ 115.255563770052504, -2.81792559518999 ], [ 115.255578757254966, -2.817868774225019 ], [ 115.255581382374999, -2.817858823224981 ], [ 115.255607605707496, -2.817773325577491 ], [ 115.255627978050029, -2.817709462922494 ], [ 115.255649462852489, -2.817645230642484 ], [ 115.255669378340031, -2.817581985820027 ], [ 115.255690349629958, -2.817515286699972 ], [ 115.255715409239997, -2.817435779437517 ], [ 115.255736116130038, -2.81737222434748 ], [ 115.255756385049949, -2.817307483055004 ], [ 115.255778675645047, -2.817222364019983 ], [ 115.25579718729, -2.817158288225016 ], [ 115.255815492092552, -2.817094076629985 ], [ 115.255836665730044, -2.817026711112476 ], [ 115.255843495182489, -2.817004711897482 ], [ 115.255856673847461, -2.816962242312513 ], [ 115.255876032652509, -2.816895866950006 ], [ 115.255899031015019, -2.816824825904973 ], [ 115.255918155099948, -2.816756606932472 ], [ 115.255929875065021, -2.816712059015003 ], [ 115.255963277682554, -2.816605245635003 ], [ 115.255985115020053, -2.816542828189995 ], [ 115.256004576350051, -2.816483067340016 ], [ 115.256022910829984, -2.816417033719972 ], [ 115.256048170087524, -2.81632948022002 ], [ 115.256067912904996, -2.816265194882476 ], [ 115.256087862564982, -2.816201904194997 ], [ 115.256106794192533, -2.816140228687516 ], [ 115.256108133285011, -2.816135866977504 ], [ 115.256129056012469, -2.816071399974987 ], [ 115.256157732692486, -2.815986011145014 ], [ 115.256178971982536, -2.815921750087512 ], [ 115.256198616772508, -2.815854889990021 ], [ 115.256219605150022, -2.815789104582507 ], [ 115.256238591637498, -2.815724511677502 ], [ 115.256263585594979, -2.815639702010003 ], [ 115.256283937255034, -2.815572481285017 ], [ 115.256301992042495, -2.815505920662474 ], [ 115.256322315822445, -2.815441209044991 ], [ 115.256343833002461, -2.815378290675028 ], [ 115.256369513142545, -2.815294224747504 ], [ 115.256374747197469, -2.815277162809991 ], [ 115.256390130100044, -2.815227028305003 ], [ 115.256410772239974, -2.815161375997491 ], [ 115.256432166212448, -2.815099937012519 ], [ 115.256451585272544, -2.815041883077527 ], [ 115.256476500989947, -2.814954699199973 ], [ 115.256495633167447, -2.814888419165015 ], [ 115.256516135910033, -2.814823174250023 ], [ 115.256537695357451, -2.814759524732494 ], [ 115.25655826465254, -2.814694798724986 ], [ 115.256576877919997, -2.814632616002484 ], [ 115.256598816882502, -2.814547642659988 ], [ 115.256618457175023, -2.814484423017518 ], [ 115.25664065424246, -2.814413534857522 ], [ 115.25664258688505, -2.814407361910014 ], [ 115.256662540145044, -2.814342271677504 ], [ 115.256683520427487, -2.814277845147501 ], [ 115.256705890164994, -2.814209908559974 ], [ 115.256727891180049, -2.814144568317488 ], [ 115.25676609528, -2.814009873257476 ], [ 115.256810115295025, -2.813870695975027 ], [ 115.256834827765033, -2.813793481982486 ], [ 115.256898915252464, -2.81359755568252 ], [ 115.25691446722999, -2.813552291905012 ], [ 115.256948844712497, -2.813452221642478 ], [ 115.256990156869961, -2.813326257200004 ], [ 115.257051775720015, -2.813115806850021 ], [ 115.257120199737528, -2.812896330900003 ], [ 115.257161937272485, -2.812765532602498 ], [ 115.257186469880025, -2.812690457200006 ], [ 115.257204200912497, -2.812636195705011 ], [ 115.257248826172486, -2.812491302332489 ], [ 115.257365702964989, -2.812236000990026 ], [ 115.257410604315055, -2.812164387077473 ], [ 115.257423722727481, -2.812144863694982 ], [ 115.257450021602494, -2.812111186782488 ], [ 115.25748437660252, -2.8120788660475 ], [ 115.257516689244994, -2.812052337844989 ], [ 115.257547919102535, -2.812028200042505 ], [ 115.257571313165045, -2.812011574275004 ], [ 115.257608194362547, -2.811983886847486 ], [ 115.257630162102487, -2.811965991237514 ], [ 115.257654806224991, -2.811947315017505 ], [ 115.257663004445021, -2.811941104297489 ], [ 115.257683237392484, -2.811927522737506 ], [ 115.257700730104943, -2.811911663192518 ], [ 115.257733432152463, -2.811875881867479 ], [ 115.257748679257475, -2.811854522967508 ], [ 115.257760765247554, -2.811834364665003 ], [ 115.257772004974981, -2.811810349167501 ], [ 115.257781670887539, -2.811787168242518 ], [ 115.257785570347551, -2.811771804224975 ] ] ] } },
{ "type": "Feature", "properties": { "source_feature_id": 8, "nama_objek": "Jalan Arteri Primer", "orde_01": 42010000, "orde_02": 22011000, "orde_03": 22011100, "orde_04": 22011101, "jenis_sistem": 42000000, "status_jaringan": 2, "provinsi": "Provinsi Kalimantan Selatan", "kabupaten": "Kabupaten Hulu Sungai Selatan", "keterangan": "Bts. Kota Kandangan - Ds. Bagambir (Bts. Kab. HST)", "sumber_data": "Kepmen PUPR No.430 Tahun 2022 Kementerian PUPR, 2022", "source_shape_length": 0.081199812386504797, "source_layer": "_6306_50KB_LN_SR_TRANSPORTASI_KABUPATEN_HULUSUNGAISELATAN_2024", "source_dataset": "_6306_50KB_RTRW_KABUPATEN_HULUSUNGAISELATAN_2025.gdb.zip" }, "geometry": { "type": "MultiLineString", "coordinates": [ [ [ 115.276451187372459, -2.758531081145009 ], [ 115.276493130852487, -2.758488273415026 ], [ 115.276534698417549, -2.758438572382488 ], [ 115.276576887412489, -2.758387125765012 ], [ 115.276616785835017, -2.758341116450026 ], [ 115.276657996369977, -2.758288408082478 ], [ 115.276696702289996, -2.758235879582514 ], [ 115.276746262130018, -2.758160392287493 ], [ 115.276789045577516, -2.758083270027498 ], [ 115.276856885937491, -2.757966809619973 ], [ 115.276914668277527, -2.75786544343498 ], [ 115.276956279907495, -2.75778741285751 ], [ 115.276977374407466, -2.757747860675011 ], [ 115.277036550697517, -2.757633954342509 ], [ 115.277151911232522, -2.757421236799985 ], [ 115.277208900370056, -2.757300770814993 ], [ 115.27727443127003, -2.757180606100007 ], [ 115.277372692994959, -2.756986098029984 ], [ 115.277379970309994, -2.756971693587502 ], [ 115.277432934982471, -2.756869408297518 ], [ 115.277471157067453, -2.756785164304972 ], [ 115.277520065797489, -2.756685117424979 ], [ 115.27755900284501, -2.75660375575751 ], [ 115.277598636867538, -2.756525297104986 ], [ 115.277636563077522, -2.756448131674972 ], [ 115.277680433805017, -2.756359559245027 ], [ 115.277716230419969, -2.7562811653425 ], [ 115.277759393382553, -2.756183884777499 ], [ 115.277765074400008, -2.756172610877513 ], [ 115.277810991084948, -2.756081493365002 ], [ 115.277858546334983, -2.755982822449994 ], [ 115.277907344447499, -2.755881789912507 ], [ 115.277949950729976, -2.755800073914997 ], [ 115.277978666982449, -2.755743555119977 ], [ 115.278026465950006, -2.755650056205013 ], [ 115.278069662184976, -2.755564331029973 ], [ 115.278120859690034, -2.755458822567505 ], [ 115.278165684600026, -2.75536467973501 ], [ 115.278166272755016, -2.755363363127515 ], [ 115.278218662759969, -2.755246063655022 ], [ 115.278266180240053, -2.755147210174982 ], [ 115.278314883924963, -2.755052613187502 ], [ 115.278377215037494, -2.754927581342486 ], [ 115.278435872417504, -2.754807877082499 ], [ 115.278533009990042, -2.754607465862478 ], [ 115.278562004132482, -2.754551460582491 ], [ 115.278590741969992, -2.754495950827504 ], [ 115.278653156717496, -2.754374305830027 ], [ 115.278677791847485, -2.754322878997527 ], [ 115.278734282759956, -2.75420297508748 ], [ 115.278763912725026, -2.754144271840005 ], [ 115.278811496752496, -2.754055014127516 ], [ 115.278860393792456, -2.753953075075003 ], [ 115.27891181343, -2.753851126127472 ], [ 115.278965537130034, -2.753743435012495 ], [ 115.278971417797493, -2.753731647597476 ], [ 115.279019243742482, -2.753633762687514 ], [ 115.279067533739976, -2.753542032737528 ], [ 115.279116097129986, -2.753442554229991 ], [ 115.279166769430049, -2.753342699804989 ], [ 115.279197491172454, -2.753281501839979 ], [ 115.279228658074999, -2.753221527849973 ], [ 115.279247940439973, -2.753183845357512 ], [ 115.279267979135057, -2.753147305902473 ], [ 115.279316454390028, -2.753048036937514 ], [ 115.27933957236246, -2.753007419957498 ], [ 115.279371681757539, -2.752948413637512 ], [ 115.279376028182469, -2.752939021120028 ], [ 115.279400725362507, -2.752885646355026 ], [ 115.279443223725025, -2.752805550935022 ], [ 115.279496221672503, -2.752710426944986 ], [ 115.279540458425004, -2.752630602219995 ], [ 115.279571306969956, -2.752572307264984 ], [ 115.279623045867538, -2.752474836044996 ], [ 115.279667830305016, -2.752397517730003 ], [ 115.279709775585047, -2.752325765322496 ], [ 115.279749476157463, -2.752249600837501 ], [ 115.279770202832538, -2.752206550292499 ], [ 115.279793424227478, -2.752168962227472 ], [ 115.279805741342557, -2.752145051952482 ], [ 115.279815293940032, -2.752126504335024 ], [ 115.279861688167443, -2.752039576765014 ], [ 115.279905255822541, -2.751957441682521 ], [ 115.279943564244945, -2.751887288267483 ], [ 115.279982461722511, -2.751812568094977 ], [ 115.28004580277252, -2.751692347622509 ], [ 115.280115371627517, -2.751558753332517 ], [ 115.280176265622458, -2.751441266799986 ], [ 115.280208979360054, -2.751378173065007 ], [ 115.280225884817469, -2.751345530372475 ], [ 115.280249650299993, -2.751299645162476 ], [ 115.280288519899955, -2.751218324865022 ], [ 115.28033686925005, -2.751114714872472 ], [ 115.280376291932498, -2.751030540127488 ], [ 115.280423124127537, -2.750926854589977 ], [ 115.280448994924996, -2.75086970627251 ], [ 115.280474517684979, -2.75081596908251 ], [ 115.280504921964962, -2.750754519305019 ], [ 115.280533088729953, -2.750694498552491 ], [ 115.280552475417494, -2.750655664927478 ], [ 115.280573560022503, -2.750618915029975 ], [ 115.280583475047479, -2.750600129992506 ], [ 115.280607366437494, -2.750563817167517 ], [ 115.280626683874971, -2.750537218817499 ], [ 115.280632825345037, -2.750528765189983 ], [ 115.280659262714948, -2.75049531400748 ], [ 115.280676068344974, -2.750474696149979 ], [ 115.280706915092537, -2.750440699080002 ], [ 115.280738404852514, -2.750406044602528 ], [ 115.280784300854975, -2.75035746502499 ], [ 115.280832768917548, -2.750311471897476 ], [ 115.28088198701505, -2.750265110047508 ], [ 115.280932026192545, -2.750221404795013 ], [ 115.280980721782498, -2.750177219302486 ], [ 115.281031850940053, -2.75013075942752 ], [ 115.281073944607556, -2.750090467102495 ], [ 115.281155656107444, -2.750015397992513 ], [ 115.281205554992539, -2.749968429100022 ], [ 115.281236954822475, -2.749940067179978 ], [ 115.281270933007477, -2.749908026135017 ], [ 115.281300351629966, -2.749880285647521 ], [ 115.281364216084967, -2.749818203647521 ], [ 115.281411906235007, -2.749769989192487 ], [ 115.281459261835039, -2.749721060677473 ], [ 115.281487013114997, -2.749687997102512 ], [ 115.281525433052479, -2.749637882382501 ], [ 115.281553859722521, -2.749584845765014 ], [ 115.281567521324973, -2.749530450270015 ], [ 115.281580759345047, -2.74946354880251 ], [ 115.281594312127481, -2.749397453129973 ], [ 115.281599422075033, -2.749326060450016 ], [ 115.281597526304949, -2.749256071609977 ], [ 115.281594224892501, -2.74919079072248 ], [ 115.281587142732519, -2.749138880055 ], [ 115.281584001400006, -2.749118931292514 ], [ 115.281575533384967, -2.749065150934996 ], [ 115.281563878170005, -2.748998304327472 ], [ 115.281546732594961, -2.748908309170019 ], [ 115.281528603162542, -2.748811846990009 ], [ 115.281512616815007, -2.748733819109987 ], [ 115.28150382683998, -2.748690060797514 ], [ 115.281496176307542, -2.748645118977493 ], [ 115.281485576897467, -2.748577767850009 ], [ 115.281474916335014, -2.748511666780018 ], [ 115.281459984890034, -2.748424257172474 ], [ 115.281443460747482, -2.748335029137479 ], [ 115.281430883727467, -2.748268806660008 ], [ 115.281424039887497, -2.748229143859987 ], [ 115.281419590042447, -2.748203350404992 ], [ 115.281409591379997, -2.748138180132514 ], [ 115.281403371667466, -2.74809315017751 ], [ 115.2813928352125, -2.748026381812508 ], [ 115.281381603577529, -2.747960064904987 ], [ 115.281375127559954, -2.747914310997487 ], [ 115.281366684724958, -2.747845901367498 ], [ 115.281356718437451, -2.747778391060024 ], [ 115.281348773827517, -2.747711336709983 ], [ 115.281338913659965, -2.747623456757481 ], [ 115.281332418755028, -2.74755639880749 ], [ 115.281324531702467, -2.74747434286752 ], [ 115.281318606070045, -2.747405138237525 ], [ 115.281313486227532, -2.747339216132502 ], [ 115.281312981710016, -2.747332152857496 ], [ 115.281308751297502, -2.747272774219994 ], [ 115.28130355411497, -2.747198331937511 ], [ 115.281300344434953, -2.747131726347504 ], [ 115.281295337910024, -2.747070129082488 ], [ 115.281293023055014, -2.74703246997251 ], [ 115.281288867287458, -2.746963555822504 ], [ 115.281284879692521, -2.746895603950009 ], [ 115.28128088760252, -2.746829012747526 ], [ 115.281275299215054, -2.746765605147516 ], [ 115.281270228837457, -2.746674813192499 ], [ 115.281264724987523, -2.746609644720024 ], [ 115.281261196047467, -2.746543530160011 ], [ 115.281254655277507, -2.746448375592479 ], [ 115.281252549964961, -2.746429977262494 ], [ 115.281247094677497, -2.746382289810015 ], [ 115.281237727339999, -2.746316240902502 ], [ 115.281229443684992, -2.746249450952519 ], [ 115.281221835419956, -2.746161531430005 ], [ 115.281219838024981, -2.746102840772494 ], [ 115.281212836802524, -2.746032468822477 ], [ 115.281202122279979, -2.745940726282527 ], [ 115.281185790592531, -2.745810802127494 ], [ 115.281174355712551, -2.745731919892478 ], [ 115.281166468657489, -2.745666816170001 ], [ 115.281158540234969, -2.745600226770023 ], [ 115.281150810562508, -2.745535738182525 ], [ 115.281150268270039, -2.745531854012484 ], [ 115.281141693234986, -2.745470507657501 ], [ 115.281131395097532, -2.745404176362513 ], [ 115.281125842682513, -2.745360446827476 ], [ 115.281119097767487, -2.745294647929995 ], [ 115.28111227101499, -2.745226884912483 ], [ 115.281105765320035, -2.745158359270022 ], [ 115.281092531795025, -2.745068364112512 ], [ 115.281081656292486, -2.745004182197476 ], [ 115.281067381355001, -2.744912752622497 ], [ 115.281052942739962, -2.744818794152479 ], [ 115.281041861292465, -2.744753238072519 ], [ 115.281029466837481, -2.744687154090002 ], [ 115.28102199616751, -2.744639322747503 ], [ 115.28102154380997, -2.744637199447482 ], [ 115.281008770737458, -2.744577063579982 ], [ 115.280995127122537, -2.744511858235001 ], [ 115.280985122165021, -2.744468053157505 ], [ 115.280972894085039, -2.744425856967496 ], [ 115.280961960127456, -2.744384810109977 ], [ 115.28094415085252, -2.744334547899996 ], [ 115.280930745557498, -2.744298422134989 ], [ 115.280912118799961, -2.744258345644994 ], [ 115.280887631159999, -2.744217109932492 ], [ 115.280862382692476, -2.744181891580013 ], [ 115.280834007284966, -2.744146550922494 ], [ 115.280802217147539, -2.744113197764989 ], [ 115.280773249087474, -2.744082023667488 ], [ 115.280737736657557, -2.744050022189981 ], [ 115.280702690977478, -2.744021830242502 ], [ 115.280666430312522, -2.743995605112502 ], [ 115.280629012219947, -2.743971079702476 ], [ 115.28059083779749, -2.743946255715002 ], [ 115.280553264122545, -2.74392154144499 ], [ 115.280545663052521, -2.743916546610023 ], [ 115.280480517962474, -2.743873746974998 ], [ 115.28040598215, -2.743828769182528 ], [ 115.280324526955042, -2.743780477387475 ], [ 115.280288417377506, -2.743758221864994 ], [ 115.280210275284958, -2.74370622576248 ], [ 115.280152705182445, -2.743671143207507 ], [ 115.280096225960051, -2.7436372270775 ], [ 115.280038917562479, -2.74360042502002 ], [ 115.279981037194943, -2.743560862942502 ], [ 115.279929646334949, -2.74352673097502 ], [ 115.279857526105047, -2.743478296187504 ], [ 115.279787480607524, -2.743430699567512 ], [ 115.279784353665036, -2.743428575367489 ], [ 115.279709072314972, -2.743377667444975 ], [ 115.279636115714993, -2.74332347789499 ], [ 115.279584189757543, -2.743282905882495 ], [ 115.279533226977492, -2.743242144110013 ], [ 115.279479810845032, -2.743200147567507 ], [ 115.279426803004981, -2.743159823767485 ], [ 115.279374860862504, -2.743119581802489 ], [ 115.279319087605018, -2.74307391243002 ], [ 115.279280533669976, -2.743042553072485 ], [ 115.279226254187506, -2.742997676002517 ], [ 115.279174940670032, -2.742956933115011 ], [ 115.279140334759973, -2.742925420872496 ], [ 115.279092333444964, -2.742879758694983 ], [ 115.279082912147487, -2.742870108967509 ], [ 115.279046182035017, -2.742832485829979 ], [ 115.278998898379996, -2.742787658224984 ], [ 115.278982928219989, -2.742774543410007 ], [ 115.278935501572505, -2.742728346134982 ], [ 115.278900882169978, -2.74269449025752 ], [ 115.278855580619961, -2.742646220947506 ], [ 115.278826543309947, -2.742612951427475 ], [ 115.278797420564956, -2.742578993925008 ], [ 115.278768316705055, -2.742544601152474 ], [ 115.27872556023749, -2.742493285837497 ], [ 115.278697917775048, -2.742457657394993 ], [ 115.278657593072467, -2.742402798749993 ], [ 115.278618818802556, -2.742349960882507 ], [ 115.278592959697448, -2.742315808227488 ], [ 115.278569901080004, -2.742281946055016 ], [ 115.278556513772514, -2.742260821879995 ], [ 115.278532095380001, -2.742222348882478 ], [ 115.27850781997995, -2.742186178150007 ], [ 115.278504908874993, -2.742181416239987 ], [ 115.278485622014955, -2.742149874317477 ], [ 115.278463865614981, -2.742113179280011 ], [ 115.278442051660022, -2.742074933809988 ], [ 115.278421161307506, -2.742038894380016 ], [ 115.27839920975498, -2.741999218089973 ], [ 115.2783802529475, -2.741960691132476 ], [ 115.278359319427523, -2.741923758675 ], [ 115.278337214092517, -2.741881220742528 ], [ 115.278316278772536, -2.741841058817499 ], [ 115.278297045872478, -2.741800601914974 ], [ 115.278278368752467, -2.741761556049994 ], [ 115.278259584612556, -2.741722270067498 ], [ 115.278241258227467, -2.741681980439978 ], [ 115.278223602737512, -2.741641789737514 ], [ 115.278206447270009, -2.741601512700015 ], [ 115.278189033697458, -2.741561102562514 ], [ 115.278161776144998, -2.741500204970009 ], [ 115.278134170554949, -2.741439115822516 ], [ 115.278105467792557, -2.741372317777518 ], [ 115.278097712940053, -2.741354272882518 ], [ 115.278071292655, -2.741291788885007 ], [ 115.278043937077541, -2.741229961392492 ], [ 115.278017452044992, -2.741168552087515 ], [ 115.277990993090043, -2.74110751060249 ], [ 115.277962995395001, -2.741047562694973 ], [ 115.277935906917492, -2.740985755887493 ], [ 115.277910492074966, -2.740923779110005 ], [ 115.277883835270018, -2.740868816142495 ], [ 115.277864612262533, -2.740826342962521 ], [ 115.277801817999944, -2.740687829380022 ], [ 115.277762399814947, -2.740604875014981 ], [ 115.277736949900032, -2.740547573812478 ], [ 115.277735637789988, -2.740544622237508 ], [ 115.277704990692541, -2.740479010397507 ], [ 115.277679074029948, -2.740417783652504 ], [ 115.277654214070026, -2.740359548054982 ], [ 115.277629851437496, -2.740299870842478 ], [ 115.277615631357548, -2.740257472305018 ], [ 115.27760329355749, -2.740214809365 ], [ 115.277593570987506, -2.740176766244986 ], [ 115.277586933990051, -2.740135346170007 ], [ 115.277581255670043, -2.740090968222489 ], [ 115.277576828307474, -2.740043875225012 ], [ 115.277576124139955, -2.739982500092481 ], [ 115.277577792382544, -2.739935254207523 ], [ 115.27758034375745, -2.739889806969984 ], [ 115.277585258552449, -2.739846059447473 ], [ 115.277597458755054, -2.739760952104973 ], [ 115.277605073315044, -2.739714915809998 ], [ 115.277612701365001, -2.739674803349999 ], [ 115.277613372260021, -2.739671272609996 ], [ 115.277632382130037, -2.739589712195027 ], [ 115.277643370044984, -2.739544532954994 ], [ 115.277652885772454, -2.739499369899988 ], [ 115.277662145192494, -2.739454025182511 ], [ 115.277673866954956, -2.739395399277498 ], [ 115.277689123054984, -2.739322510125021 ], [ 115.277704767659998, -2.739252163357492 ], [ 115.277722153354944, -2.7391651809275 ], [ 115.277736491245037, -2.739092834967494 ], [ 115.277751032385027, -2.739029201637493 ], [ 115.277771116942517, -2.738944095194995 ], [ 115.277783177752553, -2.738900470880026 ], [ 115.277806339790004, -2.738812127777521 ], [ 115.277810725785002, -2.738792921855008 ], [ 115.277826720227495, -2.738722893447516 ], [ 115.277838273817451, -2.738668060882503 ], [ 115.277853459769972, -2.738593427044975 ], [ 115.277871344587538, -2.738511740725016 ], [ 115.277884508862485, -2.738453705674999 ], [ 115.277901036602543, -2.738382718587502 ], [ 115.277913365409972, -2.738320426147482 ], [ 115.277927360659987, -2.73825510029252 ], [ 115.277935748634945, -2.738212609125014 ], [ 115.277945497287533, -2.738167393009974 ], [ 115.277959877447529, -2.738102169680019 ], [ 115.2779682726175, -2.738059965394996 ], [ 115.277982095197444, -2.737994721380005 ], [ 115.27799753655745, -2.737929088857527 ], [ 115.278001982804994, -2.737909372119987 ], [ 115.278008046034984, -2.737882485987484 ], [ 115.278024927207525, -2.737812055582481 ], [ 115.278037720965017, -2.737747647935009 ], [ 115.278052048062477, -2.737680232057528 ], [ 115.278068631562519, -2.737610140694983 ], [ 115.278082596234981, -2.737544864304994 ], [ 115.278094023020003, -2.737483633962484 ], [ 115.278109584889989, -2.737414527357487 ], [ 115.278125562245009, -2.737348350744981 ], [ 115.278142832824983, -2.737282748799998 ], [ 115.278160639402472, -2.737218216147483 ], [ 115.278174473672493, -2.73715724391252 ], [ 115.278191190272537, -2.737084763950008 ], [ 115.278198890267504, -2.737042463439991 ], [ 115.278202040592532, -2.737027989750004 ], [ 115.278213551914973, -2.736975129397479 ], [ 115.278225604627551, -2.736914745320007 ], [ 115.278240983034948, -2.736851907890014 ], [ 115.278251719142531, -2.736795042857523 ], [ 115.278265666727521, -2.736728984954993 ], [ 115.278279858927476, -2.736661753437488 ], [ 115.278292477314949, -2.736597624579986 ], [ 115.278297928107463, -2.736558136249982 ], [ 115.278307058922451, -2.736491740202496 ], [ 115.278314502612488, -2.736426269557512 ], [ 115.278322840227474, -2.736342128087472 ], [ 115.278331062727489, -2.736272133852481 ], [ 115.278342771002485, -2.736190898990003 ], [ 115.278349648117455, -2.736136882112476 ], [ 115.278351482735047, -2.736122473172486 ], [ 115.278358689002516, -2.736054082429973 ], [ 115.278369195782489, -2.735984998310016 ], [ 115.278378339189999, -2.735921477394982 ], [ 115.278388025787535, -2.735856333202491 ], [ 115.278395908345033, -2.735814046179996 ], [ 115.278403927600039, -2.735769848100006 ], [ 115.278422006669985, -2.735706192287523 ], [ 115.278435619707466, -2.735663443912472 ], [ 115.278449668017515, -2.735619228745009 ], [ 115.278466079745044, -2.735574105260014 ], [ 115.27848361472752, -2.735536846347486 ], [ 115.278501944710001, -2.735494744587527 ], [ 115.278521022027462, -2.735455046712502 ], [ 115.278541674059966, -2.735417654699972 ], [ 115.278564621159944, -2.735380029764997 ], [ 115.278587813777449, -2.735343153065003 ], [ 115.278612645857493, -2.735307226947498 ], [ 115.278625515154999, -2.735289440154986 ], [ 115.278638368264978, -2.735271674947512 ], [ 115.278663503417533, -2.735234421432494 ], [ 115.278688738394976, -2.735198312752516 ], [ 115.278715686579972, -2.735162097952525 ], [ 115.278743168962478, -2.735121639252498 ], [ 115.278769291570029, -2.735085394775012 ], [ 115.278794516652511, -2.735054037214979 ], [ 115.278815888142503, -2.735025509819991 ], [ 115.278854282900056, -2.73497108014999 ], [ 115.278893986167532, -2.734915020912524 ], [ 115.278932827887502, -2.734857815935015 ], [ 115.278973409794958, -2.734803247772504 ], [ 115.279015211182468, -2.734751200407516 ], [ 115.27907135316002, -2.73468420541252 ], [ 115.279113251674971, -2.734634292140015 ], [ 115.279155304872461, -2.734584315015013 ], [ 115.279168205647466, -2.734569251369976 ], [ 115.279183743234967, -2.734551105749972 ], [ 115.279208400847551, -2.734519015239982 ], [ 115.27926094373754, -2.734459085317496 ], [ 115.279305077967479, -2.734411562442517 ], [ 115.279351234772548, -2.734363373170027 ], [ 115.279413753842505, -2.734302599685009 ], [ 115.279475470717443, -2.7342446024075 ], [ 115.279525818362458, -2.73419584116499 ], [ 115.279574502262449, -2.734147752617503 ], [ 115.279622332705003, -2.734100181177496 ], [ 115.27966978993004, -2.734052565672528 ], [ 115.279717930637503, -2.734006700250006 ], [ 115.279778955034999, -2.733948193055028 ], [ 115.279801776229988, -2.733928646289996 ], [ 115.279811187637506, -2.733920583867473 ], [ 115.279859899414987, -2.733874893810025 ], [ 115.279907903427556, -2.733830725407472 ], [ 115.279956662869949, -2.733787613707477 ], [ 115.280007093252493, -2.733745539825009 ], [ 115.280058582137485, -2.733704513652526 ], [ 115.280111204169998, -2.733667863580024 ], [ 115.280166040329959, -2.733634048172519 ], [ 115.280222727297541, -2.733602667230002 ], [ 115.280260468245046, -2.733583999102507 ], [ 115.280314739632445, -2.733555676752474 ], [ 115.280368726835036, -2.733531413045 ], [ 115.280422716734961, -2.733507054907477 ], [ 115.280482402940038, -2.73347999700502 ], [ 115.280541636787461, -2.733452094637528 ], [ 115.2805545573475, -2.733447662780009 ], [ 115.280619584625015, -2.733425357794999 ], [ 115.280848042102548, -2.733303032907486 ], [ 115.280898617277444, -2.733271601602496 ], [ 115.280967714887538, -2.733188737169996 ], [ 115.281061000664977, -2.733068640805016 ], [ 115.281089582917502, -2.733047627245014 ], [ 115.281131470640048, -2.733040030672498 ], [ 115.28128349294002, -2.733061323022525 ], [ 115.281305239445032, -2.733061876105012 ], [ 115.281491757937488, -2.733066609237483 ], [ 115.281881087942452, -2.733085039942523 ], [ 115.281919669757485, -2.73308995294002 ], [ 115.282010992312507, -2.733100763690004 ], [ 115.282101209602502, -2.733111831644976 ], [ 115.282199774400056, -2.733119325697487 ], [ 115.282202106342538, -2.733119751974982 ], [ 115.282289210180011, -2.733135679867473 ], [ 115.282376697127461, -2.733147836902504 ], [ 115.282486911742467, -2.733162154110005 ], [ 115.282572770917454, -2.733174455937501 ], [ 115.282637389005004, -2.733184296317518 ], [ 115.282724516222515, -2.733198146777511 ], [ 115.282813880057461, -2.733213308447489 ], [ 115.282901597229966, -2.733228914382494 ], [ 115.282989731690009, -2.733239851937526 ], [ 115.283077515415016, -2.733251731082476 ], [ 115.283091313712475, -2.733253637645021 ], [ 115.283166091442467, -2.73326397175498 ], [ 115.283255556897529, -2.733278225109984 ], [ 115.283343501602531, -2.733290866879997 ], [ 115.283432624415013, -2.733303521239975 ], [ 115.283546062200003, -2.733319048935016 ], [ 115.283657526872503, -2.733333283404988 ], [ 115.283765167627507, -2.733347796662486 ], [ 115.283853072760053, -2.733359628145024 ], [ 115.283941741417493, -2.733370372345007 ], [ 115.283982414157549, -2.733374996657517 ], [ 115.284030062037459, -2.733380415074976 ], [ 115.284117613737521, -2.733391493822523 ], [ 115.284207217689982, -2.733402401700005 ], [ 115.284294996017479, -2.733412572132522 ], [ 115.284360178879979, -2.73341922262 ], [ 115.28444590855247, -2.733429456905014 ], [ 115.284529413302494, -2.733438296340012 ], [ 115.284628265882475, -2.733448250037497 ], [ 115.284716519052495, -2.733460168752515 ], [ 115.284805370272466, -2.733470196192513 ], [ 115.284873867135047, -2.733477239682486 ], [ 115.284875862730019, -2.733477432137477 ], [ 115.284941970095019, -2.733483799337478 ], [ 115.285009821247513, -2.733490826639979 ], [ 115.285076673250046, -2.733499348614998 ], [ 115.285142803097528, -2.733507447010027 ], [ 115.285210672235053, -2.73351429265 ], [ 115.285278550364978, -2.733524667229972 ], [ 115.285342040702517, -2.733535034614988 ], [ 115.285406694762514, -2.733545561177493 ], [ 115.285471702257496, -2.733557046420003 ], [ 115.285538305149998, -2.733570885187476 ], [ 115.285605131972488, -2.73358294509751 ], [ 115.285672062214985, -2.733594674054984 ], [ 115.285743462089954, -2.733609338400015 ], [ 115.285764277800013, -2.733613664140023 ], [ 115.28580968457004, -2.733623098927524 ], [ 115.285894155190022, -2.733638991745011 ], [ 115.285958566435056, -2.73365239973748 ], [ 115.286021744707455, -2.733668177444997 ], [ 115.286085207167503, -2.733685177330017 ], [ 115.286148034704979, -2.733704380552524 ], [ 115.286211523242514, -2.73372175635501 ], [ 115.286276090969977, -2.733737881197499 ], [ 115.286361744200008, -2.733761688949983 ], [ 115.286404804637527, -2.733774867615011 ], [ 115.286490078354973, -2.733800231195005 ], [ 115.286531985862553, -2.733812866670007 ], [ 115.28661526038502, -2.733839152054998 ], [ 115.286632988722545, -2.733844842065025 ], [ 115.28667792065005, -2.733859261794976 ], [ 115.286739371324984, -2.733878004564986 ], [ 115.286802052272492, -2.733898701562509 ], [ 115.286866230592523, -2.733918876054986 ], [ 115.286930325274966, -2.733937122399993 ], [ 115.286993841692492, -2.733957016302497 ], [ 115.287058171997501, -2.733976343632492 ], [ 115.287121005830045, -2.733994457777499 ], [ 115.287205622142551, -2.73402119012502 ], [ 115.287267668167487, -2.734041673985018 ], [ 115.287327636759983, -2.734057084767528 ], [ 115.2874116981925, -2.734081373657489 ], [ 115.287474691205034, -2.734099555249998 ], [ 115.28749413994251, -2.734104872042508 ], [ 115.287538215715017, -2.734116921160023 ], [ 115.28766496526498, -2.734151266267475 ], [ 115.287729650802476, -2.734167668102486 ], [ 115.287786526627542, -2.734180698379987 ], [ 115.287813681655052, -2.734187973895018 ], [ 115.287835145775034, -2.734192246574992 ], [ 115.287880411352489, -2.734202138217483 ], [ 115.287901853887547, -2.734208484732505 ], [ 115.287923853102484, -2.734212618017523 ], [ 115.287945746199966, -2.734216591222491 ], [ 115.28796737669245, -2.734220962827521 ], [ 115.288010820242448, -2.734228126827475 ], [ 115.288054903212469, -2.734234803392496 ], [ 115.288076703677461, -2.734238553567479 ], [ 115.288099414257545, -2.734239620162498 ], [ 115.288143998147461, -2.734244152745021 ], [ 115.2881898078125, -2.734247641215006 ], [ 115.288212911397522, -2.734249113404985 ], [ 115.288236289272504, -2.734250170109988 ], [ 115.28825950437249, -2.734251126087486 ], [ 115.288282098940044, -2.734251923787497 ], [ 115.28830510809496, -2.734251566757507 ], [ 115.28832747423246, -2.734252402227526 ], [ 115.28835033409996, -2.734252788935009 ], [ 115.288377420782467, -2.73425337169499 ], [ 115.28839755660249, -2.734253805169999 ], [ 115.288445630762453, -2.734255854725006 ], [ 115.288489944854973, -2.734256832287485 ], [ 115.288572028677549, -2.734256147902499 ], [ 115.288593588122467, -2.734255173037525 ], [ 115.288615267180035, -2.734253898697489 ], [ 115.288660698232547, -2.734251829357504 ], [ 115.288681878167495, -2.734249567562472 ], [ 115.288748407312482, -2.734244243577507 ], [ 115.288835730584992, -2.734235709910024 ], [ 115.288901014170051, -2.734228070169991 ], [ 115.288966554962485, -2.734218760387478 ], [ 115.289010078552451, -2.734211478577492 ], [ 115.28905382517496, -2.734202460175027 ], [ 115.28909618144246, -2.734192287045005 ], [ 115.289138402814956, -2.734182406192474 ], [ 115.28920257213997, -2.734165855069989 ], [ 115.28926385824002, -2.734147591637509 ], [ 115.289266091257446, -2.73414698099748 ], [ 115.28932636382001, -2.734130488332482 ], [ 115.289411601565007, -2.734105550129982 ], [ 115.28947474566246, -2.734084493405021 ], [ 115.289538941967521, -2.734064247867479 ], [ 115.289603072625027, -2.734042645252487 ], [ 115.289644845232488, -2.734027268642478 ], [ 115.28972653335245, -2.733994142115023 ], [ 115.289787474112472, -2.733969182332487 ], [ 115.289828396862504, -2.733951468384987 ], [ 115.289888730579946, -2.733924023774989 ], [ 115.289967599324996, -2.733885003989997 ], [ 115.290007131725019, -2.733864318682492 ], [ 115.290065413187449, -2.733832959322513 ], [ 115.290098256430042, -2.733811970944998 ], [ 115.290139729564999, -2.733785467924974 ], [ 115.290176802317546, -2.733761304040002 ], [ 115.290249940582498, -2.733711336807517 ], [ 115.290301112007455, -2.733672096689986 ], [ 115.290352343684958, -2.733630363649979 ], [ 115.290401052767493, -2.73358309887999 ], [ 115.290443766067483, -2.733531629779975 ], [ 115.290469480382512, -2.733494491377485 ], [ 115.290507266297482, -2.733435306992476 ], [ 115.290538742569993, -2.733374478649978 ], [ 115.290547963317522, -2.733353362567527 ], [ 115.290561356919966, -2.733312359777528 ], [ 115.290581107832509, -2.733246354934977 ], [ 115.290595842325047, -2.733179850069973 ], [ 115.290608211599988, -2.733114177077482 ], [ 115.290608411249991, -2.733113037637509 ], [ 115.290623268949957, -2.733028028320007 ], [ 115.290630112790041, -2.732983714227487 ], [ 115.29064033268503, -2.732918082602509 ], [ 115.290649796250023, -2.732850138822528 ], [ 115.290661322862547, -2.732761212059984 ], [ 115.290667940972526, -2.732715575962516 ], [ 115.290678515202444, -2.732650619730009 ], [ 115.290688256657518, -2.732586397345017 ], [ 115.290699567430011, -2.732494789702514 ], [ 115.290709255827551, -2.732430757972509 ], [ 115.290721372392454, -2.732364965369982 ], [ 115.290732015870049, -2.732299965970014 ], [ 115.290744897759964, -2.732219339050005 ], [ 115.290745592934968, -2.73221498723251 ], [ 115.290755615880016, -2.732151230695024 ], [ 115.290762103587554, -2.732109069577518 ], [ 115.290765324960034, -2.732087451675 ], [ 115.290773299247462, -2.732044780642525 ], [ 115.29078269536501, -2.732002750825018 ], [ 115.290792612189989, -2.731960649965004 ], [ 115.290809097662532, -2.731895214392523 ], [ 115.290823361809998, -2.731849065682525 ], [ 115.29084884679753, -2.731763265862526 ], [ 115.290863769247494, -2.731719685615019 ], [ 115.290886195642543, -2.731656376940009 ], [ 115.290902553409978, -2.731615071977501 ], [ 115.290919217847545, -2.731573995442488 ], [ 115.290943444685013, -2.731511318992489 ], [ 115.290970452224997, -2.731448117337493 ], [ 115.290997240329943, -2.731385641434997 ], [ 115.291009355997517, -2.731358773287525 ], [ 115.291016090120024, -2.731343837347481 ], [ 115.291055559567553, -2.731262689722485 ], [ 115.291085117584998, -2.73120380481248 ], [ 115.29110585235253, -2.731164458572493 ], [ 115.291137619105029, -2.731105924400026 ], [ 115.291160737977521, -2.731067738284992 ], [ 115.291206811145003, -2.730989415429974 ], [ 115.291229123325024, -2.730950383952518 ], [ 115.291277553617533, -2.730873398387473 ], [ 115.291314780152447, -2.730819017282499 ], [ 115.291353694717486, -2.730764457215002 ], [ 115.291378058249961, -2.730728674987517 ], [ 115.291431177607478, -2.730657099744974 ], [ 115.291469280982483, -2.730606963439982 ], [ 115.29148137956247, -2.730591549960025 ], [ 115.291509647952466, -2.730555533909978 ], [ 115.291536311952541, -2.730521356974975 ], [ 115.291591974590006, -2.73045278456749 ], [ 115.291634890237447, -2.73040374993252 ], [ 115.291676931744973, -2.730356657832488 ], [ 115.291720412167479, -2.730308503635001 ], [ 115.291780683832485, -2.730243307282478 ], [ 115.291885458447496, -2.730127783069975 ], [ 115.29193120516004, -2.730078048762493 ], [ 115.291976110109999, -2.730028656197476 ], [ 115.292021598717497, -2.729978072030008 ], [ 115.292068422819966, -2.729927012122516 ], [ 115.292078666097495, -2.729915935172528 ], [ 115.29211613815005, -2.729875410822501 ], [ 115.292163047687495, -2.72982578533248 ], [ 115.292208144189999, -2.729776427840022 ], [ 115.292266727827496, -2.729709145059985 ], [ 115.292296095187453, -2.729674385365001 ], [ 115.292351863047543, -2.729605530569984 ], [ 115.292390534795004, -2.729553354602501 ], [ 115.292431231815044, -2.729500490655028 ], [ 115.29247041077997, -2.729447171650008 ], [ 115.292510012427556, -2.729392849900023 ], [ 115.29254890900495, -2.729338645962514 ], [ 115.292586056402456, -2.729285835072517 ], [ 115.292622450165027, -2.729230658067479 ], [ 115.292636534447524, -2.729208477190014 ], [ 115.292656931072543, -2.729176353405023 ], [ 115.292692205179947, -2.729120444352475 ], [ 115.29276566989995, -2.729007278162499 ], [ 115.2928021176225, -2.72895228282249 ], [ 115.292839022202543, -2.728898631067523 ], [ 115.292875800877482, -2.728842350595016 ], [ 115.292925625117505, -2.728767990150004 ], [ 115.292957318124991, -2.728719085917476 ], [ 115.293005494807517, -2.728646989067499 ], [ 115.293029349325025, -2.728609770624985 ], [ 115.293066804289992, -2.728552340817487 ], [ 115.293104486782454, -2.728497330187508 ], [ 115.293133694064977, -2.728455009890013 ], [ 115.293143824927483, -2.728440332055015 ], [ 115.293183156777445, -2.728380904854987 ], [ 115.293223875382523, -2.728320727619973 ], [ 115.293267454729971, -2.728256481849996 ], [ 115.293305723580033, -2.72820017979501 ], [ 115.293356662980045, -2.728126197065023 ], [ 115.293394874275009, -2.72807009285998 ], [ 115.293421306247524, -2.728030733132528 ], [ 115.293461488857474, -2.727971817645027 ], [ 115.293497564259951, -2.727914895954996 ], [ 115.293535023722484, -2.727857155882475 ], [ 115.293570205200012, -2.727801479754987 ], [ 115.29361748435997, -2.727729013282499 ], [ 115.293634860159955, -2.727704248652515 ], [ 115.293656105744958, -2.727673966680015 ], [ 115.293693163210037, -2.727615976595018 ], [ 115.293743114252493, -2.727543221442488 ], [ 115.293767786254989, -2.727507676637515 ], [ 115.29380314399998, -2.727455219182502 ], [ 115.293834729090008, -2.727399643777517 ], [ 115.293877226552468, -2.727321589820008 ], [ 115.29389827428497, -2.72728343068502 ], [ 115.293930237089967, -2.727223356872514 ], [ 115.293962779060053, -2.727163661672478 ], [ 115.293992358660034, -2.727102119267499 ], [ 115.294028318952542, -2.727022802659974 ], [ 115.294044926732454, -2.726984444774985 ], [ 115.294069239005012, -2.726925671382503 ], [ 115.294072668119952, -2.726917001017512 ], [ 115.294092984702502, -2.7268656326425 ], [ 115.294116242969949, -2.726804779117515 ], [ 115.294137195375015, -2.726743468734981 ], [ 115.29415527534502, -2.726680753615028 ], [ 115.294170044012503, -2.726618582582489 ], [ 115.294183154329971, -2.726552950957512 ], [ 115.294199600232446, -2.726459762307513 ], [ 115.29421672961746, -2.726365326297525 ], [ 115.294231886792545, -2.726278914939996 ], [ 115.294245784915006, -2.726191576380018 ], [ 115.294252901250047, -2.726145585950007 ], [ 115.29426198980002, -2.726079268142485 ], [ 115.294266952257544, -2.726037042274982 ], [ 115.294266965747511, -2.726036919067496 ], [ 115.294277380797553, -2.725971691239977 ], [ 115.294292251984984, -2.725881820190011 ], [ 115.294298499575007, -2.725836775847483 ], [ 115.294309762684975, -2.725768153977526 ], [ 115.294326721202538, -2.725678696614978 ], [ 115.294335873602449, -2.725633053322497 ], [ 115.294351611737511, -2.725542035637488 ], [ 115.294365401042455, -2.725477771882481 ], [ 115.294379070737477, -2.725413975774984 ], [ 115.294393126242539, -2.725348935005002 ], [ 115.294407694359961, -2.725282119874976 ], [ 115.294422909989976, -2.725217326417521 ], [ 115.294437881002523, -2.725152033840004 ], [ 115.29443842869, -2.725149672220027 ], [ 115.294452944647446, -2.725087170237487 ], [ 115.294469695420048, -2.725022091694996 ], [ 115.294483821072504, -2.724957872007508 ], [ 115.294503981175012, -2.72487011526249 ], [ 115.294520053857468, -2.724803379272487 ], [ 115.294535895415038, -2.724740271147482 ], [ 115.294553732569966, -2.724674662004986 ], [ 115.294571738794957, -2.724609907222487 ], [ 115.294592709185054, -2.724547333292492 ], [ 115.294622479445025, -2.724462853677494 ], [ 115.294644757449987, -2.724401465954998 ], [ 115.294659820194966, -2.724361070207522 ], [ 115.294691424169969, -2.72428341644752 ], [ 115.294693640100036, -2.724277971052516 ], [ 115.294711343255017, -2.724237223670002 ], [ 115.294738830132474, -2.724176588677494 ], [ 115.294763789017452, -2.724114548947512 ], [ 115.294772304697517, -2.724093710755028 ], [ 115.294780530797539, -2.724073359097474 ], [ 115.294789006007477, -2.724053025427509 ], [ 115.294797613419973, -2.724032559554985 ], [ 115.29480607424, -2.724012396754972 ], [ 115.294814733812473, -2.723992105352522 ], [ 115.294823905997532, -2.723971204207487 ], [ 115.294832838965021, -2.723950812979979 ], [ 115.294841798910056, -2.723930475710006 ], [ 115.294860930187497, -2.723888905447495 ], [ 115.294870160829987, -2.723868586164997 ], [ 115.294879911279963, -2.723848934180012 ], [ 115.294889492654988, -2.723829567280006 ], [ 115.29489878984748, -2.723809705752501 ], [ 115.294908564577554, -2.723789858615021 ], [ 115.294918262867554, -2.723769381052477 ], [ 115.294927861332553, -2.723749353150026 ], [ 115.294937510157524, -2.723729226322519 ], [ 115.294947189560048, -2.72370883509501 ], [ 115.294957017352544, -2.723688713662511 ], [ 115.294966996229959, -2.723668835947478 ], [ 115.294977144180052, -2.723649122807501 ], [ 115.29499751742253, -2.723610216337477 ], [ 115.295007834444959, -2.723590863827496 ], [ 115.295017869980029, -2.723571627327487 ], [ 115.295028016130004, -2.723552074267502 ], [ 115.295037778269943, -2.723532487035015 ], [ 115.295047528720033, -2.723512588635003 ], [ 115.295057241397444, -2.72349277297252 ], [ 115.295070384089968, -2.723463816602475 ], [ 115.295074771882469, -2.723454147990026 ], [ 115.295085508889997, -2.723434719037527 ], [ 115.295095982394969, -2.72341530087499 ], [ 115.295106496367453, -2.723396165999986 ], [ 115.295117174017491, -2.723376748737508 ], [ 115.295127937105008, -2.72335733597248 ], [ 115.295138730767462, -2.723338287432512 ], [ 115.295149579289955, -2.723319211912496 ], [ 115.295160507850028, -2.723299880084994 ], [ 115.295171446304948, -2.723280339614973 ], [ 115.295182161727553, -2.723260999695015 ], [ 115.29519322698502, -2.723242103140024 ], [ 115.295204323719986, -2.723223322597505 ], [ 115.295215592224963, -2.723204492592515 ], [ 115.29522737784248, -2.723186058290025 ], [ 115.295238221867521, -2.723167022340022 ], [ 115.295249164817506, -2.723148741820012 ], [ 115.295260582610013, -2.723131127700015 ], [ 115.295271521065047, -2.723112717677509 ], [ 115.295282344404995, -2.723093318402505 ], [ 115.295293033747498, -2.72307370958498 ], [ 115.29530390565003, -2.723053892122493 ], [ 115.295314819822465, -2.723034296794992 ], [ 115.295326203442528, -2.723014617830017 ], [ 115.29533754479246, -2.722995300392483 ], [ 115.295348638829978, -2.722976591794975 ], [ 115.295359730167547, -2.722958502832512 ], [ 115.295371389877459, -2.722940348217492 ], [ 115.295383104447524, -2.722922403147493 ], [ 115.295394953914979, -2.72290414421002 ], [ 115.295406563262532, -2.72288634662749 ], [ 115.295418088075053, -2.722867091242506 ], [ 115.29543213908255, -2.722845377112492 ], [ 115.295457144732495, -2.72280464232 ], [ 115.295469136292468, -2.722785217862508 ], [ 115.295482008287536, -2.722766161230027 ], [ 115.2954942588525, -2.722747979635017 ], [ 115.295505771974945, -2.722729075885013 ], [ 115.295516339007463, -2.722710205412511 ], [ 115.295530342352549, -2.722690492272477 ], [ 115.295531813642469, -2.722688215189976 ], [ 115.295542213402541, -2.722672126317491 ], [ 115.295554454075045, -2.722653986092496 ], [ 115.295567256822551, -2.722636184912517 ], [ 115.295579873412521, -2.722617959252489 ], [ 115.295593228344956, -2.722599965615018 ], [ 115.295602685614995, -2.722584703222481 ], [ 115.295615556712505, -2.72256812781751 ], [ 115.295639166615047, -2.722534567814989 ], [ 115.295664300867543, -2.722499301802486 ], [ 115.295690936087453, -2.722464609555004 ], [ 115.295719864579951, -2.722429241017494 ], [ 115.295734973189951, -2.722412457867506 ], [ 115.295780826024952, -2.722360270210004 ], [ 115.295795829415056, -2.722345213759979 ], [ 115.29585628094253, -2.722280110040003 ], [ 115.295886286822451, -2.722247271294975 ], [ 115.295917002267515, -2.722216980330018 ], [ 115.295946356140007, -2.722185718097478 ], [ 115.295994350260003, -2.722133478277499 ], [ 115.29605952592749, -2.722067723447481 ], [ 115.296107488569987, -2.722018729280023 ], [ 115.296119663592549, -2.722006637894992 ], [ 115.296142292332547, -2.721984162937474 ], [ 115.296204771832549, -2.721919170732519 ], [ 115.296237011629955, -2.721886364364991 ], [ 115.296282544304972, -2.721837591432518 ], [ 115.296329649892527, -2.721788829290006 ], [ 115.296376989307532, -2.721741366670017 ], [ 115.296435313937536, -2.721684834387474 ], [ 115.296485031160046, -2.721642148964975 ], [ 115.296534364370018, -2.721600492369987 ], [ 115.296586263345034, -2.721558610042507 ], [ 115.296672928312546, -2.721488518680019 ], [ 115.296689804092466, -2.721474486557497 ], [ 115.296707124134969, -2.721460958057492 ], [ 115.296724448675036, -2.721447408870006 ], [ 115.296742133842486, -2.721434168152484 ], [ 115.296759784837491, -2.721420707999982 ], [ 115.296777228984979, -2.721406739730014 ], [ 115.296785063879952, -2.721400651319982 ], [ 115.296794776557476, -2.721393102409991 ], [ 115.296811929327532, -2.721379269037527 ], [ 115.296829204404958, -2.721364569619993 ], [ 115.296848109052462, -2.721349704725014 ], [ 115.296865567592477, -2.721335738252492 ], [ 115.296901673572506, -2.721306143364984 ], [ 115.296919721167455, -2.721291606722502 ], [ 115.296958439679997, -2.721259302174985 ], [ 115.297008834089979, -2.721213949364994 ], [ 115.297028892569983, -2.721195992599974 ], [ 115.297045480564975, -2.721180881292526 ], [ 115.297062620742508, -2.721165036137506 ], [ 115.297078688029956, -2.721149433800008 ], [ 115.297095297609985, -2.721132886272528 ], [ 115.297128147147532, -2.721098686854987 ], [ 115.297131581657482, -2.721096607622485 ], [ 115.297161856434968, -2.721063845319975 ], [ 115.297192063762509, -2.721030591987528 ], [ 115.297209204839987, -2.721009895890006 ], [ 115.297223774757526, -2.720992885212524 ], [ 115.297238155817467, -2.720975781907498 ], [ 115.297252544969979, -2.720958710077525 ], [ 115.297266756954969, -2.720941749762517 ], [ 115.297280952755045, -2.720924624872509 ], [ 115.297295037037543, -2.720907505377511 ], [ 115.297308657270037, -2.720890551357513 ], [ 115.297322194762501, -2.720873128792505 ], [ 115.297359701889945, -2.720822528437509 ], [ 115.297384074415049, -2.720787604165025 ], [ 115.29740583441253, -2.720752854360001 ], [ 115.297428146592551, -2.72071722142249 ], [ 115.297460391784966, -2.720664832314981 ], [ 115.297494787255005, -2.720611326252481 ], [ 115.297525544067526, -2.720563967952501 ], [ 115.297555185722445, -2.720512757857477 ], [ 115.29758958479249, -2.720457684275004 ], [ 115.297627696259951, -2.72039786406998 ], [ 115.29767542777995, -2.720319814607478 ], [ 115.297699112324949, -2.720281250779976 ], [ 115.297733892704969, -2.720224206782518 ], [ 115.297770186645039, -2.720164438737527 ], [ 115.29780484561752, -2.720107247252486 ], [ 115.29784104423004, -2.720050205952475 ], [ 115.297879111632483, -2.719993134075025 ], [ 115.297883460752473, -2.719986766875024 ], [ 115.297918024397518, -2.719936176412489 ], [ 115.297955980284996, -2.719880512875022 ], [ 115.297991969355053, -2.719825246837502 ], [ 115.298027733592448, -2.719769142632515 ], [ 115.298063769427472, -2.719713050117491 ], [ 115.298100600262501, -2.719658365940006 ], [ 115.298137555205017, -2.719604101747507 ], [ 115.298201844139953, -2.719511683817473 ], [ 115.298239616564956, -2.719455632670019 ], [ 115.298288741132524, -2.719381244350018 ], [ 115.298325094427469, -2.719326261597473 ], [ 115.298362540400035, -2.719271623287511 ], [ 115.298386451572469, -2.719237228714974 ], [ 115.29838869718003, -2.71923399924998 ], [ 115.29843724258501, -2.719157871637492 ], [ 115.298461364199966, -2.719118936389975 ], [ 115.298497035809987, -2.719061302437524 ], [ 115.298520419982538, -2.719022922069996 ], [ 115.298554954847532, -2.718964370809999 ], [ 115.298588778349995, -2.718903823052472 ], [ 115.298625956322553, -2.718842801354981 ], [ 115.29865692987255, -2.718782351625009 ], [ 115.298699621590004, -2.718699264160023 ], [ 115.298729587000025, -2.718637594949996 ], [ 115.29876859239755, -2.71855344088749 ], [ 115.298786784782465, -2.71851135981251 ], [ 115.298814173635037, -2.718448386582509 ], [ 115.298815900332556, -2.718444286574993 ], [ 115.298840191022464, -2.718386586072484 ], [ 115.298865738062545, -2.718324497777473 ], [ 115.298889735572516, -2.718264084920008 ], [ 115.298916637892489, -2.718202339267521 ], [ 115.298943015007467, -2.718142271747524 ], [ 115.298966469327524, -2.718083438099995 ], [ 115.298983950350021, -2.71804266283749 ], [ 115.299000797350004, -2.718002170862519 ], [ 115.299010045077466, -2.717982239190007 ], [ 115.299029375104965, -2.717943032344976 ], [ 115.299040013185049, -2.717923668142475 ], [ 115.299050823037533, -2.717904623200013 ], [ 115.299062028590015, -2.717885385802504 ], [ 115.299073357350039, -2.717865994620013 ], [ 115.299084514340052, -2.717847098065022 ], [ 115.299095707300012, -2.717827771634973 ], [ 115.299106744679989, -2.717808916447495 ], [ 115.299118047360025, -2.717790046872494 ], [ 115.299129215140056, -2.717771323887519 ], [ 115.299155436675051, -2.717730134037481 ], [ 115.299182151034984, -2.717690618727488 ], [ 115.299209563269983, -2.717651973060015 ], [ 115.299218973777556, -2.717639298915003 ], [ 115.299236307310025, -2.717615956112525 ], [ 115.299264726785054, -2.71758091492751 ], [ 115.299297441424983, -2.717537690812492 ], [ 115.29930906695995, -2.717523014774997 ], [ 115.299336687837467, -2.717490937757475 ], [ 115.299365470640055, -2.717459018119996 ], [ 115.299380861637474, -2.717443287177502 ], [ 115.299397527872543, -2.717427543644988 ], [ 115.299414282242537, -2.717413677900026 ], [ 115.299445854742544, -2.717384414860021 ], [ 115.299462463422515, -2.717370166900025 ], [ 115.299478994759966, -2.717356087112478 ], [ 115.299495738337555, -2.717341449747494 ], [ 115.299511782242462, -2.717325872589981 ], [ 115.299530738152498, -2.717311933997507 ], [ 115.299564496005019, -2.717283292389993 ], [ 115.299580488647507, -2.717268548904997 ], [ 115.299596205200032, -2.717253869269996 ], [ 115.299612152877444, -2.717239300252515 ], [ 115.299644570740043, -2.717211802582483 ], [ 115.299660772027551, -2.717197795642505 ], [ 115.299677119902526, -2.717183884927522 ], [ 115.299710546805045, -2.717155228929983 ], [ 115.299727194155025, -2.717140115822474 ], [ 115.299759539172555, -2.717109244794983 ], [ 115.299775529117483, -2.717094540879998 ], [ 115.29979170702245, -2.717080026722499 ], [ 115.299826280557454, -2.717047259922481 ], [ 115.299841908077497, -2.717031796079993 ], [ 115.299857532000033, -2.717016363715004 ], [ 115.299862617664985, -2.717011483992508 ], [ 115.299873351075007, -2.717001186754999 ], [ 115.299889374295049, -2.716984762437505 ], [ 115.29990507106254, -2.71696868885499 ], [ 115.299921278645002, -2.716952820317488 ], [ 115.299950643307511, -2.716915207069974 ], [ 115.299975716407516, -2.716885360369986 ], [ 115.300006420160003, -2.7168498740225 ], [ 115.300020869567447, -2.716831961324999 ], [ 115.300034926870012, -2.716813671812474 ], [ 115.300048515627509, -2.716795377804999 ], [ 115.300061571085052, -2.716776656617526 ], [ 115.300075117572533, -2.716758088314975 ], [ 115.30008818472254, -2.716738610797506 ], [ 115.300100699687505, -2.716719061335027 ], [ 115.300113059970045, -2.716699335605028 ], [ 115.30012454701, -2.716679853592495 ], [ 115.300135590685045, -2.716659662012489 ], [ 115.300145792595004, -2.716639738432491 ], [ 115.300155567324964, -2.716619548652488 ], [ 115.300165517424944, -2.716598993747482 ], [ 115.300176326377482, -2.716579748257516 ], [ 115.300193853265, -2.716537442349988 ], [ 115.300201777189955, -2.716516659914987 ], [ 115.300209507762474, -2.716495713804989 ], [ 115.300217163690036, -2.716475340565012 ], [ 115.300224494064992, -2.71645463906998 ], [ 115.300231512375035, -2.716433506800001 ], [ 115.300236575557506, -2.716414251417518 ], [ 115.300243097439989, -2.716392817874976 ], [ 115.300253285859981, -2.7163516307225 ], [ 115.300258385017514, -2.716330798827528 ], [ 115.300264065135025, -2.71630885177251 ], [ 115.300269684097543, -2.716286588155015 ], [ 115.300275076432513, -2.716264411772499 ], [ 115.300280583882454, -2.716241979982499 ], [ 115.300284244122508, -2.716230123322475 ], [ 115.300287280235011, -2.716220284737517 ], [ 115.300292758004957, -2.716197995042478 ], [ 115.300298222285051, -2.71617613162249 ], [ 115.300302911349945, -2.716154016395024 ], [ 115.300308277605041, -2.716131896669992 ], [ 115.300313761670054, -2.716109846192523 ], [ 115.300319345562457, -2.716087819097481 ], [ 115.300325300872487, -2.71606616881752 ], [ 115.300330594282514, -2.7160441219375 ], [ 115.300335878697524, -2.716021994120013 ], [ 115.30034133668255, -2.716000119910007 ], [ 115.300346156149999, -2.71597835631502 ], [ 115.300351466647498, -2.715955590877513 ], [ 115.300357606317448, -2.715933134805027 ], [ 115.300363018437452, -2.715912390144979 ], [ 115.300369914440012, -2.715890276715015 ], [ 115.300374895785012, -2.715869648964997 ], [ 115.300391973909996, -2.715804933750007 ], [ 115.300407767805041, -2.715739035027525 ], [ 115.300424366592551, -2.715673934004997 ], [ 115.300441104772517, -2.715610910415023 ], [ 115.300466033980001, -2.715509341882523 ], [ 115.300501627347444, -2.715354831160028 ], [ 115.300502068914966, -2.715352886824974 ], [ 115.300516370834998, -2.71529007188002 ], [ 115.300530821140001, -2.715224774802493 ], [ 115.300541212807502, -2.715181762027498 ], [ 115.300556757587515, -2.715117544140014 ], [ 115.300572883332507, -2.715053016882507 ], [ 115.300596533702446, -2.714967019212509 ], [ 115.300613214327541, -2.714901980242473 ], [ 115.300629985785008, -2.714835486167487 ], [ 115.300647542350021, -2.714770504754995 ], [ 115.300664338987531, -2.714704876727524 ], [ 115.300674323262456, -2.71466052756 ], [ 115.300690052405002, -2.714589989237481 ], [ 115.300704697862557, -2.714521438412476 ], [ 115.300710376182451, -2.714473664627519 ], [ 115.300712641575046, -2.714454600800025 ], [ 115.300719190437462, -2.714388152590004 ], [ 115.300728215134995, -2.714318781587508 ], [ 115.300734013962483, -2.714251942172496 ], [ 115.300740917160056, -2.714183788849994 ], [ 115.30074608196503, -2.714116694929999 ], [ 115.300751368180045, -2.714028323047501 ], [ 115.300755537437453, -2.713960575320016 ], [ 115.300759498952516, -2.713893896884997 ], [ 115.300764903877507, -2.713829224840026 ], [ 115.300769296164958, -2.713764012299976 ], [ 115.300773314337448, -2.713701863749975 ], [ 115.300779167125029, -2.713636804095017 ], [ 115.300784072027454, -2.713572585307475 ], [ 115.30078580771999, -2.713549856739974 ], [ 115.300791753137446, -2.713484029065 ], [ 115.300797305552464, -2.713417818277492 ], [ 115.300802698784992, -2.713351849407502 ], [ 115.300810101104958, -2.713285831074984 ], [ 115.300818415337517, -2.713218583370008 ], [ 115.300828088444973, -2.713130464199992 ], [ 115.300833820724961, -2.713064975567477 ], [ 115.300840259870029, -2.713000070597502 ], [ 115.300847637907509, -2.712933959634995 ], [ 115.300855268655027, -2.712849775897496 ], [ 115.300861492862509, -2.712784086714976 ], [ 115.300869530105047, -2.712716812930012 ], [ 115.300874614872555, -2.712672958389987 ], [ 115.300877407267535, -2.712648888035005 ], [ 115.300885635164946, -2.712582330110024 ], [ 115.300894620290023, -2.712512931227479 ], [ 115.30090182475999, -2.712445857990019 ], [ 115.300907050719957, -2.712378537439974 ], [ 115.300910626424979, -2.712310565780001 ], [ 115.300914221915036, -2.712241431297514 ], [ 115.300914379295023, -2.712173128687482 ], [ 115.300915534925025, -2.712104281087477 ], [ 115.300915591582452, -2.712037832880014 ], [ 115.300916685157517, -2.711968600370028 ], [ 115.300917954099987, -2.711877001722485 ], [ 115.300919608852496, -2.711807537187497 ], [ 115.300918347105039, -2.711770762110007 ], [ 115.300918065617452, -2.711762591770025 ], [ 115.300917717577477, -2.711695211864992 ], [ 115.300920214097459, -2.711628522637511 ], [ 115.300924270040014, -2.711560318952479 ], [ 115.300928102049966, -2.711474253832478 ], [ 115.300929381784954, -2.711431392145016 ], [ 115.300930757747551, -2.711351192402503 ], [ 115.300933130160047, -2.711289766009997 ], [ 115.300939146624955, -2.711222670289999 ], [ 115.300945996759992, -2.711157575562481 ], [ 115.300955784082475, -2.711070030157487 ], [ 115.30096664519499, -2.711004330185006 ], [ 115.300981076615017, -2.71091805911999 ], [ 115.300989288325013, -2.710870806942523 ], [ 115.300992361307522, -2.710853128967528 ], [ 115.301004071380021, -2.710787931717505 ], [ 115.301017506352537, -2.71072265802502 ], [ 115.301029147177474, -2.710657190977486 ], [ 115.301043469779984, -2.710591753607503 ], [ 115.301061014655033, -2.710504810747523 ], [ 115.301078410240052, -2.710419096365001 ], [ 115.301092425274987, -2.710354697709988 ], [ 115.301113778777449, -2.710265353662521 ], [ 115.301123652434967, -2.710218918067483 ], [ 115.301138951702455, -2.710152522019996 ], [ 115.301157963369974, -2.71006499640248 ], [ 115.301176349110051, -2.709986430729998 ], [ 115.30118272530251, -2.7099591848675 ], [ 115.301187933277447, -2.709937842157501 ], [ 115.301199705402496, -2.709894526312496 ], [ 115.301205717369953, -2.709873645852497 ], [ 115.30121127517998, -2.709853155697488 ], [ 115.301217195417507, -2.709832160125018 ], [ 115.301224043755042, -2.70981128955998 ], [ 115.301239376297531, -2.70976834603249 ], [ 115.301256437335041, -2.709725079647512 ], [ 115.301277104655014, -2.709681955357496 ], [ 115.30129008996505, -2.709657384980005 ], [ 115.301311680889967, -2.709616782387513 ], [ 115.301335136107468, -2.709578677215006 ], [ 115.301347411852475, -2.709560118804973 ], [ 115.301372284402532, -2.709521892222483 ], [ 115.301384666269996, -2.709502749252522 ], [ 115.301397156055032, -2.709483123347525 ], [ 115.301423139267513, -2.709446173802519 ], [ 115.301462922574956, -2.709393329637521 ], [ 115.301502485552533, -2.709339724647521 ], [ 115.301554265817458, -2.70926691463751 ], [ 115.301602499155024, -2.709200764104992 ], [ 115.301606892345035, -2.709194740445014 ], [ 115.301647468854981, -2.709140266709994 ], [ 115.301686699982497, -2.709086936912513 ], [ 115.301724035335042, -2.709034759147528 ], [ 115.301774391974959, -2.708962525599986 ], [ 115.301810355862472, -2.708910149085 ], [ 115.301821568609967, -2.708892740907515 ], [ 115.301833353327538, -2.708877021657486 ], [ 115.301843804347527, -2.708860148577514 ], [ 115.301853928017522, -2.708843482340001 ], [ 115.30186634765505, -2.708825215312515 ], [ 115.301877132324989, -2.708808319747504 ], [ 115.301889103199983, -2.708790686739974 ], [ 115.301911090724957, -2.708759348064973 ], [ 115.301942232447459, -2.708719981142508 ], [ 115.301982254977474, -2.70866870809499 ], [ 115.302011768927514, -2.708635827082503 ], [ 115.302025114867547, -2.708619489997488 ], [ 115.302059958199948, -2.708592471664986 ], [ 115.302082243400037, -2.708583137602488 ], [ 115.302130932697537, -2.708561532289991 ], [ 115.302183541237468, -2.708543938852472 ], [ 115.302189093652487, -2.708542221147525 ], [ 115.302244507177534, -2.70852507467248 ], [ 115.302308096442516, -2.708508483079981 ], [ 115.302373745152522, -2.70849408403501 ], [ 115.302455265997537, -2.708474754905012 ], [ 115.302544216142451, -2.708453467952495 ], [ 115.30263504137497, -2.708432474179972 ], [ 115.302724645325043, -2.708411016355001 ], [ 115.302815145902514, -2.708389914662519 ], [ 115.302905158147496, -2.708365179709972 ], [ 115.302995810707444, -2.708344470119982 ], [ 115.303062036782535, -2.708325943187504 ], [ 115.303080979204992, -2.708320642582521 ], [ 115.30316721879251, -2.708296941849994 ], [ 115.303272931399988, -2.708269776030022 ], [ 115.303380192642521, -2.708242114682491 ], [ 115.303469432367478, -2.708219511122479 ], [ 115.303535368862526, -2.708203269365015 ], [ 115.303556360837547, -2.708197958867515 ], [ 115.303599706362547, -2.708187628357507 ], [ 115.303621310775043, -2.708182871842496 ], [ 115.303644131072474, -2.708177814954979 ], [ 115.303666742724999, -2.708173996432492 ], [ 115.303713141447474, -2.70816471003252 ], [ 115.303738702879969, -2.708160070429983 ], [ 115.303760833395017, -2.708156466847527 ], [ 115.303783291264949, -2.708153088095003 ], [ 115.303805707767538, -2.708150581685004 ], [ 115.303827983974998, -2.708147865732485 ], [ 115.303849952612495, -2.708145389897481 ], [ 115.303871682032536, -2.708142565127503 ], [ 115.303893128164987, -2.708141310572501 ], [ 115.303913431259957, -2.708139244830022 ], [ 115.303934818037533, -2.708137386830003 ], [ 115.303939872227488, -2.708136900297518 ], [ 115.303954728127451, -2.708135471275 ], [ 115.303974969169985, -2.708133838105027 ], [ 115.303996096942456, -2.708132659094986 ], [ 115.304017864132447, -2.708131488177514 ], [ 115.304038031429968, -2.708130023182491 ], [ 115.30405896405, -2.708128630132478 ], [ 115.304080937184949, -2.708127874702484 ], [ 115.304102863557546, -2.708127332410015 ], [ 115.304125006665004, -2.70812696638751 ], [ 115.304147231610045, -2.708127059915 ], [ 115.304169526702481, -2.708127700232524 ], [ 115.304256363440004, -2.708125537362491 ], [ 115.304344811764963, -2.708124153307494 ], [ 115.304432860787529, -2.708125972635003 ], [ 115.304519046417454, -2.70812698167498 ], [ 115.304607513625001, -2.70812702664 ], [ 115.304673640775036, -2.708124500445024 ], [ 115.304761357049983, -2.708122071377488 ], [ 115.304838538667468, -2.708117377814972 ], [ 115.304849099407534, -2.708116734800001 ], [ 115.304936774312523, -2.708109184990008 ], [ 115.305000577615033, -2.708101237682513 ], [ 115.305043290014964, -2.708095511697479 ], [ 115.305087149952556, -2.708089604949976 ], [ 115.305152518075033, -2.7080789308975 ], [ 115.30524080272005, -2.708062234084991 ], [ 115.305328405682531, -2.708043744022518 ], [ 115.305417373812475, -2.708022677404983 ], [ 115.305508720649982, -2.708000260005008 ], [ 115.305597668997507, -2.70797747298252 ], [ 115.305661946242481, -2.707956562845027 ], [ 115.305718145775018, -2.707939428962504 ], [ 115.305725156890048, -2.707937291272515 ], [ 115.305746912389964, -2.707931083252504 ], [ 115.305810620365037, -2.707909305269993 ], [ 115.305874016272469, -2.707885607235028 ], [ 115.305917154952454, -2.707870245014988 ], [ 115.305978376300004, -2.707844601747524 ], [ 115.306042718297476, -2.707819830819972 ], [ 115.306124143815055, -2.707785030654975 ], [ 115.306206019892556, -2.707751559687495 ], [ 115.306265774445023, -2.707726774369974 ], [ 115.306345050582536, -2.707693333979989 ], [ 115.306424108184956, -2.707659146252524 ], [ 115.306503020997525, -2.707624970215022 ], [ 115.306552612312544, -2.707603498902472 ], [ 115.306583272899957, -2.707590224010005 ], [ 115.306664035617473, -2.707556006604989 ], [ 115.306745807372522, -2.70752026035251 ], [ 115.306827440634947, -2.707487469270006 ], [ 115.306888981242537, -2.707462343112525 ], [ 115.306971047077468, -2.707426578872514 ], [ 115.307029404982472, -2.707397904890001 ], [ 115.307103742942445, -2.707355950617512 ], [ 115.30715996406002, -2.707325756777493 ], [ 115.307240908442509, -2.707284002155006 ], [ 115.307296928109963, -2.707255282305027 ], [ 115.307344352959944, -2.707224759315011 ], [ 115.30736212715999, -2.707213071724993 ], [ 115.307392883975012, -2.70719284777249 ], [ 115.307447920685036, -2.707155703972489 ], [ 115.307503734410034, -2.707115754287486 ], [ 115.307575244002464, -2.707060814705017 ], [ 115.307650717807519, -2.707002779654999 ], [ 115.307723826392476, -2.706943248132518 ], [ 115.30780825115005, -2.70687241393 ], [ 115.307876078917502, -2.706813930117505 ], [ 115.307962430022485, -2.706739492332474 ], [ 115.308030871127471, -2.706679941027517 ], [ 115.308064648765026, -2.706649854207512 ], [ 115.308097974942484, -2.706620171185023 ], [ 115.308163447385027, -2.706563520190002 ], [ 115.308231590815012, -2.706502915777492 ], [ 115.308294844632542, -2.706441933647511 ], [ 115.308359228895029, -2.706381750117487 ], [ 115.308404732792496, -2.706336738150014 ], [ 115.308449377837519, -2.706288231417489 ], [ 115.30849443926752, -2.70623823540501 ], [ 115.30853939008, -2.706186671877504 ], [ 115.308581960390029, -2.706137273914976 ], [ 115.308622482942496, -2.706088659264992 ], [ 115.308662618784979, -2.706039127305019 ], [ 115.308691381802532, -2.706003780349988 ], [ 115.308714355882444, -2.705975547034996 ], [ 115.308767093927486, -2.705910608787519 ], [ 115.308815772429966, -2.705848711149997 ], [ 115.308859293322485, -2.70579219954999 ], [ 115.308911099667512, -2.705728023030019 ], [ 115.308963203690041, -2.705656676215028 ], [ 115.309024665157494, -2.705581180827494 ], [ 115.309082131834998, -2.705510345724974 ], [ 115.309127302982461, -2.705455127352479 ], [ 115.30918527508004, -2.705381200382476 ], [ 115.309244511625025, -2.705308124170017 ], [ 115.309253101950048, -2.705297738800027 ], [ 115.309300862244982, -2.705240001425011 ], [ 115.309356282965041, -2.705171784250012 ], [ 115.309412524767481, -2.705102475300009 ], [ 115.309470273835018, -2.705033546759978 ], [ 115.309527634392452, -2.704965252245017 ], [ 115.309581743902527, -2.70489645770499 ], [ 115.309638144884957, -2.704826621749987 ], [ 115.309694511692555, -2.704756567262507 ], [ 115.309769445005031, -2.704668720585005 ], [ 115.309826810060031, -2.704601453994997 ], [ 115.309842622840051, -2.704582911772491 ], [ 115.309898168565041, -2.704514761147493 ], [ 115.309955729672538, -2.704444912602526 ], [ 115.310013529100047, -2.704374241177504 ], [ 115.310070517340023, -2.70430288627 ], [ 115.310099865817506, -2.704266991627492 ], [ 115.310127942649956, -2.704230942305003 ], [ 115.310155094082461, -2.704194256259996 ], [ 115.310181452312463, -2.704157379560002 ], [ 115.310205906677538, -2.704118158327503 ], [ 115.310228176590044, -2.704080797790027 ], [ 115.310248201792547, -2.704041530692507 ], [ 115.310269041782476, -2.704001959622474 ], [ 115.310288382602494, -2.703961466747501 ], [ 115.310304687312509, -2.703920909122473 ], [ 115.31032065387501, -2.703880314624996 ], [ 115.310329243299975, -2.70385840713999 ], [ 115.310336929804976, -2.703838800120025 ], [ 115.310354344277471, -2.703797789237512 ], [ 115.310372095995035, -2.703754951829978 ], [ 115.310386756742446, -2.703713325809986 ], [ 115.310400465109979, -2.70367302359 ], [ 115.310420259187481, -2.703609520662496 ], [ 115.310432329887476, -2.703566629297484 ], [ 115.310443438315019, -2.703523897110017 ], [ 115.310454374069991, -2.703481133447497 ], [ 115.310472669877527, -2.703387332360023 ], [ 115.310481055157538, -2.703342992185014 ], [ 115.310488270417522, -2.703298073747476 ], [ 115.310497780747482, -2.703231547297491 ], [ 115.310504445622541, -2.703164095447505 ], [ 115.310510082574979, -2.70309940991001 ], [ 115.310517963332472, -2.703012413092495 ], [ 115.31052143291754, -2.702980072572473 ], [ 115.310527311784995, -2.702925291269992 ], [ 115.310535402987512, -2.702838380787512 ], [ 115.310540471564991, -2.70277338318499 ], [ 115.310545496977511, -2.702707352262507 ], [ 115.310553945207516, -2.702618664719978 ], [ 115.310559871739997, -2.70255186667498 ], [ 115.310567522272549, -2.702482545132511 ], [ 115.310577205274967, -2.702400641177519 ], [ 115.31058482163246, -2.702330894254999 ], [ 115.310592854377546, -2.702260212937517 ], [ 115.31059945270249, -2.702189056780014 ], [ 115.310604835145, -2.702123111292508 ], [ 115.310610192407466, -2.702080269390024 ], [ 115.31061311070755, -2.702056925687486 ], [ 115.310620269309993, -2.701969811057495 ], [ 115.310626162567473, -2.701903762149982 ], [ 115.310634285244987, -2.701820305062483 ], [ 115.310641343122484, -2.701754278637509 ], [ 115.310648981065015, -2.701687784562523 ], [ 115.310655325782477, -2.701622741994981 ], [ 115.3106653343375, -2.70153398880251 ], [ 115.310670927222532, -2.701468056805027 ], [ 115.310677774660007, -2.701384255280004 ], [ 115.310685250724987, -2.701320727170014 ], [ 115.310696296197534, -2.701232372374989 ], [ 115.310701442117534, -2.701180719815 ], [ 115.310705213875053, -2.701142872744981 ], [ 115.310714456207506, -2.701053436967527 ], [ 115.310725418044967, -2.70096681786498 ], [ 115.310730346327546, -2.700902236649995 ], [ 115.310733761054962, -2.700839504440012 ], [ 115.310736336712466, -2.700776336060017 ], [ 115.310734610014947, -2.700711217947514 ], [ 115.310738583219972, -2.700666161912523 ], [ 115.310732804175018, -2.700606032342478 ], [ 115.310729667339956, -2.700563111297527 ], [ 115.310724725565024, -2.700518090337482 ], [ 115.310716810632471, -2.700447085265012 ], [ 115.310707788632499, -2.700391782354984 ], [ 115.310688803945027, -2.700306047284982 ] ] ] } },
{ "type": "Feature", "properties": { "source_feature_id": 9, "nama_objek": "Jalan Kolektor Primer", "orde_01": 42010000, "orde_02": 22011000, "orde_03": 22011200, "orde_04": 22011201, "jenis_sistem": 42000000, "status_jaringan": 2, "provinsi": "Provinsi Kalimantan Selatan", "kabupaten": "Kabupaten Hulu Sungai Selatan", "keterangan": "Lumpangi - Loksado", "sumber_data": "SK Gubernur Provinsi Kalsel No. 188.44/0150/KUM/2023 Pemerintah Provinsi Kalimantan Selatan, 2023", "source_shape_length": 0.11247193015932064, "source_layer": "_6306_50KB_LN_SR_TRANSPORTASI_KABUPATEN_HULUSUNGAISELATAN_2024", "source_dataset": "_6306_50KB_RTRW_KABUPATEN_HULUSUNGAISELATAN_2025.gdb.zip" }, "geometry": { "type": "MultiLineString", "coordinates": [ [ [ 115.416968498897518, -2.812205505880002 ], [ 115.417033264825022, -2.811979538329979 ], [ 115.416870727897503, -2.811487713780025 ], [ 115.416762318635051, -2.811296417025005 ], [ 115.416457799102545, -2.810759066897504 ], [ 115.416289814217521, -2.81052840433 ], [ 115.415825372237464, -2.809890670849995 ], [ 115.415771247895009, -2.809790588074975 ], [ 115.415604110050026, -2.809481528389995 ], [ 115.415537288085034, -2.809201898699996 ], [ 115.415467010289944, -2.808946520229995 ], [ 115.41544175732497, -2.808854755370021 ], [ 115.415442381049957, -2.808392069669992 ], [ 115.415484993182531, -2.808048266334993 ], [ 115.415596221892542, -2.807150846640013 ], [ 115.415597667664997, -2.807139175995019 ], [ 115.415819781065011, -2.806623268944975 ], [ 115.415954400967507, -2.806459584347522 ], [ 115.416048444015019, -2.806388963140023 ], [ 115.416223471049989, -2.806257526105014 ], [ 115.416444464907499, -2.806113237264981 ], [ 115.416732552762483, -2.806046153814975 ], [ 115.416852142044945, -2.806023230835024 ], [ 115.416982215667531, -2.805998298135023 ], [ 115.41737583914005, -2.805979555215004 ], [ 115.417673397602471, -2.806008876900023 ], [ 115.417744168734998, -2.806030397514974 ], [ 115.418373906957527, -2.806221893602526 ], [ 115.418606237130007, -2.806288161960026 ], [ 115.418815334779993, -2.806347804087522 ], [ 115.419400803094959, -2.806444993089997 ], [ 115.419489412759958, -2.806448030942477 ], [ 115.419986375245003, -2.806465066792498 ], [ 115.420388331344952, -2.806452452262477 ], [ 115.420869608422549, -2.806437347909991 ], [ 115.42128527023749, -2.806480702945009 ], [ 115.421613113089961, -2.806514897772502 ], [ 115.421910670595025, -2.806544220315004 ], [ 115.422161661699988, -2.806441941427522 ], [ 115.422170011839967, -2.80643853877001 ], [ 115.422448682784989, -2.806236492399989 ], [ 115.422889355435018, -2.805910923762497 ], [ 115.423438460420016, -2.805505244607502 ], [ 115.423526089072539, -2.805366530382514 ], [ 115.423536593414951, -2.805312672402522 ], [ 115.4235937545875, -2.805019604830022 ], [ 115.423865285672491, -2.804478914347499 ], [ 115.423886745105051, -2.804436183132509 ], [ 115.424084563874999, -2.804114175277505 ], [ 115.424392085332556, -2.803873608387505 ], [ 115.424472918214974, -2.80384481056501 ], [ 115.425227679047453, -2.803575919397474 ], [ 115.425308485685036, -2.803518985687504 ], [ 115.425487122707523, -2.803393123107526 ], [ 115.425544993757512, -2.803190775872508 ], [ 115.425565718290045, -2.802716745327473 ], [ 115.425584604829965, -2.802284732814996 ], [ 115.425731125587504, -2.80189239367752 ], [ 115.425769409379996, -2.801856186584985 ], [ 115.425904142879972, -2.801728759597495 ], [ 115.426048220575012, -2.801671118064974 ], [ 115.42628832071, -2.801594327759972 ], [ 115.426480450024997, -2.801498194212513 ], [ 115.426554293652543, -2.801441650630011 ], [ 115.426643813705027, -2.801373102817479 ], [ 115.426730341574967, -2.801276826647495 ], [ 115.426855218800029, -2.801219159047491 ], [ 115.426980057422497, -2.801190410349989 ], [ 115.427248868077527, -2.801181133410012 ], [ 115.427371565720023, -2.801168193750016 ], [ 115.427700129739947, -2.801133544767481 ], [ 115.428151479647454, -2.801018482012523 ], [ 115.428243172259954, -2.80097041365002 ], [ 115.428554962394969, -2.800806959655006 ], [ 115.429044866374966, -2.800576276895015 ], [ 115.429050280945035, -2.800572106005006 ], [ 115.429294721627457, -2.800383827355006 ], [ 115.429486963592467, -2.800200937982481 ], [ 115.429679189994999, -2.799935144992503 ], [ 115.429688935884997, -2.799921670352489 ], [ 115.429775745849952, -2.799613326764984 ], [ 115.429815891362523, -2.799127125840016 ], [ 115.429812048527538, -2.799047847270003 ], [ 115.429806546007512, -2.798934326137498 ], [ 115.429749151894953, -2.79878001955251 ], [ 115.429710817040018, -2.798731772307519 ], [ 115.429624648002459, -2.798558146752498 ], [ 115.429450357930023, -2.798232093262527 ], [ 115.429289485055051, -2.797931138725005 ], [ 115.429127359014956, -2.797493287275017 ], [ 115.429114037907539, -2.797398751022513 ], [ 115.42908931931504, -2.797223334372518 ], [ 115.429080116837554, -2.796924502174988 ], [ 115.429109291689997, -2.796497284025008 ], [ 115.429158442742505, -2.795777525712481 ], [ 115.42923686598499, -2.795612481627472 ], [ 115.429265817754981, -2.795551550707501 ], [ 115.429506044765049, -2.795378365072509 ], [ 115.429746441012526, -2.795079869250003 ], [ 115.429832489259979, -2.794950641094999 ], [ 115.430015774959998, -2.794675379395017 ], [ 115.430083257070009, -2.794463403559973 ], [ 115.430107335452476, -2.794113706265023 ], [ 115.430122413392496, -2.793894735244976 ], [ 115.430200724192446, -2.79355270837749 ], [ 115.430354888924967, -2.79325697401498 ], [ 115.430431710659946, -2.793109607929978 ], [ 115.430518443072515, -2.79285910182 ], [ 115.430605188217555, -2.792598956022516 ], [ 115.430627036349961, -2.792401824595004 ], [ 115.430691585642535, -2.791819405724993 ], [ 115.430686333730023, -2.791501104814984 ], [ 115.430683553342533, -2.791332591665025 ], [ 115.430635938097453, -2.791043348304981 ], [ 115.430597831664954, -2.790821591835027 ], [ 115.430598121252501, -2.790603980954984 ], [ 115.430598152255016, -2.79058060936751 ], [ 115.430646394099995, -2.790397525617493 ], [ 115.430598132899945, -2.790171425417498 ], [ 115.431049120030025, -2.790250631649997 ], [ 115.431249333007486, -2.790285795182513 ], [ 115.431756440865001, -2.790502103899996 ], [ 115.431879590530002, -2.79057964777752 ], [ 115.432068423235023, -2.790698549709987 ], [ 115.432282777427531, -2.790934070947515 ], [ 115.432437865147449, -2.791259734599976 ], [ 115.432516308172467, -2.791424452347485 ], [ 115.432769512712525, -2.791797244044972 ], [ 115.432975880360004, -2.791970458867524 ], [ 115.433003433365002, -2.791993585275009 ], [ 115.433315520279962, -2.792111619552486 ], [ 115.433842280525027, -2.792171126434994 ], [ 115.433842350667533, -2.792171133765009 ], [ 115.434213113917508, -2.792191233407493 ], [ 115.43448627293003, -2.792230805434997 ], [ 115.434705000224994, -2.7923567407625 ], [ 115.43475927808754, -2.792387991627493 ], [ 115.434954196819945, -2.792564678252518 ], [ 115.435129547670044, -2.792780544105028 ], [ 115.435276787452494, -2.793040171975008 ], [ 115.43528530467745, -2.793055191425026 ], [ 115.435363183647496, -2.793192515090027 ], [ 115.435558362064967, -2.793173173145021 ], [ 115.435714793742477, -2.792938149 ], [ 115.43592631243996, -2.792808696207487 ], [ 115.436066352747503, -2.792722988990022 ], [ 115.436495920432549, -2.792547137654992 ], [ 115.436751670717513, -2.792455040084974 ], [ 115.436984032634996, -2.792371365247504 ], [ 115.437608623195047, -2.792293789019993 ], [ 115.437631586132511, -2.792290129860021 ], [ 115.438096606792556, -2.79221602906 ], [ 115.438519456642553, -2.792145817512505 ], [ 115.438916425977482, -2.792079904089974 ], [ 115.439384866852492, -2.792021720605021 ], [ 115.43940864849003, -2.792013793852504 ], [ 115.439970582582532, -2.791826473612502 ], [ 115.440260884215036, -2.791724846510022 ], [ 115.440361068027528, -2.791689774635017 ], [ 115.440790427835054, -2.791670744777491 ], [ 115.441083157382536, -2.791671134972489 ], [ 115.441153752482478, -2.791665556825023 ], [ 115.441571089617469, -2.791632578757515 ], [ 115.442000707869965, -2.791417521034987 ], [ 115.442001478282464, -2.79141712323252 ], [ 115.442645147989992, -2.791085129680027 ], [ 115.442802155717459, -2.791005180302477 ], [ 115.443604536357498, -2.790596600334993 ], [ 115.443922897769994, -2.790434486677498 ], [ 115.444076672594974, -2.790408146829975 ], [ 115.444260980447552, -2.790408392787526 ], [ 115.444423523187538, -2.790529407255008 ], [ 115.444613892325037, -2.790671137260006 ], [ 115.445214008372545, -2.790953419207483 ], [ 115.445304619369949, -2.790996040777486 ], [ 115.445688288677502, -2.791227969612521 ], [ 115.446002718804948, -2.791386412657516 ], [ 115.446087358709974, -2.791429063349995 ], [ 115.446502031217506, -2.791445041899976 ], [ 115.446870525224995, -2.791538099624972 ], [ 115.446879042437445, -2.791543004517507 ], [ 115.447192821404997, -2.791723661627486 ], [ 115.447545672092474, -2.792032689925009 ], [ 115.447596858229986, -2.792080559627493 ], [ 115.447760433630037, -2.79223353781498 ], [ 115.44802123478496, -2.792465304164978 ], [ 115.448297654824955, -2.792496526565003 ], [ 115.448347291287519, -2.792500581642514 ], [ 115.448681590572505, -2.792527893364991 ], [ 115.448804321862553, -2.792636050634997 ], [ 115.448926951057501, -2.792821349372502 ], [ 115.449048956342494, -2.792953678795016 ], [ 115.449126334564994, -2.793037604597487 ], [ 115.449310419724952, -2.793207557097503 ], [ 115.44944838704248, -2.793408303082515 ], [ 115.449540763440041, -2.793687902810007 ], [ 115.44955547597749, -2.793732433092487 ], [ 115.44975488085754, -2.7939332606025 ], [ 115.450031161630022, -2.794072478937494 ], [ 115.45013270128004, -2.794202640575008 ], [ 115.450186418952512, -2.794283810122522 ], [ 115.450224673184948, -2.794341614449991 ], [ 115.450224410087458, -2.794542178052495 ], [ 115.450178008762464, -2.794788963814995 ], [ 115.450162388252465, -2.794989506132481 ], [ 115.450219471834998, -2.795162288250026 ], [ 115.450254177082456, -2.795267331695015 ], [ 115.450330669282494, -2.79549885270751 ], [ 115.450453319100006, -2.795668723817528 ], [ 115.45067898618754, -2.795921664902494 ], [ 115.450728161012535, -2.79597678326752 ], [ 115.45094391866246, -2.796348205602499 ], [ 115.450698480657479, -2.796621628072501 ], [ 115.450678861384972, -2.796646642467522 ], [ 115.450593657134959, -2.796755276372494 ], [ 115.450536350412449, -2.796927211260027 ], [ 115.450526623212454, -2.797089653629996 ], [ 115.450554825409995, -2.797347709287521 ], [ 115.450613513934968, -2.797498948597479 ], [ 115.45064015875505, -2.797567613620004 ], [ 115.450782711102534, -2.797682478020022 ], [ 115.450934788177506, -2.79778779758999 ], [ 115.451058388855017, -2.797845299235007 ], [ 115.451296140822478, -2.797912508024979 ], [ 115.451367001144945, -2.79793905242002 ], [ 115.451628949937458, -2.798037179617495 ], [ 115.451904629772457, -2.798200000742497 ], [ 115.452075734984987, -2.79830534731002 ], [ 115.45216306512998, -2.798353344595 ], [ 115.452284882640015, -2.798420298187523 ], [ 115.452475066007537, -2.798487443742488 ], [ 115.45277004710249, -2.798440054775028 ], [ 115.453026448534956, -2.798394955107483 ], [ 115.453093585334955, -2.79838314609998 ], [ 115.453302905902547, -2.798364312237481 ], [ 115.45365976286746, -2.798240170742474 ], [ 115.453783539205006, -2.798163884834992 ], [ 115.453854777375, -2.798095760057492 ], [ 115.453993100392495, -2.797963483337526 ], [ 115.45423118908252, -2.797772674317514 ], [ 115.454412059850029, -2.797686908232492 ], [ 115.454616148682476, -2.797687177577473 ], [ 115.454754547280004, -2.797687360822522 ], [ 115.454992234590009, -2.797802349989979 ], [ 115.45524900174496, -2.797879139855013 ], [ 115.455445577402543, -2.797997968822472 ], [ 115.455486651657452, -2.798022797782494 ], [ 115.455752893597491, -2.798128268077505 ], [ 115.455933575964991, -2.798185844892487 ], [ 115.456152400002452, -2.79817657783002 ], [ 115.456308583845043, -2.798162943807483 ], [ 115.456475900107534, -2.798148336905001 ], [ 115.456675722129944, -2.798119933224996 ], [ 115.456903946822536, -2.798196684170023 ], [ 115.457148048359954, -2.798352262942501 ], [ 115.457542646712454, -2.798603763087499 ], [ 115.457742219022521, -2.798766482737506 ], [ 115.457888846589981, -2.798863061005022 ], [ 115.457989358642521, -2.798929265257527 ], [ 115.458150927785027, -2.799053710074986 ], [ 115.45829336904751, -2.7992545787925 ], [ 115.458416833222486, -2.799417197845003 ], [ 115.458467330732446, -2.799534282522472 ], [ 115.458511683182451, -2.799637115977475 ], [ 115.458730032190033, -2.799990986150021 ], [ 115.45898703338753, -2.80026389471999 ], [ 115.45926440518997, -2.800558433187518 ], [ 115.459444866232502, -2.800788021120013 ], [ 115.459526848507494, -2.800976925537498 ], [ 115.459644051122496, -2.801246984205022 ], [ 115.459691255395001, -2.801524177302497 ], [ 115.459690855670033, -2.801829976407475 ], [ 115.45969082599504, -2.801852678167506 ], [ 115.459690618314994, -2.802011544369975 ], [ 115.459753942084944, -2.802075318277502 ], [ 115.459804633082513, -2.802126369822474 ], [ 115.459985403037535, -2.802117052129972 ], [ 115.460308977897512, -2.802031473849979 ], [ 115.460370754335031, -2.802012946899993 ], [ 115.460499326132549, -2.801974388390022 ], [ 115.460756342052491, -2.801860053087523 ], [ 115.46095625422754, -2.801764753710017 ], [ 115.461203730690045, -2.801675356679993 ], [ 115.461298906119964, -2.801640975609985 ], [ 115.461451208895028, -2.801574283090019 ], [ 115.461740181885034, -2.801534414045022 ], [ 115.462080669517491, -2.801534862462518 ], [ 115.462253915157476, -2.801535091047526 ], [ 115.4627771403525, -2.801554893579976 ], [ 115.462978299927499, -2.801578935117504 ], [ 115.463262258807504, -2.80161287123002 ], [ 115.46362370302495, -2.80167068477499 ], [ 115.463871093852504, -2.801664294912484 ], [ 115.463975716899995, -2.801661593037522 ], [ 115.464337274272452, -2.80163339960751 ], [ 115.464727431565052, -2.801557464205018 ], [ 115.464759886174988, -2.801545064437505 ], [ 115.465387079187508, -2.801305437165013 ], [ 115.465582089762506, -2.801185730887482 ], [ 115.465682237397459, -2.801124256024991 ], [ 115.465891834952458, -2.800895181712519 ], [ 115.466044462797527, -2.800580026269984 ], [ 115.466094317607485, -2.80046596753499 ], [ 115.466178051817451, -2.800274401449997 ], [ 115.466273548199979, -2.799997394574973 ], [ 115.466386593912489, -2.799611848364975 ], [ 115.466436000440012, -2.799443345004988 ], [ 115.466550624952447, -2.799089913700016 ], [ 115.466636533352471, -2.798870233007506 ], [ 115.466706598024984, -2.798771974112526 ], [ 115.466779498322467, -2.79866973963999 ], [ 115.466998559432454, -2.798478901040028 ], [ 115.467198468264996, -2.798383601795024 ], [ 115.467428086007544, -2.798254181067477 ], [ 115.467695674355014, -2.798103358099979 ], [ 115.468234203715042, -2.797854548677492 ], [ 115.46843818272248, -2.797760307152487 ], [ 115.468904523007495, -2.797627131382512 ], [ 115.469093542979977, -2.797606285422489 ], [ 115.469332697409982, -2.797579910645027 ], [ 115.469532508735028, -2.797561060267526 ], [ 115.469722791850018, -2.797551754012488 ], [ 115.469990072799988, -2.797537974272473 ], [ 115.470084336357445, -2.797533114662485 ], [ 115.470436425207481, -2.797466683147491 ], [ 115.470779039887475, -2.797371568220001 ], [ 115.470867029684996, -2.797346834555015 ], [ 115.47108358694004, -2.797285960862496 ], [ 115.471416651344953, -2.797219503157521 ], [ 115.471719750589955, -2.797076041845003 ], [ 115.471764091230057, -2.797055054800012 ], [ 115.472411365100015, -2.796788326235003 ], [ 115.4725570009075, -2.796748633282505 ], [ 115.472934798352526, -2.796645666422478 ], [ 115.473381963127508, -2.796627138752513 ], [ 115.473442407592529, -2.796627217782486 ], [ 115.473924240100018, -2.796627846754973 ], [ 115.474332018904988, -2.796537381917517 ], [ 115.474438125065035, -2.796513842762522 ], [ 115.474609442952556, -2.7964567292575 ], [ 115.474790436270041, -2.796275396114993 ], [ 115.474876392349984, -2.796017488112511 ], [ 115.474872358009975, -2.795934268237488 ], [ 115.474872289674977, -2.795932860015 ], [ 115.474867126064964, -2.795826348850028 ], [ 115.474848382749997, -2.795606530805003 ], [ 115.474896197062549, -2.795415466072484 ], [ 115.474962891342557, -2.795339103364995 ], [ 115.475204554119955, -2.795259910409982 ], [ 115.475222523779962, -2.795245846199975 ], [ 115.475509298197494, -2.795021401162501 ], [ 115.475928059055036, -2.79489771523248 ], [ 115.476026767822532, -2.794910778569999 ], [ 115.476146834152473, -2.794926668842493 ], [ 115.476441585117527, -2.795060842287512 ], [ 115.476755533207552, -2.795061250777508 ], [ 115.476879409837466, -2.794993910469998 ], [ 115.477088744425032, -2.794880116332479 ], [ 115.477412489902463, -2.794660741750022 ], [ 115.47766399242505, -2.794559099512526 ], [ 115.477907458027516, -2.794460705245001 ], [ 115.478497461769962, -2.79433724118752 ], [ 115.478531215552493, -2.794330671332489 ], [ 115.478887618965018, -2.794261298302501 ], [ 115.479414286227552, -2.794159025207477 ], [ 115.479814753162486, -2.794081259450024 ], [ 115.480301387732538, -2.794011515380021 ], [ 115.481004177582463, -2.793910791757526 ], [ 115.481192371622456, -2.793888224877492 ], [ 115.481556055252554, -2.793844614692489 ], [ 115.481841464302533, -2.793844984559996 ], [ 115.482076744242477, -2.793923023529999 ], [ 115.482535665337537, -2.794075238977484 ], [ 115.482902347145, -2.794273170962526 ], [ 115.483068061322456, -2.794362620652521 ], [ 115.483680823130044, -2.794709317087495 ], [ 115.483688016935048, -2.794713343734998 ], [ 115.483937509185012, -2.794852994582527 ], [ 115.484089739422529, -2.794843636300016 ], [ 115.484318152230003, -2.794777039247492 ], [ 115.484498912445019, -2.794777272825002 ], [ 115.4845331176125, -2.794803111377519 ], [ 115.484650984242535, -2.794892146167513 ], [ 115.4848410720125, -2.795035737162493 ], [ 115.485040736999963, -2.795131559682488 ], [ 115.485231119907553, -2.795045799692502 ], [ 115.485299461652517, -2.794996009219972 ], [ 115.485440616734991, -2.794893170095008 ], [ 115.485650101265037, -2.794750096232519 ], [ 115.486078313969983, -2.794674200995019 ], [ 115.486114256774954, -2.794683276124999 ], [ 115.48634461084248, -2.794741440379994 ], [ 115.486506023809966, -2.79499011442249 ], [ 115.486562800404954, -2.79522909709749 ], [ 115.486617371417537, -2.795339081459986 ], [ 115.486638715389972, -2.795382096747517 ], [ 115.486936488834999, -2.795631787665002 ], [ 115.487183783244973, -2.795679889830012 ], [ 115.487395274962523, -2.79566499163252 ], [ 115.487450190669961, -2.795661123209982 ], [ 115.487697644257537, -2.795584993404987 ], [ 115.487897541395, -2.795499244327516 ], [ 115.488215966212465, -2.795313214725013 ], [ 115.488240290447493, -2.795299003804985 ], [ 115.488525919960011, -2.795127359420007 ], [ 115.488687701300023, -2.795089341785001 ], [ 115.488782802879996, -2.795118135022506 ], [ 115.488877780405005, -2.795242490939984 ], [ 115.488926159914968, -2.795349770397479 ], [ 115.488972647009973, -2.79545285283001 ], [ 115.489067601917554, -2.795596322202528 ], [ 115.489533454442494, -2.795845390015018 ], [ 115.489619880574992, -2.795861289807476 ], [ 115.489742705990011, -2.795883885777528 ], [ 115.490047156152514, -2.795874722694975 ], [ 115.490332579034998, -2.795865535839994 ], [ 115.490506569620038, -2.795804104495005 ], [ 115.490656190954951, -2.795751276787485 ], [ 115.490894181257545, -2.795636908797519 ], [ 115.491122618100007, -2.795551196824988 ], [ 115.491265322560025, -2.795551381162511 ], [ 115.491322358392495, -2.795589680014984 ], [ 115.491333238525044, -2.795608864542487 ], [ 115.491398295877502, -2.795723567142488 ], [ 115.491512252305029, -2.795886172719975 ], [ 115.491635819635007, -2.795972340344974 ], [ 115.49182608165745, -2.795982141909974 ], [ 115.492053822894945, -2.795954542619995 ], [ 115.492216205297495, -2.795934863704986 ], [ 115.492463598187555, -2.795906513722514 ], [ 115.492653957867446, -2.795839864870004 ], [ 115.492825399072444, -2.795687184387475 ], [ 115.492869416162534, -2.795651905525006 ], [ 115.493015867574968, -2.795534528407472 ], [ 115.493244343737501, -2.79542014570751 ], [ 115.493396562442513, -2.795420342050022 ], [ 115.493653384122467, -2.795458899397488 ], [ 115.493698347792474, -2.79545644768001 ], [ 115.493824640589992, -2.795449564382523 ], [ 115.49405299488501, -2.795430745292492 ], [ 115.494272066557528, -2.795230342972502 ] ] ] } },
{ "type": "Feature", "properties": { "source_feature_id": 10, "nama_objek": "Jalan Kolektor Primer", "orde_01": 42010000, "orde_02": 22011000, "orde_03": 22011200, "orde_04": 22011201, "jenis_sistem": 42000000, "status_jaringan": 2, "provinsi": "Provinsi Kalimantan Selatan", "kabupaten": "Kabupaten Hulu Sungai Selatan", "keterangan": "Sungai Mandala - Sungai Buluh", "sumber_data": "SK Gubernur Provinsi Kalsel No. 188.44/0150/KUM/2023 Pemerintah Provinsi Kalimantan Selatan, 2023", "source_shape_length": 0.080108257893784313, "source_layer": "_6306_50KB_LN_SR_TRANSPORTASI_KABUPATEN_HULUSUNGAISELATAN_2024", "source_dataset": "_6306_50KB_RTRW_KABUPATEN_HULUSUNGAISELATAN_2025.gdb.zip" }, "geometry": { "type": "MultiLineString", "coordinates": [ [ [ 115.108514875524975, -2.629902030045002 ], [ 115.109918796315014, -2.630422867830021 ], [ 115.11081068142505, -2.630567771015023 ], [ 115.111559992864954, -2.630604797859974 ], [ 115.113237576915026, -2.630320259184998 ], [ 115.114201263662494, -2.63017817857002 ], [ 115.11516505848499, -2.629964324485002 ], [ 115.116699584592538, -2.629894881050006 ], [ 115.11851947788, -2.62989764105248 ], [ 115.124558847782509, -2.624057271992513 ], [ 115.125417245729977, -2.622730762440028 ], [ 115.126453688170045, -2.62165572506251 ], [ 115.126561594692475, -2.621081701782487 ], [ 115.126563088967487, -2.620076879137514 ], [ 115.126422059792503, -2.618928295827516 ], [ 115.126922596292502, -2.618283089117483 ], [ 115.127031353872553, -2.617134880850017 ], [ 115.12789000665498, -2.615628931397509 ], [ 115.129319493730009, -2.614195608477473 ], [ 115.131354278085041, -2.613660354677506 ], [ 115.133530049090041, -2.614309569712475 ], [ 115.134706457357538, -2.615100836724991 ], [ 115.13574039594755, -2.615712456867527 ], [ 115.13702444317255, -2.616109129437518 ], [ 115.138808494767545, -2.616219452450025 ], [ 115.140592548479958, -2.616329773137522 ], [ 115.141984499697514, -2.616152412232509 ], [ 115.142627186787536, -2.615902160564985 ], [ 115.143769981880041, -2.615293782769982 ], [ 115.146091043955039, -2.614220622339985 ], [ 115.146983836677464, -2.613755416267509 ], [ 115.148054682457541, -2.613541682405014 ], [ 115.148768895317517, -2.613183870614989 ], [ 115.149198001160016, -2.612574426294998 ], [ 115.149235104354943, -2.611605530352506 ], [ 115.149379469887549, -2.610493244817519 ], [ 115.150131306329968, -2.608807664072515 ], [ 115.151202410815017, -2.608414488940014 ], [ 115.153093677622451, -2.608417281587492 ], [ 115.154378155845052, -2.608526838149999 ], [ 115.155162845034965, -2.608779205572489 ], [ 115.156695965750032, -2.609678645637473 ], [ 115.157694293145028, -2.610254312334973 ], [ 115.159230761290019, -2.60885697122751 ], [ 115.162197155455033, -2.6057032463425 ], [ 115.163805554002465, -2.603911236460021 ], [ 115.164984022060025, -2.603302876387488 ], [ 115.167019848717473, -2.602049793902495 ], [ 115.169628123730035, -2.599756803040009 ], [ 115.16993394317501, -2.599396028662511 ] ] ] } },
{ "type": "Feature", "properties": { "source_feature_id": 11, "nama_objek": "Jaringan Jalur Kereta Api Antarkota", "orde_01": 42020000, "orde_02": 22020000, "orde_03": 22021000, "orde_04": 22021100, "jenis_sistem": 42000000, "status_jaringan": 1, "provinsi": "Provinsi Kalimantan Selatan", "kabupaten": "Kabupaten Hulu Sungai Selatan", "keterangan": "Tanjung - Paringin - Barabai - Rantau - Martapura - Banjarmasin", "sumber_data": "Surat Konfirmasi Trase dan Stasiun KA Provinsi Kalsel No. KA.401/1/4/K2/DJKA/2023 Direktorat Jendral Perkeretaapian Kementerian Perhubungan, 2023", "source_shape_length": 0.2013734079269939, "source_layer": "_6306_50KB_LN_SR_TRANSPORTASI_KABUPATEN_HULUSUNGAISELATAN_2024", "source_dataset": "_6306_50KB_RTRW_KABUPATEN_HULUSUNGAISELATAN_2025.gdb.zip" }, "geometry": { "type": "MultiLineString", "coordinates": [ [ [ 115.302060116822531, -2.698225230207527 ], [ 115.301884879, -2.698400817999982 ], [ 115.295514606999973, -2.704783695 ], [ 115.292329454999958, -2.707975109000017 ], [ 115.289144277999981, -2.711166504 ], [ 115.285959083999956, -2.714357880000023 ], [ 115.282773873, -2.717549236000025 ], [ 115.279588645, -2.720740574 ], [ 115.276438343999985, -2.723965464 ], [ 115.27394730200001, -2.727715445 ], [ 115.272050380999985, -2.731814787000019 ], [ 115.270160863, -2.735917664 ], [ 115.268271315999982, -2.740020529 ], [ 115.266381748999947, -2.744123374000026 ], [ 115.264492172000018, -2.748226215999978 ], [ 115.262757274000023, -2.752401092000014 ], [ 115.261107957702507, -2.756509766605006 ], [ 115.261072089999971, -2.756599118 ], [ 115.259050248, -2.760640357999989 ], [ 115.257173941000019, -2.764727783000012 ], [ 115.256110971, -2.769114490999982 ], [ 115.255188084, -2.77353967800002 ], [ 115.254265181000051, -2.777964860999987 ], [ 115.253342259999954, -2.782390037000027 ], [ 115.252419323000026, -2.786815209 ], [ 115.252025339165016, -2.788704187142514 ], [ 115.251496369000051, -2.791240365000021 ], [ 115.250573398000029, -2.795665526 ], [ 115.249650409999958, -2.800090680999972 ], [ 115.248727405999944, -2.804515831 ], [ 115.247804385, -2.808940974999985 ], [ 115.246881346, -2.813366112999972 ], [ 115.24592317500003, -2.817782992 ], [ 115.24433422300001, -2.82198867 ], [ 115.242028695000045, -2.825864895 ], [ 115.239619919, -2.829682875 ], [ 115.237211114000047, -2.833500830999981 ], [ 115.234802296999987, -2.837318779999976 ], [ 115.232393460000026, -2.841136705999986 ], [ 115.229984601999945, -2.844954625000014 ], [ 115.227575722999973, -2.848772520000011 ], [ 115.225155797999946, -2.85260788 ], [ 115.222746879000056, -2.856425743999978 ], [ 115.220337939000046, -2.860243602000025 ], [ 115.217928978000032, -2.864061435 ], [ 115.215519996000012, -2.867879261999974 ], [ 115.213110993999976, -2.871697064999978 ], [ 115.211792330115031, -2.873786870579977 ] ] ] } },
{ "type": "Feature", "properties": { "source_feature_id": 12, "nama_objek": "Jalan Kolektor Primer", "orde_01": 42010000, "orde_02": 22011000, "orde_03": 22011200, "orde_04": 22011201, "jenis_sistem": 42000000, "status_jaringan": 2, "provinsi": "Provinsi Kalimantan Selatan", "kabupaten": "Kabupaten Hulu Sungai Selatan", "keterangan": "Ma. Muning - Balimau - Kandangan", "sumber_data": "Kepmen PUPR No.430 Tahun 2022 Kementerian PUPR, 2022", "source_shape_length": 0.18227976886379477, "source_layer": "_6306_50KB_LN_SR_TRANSPORTASI_KABUPATEN_HULUSUNGAISELATAN_2024", "source_dataset": "_6306_50KB_RTRW_KABUPATEN_HULUSUNGAISELATAN_2025.gdb.zip" }, "geometry": { "type": "MultiLineString", "coordinates": [ [ [ 115.108405550217526, -2.836375507964988 ], [ 115.10841535238751, -2.836370914284998 ], [ 115.108451052774967, -2.836348040929977 ], [ 115.10848436816002, -2.836328389842492 ], [ 115.10852317120748, -2.836304693607474 ], [ 115.108532138347528, -2.836299069247502 ], [ 115.108561156772453, -2.836280866070013 ], [ 115.108598264597504, -2.836255250679983 ], [ 115.108622412294949, -2.836236603237523 ], [ 115.108656668370031, -2.836208994950027 ], [ 115.108699685642478, -2.836175125582486 ], [ 115.108734614409968, -2.836147121592489 ], [ 115.108769652897536, -2.836118512359974 ], [ 115.108804989957548, -2.836091832172485 ], [ 115.108839516729972, -2.836062236382475 ], [ 115.108874229662547, -2.836033617257499 ], [ 115.108907933554974, -2.836004401882519 ], [ 115.108941866775012, -2.835975441012522 ], [ 115.108973833175014, -2.835947356985002 ], [ 115.109005976745038, -2.835919513975 ], [ 115.109038491732463, -2.835890980285001 ], [ 115.109073963692481, -2.835861568855023 ], [ 115.10910605959748, -2.835832461400003 ], [ 115.109137990027534, -2.83580250228249 ], [ 115.109171055399997, -2.835774116082519 ], [ 115.109222432770025, -2.835730820919991 ], [ 115.109227352059975, -2.835726720012474 ], [ 115.109273781360002, -2.835688008695001 ], [ 115.109308133662466, -2.835659109879998 ], [ 115.109342689215055, -2.835629854935007 ], [ 115.109395330130042, -2.835583916664973 ], [ 115.109431919047552, -2.83555384243499 ], [ 115.109487367647489, -2.83551000768 ], [ 115.109524513244992, -2.835481336394992 ], [ 115.109578795425023, -2.835438573629972 ], [ 115.109615755762547, -2.835410486005003 ], [ 115.109669127827488, -2.835369546167499 ], [ 115.109721178789982, -2.83532914322501 ], [ 115.109755307162459, -2.83530295676502 ], [ 115.109806715107538, -2.835264294910019 ], [ 115.109862018017452, -2.835223738184993 ], [ 115.109899821020008, -2.835196762120006 ], [ 115.109936323602483, -2.83517104960498 ], [ 115.109937510707482, -2.83517021503252 ], [ 115.109975410837478, -2.835144271389993 ], [ 115.110013114912476, -2.835118763919979 ], [ 115.110069425065035, -2.835080713605009 ], [ 115.110107498762545, -2.835055719645027 ], [ 115.110145644404952, -2.835030635755004 ], [ 115.110203551752534, -2.834993605269972 ], [ 115.110242939359978, -2.834968849632503 ], [ 115.110320852125028, -2.834921117215004 ], [ 115.110359097595051, -2.834897719554988 ], [ 115.110396783685019, -2.834874799432498 ], [ 115.110433798879967, -2.834851630197477 ], [ 115.110489638684953, -2.834817653812479 ], [ 115.110526709639998, -2.834793830770025 ], [ 115.110563566555015, -2.834770511349973 ], [ 115.110600339834946, -2.834747219807525 ], [ 115.110637173367536, -2.834723567637525 ], [ 115.110691493317518, -2.834688268350021 ], [ 115.110695032150034, -2.834685874352488 ], [ 115.110728369120011, -2.834663336442475 ], [ 115.110765361832478, -2.834638219277508 ], [ 115.110802364437518, -2.834613470834995 ], [ 115.110838599022486, -2.834589422962495 ], [ 115.110875000880014, -2.834564766250026 ], [ 115.110911262445029, -2.834540456677473 ], [ 115.110947896327502, -2.834516692092507 ], [ 115.110984626439972, -2.834493139747508 ], [ 115.111021286402547, -2.834469909359996 ], [ 115.111057690960024, -2.834446423562497 ], [ 115.111093898564945, -2.834423389227481 ], [ 115.111129949687552, -2.834400753292527 ], [ 115.111166031387484, -2.834377829572475 ], [ 115.111202231797506, -2.834355687365019 ], [ 115.111239047344952, -2.834333945355013 ], [ 115.111275840407529, -2.834312415584975 ], [ 115.111312807040008, -2.834291386737505 ], [ 115.111349331207521, -2.834270364184988 ], [ 115.111367639604964, -2.834259824132516 ], [ 115.111404683579963, -2.834239197279999 ], [ 115.111440878594976, -2.834218418445005 ], [ 115.111458463037479, -2.83420874443749 ], [ 115.111477006160044, -2.834198540729972 ], [ 115.111530945697496, -2.834168051915015 ], [ 115.111566807962504, -2.834148917937512 ], [ 115.111603488609944, -2.834128318067485 ], [ 115.111657164647454, -2.834098823002478 ], [ 115.111675412789964, -2.834091540292491 ], [ 115.11171027411001, -2.834070917937481 ], [ 115.111746281164983, -2.834051298327495 ], [ 115.111803937602531, -2.83401795686251 ], [ 115.111863622907549, -2.833981617057475 ], [ 115.111923057302533, -2.833947166727512 ], [ 115.111960558132523, -2.833926110899995 ], [ 115.112018240649945, -2.833894860359976 ], [ 115.112075248674955, -2.833864048687474 ], [ 115.112115013997482, -2.833844631424995 ], [ 115.112155892679993, -2.833822276977514 ], [ 115.112192492390022, -2.833797293809994 ], [ 115.112231218097463, -2.83377248511249 ], [ 115.112241814807476, -2.833765882289981 ], [ 115.11226851927745, -2.833749244832518 ], [ 115.112301581952465, -2.83373312538248 ], [ 115.112336188764971, -2.833711233187501 ], [ 115.112376151037552, -2.833689108065016 ], [ 115.112412318174961, -2.833670167445007 ], [ 115.112451393717492, -2.833650223179973 ], [ 115.112490769632473, -2.833635414042476 ], [ 115.112527433195055, -2.833617513937497 ], [ 115.112560609185039, -2.833602195784977 ], [ 115.112580486900015, -2.833597587657493 ], [ 115.112618005717536, -2.83357991598001 ], [ 115.112652729440015, -2.833563854087515 ], [ 115.112671861617514, -2.833553305040027 ], [ 115.112693339227462, -2.833541889945025 ], [ 115.112735917627447, -2.833520719904982 ], [ 115.1127791291525, -2.8335005418175 ], [ 115.112820976407534, -2.833485424212483 ], [ 115.112861595187496, -2.833472542325012 ], [ 115.112900416222487, -2.83345878539501 ], [ 115.112939501657479, -2.833444625569996 ], [ 115.112982676310025, -2.833428767822511 ], [ 115.113025960680034, -2.833415576567518 ], [ 115.113062110727469, -2.833402439270003 ], [ 115.113065121657542, -2.833401344794993 ], [ 115.113104056007501, -2.833384535567518 ], [ 115.113141409347463, -2.833367413375015 ], [ 115.113182549735029, -2.83335304940249 ], [ 115.11322223412003, -2.833336998302514 ], [ 115.113260842912496, -2.833319818555026 ], [ 115.113298806895045, -2.833301916649987 ], [ 115.113337155784961, -2.833284450017516 ], [ 115.113377084785043, -2.833267998719975 ], [ 115.113415764624961, -2.83325032074498 ], [ 115.11345604795747, -2.833233244417499 ], [ 115.113496401437487, -2.833214800222493 ], [ 115.113535853797543, -2.833200265380015 ], [ 115.113576388039974, -2.833183688177485 ], [ 115.113614712650019, -2.833164857272493 ], [ 115.11365746371996, -2.833146102810019 ], [ 115.113698727314954, -2.833127762935021 ], [ 115.113739191409991, -2.83311123519502 ], [ 115.113780443312521, -2.833092346734986 ], [ 115.113823277122492, -2.833076485392496 ], [ 115.113864422005008, -2.833061158245016 ], [ 115.113890409715054, -2.833051585862506 ], [ 115.113905270112468, -2.833046111687509 ], [ 115.113945629887553, -2.833029288070009 ], [ 115.113984220694988, -2.833014659697483 ], [ 115.114024083144955, -2.832999882937486 ], [ 115.114063532804948, -2.832985418242515 ], [ 115.114104878237526, -2.832970701737509 ], [ 115.114144571615043, -2.832954957304992 ], [ 115.114185366662468, -2.832937859394974 ], [ 115.114224952120026, -2.832923122204988 ], [ 115.114264390990002, -2.832907497382507 ], [ 115.114306679810056, -2.832890458827478 ], [ 115.114350610792485, -2.832877478012506 ], [ 115.114392020974947, -2.832860290170004 ], [ 115.114434370949994, -2.832842624787475 ], [ 115.114474528377514, -2.832827079107517 ], [ 115.114514088655028, -2.832811876067524 ], [ 115.114553976285038, -2.832795258394981 ], [ 115.114593160644972, -2.832781061697517 ], [ 115.11462870994751, -2.832770448797476 ], [ 115.114667647894976, -2.832752167377521 ], [ 115.11470466488754, -2.832736228695012 ], [ 115.114728809887538, -2.832726039375018 ], [ 115.114744129837504, -2.832719572350015 ], [ 115.114785453685045, -2.832706907197519 ], [ 115.114825132675037, -2.832688290332499 ], [ 115.11486656533998, -2.832676957075023 ], [ 115.114895091835024, -2.832666220069996 ], [ 115.11494374605752, -2.832639277280009 ], [ 115.11497948691499, -2.832632021550012 ], [ 115.115019662327541, -2.832618356352498 ], [ 115.115061106684948, -2.832605341362523 ], [ 115.11510089628996, -2.832592545809973 ], [ 115.115137675862456, -2.832579353654978 ], [ 115.115180271352529, -2.832567006862519 ], [ 115.115221182412483, -2.832552847035004 ], [ 115.115260767870041, -2.832540327574975 ], [ 115.115300624025053, -2.832528311732517 ], [ 115.115362974922505, -2.832507996047525 ], [ 115.115425329414961, -2.832487138070007 ], [ 115.115488002270013, -2.832466975269995 ], [ 115.115529754194995, -2.832453071752525 ], [ 115.115578546012443, -2.832435374892498 ], [ 115.115586445657527, -2.832432509652506 ], [ 115.115642251289955, -2.832412858567523 ], [ 115.115707676967531, -2.832395100552503 ], [ 115.11576933538754, -2.832382004625003 ], [ 115.115831832872459, -2.832363996600009 ], [ 115.115894736852511, -2.832348694637517 ], [ 115.1159580005625, -2.832331423157484 ], [ 115.116024168180047, -2.832315413425022 ], [ 115.116087187274957, -2.832300035017511 ], [ 115.116151139862495, -2.832287602790018 ], [ 115.116214312739999, -2.832274623774993 ], [ 115.116276388445044, -2.832259355985002 ], [ 115.116338994749981, -2.832245098132489 ], [ 115.116398361695019, -2.832227745714988 ], [ 115.116449294799963, -2.832212173052483 ], [ 115.116461002172514, -2.832208593752512 ], [ 115.116522942079996, -2.832192818742499 ], [ 115.116584401749947, -2.832175511290018 ], [ 115.116650020782458, -2.832161484565006 ], [ 115.116716924947468, -2.832152246727503 ], [ 115.116779407145032, -2.832139586972517 ], [ 115.116843717662505, -2.832122294807505 ], [ 115.116908370824945, -2.832106940682479 ], [ 115.116970835935035, -2.832094980600004 ], [ 115.117037491887459, -2.832080289274984 ], [ 115.117097208669975, -2.832057858382484 ], [ 115.117160251145037, -2.832041075234997 ], [ 115.117224148875039, -2.832024819990011 ], [ 115.117300379907533, -2.831997473405011 ], [ 115.117319807962531, -2.831991459637493 ], [ 115.117361230737515, -2.831978640702516 ], [ 115.117400891737475, -2.831964470982484 ], [ 115.117460845042501, -2.831946836177508 ], [ 115.117515268414991, -2.831926974650003 ], [ 115.117553476112448, -2.831914038802495 ], [ 115.117592557950047, -2.831901574197502 ], [ 115.117623350737517, -2.831886584297479 ], [ 115.117695434097527, -2.831856142247489 ], [ 115.117749327769957, -2.831833996442526 ], [ 115.117797776047496, -2.831816489339985 ], [ 115.117835347922551, -2.831800245785018 ], [ 115.117890815409964, -2.831777927309986 ], [ 115.117946175874977, -2.831754576412493 ], [ 115.118005520337533, -2.831728180409982 ], [ 115.118028671584966, -2.831718178152528 ], [ 115.118069339827457, -2.831703063245016 ], [ 115.118110905595017, -2.831685917669972 ], [ 115.118152938107528, -2.831671755147511 ], [ 115.118159222569943, -2.831669446587512 ], [ 115.118211826615038, -2.831650127352475 ], [ 115.118272521860035, -2.831626048002477 ], [ 115.11828056629497, -2.831623182762485 ], [ 115.118335147950006, -2.831603748414977 ], [ 115.118375469952525, -2.83158790595752 ], [ 115.118417468292478, -2.831576070879976 ], [ 115.118455964670034, -2.831563392237513 ], [ 115.118475808212452, -2.831556427887506 ], [ 115.118495658947495, -2.831549931185009 ], [ 115.118536045702513, -2.831544582915001 ], [ 115.118557254415009, -2.831540172640018 ], [ 115.118600819372546, -2.831536612225023 ], [ 115.118643520082514, -2.831530539102516 ], [ 115.118686778372535, -2.831526996672494 ], [ 115.118729473687495, -2.831522176307487 ], [ 115.118771200430047, -2.831519162680024 ], [ 115.118834734834991, -2.831511923137498 ], [ 115.118878122627507, -2.831511333182505 ], [ 115.118941481665047, -2.831511467180007 ], [ 115.118984401810053, -2.831509909554995 ], [ 115.119022897290051, -2.831511031009995 ], [ 115.119035450925026, -2.831509083077492 ], [ 115.11905771274246, -2.831505629680009 ], [ 115.119079094125027, -2.831517168882499 ], [ 115.119114865557549, -2.831518615892492 ], [ 115.119135414167545, -2.831517782219976 ], [ 115.119160572702526, -2.831521955972505 ], [ 115.119203894844986, -2.83152084261252 ], [ 115.119247574914993, -2.831528300690024 ], [ 115.119292627352479, -2.83153096987752 ], [ 115.119336910869947, -2.831536792987492 ], [ 115.119380390392507, -2.831543660212503 ], [ 115.119421321237496, -2.83155094292249 ], [ 115.119441641417552, -2.83155439092252 ], [ 115.119463101940028, -2.831559461300003 ], [ 115.119490079802517, -2.831565181887527 ], [ 115.119511720189962, -2.831570710920005 ], [ 115.119531043922507, -2.831576623062517 ], [ 115.119550358662536, -2.831585965219972 ], [ 115.119570703124964, -2.831593336962499 ], [ 115.119592994620007, -2.831600429914999 ], [ 115.119613824717476, -2.831608895234979 ], [ 115.119634397609957, -2.831615947717523 ], [ 115.119673460562467, -2.831630061677515 ], [ 115.119732696207507, -2.83165518333999 ], [ 115.11977350204495, -2.831670517679981 ], [ 115.119812109939971, -2.831685000362484 ], [ 115.119811731327445, -2.831684917625012 ], [ 115.119853760242449, -2.831700140449982 ], [ 115.119894658712496, -2.831714702272507 ], [ 115.119899616674957, -2.831716294072521 ], [ 115.119913701855012, -2.831720815862525 ], [ 115.11993309124, -2.831728605789976 ], [ 115.119953842194946, -2.831735568342481 ], [ 115.119974124605051, -2.831742509310004 ], [ 115.119994921427519, -2.831749256922478 ], [ 115.120015677782476, -2.831752371275002 ], [ 115.12003497273497, -2.831759833850015 ], [ 115.120055390942525, -2.831768740735015 ], [ 115.120074610355005, -2.831769960215013 ], [ 115.12009620487504, -2.831776166437521 ], [ 115.120116997202445, -2.831782072285023 ], [ 115.120138045835006, -2.831786835992489 ], [ 115.120158385799982, -2.831790760634988 ], [ 115.120179080999947, -2.831792115912492 ], [ 115.120200046894979, -2.831796457840028 ], [ 115.12022161173752, -2.831799519132517 ], [ 115.120242283554944, -2.831803168582496 ], [ 115.120263977899981, -2.831806236169996 ], [ 115.120285513065028, -2.831808357670013 ], [ 115.120307056325032, -2.831811850637507 ], [ 115.120328598684978, -2.831814705984982 ], [ 115.120349471950021, -2.831816671902516 ], [ 115.120392815675018, -2.831821510254997 ], [ 115.120435260079944, -2.83182659772001 ], [ 115.120475341962447, -2.831828492589977 ], [ 115.120494537992499, -2.831831809290009 ], [ 115.12051459017755, -2.831833600740026 ], [ 115.120537540875034, -2.831836224962501 ], [ 115.120558558029984, -2.831840083052498 ], [ 115.120582925162466, -2.831840196367523 ], [ 115.120628053142468, -2.831841908677518 ], [ 115.120649749287509, -2.831842649717487 ], [ 115.120671178332486, -2.831843629980028 ], [ 115.120692486869984, -2.831843217189999 ], [ 115.120714079590016, -2.831841997710001 ], [ 115.120735761347532, -2.831840310582493 ], [ 115.120756400787513, -2.831839397770011 ], [ 115.120778138300011, -2.831840178382492 ], [ 115.120783544124947, -2.831838612662523 ], [ 115.120798960305024, -2.831834149327506 ], [ 115.12084524031502, -2.831831475642502 ], [ 115.120886878027477, -2.831826196622501 ], [ 115.12093116513995, -2.83182250760251 ], [ 115.120974974714954, -2.831815563937482 ], [ 115.121020876112539, -2.831808176007485 ], [ 115.121046986129954, -2.831803134407494 ], [ 115.121065963622527, -2.831799467869985 ], [ 115.121086548204971, -2.831795622370009 ], [ 115.121131704965023, -2.831783768404989 ], [ 115.121154418242554, -2.831778357184987 ], [ 115.121199707200049, -2.831766951982502 ], [ 115.121241918679971, -2.831754296722522 ], [ 115.121283373827509, -2.831740737645021 ], [ 115.121325336195014, -2.831727650709979 ], [ 115.121368060287523, -2.831716030570021 ], [ 115.12138999295496, -2.831710703884994 ], [ 115.121411822197501, -2.831705882619985 ], [ 115.121433242249964, -2.831702305117517 ], [ 115.121454827777484, -2.831699343649973 ], [ 115.121476408810054, -2.831696880407492 ], [ 115.121498059087457, -2.8316956321475 ], [ 115.121542124970006, -2.831693586189999 ], [ 115.121564242895033, -2.831693218367491 ], [ 115.121586749330049, -2.831692515097473 ], [ 115.12160806416, -2.831692426964992 ], [ 115.121629705447504, -2.831693332580016 ], [ 115.121651648005013, -2.831694322735018 ], [ 115.121666386995003, -2.831694803872495 ], [ 115.121673298285032, -2.831695031399988 ], [ 115.12169484244248, -2.83169664838249 ], [ 115.121716472937464, -2.831699054967487 ], [ 115.121760219557473, -2.831701698974996 ], [ 115.121804589409976, -2.831705873627527 ], [ 115.121848813572456, -2.831711103185 ], [ 115.121870647312448, -2.831712772327478 ], [ 115.121891897392516, -2.831715955927507 ], [ 115.121914283317551, -2.831719667427478 ], [ 115.121935799597509, -2.831723845680017 ], [ 115.121957121624973, -2.831728174115028 ], [ 115.121979001229988, -2.831732937824995 ], [ 115.121999706322526, -2.831738563085025 ], [ 115.122020549010017, -2.831745084067506 ], [ 115.122041867437474, -2.831751423390017 ], [ 115.122062565335, -2.831758922834979 ], [ 115.12208367332255, -2.831766793702513 ], [ 115.122104819082551, -2.831774250880017 ], [ 115.122125263369981, -2.831781682877477 ], [ 115.122146110555036, -2.831789499784975 ], [ 115.122166953242527, -2.831796605329998 ], [ 115.122207045917548, -2.831814624145011 ], [ 115.122246197004984, -2.831833740134982 ], [ 115.122265448792518, -2.831843863802476 ], [ 115.122303177150002, -2.831864609365027 ], [ 115.122321786819953, -2.831875455187514 ], [ 115.122340007084972, -2.831885997939992 ], [ 115.122357819957529, -2.831896054159984 ], [ 115.122374850419988, -2.831905517724977 ], [ 115.122390768420019, -2.831914871575009 ], [ 115.122420430757529, -2.831934134152505 ], [ 115.122435910787544, -2.831942957402475 ], [ 115.122468815185016, -2.831963557272502 ], [ 115.122503240332549, -2.831985283992481 ], [ 115.122521985799949, -2.831997117272522 ], [ 115.12254002080499, -2.832009676305006 ], [ 115.122576658287471, -2.83203623328501 ], [ 115.122615768002447, -2.832062380174989 ], [ 115.122656341817446, -2.832088936254991 ], [ 115.122711495439944, -2.832124921727484 ], [ 115.12276624436754, -2.832161724682521 ], [ 115.122819449157532, -2.832199354117506 ], [ 115.122870074695015, -2.832236088724983 ], [ 115.12291485733499, -2.832271252217481 ], [ 115.122956894344952, -2.83230444889 ], [ 115.122986588159961, -2.83231718778751 ], [ 115.123039674242477, -2.83234648680002 ], [ 115.123061170737515, -2.832354965610023 ], [ 115.123098623902479, -2.832383357205003 ], [ 115.123144957872455, -2.832415446814991 ], [ 115.123186165709967, -2.832441726804973 ], [ 115.123223477682473, -2.83246322330001 ], [ 115.123252893607514, -2.832481179162528 ], [ 115.123259503622535, -2.832485215319991 ], [ 115.123297278747486, -2.832505728854983 ], [ 115.123337574670018, -2.832527460972528 ], [ 115.123364590302458, -2.832541458919991 ], [ 115.123380031662464, -2.832549460190023 ], [ 115.123422086659957, -2.832570951287494 ], [ 115.123463354750015, -2.832589963855014 ], [ 115.123503501385017, -2.832608336105011 ], [ 115.123542831437476, -2.832625363870022 ], [ 115.123580426694957, -2.832641939274993 ], [ 115.12361508387005, -2.832657092850013 ], [ 115.123652823020052, -2.832671789572487 ], [ 115.123692348222448, -2.832690512557519 ], [ 115.12373717133255, -2.832711589067515 ], [ 115.123782336184945, -2.832731338179997 ], [ 115.123850075819973, -2.832760513987523 ], [ 115.123892140710041, -2.832776540805014 ], [ 115.12393324062748, -2.832792551434977 ], [ 115.123976219227529, -2.832805632075008 ], [ 115.124018013420027, -2.832818876389979 ], [ 115.124060151155049, -2.83282970242999 ], [ 115.124078812987477, -2.832832842862501 ], [ 115.124104064152448, -2.83283709215749 ], [ 115.124146552622506, -2.832846127647485 ], [ 115.124191653622461, -2.832853514677481 ], [ 115.124236077432556, -2.832861479972507 ], [ 115.124278852787484, -2.832868064809986 ], [ 115.124321386222505, -2.832874806127506 ], [ 115.124364463749998, -2.832883198599973 ], [ 115.124409762599953, -2.83289047681501 ], [ 115.124455607339996, -2.832894818739987 ], [ 115.124500810865015, -2.832898452002496 ], [ 115.12454604586253, -2.832901630205015 ], [ 115.12459119182995, -2.832903165347489 ], [ 115.124635410595033, -2.832902049289999 ], [ 115.124678155372521, -2.832898199292515 ], [ 115.124719990035032, -2.832890802367501 ], [ 115.12476189214749, -2.832882831677523 ], [ 115.124803954339995, -2.832877042742496 ], [ 115.124846573209993, -2.832871092827475 ], [ 115.12488940072501, -2.832863743567486 ], [ 115.124932407205051, -2.832855933855001 ], [ 115.124967665125041, -2.832846313805021 ], [ 115.124974971217512, -2.832844320009997 ], [ 115.125016542379967, -2.832833490372479 ], [ 115.125078743089944, -2.832819144387486 ], [ 115.125138313282491, -2.832805912662479 ], [ 115.125198667685027, -2.832793838364978 ], [ 115.125261034770006, -2.832779996 ], [ 115.125326189752514, -2.832767862347509 ], [ 115.125393352920014, -2.832752913815 ], [ 115.12546104669002, -2.832739595755015 ], [ 115.12550796612004, -2.832730448749999 ], [ 115.125553420554979, -2.832725531257495 ], [ 115.125620140357455, -2.832718268332485 ], [ 115.125684241334966, -2.832713840072472 ], [ 115.125727959177539, -2.832712093587475 ], [ 115.125792749037487, -2.832708282262502 ], [ 115.125853720372447, -2.832706870325012 ], [ 115.125856439022527, -2.832706805575015 ], [ 115.125921401552546, -2.832705897259984 ], [ 115.125988207690057, -2.832703986199988 ], [ 115.126053315907484, -2.832701611089988 ], [ 115.126119436762451, -2.832698699984974 ], [ 115.126207254660017, -2.832691356119994 ], [ 115.126253199224948, -2.832686436829988 ], [ 115.126276560915016, -2.832683606662499 ], [ 115.126299194152466, -2.832680733329994 ], [ 115.126321244630049, -2.832677183705016 ], [ 115.126343447092495, -2.832672732060018 ], [ 115.126365075787476, -2.832667969252498 ], [ 115.126408584089972, -2.832657098247523 ], [ 115.126429897122534, -2.832651358772523 ], [ 115.126472593335052, -2.832639558767482 ], [ 115.126534993695032, -2.83262290422249 ], [ 115.126597346389985, -2.832604663274992 ], [ 115.126637342840013, -2.832590578992495 ], [ 115.126677181907553, -2.832577268127523 ], [ 115.126697055124964, -2.832569749795027 ], [ 115.126716904062505, -2.832561958067515 ], [ 115.126733283414978, -2.832554282354977 ], [ 115.12673618372753, -2.832552922580021 ], [ 115.126754830272489, -2.832542934707476 ], [ 115.126774282607471, -2.832532972019976 ], [ 115.126793052357471, -2.832521700814993 ], [ 115.126812428249991, -2.832509499712501 ], [ 115.126830138599985, -2.832497328290003 ], [ 115.126866836335012, -2.832471765060006 ], [ 115.126903995422481, -2.832440674597478 ], [ 115.126939506952453, -2.832408808919979 ], [ 115.126974470794949, -2.832377733744977 ], [ 115.127008860869978, -2.832347432887502 ], [ 115.12704292628996, -2.832316325337501 ], [ 115.127077760629959, -2.832286830272494 ], [ 115.127112672312478, -2.832258600555008 ], [ 115.127148068727479, -2.832232358337478 ], [ 115.12718296422247, -2.832205434432524 ], [ 115.127217342607537, -2.832178533012495 ], [ 115.127251634654954, -2.83215304173001 ], [ 115.127286542739967, -2.83212653600998 ], [ 115.127321732312453, -2.832099351304976 ], [ 115.127357793327519, -2.832071815862491 ], [ 115.127393890315034, -2.832045177042517 ], [ 115.127429313712469, -2.83201816230752 ], [ 115.127446048297543, -2.83200572018751 ], [ 115.127464975427529, -2.831991649394979 ], [ 115.127499905097466, -2.831963782102491 ], [ 115.127534396794999, -2.831937000292498 ], [ 115.127569229337496, -2.831911651999974 ], [ 115.127603430555041, -2.831886453897482 ], [ 115.12765181138252, -2.831847327092476 ], [ 115.127683004367555, -2.831820762017514 ], [ 115.127733250389952, -2.831780978710015 ], [ 115.12778600462002, -2.831738769927483 ], [ 115.127839456725042, -2.831694541269997 ], [ 115.127874824364994, -2.831667262134999 ], [ 115.127925986795049, -2.831625978755028 ], [ 115.12797544591001, -2.831586134292479 ], [ 115.1280244922375, -2.831547875334991 ], [ 115.128072820004945, -2.831509562417523 ], [ 115.128119682777537, -2.831471379899995 ], [ 115.128150946810024, -2.831447371600007 ], [ 115.128152313777491, -2.831446206977489 ], [ 115.128165326967519, -2.831435113839973 ], [ 115.128180076750027, -2.831423831844972 ], [ 115.128198594690048, -2.831415980762472 ], [ 115.128215201570015, -2.831403061102492 ], [ 115.128232875947447, -2.83139082132999 ], [ 115.128251983842461, -2.831386834634998 ], [ 115.128271855262483, -2.831377924152491 ], [ 115.128291804922469, -2.831370262827477 ], [ 115.128317318690051, -2.831361358639981 ], [ 115.128365515157498, -2.831341338832488 ], [ 115.128413948144953, -2.831325742787499 ], [ 115.128461615810011, -2.831310222290028 ], [ 115.128508450704999, -2.831297201004986 ], [ 115.128553948305012, -2.831286930747524 ], [ 115.128599116755026, -2.831275483277523 ], [ 115.128643736620006, -2.831264220167498 ], [ 115.128686387867447, -2.831254225102498 ], [ 115.128728422179961, -2.831244962985011 ], [ 115.128770719992531, -2.831236566014979 ], [ 115.128812505192514, -2.831229260822511 ], [ 115.128856677195017, -2.831221435819998 ], [ 115.128925856642468, -2.8312109470275 ], [ 115.128994492002448, -2.831198943775007 ], [ 115.129008054677456, -2.831196652302481 ], [ 115.129063017644967, -2.831187364105006 ], [ 115.129129312067448, -2.831175681912498 ], [ 115.129193897780056, -2.831164372037506 ], [ 115.129257502332507, -2.831153465060027 ], [ 115.129321411754972, -2.831141995107487 ], [ 115.129385210560031, -2.831130910962486 ], [ 115.129451567034948, -2.831120567860012 ], [ 115.129518449617535, -2.831109874022502 ], [ 115.129583159435015, -2.831099760245024 ], [ 115.129647728959981, -2.831089677047487 ], [ 115.129710686900012, -2.831078716110028 ], [ 115.129770756214953, -2.831069143725017 ], [ 115.129828882997458, -2.831059495799991 ], [ 115.129889547665016, -2.831048873007489 ], [ 115.12989505691246, -2.831047897242513 ], [ 115.129955206267482, -2.831037226787487 ], [ 115.130022634737543, -2.831024361084985 ], [ 115.130087856270052, -2.831011473800004 ], [ 115.130153164137482, -2.830999063154991 ], [ 115.130218408152473, -2.83098520730249 ], [ 115.130282974080046, -2.830971557392502 ], [ 115.130348192015049, -2.830957459619981 ], [ 115.130416615135005, -2.83094809677749 ], [ 115.130483370910042, -2.830937550427507 ], [ 115.130549120344995, -2.830926367357506 ], [ 115.130614424615032, -2.830915226557522 ], [ 115.13067941232498, -2.830903628899989 ], [ 115.130744224667524, -2.830891744357473 ], [ 115.130779549137515, -2.830885660445006 ], [ 115.13081059193496, -2.830880313975001 ], [ 115.13085419736251, -2.830872470087513 ], [ 115.130897270392552, -2.83086475480502 ], [ 115.130960942392448, -2.830851294652518 ], [ 115.131004044202541, -2.830843057759978 ], [ 115.13106876930749, -2.830831131850005 ], [ 115.13111158333254, -2.830823164757476 ], [ 115.131154873997502, -2.830815523217495 ], [ 115.13121946600495, -2.83080347409998 ], [ 115.131263012977456, -2.830795523194979 ], [ 115.131306568045034, -2.830788309732498 ], [ 115.131371823749987, -2.830778311069992 ], [ 115.131414744795052, -2.830772100352476 ], [ 115.131479430332547, -2.830760481110019 ], [ 115.131523268684987, -2.830751695635001 ], [ 115.131588576552531, -2.830740279639997 ], [ 115.131633494090011, -2.830732290062485 ], [ 115.131664722150049, -2.830726653112492 ], [ 115.131677446657477, -2.830724357142515 ], [ 115.131742509009996, -2.830712122765021 ], [ 115.131785797877455, -2.830704125994998 ], [ 115.131851071570054, -2.830693898904997 ], [ 115.131894012400039, -2.830687461557488 ], [ 115.13195981579247, -2.830677355875025 ], [ 115.13200406333749, -2.830670089352509 ], [ 115.13204737018998, -2.830661648317516 ], [ 115.132090636572457, -2.830653841302478 ], [ 115.132155725905022, -2.830642740070004 ], [ 115.132222059000014, -2.830632013857496 ], [ 115.132288937984981, -2.83061957983 ], [ 115.132353734137496, -2.830606659270018 ], [ 115.132419045602546, -2.83059491682252 ], [ 115.132462106940011, -2.830584589907517 ], [ 115.132526507392527, -2.830573314207527 ], [ 115.132550107402494, -2.830569239379997 ], [ 115.132591220807512, -2.830562141029986 ], [ 115.132633720970034, -2.830553736864999 ], [ 115.132676859650019, -2.830544862354998 ], [ 115.132741484932467, -2.830531878842521 ], [ 115.132785182990006, -2.830524022365012 ], [ 115.132850839794969, -2.830511866229983 ], [ 115.132914025262494, -2.830500479014972 ], [ 115.132982192974964, -2.830486663627482 ], [ 115.133048034139961, -2.830475142415025 ], [ 115.133113466112491, -2.830463272262477 ], [ 115.133156631772522, -2.830456396045008 ], [ 115.133221962125049, -2.830444845152499 ], [ 115.133285592754987, -2.830432807727504 ], [ 115.133347282649993, -2.830419585895015 ], [ 115.133411273012484, -2.830406534932479 ], [ 115.133433905349989, -2.830402616587492 ], [ 115.133476152802473, -2.830395302400007 ], [ 115.133539655730033, -2.83038250504751 ], [ 115.133582301582464, -2.830374581122499 ], [ 115.133645573385024, -2.830365302817484 ], [ 115.133687848714999, -2.83035839692252 ], [ 115.133731615122542, -2.830350266152493 ], [ 115.133765259659981, -2.830344364799998 ], [ 115.133830248267486, -2.830334030689983 ], [ 115.133895179320007, -2.830319726972505 ], [ 115.133960568124962, -2.830308514227511 ], [ 115.134028377907498, -2.830295308582492 ], [ 115.134072032797462, -2.830287829820008 ], [ 115.134159177104948, -2.830274082782523 ], [ 115.134224804232531, -2.830263731584978 ], [ 115.134267280109952, -2.830257500182483 ], [ 115.134319465072508, -2.830246434025014 ], [ 115.134327201040037, -2.830244793662473 ], [ 115.134389385562486, -2.830231087095001 ], [ 115.13444890719245, -2.830218664760025 ], [ 115.13451300367251, -2.83020826500001 ], [ 115.134576928382444, -2.830197251002517 ], [ 115.134598379012459, -2.830192700432519 ], [ 115.134662708417522, -2.830182398697502 ], [ 115.13470187479254, -2.830175687957478 ], [ 115.134770281722467, -2.830162196327478 ], [ 115.134836101305041, -2.830151193122504 ], [ 115.134902509942549, -2.83013989763748 ], [ 115.134968268370017, -2.830127735207498 ], [ 115.135034459372491, -2.830115975672527 ], [ 115.135100099990041, -2.830105239565 ], [ 115.135165183924983, -2.830094296615016 ], [ 115.13520466416503, -2.830087843977481 ], [ 115.135230625792474, -2.830083600977503 ], [ 115.135296065859961, -2.830071845039981 ], [ 115.135360576030052, -2.830058705945021 ], [ 115.135426135707462, -2.830047387077514 ], [ 115.135493571372535, -2.830035847875024 ], [ 115.135556127312498, -2.830022315777512 ], [ 115.135619927917446, -2.830012901674991 ], [ 115.135683028850053, -2.830000185260019 ], [ 115.135746550662475, -2.829987110017498 ], [ 115.135810451092539, -2.829976188649994 ], [ 115.135876422659976, -2.829965477725011 ], [ 115.135941580340045, -2.829954252387495 ], [ 115.136007845085032, -2.829942140317485 ], [ 115.136072203270032, -2.82993123603751 ], [ 115.13608969688255, -2.829928335725015 ], [ 115.13611583117995, -2.829924003689996 ], [ 115.136182575265025, -2.829912406932522 ], [ 115.136227474817474, -2.829904092700019 ], [ 115.136295126319965, -2.829892325069977 ], [ 115.136362581767457, -2.829879932412496 ], [ 115.136428263752464, -2.82986717463001 ], [ 115.136494208339968, -2.829854386269972 ], [ 115.136561506407475, -2.829842564682508 ], [ 115.136628242399979, -2.829830858207515 ], [ 115.136672142804969, -2.829822632107494 ], [ 115.136716569315013, -2.829814558895009 ], [ 115.136783475277525, -2.829802901882488 ], [ 115.136850489159997, -2.829791610894972 ], [ 115.136894823037551, -2.829782902757472 ], [ 115.136939584995048, -2.829774705437501 ], [ 115.136974690030002, -2.82976794793251 ], [ 115.136983828939947, -2.829766188857491 ], [ 115.137028196994947, -2.829758021215014 ], [ 115.137072488604986, -2.829749618849974 ], [ 115.137138371140054, -2.829737356592489 ], [ 115.137203884952555, -2.829725647419991 ], [ 115.137268253027514, -2.82971245166749 ], [ 115.137333316279978, -2.829699887239997 ], [ 115.137398800414985, -2.829686971177523 ], [ 115.137463955397493, -2.829674870797476 ], [ 115.137528622047512, -2.829662087835004 ], [ 115.137528590572515, -2.829661871997473 ], [ 115.137572089879995, -2.829653813172513 ], [ 115.13761544979252, -2.829645839782472 ], [ 115.137659205407545, -2.829638263894992 ], [ 115.137726938747505, -2.829627034960026 ], [ 115.137794205337514, -2.829615284417514 ], [ 115.137858836915029, -2.829604140917525 ], [ 115.137860786644978, -2.829603804572514 ], [ 115.137926511799947, -2.829592172739979 ], [ 115.137948660302527, -2.82958880837748 ], [ 115.138012743292506, -2.829576795232526 ], [ 115.138074829789957, -2.829565092354983 ], [ 115.138116934249979, -2.829557710719996 ], [ 115.138158993742536, -2.829549689667488 ], [ 115.138200432705048, -2.829542397962484 ], [ 115.13826415236997, -2.829530490039986 ], [ 115.138306549107483, -2.829522591295017 ], [ 115.138368555564966, -2.829510903705 ], [ 115.138409767897542, -2.829503031040019 ], [ 115.138470918197527, -2.829491767929994 ], [ 115.138511447945007, -2.829484280174995 ], [ 115.13857238331002, -2.8294718137725 ], [ 115.138612215182548, -2.829464959140012 ], [ 115.138651635165047, -2.829458205232527 ], [ 115.138708207017544, -2.829447189434973 ], [ 115.138743386697456, -2.829441360929991 ], [ 115.138765840072551, -2.829437641335005 ], [ 115.138823573850004, -2.829427553637515 ], [ 115.138888250392483, -2.829415672695006 ], [ 115.138957857020046, -2.829405316102509 ], [ 115.139025882637497, -2.829394310199973 ], [ 115.139093284127512, -2.829380948972528 ], [ 115.139160371754997, -2.829368592287494 ], [ 115.139205308177452, -2.829360250175 ], [ 115.139272418287533, -2.829347355695006 ], [ 115.139340562617463, -2.829334796662522 ], [ 115.139408374197501, -2.829322975075002 ], [ 115.139475226200034, -2.829311709267472 ], [ 115.139537274925033, -2.82930131310502 ], [ 115.139600722995056, -2.829290702004982 ], [ 115.139628876272468, -2.829284199007475 ], [ 115.139664394097508, -2.829275995389992 ], [ 115.139731854042452, -2.829265662179978 ], [ 115.13979756390745, -2.829250575155015 ], [ 115.13986532062745, -2.829237420770028 ], [ 115.139949894672554, -2.829221160127474 ], [ 115.139995901290035, -2.829213533877521 ], [ 115.140062652570009, -2.829203894045008 ], [ 115.140127190617477, -2.829192662412481 ], [ 115.140211683722555, -2.829177107737507 ], [ 115.140255379982477, -2.829169319607502 ], [ 115.140323367829978, -2.829156815434999 ], [ 115.14039155622504, -2.829143652957498 ], [ 115.140458193289987, -2.829132123647526 ], [ 115.14051327406753, -2.829121481969992 ], [ 115.140522864437457, -2.829119629367483 ], [ 115.140587381802447, -2.829107020872527 ], [ 115.140618178187538, -2.829101845274977 ], [ 115.140690222875037, -2.829090976067505 ], [ 115.140774224052507, -2.829074406957488 ], [ 115.140815322170056, -2.829065152035014 ], [ 115.140872124249995, -2.829054057099995 ], [ 115.140908798602482, -2.829046294149975 ], [ 115.140963596092547, -2.829035002262515 ], [ 115.141019919732457, -2.829021572687509 ], [ 115.141079766017469, -2.82901252280999 ], [ 115.141146911200053, -2.829000196702509 ], [ 115.141216430595023, -2.828990606332525 ], [ 115.141283387817452, -2.828979782990018 ], [ 115.141351201197494, -2.828968587329996 ], [ 115.141397625999957, -2.828959183119991 ], [ 115.141418159319983, -2.828955022854984 ], [ 115.14148363356253, -2.828942477312523 ], [ 115.141551181642512, -2.828935924852487 ], [ 115.141595615344954, -2.828927909194988 ], [ 115.141638546282479, -2.828918755895018 ], [ 115.141702947632552, -2.828906506229998 ], [ 115.141766105222473, -2.828893689092524 ], [ 115.141831279990015, -2.828879648877489 ], [ 115.141897053704952, -2.828865962992495 ], [ 115.141961304870051, -2.82885342464499 ], [ 115.142004930982466, -2.828847216624979 ], [ 115.142072187682516, -2.828836197232476 ], [ 115.142138937162485, -2.828824991679994 ], [ 115.142204882650049, -2.828813555002512 ], [ 115.142271410897479, -2.828799718032485 ], [ 115.142282031889977, -2.828797638799983 ], [ 115.142314679977517, -2.828791246419996 ], [ 115.142378587602479, -2.828778153190001 ], [ 115.142421475370043, -2.828770558414988 ], [ 115.142464605957457, -2.828762862017527 ], [ 115.142532038022523, -2.828753748287511 ], [ 115.142599372062477, -2.828742595795006 ], [ 115.142644130422468, -2.828734718632518 ], [ 115.142711260317469, -2.828722789124981 ], [ 115.142777823637516, -2.828710525069994 ], [ 115.142821476729978, -2.828701432025014 ], [ 115.142887407827516, -2.828690296619982 ], [ 115.142952423414954, -2.828677957022478 ], [ 115.143016483922452, -2.828665363814991 ], [ 115.143060291699953, -2.828657153904999 ], [ 115.143126051925037, -2.828643592127492 ], [ 115.143166864060049, -2.828637028874994 ], [ 115.143193671049971, -2.828632719325014 ], [ 115.143260773067482, -2.828621877097476 ], [ 115.143327938932543, -2.828610320810014 ], [ 115.14337300396005, -2.828603735074978 ], [ 115.14341783156749, -2.828596547692484 ], [ 115.1434847690075, -2.828585363722482 ], [ 115.143551583239969, -2.828575544925002 ], [ 115.14361880306501, -2.828564106447516 ], [ 115.143685887094989, -2.828551845092477 ], [ 115.143752673447466, -2.828539819357502 ], [ 115.143818707967512, -2.828529101237507 ], [ 115.143884080585053, -2.828517951442507 ], [ 115.143950087227495, -2.828506102874996 ], [ 115.144015627119984, -2.828495245359989 ], [ 115.144053949029967, -2.828488838589976 ], [ 115.144081507855049, -2.828484232262497 ], [ 115.144145856147475, -2.828473400827477 ], [ 115.144188433650015, -2.828465245775021 ], [ 115.144252103852523, -2.828452889089988 ], [ 115.144315887367497, -2.828441447914997 ], [ 115.144380325592465, -2.828429656002527 ], [ 115.144423214259973, -2.828421583689988 ], [ 115.144488110237489, -2.82841010564249 ], [ 115.144552659077476, -2.828397830794984 ], [ 115.144595118769985, -2.828389444617528 ], [ 115.144639065039996, -2.828382427207487 ], [ 115.144702619229975, -2.828370863725013 ], [ 115.144766573617517, -2.828358112237481 ], [ 115.14483037332252, -2.828344403870005 ], [ 115.144873021872513, -2.828334916022527 ], [ 115.144937533839993, -2.828322018844972 ], [ 115.144937695717545, -2.828321982872524 ], [ 115.144979759707553, -2.828312665897499 ], [ 115.145044663780027, -2.828297899027518 ], [ 115.145112088652468, -2.828285238372473 ], [ 115.145177830892521, -2.828273146987499 ], [ 115.145220214142455, -2.828265236552511 ], [ 115.145282776379986, -2.828253044442476 ], [ 115.145345808962475, -2.828241535817483 ], [ 115.145408557360042, -2.828228886852514 ], [ 115.145471145677448, -2.828216535564991 ], [ 115.145513361652547, -2.8282084263775 ], [ 115.145556278200047, -2.828200882865019 ], [ 115.145620425942525, -2.828189031597503 ], [ 115.145662778615019, -2.828181394554974 ], [ 115.145703945079958, -2.828174348367497 ], [ 115.145744471230046, -2.828167598955019 ], [ 115.145785161057461, -2.828160048247526 ], [ 115.145821187897468, -2.828153779072522 ], [ 115.145825963297511, -2.828152948100012 ], [ 115.145864904842483, -2.828145081729986 ], [ 115.145906058717514, -2.828137558899982 ], [ 115.145948875440013, -2.828129810342489 ], [ 115.145991893610017, -2.828121098609984 ], [ 115.146056382197457, -2.828113393217507 ], [ 115.146099342809975, -2.828106193244992 ], [ 115.14616330979004, -2.828091144889981 ], [ 115.146229356899994, -2.828083736275005 ], [ 115.146273601744952, -2.828076265607478 ], [ 115.146318545365034, -2.828066099670025 ], [ 115.146364161677525, -2.828056006580027 ], [ 115.146434836697495, -2.82804226223999 ], [ 115.146501946807462, -2.828027900067525 ], [ 115.146568973279955, -2.828016505657502 ], [ 115.146636495277448, -2.828006135574981 ], [ 115.14670271325997, -2.827991865132503 ], [ 115.146705285319968, -2.827991358814984 ], [ 115.146768158722466, -2.827978979645025 ], [ 115.146833381155034, -2.827967607719984 ], [ 115.146898462395029, -2.827955917432519 ], [ 115.146942114587546, -2.827950062844991 ], [ 115.14698554284746, -2.827941746814986 ], [ 115.147049928012507, -2.827929809212492 ], [ 115.147093271737504, -2.827922313364979 ], [ 115.147159192942468, -2.827910623975015 ], [ 115.147202873912534, -2.827902295354988 ], [ 115.147268584677477, -2.82788960772001 ], [ 115.147312930247494, -2.827881313272485 ], [ 115.14735668496246, -2.827873886669977 ], [ 115.147422714087497, -2.827861163062494 ], [ 115.14748868475499, -2.827848540177513 ], [ 115.147532674192462, -2.827839079310024 ], [ 115.147576610572514, -2.827830772272478 ], [ 115.147589758660047, -2.827828434034984 ], [ 115.147620347299949, -2.827822994934991 ], [ 115.147686320667503, -2.82781175790501 ], [ 115.147729044760013, -2.827803272802498 ], [ 115.147793386754984, -2.827790076149995 ], [ 115.14783606588253, -2.827781132392488 ], [ 115.147878514782519, -2.827772890107497 ], [ 115.147921299129962, -2.827764685592513 ], [ 115.14798507455248, -2.827752202102488 ], [ 115.148027714107457, -2.827744333035014 ], [ 115.148071175644986, -2.827736415402512 ], [ 115.148136121984976, -2.827725261112505 ], [ 115.148179338004979, -2.827718221219982 ], [ 115.148222188902537, -2.827710173184983 ], [ 115.148264797882462, -2.827703041562472 ], [ 115.148327795392447, -2.827692352220026 ], [ 115.148390666097498, -2.827680373250018 ], [ 115.148455721255004, -2.827668007572527 ], [ 115.148474050337541, -2.827664379707528 ], [ 115.148520895122488, -2.827655106797522 ], [ 115.148564734374986, -2.827646580324995 ], [ 115.148629693304997, -2.827635147245019 ], [ 115.148693527184946, -2.827622806747513 ], [ 115.148757449197547, -2.827611433020024 ], [ 115.148799468219977, -2.827603805870012 ], [ 115.148863532327482, -2.82759170369502 ], [ 115.148926534332531, -2.827581446925024 ], [ 115.148989102865016, -2.827569831282517 ], [ 115.149030199184949, -2.82756208092502 ], [ 115.149119359769998, -2.827547430970014 ], [ 115.149154516067483, -2.827540377587525 ], [ 115.149264819714972, -2.827519602347479 ], [ 115.149358585730056, -2.827501540362505 ], [ 115.149391923597477, -2.827495117405022 ], [ 115.149531459710033, -2.827469546082511 ], [ 115.149639750674964, -2.82744960361498 ], [ 115.149751737852512, -2.827430868039983 ], [ 115.149875019617525, -2.827409632347496 ], [ 115.150004411374994, -2.827385286802496 ], [ 115.150179949145013, -2.827350194355006 ], [ 115.150242978129995, -2.827337894327513 ], [ 115.150333154052532, -2.827320296394987 ], [ 115.150507447159953, -2.827282719122479 ], [ 115.150635613142526, -2.827256601012493 ], [ 115.150768246957455, -2.827232945244987 ], [ 115.150897979557499, -2.827207710267487 ], [ 115.151024413445043, -2.827180116370016 ], [ 115.151124358702532, -2.827158713405026 ], [ 115.151190840184995, -2.827144475337491 ], [ 115.151316905349972, -2.8271171998 ], [ 115.151399003559959, -2.827098748407479 ], [ 115.151480826580041, -2.82708071070499 ], [ 115.151613367762479, -2.827052252560009 ], [ 115.151795383349963, -2.827015710407522 ], [ 115.151981168894963, -2.826975189652501 ], [ 115.152003650147549, -2.826969285605003 ], [ 115.15214092536246, -2.826933238077515 ], [ 115.152176576287502, -2.826920180822526 ], [ 115.152287365570032, -2.826895905422475 ], [ 115.15246469389001, -2.826857375767474 ], [ 115.152601871080037, -2.826829009349979 ], [ 115.152701209292445, -2.826806873437476 ], [ 115.152807940835032, -2.826783851692483 ], [ 115.152870190107478, -2.826770763859997 ], [ 115.152879998112553, -2.826768303315021 ], [ 115.15291993790504, -2.826758280369972 ], [ 115.152985869002464, -2.826740855107516 ], [ 115.153095080872504, -2.826711251222491 ], [ 115.153202326824953, -2.826680791185026 ], [ 115.153287464744949, -2.826654891610019 ], [ 115.153411867962518, -2.826616472572482 ], [ 115.153494823227447, -2.826587239210028 ], [ 115.153597723655025, -2.826554396867493 ], [ 115.153704369760021, -2.826524074427482 ], [ 115.153741977610025, -2.826511521690009 ], [ 115.15381157794252, -2.826488291302496 ], [ 115.153960601900053, -2.826442899819995 ], [ 115.15408511034002, -2.826403451957503 ], [ 115.154230528017479, -2.826360309680013 ], [ 115.154401142897541, -2.826309173330003 ], [ 115.154571666950005, -2.826257765382479 ], [ 115.154602380594952, -2.826248627372479 ], [ 115.154783128140025, -2.826194854209973 ], [ 115.154910687977463, -2.82615747388752 ], [ 115.155016000387491, -2.826127215297504 ], [ 115.155097321585004, -2.826100205060015 ], [ 115.155158043807546, -2.826080916399974 ], [ 115.155240981985003, -2.826054843257509 ], [ 115.155309944697478, -2.826030796285011 ], [ 115.155384422952466, -2.826000294877474 ], [ 115.15545664120998, -2.825968654930023 ], [ 115.15555635804003, -2.825924967662502 ], [ 115.155621272004964, -2.825894671302478 ], [ 115.155678248552476, -2.825865962245018 ], [ 115.155732726785004, -2.825835487817528 ], [ 115.155795781849974, -2.825800398969989 ], [ 115.155880664362485, -2.825752013645001 ], [ 115.155912437410052, -2.825735125275003 ], [ 115.155989369014947, -2.825691037809975 ], [ 115.15604366108505, -2.825658014705027 ], [ 115.156122699802495, -2.825606686799972 ], [ 115.156218975825027, -2.825538995727527 ], [ 115.156238213222537, -2.825525017564985 ], [ 115.156273653704943, -2.825499267277507 ], [ 115.156352613282479, -2.825437747355011 ], [ 115.156404223575009, -2.825398985675008 ], [ 115.15647745986746, -2.825340480279976 ], [ 115.156560228072522, -2.825267492199998 ], [ 115.15666086670501, -2.8251779314175 ], [ 115.156757933232484, -2.825089482194983 ], [ 115.156857611390024, -2.824994238592524 ], [ 115.156919657417461, -2.824936208940017 ], [ 115.156973469250033, -2.824885879279975 ], [ 115.157072305642487, -2.824792621382528 ], [ 115.157169954029996, -2.824701385159983 ], [ 115.157250055744953, -2.824625595695011 ], [ 115.15738484073745, -2.824494148087524 ], [ 115.157511737777554, -2.824377748834991 ], [ 115.15757566518505, -2.824317764952525 ], [ 115.157607209804951, -2.824288165567509 ], [ 115.157698038632475, -2.82420327765999 ], [ 115.157793006142469, -2.824112704237507 ], [ 115.157909284885022, -2.824005222662493 ], [ 115.158059150610029, -2.823861466034998 ], [ 115.158210421074955, -2.823721447887522 ], [ 115.158233149639955, -2.823700889385009 ], [ 115.158347440882494, -2.823597516812526 ], [ 115.158495263345003, -2.823464442330021 ], [ 115.158591092405004, -2.823372582877482 ], [ 115.158653484670026, -2.823313155677511 ], [ 115.158736579330025, -2.823239905897481 ], [ 115.158833375160043, -2.823153580872486 ], [ 115.158901311745012, -2.823095883967483 ], [ 115.158940089612543, -2.823062949895018 ], [ 115.159029342829967, -2.822985653165006 ], [ 115.159155896327547, -2.822875545570014 ], [ 115.159186913045005, -2.822847016377523 ], [ 115.159216700389948, -2.822821061942477 ], [ 115.159231692987532, -2.822809511050025 ], [ 115.159263502907493, -2.822796220869975 ], [ 115.159283811399973, -2.822793594847496 ], [ 115.159302352722534, -2.822791878942496 ], [ 115.159324905920016, -2.822791626232515 ], [ 115.159348692087519, -2.822795651597517 ], [ 115.15937016700002, -2.822797140875025 ], [ 115.159415353434952, -2.822804367827473 ], [ 115.159461469770008, -2.822810601027527 ], [ 115.159509052900034, -2.82281533506 ], [ 115.159626292120038, -2.822824467674991 ], [ 115.159689902067498, -2.822824356160027 ], [ 115.159696620002478, -2.822824343567504 ], [ 115.159829781719964, -2.82282619977002 ], [ 115.16011961342997, -2.822831298024994 ], [ 115.16056848574749, -2.822835514947485 ], [ 115.160589118892517, -2.822835406130025 ], [ 115.160772196579956, -2.822834437560005 ], [ 115.160842337405029, -2.822833240562488 ], [ 115.161004452792554, -2.822831692827492 ], [ 115.161078778162505, -2.822830483240011 ], [ 115.161171552225028, -2.822828313175023 ], [ 115.16131774242001, -2.822826222252502 ], [ 115.161449457127446, -2.822828349149972 ], [ 115.161488324027459, -2.822827905782503 ], [ 115.161584126107527, -2.822826814004998 ], [ 115.161715908262522, -2.822824759954983 ], [ 115.161824516687489, -2.822823867827481 ], [ 115.161933113422492, -2.822821606032505 ], [ 115.162040343187527, -2.822820593395022 ], [ 115.162087670909955, -2.822820598792475 ], [ 115.162132581252536, -2.822819533095014 ], [ 115.162222017032491, -2.822814844930008 ], [ 115.162267313184998, -2.822811674820002 ], [ 115.162311221684945, -2.822804228432517 ], [ 115.162355651792495, -2.822795435759986 ], [ 115.162384447184991, -2.822786295949982 ], [ 115.162397433394972, -2.822782175257487 ], [ 115.162438365137518, -2.822765633127517 ], [ 115.16247537763752, -2.822745278772516 ], [ 115.162513827252496, -2.822722087955015 ], [ 115.162551026807478, -2.822694715290027 ], [ 115.162584004947462, -2.822664233667524 ], [ 115.162630695950043, -2.82261686098002 ], [ 115.162674015392554, -2.822569532357477 ], [ 115.162719137977547, -2.822520866445018 ], [ 115.162805256157526, -2.822419618070001 ], [ 115.16292525359745, -2.822276916347505 ], [ 115.163021216655011, -2.822162533374978 ], [ 115.163067110857469, -2.822107826715012 ], [ 115.163166919417449, -2.821987896724977 ], [ 115.163282199015043, -2.821848886717476 ], [ 115.163366127344943, -2.821746344217502 ], [ 115.163423860222451, -2.821679343827498 ], [ 115.163468384757493, -2.821628834302487 ], [ 115.163513581987445, -2.821581019147516 ], [ 115.163560173162523, -2.821536628612478 ], [ 115.163609089087458, -2.821493120309981 ], [ 115.163616890707544, -2.821486641595015 ], [ 115.163660642724949, -2.821450317977508 ], [ 115.163714456357525, -2.821408969847482 ], [ 115.163769182802525, -2.821370515737499 ], [ 115.163822205029987, -2.821334834235017 ], [ 115.163876740820001, -2.821299051109975 ], [ 115.163932656167503, -2.821264241052518 ], [ 115.163990351274947, -2.821230821345011 ], [ 115.164026891627486, -2.821210546129976 ], [ 115.164085236045025, -2.821177699292491 ], [ 115.164210833562493, -2.821110322082518 ], [ 115.164289945125006, -2.821069740177506 ], [ 115.164347874954956, -2.821039443814982 ], [ 115.164384573590041, -2.821019472570015 ], [ 115.16440504665502, -2.821008331769974 ], [ 115.164482693222453, -2.820966068130019 ], [ 115.164540750755009, -2.820935138644984 ], [ 115.16459842877498, -2.820905495192505 ], [ 115.164675095979987, -2.820866008660005 ], [ 115.164714289332551, -2.820846539237493 ], [ 115.164813928819967, -2.820796369657501 ], [ 115.164853543955019, -2.820774894745 ], [ 115.164911355074992, -2.820742309610011 ], [ 115.164988196747458, -2.820700751037521 ], [ 115.165046980932516, -2.82067035755 ], [ 115.165142883737531, -2.820621929057495 ], [ 115.165182035722523, -2.820601732084981 ], [ 115.165199130035035, -2.82059291423252 ], [ 115.16529966165001, -2.820539211215021 ], [ 115.165378307362516, -2.820498518692489 ], [ 115.165439643825039, -2.820464234737528 ], [ 115.165495828069993, -2.820432599285027 ], [ 115.165573328047458, -2.820391788050017 ], [ 115.165631980932517, -2.820360075257497 ], [ 115.165690462945008, -2.820327868734978 ], [ 115.165732273325034, -2.820303539377505 ], [ 115.165773259927505, -2.820277245897501 ], [ 115.165813438040004, -2.82024958095252 ], [ 115.165856359084955, -2.820219634427474 ], [ 115.165891215007491, -2.820190891197512 ], [ 115.165919453719994, -2.820161422212493 ], [ 115.165946946895019, -2.82013385439501 ], [ 115.165948777015046, -2.820132017977528 ], [ 115.165974994950034, -2.82010173061002 ], [ 115.166002545680044, -2.820068436810004 ], [ 115.166029661139987, -2.820035264415026 ], [ 115.166073028247524, -2.819980537072524 ], [ 115.166156257805028, -2.819874953067483 ], [ 115.16623761227504, -2.819773008617517 ], [ 115.166325074942506, -2.819663061102517 ], [ 115.166381365307529, -2.819588531584998 ], [ 115.16645287040501, -2.819496494967495 ], [ 115.166508348682555, -2.819427580817489 ], [ 115.166509253400022, -2.819426459362489 ], [ 115.166558067699953, -2.819364163325019 ], [ 115.166631365145008, -2.819268688600005 ], [ 115.16674281362998, -2.819128729807517 ], [ 115.166836677669949, -2.819009254872526 ], [ 115.166905483002552, -2.818923475737506 ], [ 115.166945462362492, -2.818872513855013 ], [ 115.166985019942445, -2.818820447604992 ], [ 115.167045354559946, -2.818744621267513 ], [ 115.167066976060028, -2.818719017567503 ], [ 115.167088138007443, -2.818693958860024 ], [ 115.167130172319958, -2.818646366737482 ], [ 115.167192946797513, -2.818586597792489 ], [ 115.167276885920046, -2.818514009912519 ], [ 115.167348385620016, -2.818458414725001 ], [ 115.167421372797548, -2.818409324329991 ], [ 115.167478983367459, -2.818377109715016 ], [ 115.167540247884972, -2.818345812409973 ], [ 115.167601685070053, -2.818317115942477 ], [ 115.167643812912502, -2.818296527762527 ], [ 115.167703718552502, -2.818269326867494 ], [ 115.167807065942498, -2.818223411082499 ], [ 115.167841599009989, -2.818208070444996 ], [ 115.167972472852512, -2.818151237790005 ], [ 115.168034187027502, -2.81812367896498 ], [ 115.168115372427451, -2.818087719572475 ], [ 115.168176322179988, -2.818060354102499 ], [ 115.168253977740051, -2.818025178919981 ], [ 115.168313381557482, -2.817997495987527 ], [ 115.168459603227461, -2.817934601 ], [ 115.168611810787525, -2.817868670802511 ], [ 115.168630692052488, -2.817860435709974 ], [ 115.168775017052553, -2.817797493060027 ], [ 115.169001336842484, -2.817696733017499 ], [ 115.169126811152523, -2.817643160402497 ], [ 115.169206341799963, -2.817608327862501 ], [ 115.169318673417479, -2.817560137690009 ], [ 115.169387940102524, -2.817529299937519 ], [ 115.169455654555009, -2.817500510839977 ], [ 115.169466270152498, -2.817495998939989 ], [ 115.169531132855013, -2.817469702764981 ], [ 115.169572332597454, -2.817452607552525 ], [ 115.169647844172459, -2.817422501847489 ], [ 115.169710701387544, -2.817397955749982 ], [ 115.169775090147482, -2.8173738188475 ], [ 115.169823478169974, -2.817354872829981 ], [ 115.169951809627491, -2.817307529817526 ], [ 115.169994465372497, -2.817292351060019 ], [ 115.17003536204254, -2.817280434145005 ], [ 115.170080594344995, -2.817268956997509 ], [ 115.170122774347533, -2.817258967327518 ], [ 115.170167554289947, -2.81725164504752 ], [ 115.170213020414963, -2.817246857955013 ], [ 115.170245424787481, -2.817245490987489 ], [ 115.170297029685003, -2.817249159319999 ], [ 115.170311042920048, -2.817251457987481 ], [ 115.170339120654944, -2.81725606521502 ], [ 115.170383031852452, -2.817266822905026 ], [ 115.170417349979971, -2.817274548979981 ], [ 115.170474476714958, -2.817288860792473 ], [ 115.170533180862549, -2.817305555807479 ], [ 115.170666532334963, -2.817345268070028 ], [ 115.170931688447467, -2.817423767192508 ], [ 115.171150721030017, -2.817492409747501 ], [ 115.171175300400023, -2.817499922682487 ], [ 115.171401612094996, -2.817569091339976 ], [ 115.171636914312444, -2.81764417303998 ], [ 115.172034538762546, -2.817766756029982 ], [ 115.172244049322444, -2.817831346239984 ], [ 115.172415613890053, -2.817884363072494 ], [ 115.172569148847515, -2.817931413802512 ], [ 115.172724001312531, -2.8179817119875 ], [ 115.172857697225027, -2.818024909122528 ], [ 115.172893090942466, -2.818035777429998 ], [ 115.172943950302511, -2.818051394157521 ], [ 115.173050993009952, -2.818085402020017 ], [ 115.173155058959992, -2.818118884677517 ], [ 115.173217338809991, -2.818138472812507 ], [ 115.17327875081503, -2.818157049207514 ], [ 115.173341545974949, -2.818178203062473 ], [ 115.173401230382524, -2.818197739034986 ], [ 115.173460236699952, -2.81821835868999 ], [ 115.173516187122459, -2.818242099892473 ], [ 115.173555215002466, -2.818264575749993 ], [ 115.173589852390023, -2.818287984202527 ], [ 115.173624460099973, -2.818316612322519 ], [ 115.173651274287522, -2.818341343677503 ], [ 115.173682139020002, -2.818374792162501 ], [ 115.173700416840006, -2.818398370587488 ], [ 115.173710180779949, -2.818410967392481 ], [ 115.173736514727466, -2.818447899850014 ], [ 115.173919721017455, -2.818734970642481 ], [ 115.17401561393001, -2.818883524255 ], [ 115.174112603114963, -2.819027542587492 ], [ 115.174195604245028, -2.819153030387497 ], [ 115.17425843537751, -2.819248021279975 ], [ 115.174419074079992, -2.819488114184992 ], [ 115.174661816389971, -2.819835445850003 ], [ 115.174705026115021, -2.819898144782485 ], [ 115.174750476052509, -2.819964094767499 ], [ 115.174822663734972, -2.820068065389989 ], [ 115.175033183335017, -2.820356690210019 ], [ 115.175104510365031, -2.820441825430009 ], [ 115.175151629445054, -2.820491173030007 ], [ 115.175218992262444, -2.820553607562488 ], [ 115.175271190712465, -2.820595953040026 ], [ 115.175309678100007, -2.820627174804997 ], [ 115.175379180405002, -2.820680575647486 ], [ 115.175467277992539, -2.820744964407481 ], [ 115.175569503929978, -2.820818322107527 ], [ 115.175732567205046, -2.820930649229979 ], [ 115.175867222695047, -2.821016062342494 ], [ 115.175963041859973, -2.821066547582518 ], [ 115.176020869167473, -2.821091251060011 ], [ 115.17604411214495, -2.82110117957501 ], [ 115.17611077978745, -2.821122980940004 ], [ 115.17617921279998, -2.821136436597499 ], [ 115.176246836422479, -2.821141650867503 ], [ 115.176336712870011, -2.821140121119981 ], [ 115.176443736689976, -2.821136335872495 ], [ 115.176552842439946, -2.821128750989999 ], [ 115.176598582857537, -2.821125332667521 ], [ 115.176667050942456, -2.821120221820024 ], [ 115.176757372555016, -2.821113280852501 ], [ 115.176801494192546, -2.821110147615002 ], [ 115.176911834712541, -2.821101120220021 ], [ 115.177003862337529, -2.821093588397503 ], [ 115.177188861877539, -2.821080866587522 ], [ 115.177446935827447, -2.821057836750015 ], [ 115.177513056682528, -2.82105257121998 ], [ 115.177601925887529, -2.821045388334994 ], [ 115.177691402137498, -2.821036117222491 ], [ 115.17773584933002, -2.821031733927498 ], [ 115.177801575382546, -2.821025789407486 ], [ 115.177807911107493, -2.821025196754988 ], [ 115.177889603722519, -2.821017576799989 ], [ 115.177977462089984, -2.821008154602509 ], [ 115.178021411957502, -2.821003831562507 ], [ 115.178207386362487, -2.820988623127505 ], [ 115.178273199647492, -2.820982898942475 ], [ 115.178316868927482, -2.820979393385016 ], [ 115.178382579692538, -2.820974281637518 ], [ 115.178474828549952, -2.820967153610013 ], [ 115.178613685672531, -2.820954478567501 ], [ 115.178703837312469, -2.820947355935004 ], [ 115.178864850132527, -2.820934633227523 ], [ 115.179037025337493, -2.820919505729989 ], [ 115.179268780629968, -2.82090111639252 ], [ 115.179511472577474, -2.820879416652474 ], [ 115.179600002737516, -2.820872029619977 ], [ 115.179682154007537, -2.820865176787493 ], [ 115.179839265569967, -2.820853108785002 ], [ 115.180015914902469, -2.820836276172486 ], [ 115.180242734714966, -2.820817570274983 ], [ 115.180466250417453, -2.820799851832476 ], [ 115.180496195142496, -2.820797108900024 ], [ 115.180578876114964, -2.820789533009986 ], [ 115.180647764182481, -2.820783364559986 ], [ 115.180737058767477, -2.82077552697001 ], [ 115.180806238217542, -2.820770049197506 ], [ 115.180872867190033, -2.820763958090026 ], [ 115.180917047284993, -2.82076023669498 ], [ 115.180983881299994, -2.82075541093252 ], [ 115.181043455092549, -2.820749254174984 ], [ 115.181201454284974, -2.820734554755006 ], [ 115.181339657600006, -2.820721134172516 ], [ 115.181391827269977, -2.820715809287492 ], [ 115.181496983199963, -2.820705074080024 ], [ 115.181628788737498, -2.82069493872001 ], [ 115.181789357292473, -2.820680902999982 ], [ 115.181904975935026, -2.820671139959984 ], [ 115.18199771042498, -2.820663728647503 ], [ 115.182088094089977, -2.820655517837508 ], [ 115.182198585697506, -2.820643921079977 ], [ 115.182287563720024, -2.82063579210751 ], [ 115.182328096164952, -2.820632086899991 ], [ 115.182413586617486, -2.820624103619991 ], [ 115.182562497262552, -2.820610853007508 ], [ 115.182891525922514, -2.820582763582479 ], [ 115.182980146017485, -2.820576367604986 ], [ 115.18305061239505, -2.820569772877491 ], [ 115.183094049649981, -2.820566735864986 ], [ 115.183183744435041, -2.820560933439992 ], [ 115.183228214110045, -2.820558055609979 ], [ 115.183432892614974, -2.82054860643251 ], [ 115.183528456372528, -2.820548522794979 ], [ 115.183574691419949, -2.820549267435013 ], [ 115.183669415212535, -2.820553359350015 ], [ 115.183716531592495, -2.820556354092503 ], [ 115.183773329174983, -2.820561304860007 ], [ 115.183865461122537, -2.820573472687499 ], [ 115.183972144100039, -2.820590942017475 ], [ 115.184034237790001, -2.820601569307485 ], [ 115.184078494327537, -2.820609828680006 ], [ 115.184129546142458, -2.820619356997497 ], [ 115.184213093159997, -2.820633127417523 ], [ 115.184326095672532, -2.820651195695007 ], [ 115.184414121314944, -2.820665465239983 ], [ 115.184480191807552, -2.820676731045012 ], [ 115.184546104919946, -2.820688159629981 ], [ 115.184654406675008, -2.820708910587484 ], [ 115.184808687169948, -2.820735778732512 ], [ 115.184876729877487, -2.820745132582488 ], [ 115.184950539935016, -2.820756443354981 ], [ 115.184965405730054, -2.820758905700018 ], [ 115.185068449149981, -2.820775974832486 ], [ 115.185134929732499, -2.82078721006252 ], [ 115.18520042555997, -2.820796476675014 ], [ 115.185290828110055, -2.820811697702482 ], [ 115.1853354281875, -2.820819764620012 ], [ 115.185402730752458, -2.820831835320007 ], [ 115.18544830569499, -2.820839591972515 ], [ 115.185596613792541, -2.820859290722524 ], [ 115.185668835647448, -2.820865701989987 ], [ 115.185738523215036, -2.82087055833 ], [ 115.185856270549948, -2.820867015899978 ], [ 115.185873695814962, -2.820866491594984 ], [ 115.185935420782471, -2.820860564162501 ], [ 115.185996591770049, -2.820849837949993 ], [ 115.186081143329943, -2.820834614225021 ], [ 115.186174266329999, -2.820818588307475 ], [ 115.186242382780051, -2.820806090427482 ], [ 115.186331575742543, -2.820788329717516 ], [ 115.186425533312445, -2.820770854989973 ], [ 115.186545171922489, -2.820749677754975 ], [ 115.186611414184995, -2.820736837235017 ], [ 115.186676135695052, -2.820721815859997 ], [ 115.186740919257545, -2.820707913240028 ], [ 115.1867409921025, -2.820707899750005 ], [ 115.186849107700027, -2.820688194704985 ], [ 115.186935385059996, -2.820670362047508 ], [ 115.187021675009987, -2.820652283875006 ], [ 115.187065097875006, -2.820642876967497 ], [ 115.187150589227485, -2.820625886074993 ], [ 115.187214772942525, -2.82061403570998 ], [ 115.187279971992552, -2.820601307604989 ], [ 115.187364867995029, -2.820586669340003 ], [ 115.18749069303999, -2.820562964110024 ], [ 115.187554237337508, -2.820551086762521 ], [ 115.18762408768248, -2.82053730734998 ], [ 115.18764085374255, -2.82053399874502 ], [ 115.187708052885, -2.820520326352494 ], [ 115.187772876917506, -2.820508204390023 ], [ 115.187837887110049, -2.82049574338248 ], [ 115.187947346292503, -2.820476285652489 ], [ 115.188055766760044, -2.820452002157481 ], [ 115.188141759035034, -2.820433772 ], [ 115.188292973742477, -2.820403748134993 ], [ 115.188425966385012, -2.820378287427502 ], [ 115.188490747249944, -2.820364766120008 ], [ 115.188506160729958, -2.82036152226749 ], [ 115.18855556138999, -2.82035112610248 ], [ 115.188620425892509, -2.82033721089249 ], [ 115.188685183375014, -2.82032244402501 ], [ 115.1887504903425, -2.820308470359976 ], [ 115.188838667970003, -2.820290216820013 ], [ 115.18890748409251, -2.82027620178502 ], [ 115.188971995162547, -2.820262347730022 ], [ 115.189035714827469, -2.820249507210008 ], [ 115.189100376082479, -2.820238998629975 ], [ 115.189185047252522, -2.820221050860027 ], [ 115.189227498849959, -2.820212341825027 ], [ 115.189269569135035, -2.820203264070017 ], [ 115.18935664689252, -2.820186533982508 ], [ 115.189387195962468, -2.820180637127521 ], [ 115.189422414312503, -2.820173839152517 ], [ 115.189510155769995, -2.820155913864994 ], [ 115.189640704954968, -2.820130276889984 ], [ 115.189728773764955, -2.82011530407749 ], [ 115.189819164622463, -2.820101959937517 ], [ 115.189904595720009, -2.820087405310005 ], [ 115.190015813079981, -2.820072472965023 ], [ 115.190103703822501, -2.820060728720023 ], [ 115.190194136049968, -2.820054016179995 ], [ 115.190276014827532, -2.820049158942481 ], [ 115.190287341787553, -2.820048487147517 ], [ 115.190350919359958, -2.820045639895 ], [ 115.190516088847517, -2.820036840927514 ], [ 115.190632643682534, -2.82003087302752 ], [ 115.190727259555047, -2.820028106712527 ], [ 115.190822457289983, -2.820024780119979 ], [ 115.190993761052482, -2.820019663877474 ], [ 115.191040719155012, -2.820019003774973 ], [ 115.191122912692549, -2.820016428115025 ], [ 115.191174638100051, -2.820016222170011 ], [ 115.191315483622475, -2.820015660995011 ], [ 115.191385631642447, -2.820015104312517 ], [ 115.191480378817459, -2.82001307004748 ], [ 115.191550301105053, -2.820012197705012 ], [ 115.191619750352515, -2.820011489937485 ], [ 115.191689116859948, -2.820010644575007 ], [ 115.191757993237502, -2.820009864862527 ], [ 115.191826900192495, -2.820008222702484 ], [ 115.191896682187462, -2.820006825155019 ], [ 115.191965897607474, -2.820007828797486 ], [ 115.192051692932523, -2.820006540969985 ], [ 115.192073847729944, -2.820006097602516 ], [ 115.192119812080023, -2.820005177597523 ], [ 115.192187316990044, -2.820003917647512 ], [ 115.192255564742482, -2.820003006632476 ], [ 115.192321420297503, -2.820001500269996 ], [ 115.192407069930027, -2.819999162930003 ], [ 115.192471538730047, -2.819996116927484 ], [ 115.192538599377485, -2.819993747212493 ], [ 115.192605470267495, -2.819991392787472 ], [ 115.192693976145051, -2.819988230772481 ], [ 115.192782659192517, -2.819983923020004 ], [ 115.192931104887521, -2.819978010877492 ], [ 115.192972643672533, -2.819977258145002 ], [ 115.19297679044746, -2.819977182599985 ], [ 115.193067284727476, -2.819973768775014 ], [ 115.193133929887495, -2.819971589717511 ], [ 115.193205334260028, -2.819968332372525 ], [ 115.193318578689968, -2.819962041614986 ], [ 115.19347337809495, -2.819953954012476 ], [ 115.193538714740043, -2.819951356769991 ], [ 115.193639231964994, -2.819941143170013 ], [ 115.193725190964983, -2.819934739097505 ], [ 115.193834445102539, -2.819925891567493 ], [ 115.193869996202466, -2.819921656659972 ], [ 115.193978608227553, -2.819908717212513 ], [ 115.194049898384947, -2.819901062185011 ], [ 115.194206718565056, -2.819882608094986 ], [ 115.194272817837486, -2.819873738982494 ], [ 115.194361416347533, -2.819861345425011 ], [ 115.194405664789997, -2.819855605952512 ], [ 115.194494780409968, -2.819844053259999 ], [ 115.194561143182455, -2.81983329377249 ], [ 115.194646282899953, -2.819819514360006 ], [ 115.194736042435011, -2.819805807792477 ], [ 115.194761207264946, -2.819801654722482 ], [ 115.194855756587458, -2.81978604968748 ], [ 115.194942900894944, -2.819772315240016 ], [ 115.194986205947544, -2.819766180965019 ], [ 115.195063222089971, -2.819754274840022 ], [ 115.195131202742459, -2.819743667337491 ], [ 115.195211096714957, -2.819730872682499 ], [ 115.195347199215007, -2.819704848100002 ], [ 115.195449624799949, -2.819683212210009 ], [ 115.195608751742498, -2.819651690972478 ], [ 115.195646242680027, -2.81964267706752 ], [ 115.195799222754999, -2.819605894795018 ], [ 115.195984217797445, -2.819570246569981 ], [ 115.196049722617545, -2.819556531907494 ], [ 115.196116485587481, -2.819542135560027 ], [ 115.196179659365043, -2.819526916335008 ], [ 115.196265996080001, -2.819507750882508 ], [ 115.196347584372461, -2.819489991969988 ], [ 115.196448794975026, -2.819466873997499 ], [ 115.196512937322495, -2.819451643080015 ], [ 115.196524567355027, -2.819449051232482 ], [ 115.196606173635018, -2.819430856150007 ], [ 115.196694962802553, -2.819413161087482 ], [ 115.196759436997468, -2.819399297140023 ], [ 115.196825009267513, -2.819385273112516 ], [ 115.196889316189981, -2.819371008064991 ], [ 115.19697293515253, -2.819352705962501 ], [ 115.197035330117501, -2.819338556030004 ], [ 115.197162798225008, -2.819305616559973 ], [ 115.197233831177527, -2.819287141787527 ], [ 115.197295519272529, -2.819267643587523 ], [ 115.197358478112506, -2.819244388017523 ], [ 115.197395316140046, -2.819228399869985 ], [ 115.197441338947556, -2.819208426827515 ], [ 115.197507090180011, -2.819177937112499 ], [ 115.197628188390013, -2.81911392067002 ], [ 115.197725540900024, -2.819060910132521 ], [ 115.197784358362469, -2.819031006774992 ], [ 115.197861136182496, -2.818990838557511 ], [ 115.197976376210022, -2.818923583657522 ], [ 115.198133942827553, -2.818832944584983 ], [ 115.198188332925042, -2.818802980972521 ], [ 115.198192756689991, -2.818800542910026 ], [ 115.198249860042552, -2.8187682329675 ], [ 115.198288361817504, -2.818747106992475 ], [ 115.198345716082486, -2.81871554618499 ], [ 115.198422192630005, -2.818672798709997 ], [ 115.198496426270026, -2.818631205065003 ], [ 115.198617308642497, -2.818561715349972 ], [ 115.198674346345001, -2.81853023997752 ], [ 115.198730943377541, -2.818497830209992 ], [ 115.198818989705046, -2.818444860142506 ], [ 115.19890069041503, -2.818398352602514 ], [ 115.198970928365043, -2.818357597124987 ], [ 115.198979072624979, -2.818352872087473 ], [ 115.19905628661752, -2.818309352995016 ], [ 115.199177988272481, -2.818243290594978 ], [ 115.199310140049988, -2.818171149679984 ], [ 115.199455280737538, -2.818090958029984 ], [ 115.199533609887453, -2.818047497395014 ], [ 115.199609217692455, -2.818004106004992 ], [ 115.19966641727251, -2.817971358990008 ], [ 115.199742515205003, -2.817927543122494 ], [ 115.199757469132464, -2.817919256767482 ], [ 115.199820428869998, -2.817884371167509 ], [ 115.199896848759977, -2.817839766592499 ], [ 115.199958162740018, -2.817805485334986 ], [ 115.200017524290047, -2.81777236240498 ], [ 115.200077593604988, -2.817737450722518 ], [ 115.200136830149972, -2.817704756770013 ], [ 115.200195173667453, -2.817672421645 ], [ 115.20029247671755, -2.81761780042001 ], [ 115.20033194975997, -2.8175960889875 ], [ 115.200428253659993, -2.817542040632475 ], [ 115.200514474362535, -2.817491135407522 ], [ 115.200541391072534, -2.817476216555008 ], [ 115.200592073265057, -2.817448128027479 ], [ 115.200652342232502, -2.817415273994982 ], [ 115.200691446552469, -2.817393311652495 ], [ 115.200753900872542, -2.817358778585003 ], [ 115.200815193267545, -2.817324421784974 ], [ 115.200875007175, -2.817290780844985 ], [ 115.200913802130003, -2.817269534362481 ], [ 115.200972502679974, -2.817236870985028 ], [ 115.201030926237536, -2.817204541257524 ], [ 115.20108929943251, -2.817172351822478 ], [ 115.201128031432518, -2.817150181734974 ], [ 115.201186740074945, -2.817117591204976 ], [ 115.201264663632514, -2.817071788732505 ], [ 115.20132333000754, -2.817038315965021 ], [ 115.201327038812451, -2.817036258317501 ], [ 115.201385129620007, -2.817004015822477 ], [ 115.201528929417464, -2.816924516652477 ], [ 115.201612480932454, -2.816878652127514 ], [ 115.201674328207446, -2.816844544440016 ], [ 115.201735953352454, -2.816810732630017 ], [ 115.201820875432531, -2.816766916760002 ], [ 115.201882763180038, -2.816733881962477 ], [ 115.201970438085027, -2.816685538907507 ], [ 115.202052305170014, -2.816641788687491 ], [ 115.202112050729966, -2.816609590259986 ], [ 115.202118071692553, -2.816606170137504 ], [ 115.202255147257461, -2.816528277157488 ], [ 115.202339806737541, -2.816482635665011 ], [ 115.202398070215054, -2.816452580322505 ], [ 115.202464335859986, -2.816416939289979 ], [ 115.202639566062544, -2.816325107717489 ], [ 115.202734630699979, -2.816271732954988 ], [ 115.202828999259964, -2.816217813202513 ], [ 115.202903801270054, -2.816177466017507 ], [ 115.20290844896499, -2.816174994680011 ], [ 115.203014466444984, -2.816118676434996 ], [ 115.203153119419994, -2.816048026595013 ], [ 115.203211372107489, -2.816018741072526 ], [ 115.203290138329976, -2.815981260027513 ], [ 115.203350868647476, -2.815951961015003 ], [ 115.203430109712485, -2.815912482575015 ], [ 115.203489280605027, -2.815880922667475 ], [ 115.203553093799997, -2.815848395087528 ], [ 115.203632091147483, -2.815810247645004 ], [ 115.203691719797462, -2.815780737290027 ], [ 115.203712950092495, -2.815771122640001 ], [ 115.203773235247468, -2.815743820120019 ], [ 115.203861721342491, -2.815705429862476 ], [ 115.203988288330038, -2.815648099879979 ], [ 115.204055003634949, -2.815619225347518 ], [ 115.204095779797512, -2.815602373850027 ], [ 115.204136691755025, -2.815585481885023 ], [ 115.204201314340025, -2.815561198390014 ], [ 115.204267177087445, -2.815536803379985 ], [ 115.204309550445032, -2.815521471737497 ], [ 115.204373045280022, -2.815500924927505 ], [ 115.204434679417545, -2.815480339445003 ], [ 115.204498782192445, -2.815458077627511 ], [ 115.204549251247499, -2.8154405876125 ], [ 115.204562578300056, -2.815435969595001 ], [ 115.204659615150035, -2.815405935834974 ], [ 115.204699945247512, -2.815393110602486 ], [ 115.20476115940005, -2.815373052124983 ], [ 115.204845966367543, -2.815347183125027 ], [ 115.204908849665003, -2.815327068889985 ], [ 115.205082464685006, -2.815270396312485 ], [ 115.205165305735022, -2.815243813252494 ], [ 115.205228883307541, -2.815224286272496 ], [ 115.205291646092519, -2.815205064162512 ], [ 115.205353745179991, -2.815188077767516 ], [ 115.205408437450046, -2.815173997982527 ], [ 115.205417880329946, -2.815171567114987 ], [ 115.205461469572469, -2.815161259085016 ], [ 115.205527583232538, -2.815146555169974 ], [ 115.205571178767514, -2.815138058374998 ], [ 115.205635982115041, -2.815121395734991 ], [ 115.205699635229962, -2.815109388887493 ], [ 115.205764362135028, -2.815094121995003 ], [ 115.20582870862745, -2.815080270637509 ], [ 115.205871092777556, -2.81507007862001 ], [ 115.205916029202513, -2.815059220207502 ], [ 115.205959220042473, -2.81504944907249 ], [ 115.206003035012486, -2.815040957675023 ], [ 115.206067410282458, -2.815027580257492 ], [ 115.20613128283253, -2.815021496345025 ], [ 115.206290201132447, -2.815001620427495 ], [ 115.206366210932515, -2.814992112794982 ], [ 115.206424877307541, -2.814984955989985 ], [ 115.206505961980042, -2.814975976259973 ], [ 115.206570735649962, -2.814970428342519 ], [ 115.206641621114954, -2.814970820447513 ], [ 115.206728948882528, -2.814976880977497 ], [ 115.206797208325042, -2.814986902124986 ], [ 115.206884974062518, -2.815002516152504 ], [ 115.206973675994959, -2.815022964937498 ], [ 115.207017779647458, -2.815034332367475 ], [ 115.207084466175047, -2.815048973332523 ], [ 115.207174119590036, -2.815075440379985 ], [ 115.207176283360013, -2.815076140949998 ], [ 115.207241032747447, -2.815097119437496 ], [ 115.207335903130001, -2.815132468189972 ], [ 115.207378114607536, -2.815148012069983 ], [ 115.20750058158751, -2.815201375142522 ], [ 115.207609058709977, -2.815250327940021 ], [ 115.207692128190047, -2.815286386257526 ], [ 115.207802514574951, -2.81533390013999 ], [ 115.20786193817753, -2.815362140649995 ], [ 115.207923335792543, -2.815390664447477 ], [ 115.207984831435056, -2.81541749662 ], [ 115.208005038302531, -2.815425807254996 ], [ 115.208067330742551, -2.815451425342474 ], [ 115.208129411842492, -2.815476130620027 ], [ 115.208196542637552, -2.815504766832476 ], [ 115.208258031982496, -2.815531399354995 ], [ 115.208298708319944, -2.81554734073751 ], [ 115.208359924269985, -2.815570583714987 ], [ 115.2084226088175, -2.815592128772494 ], [ 115.208464569385001, -2.815605865017517 ], [ 115.208529890742511, -2.815626563814988 ], [ 115.208573014132526, -2.815638717252511 ], [ 115.208636472994954, -2.81565698608 ], [ 115.208717142182536, -2.815675538195023 ], [ 115.20878087443748, -2.815693533629997 ], [ 115.20884570026999, -2.815711488595014 ], [ 115.208855934555004, -2.815713525557499 ], [ 115.20892992717495, -2.815728251057521 ], [ 115.208991485767456, -2.81574002678002 ], [ 115.20907006043501, -2.815758172402525 ], [ 115.209112996767544, -2.815767588302492 ], [ 115.209178088797444, -2.815780434220017 ], [ 115.20926374113003, -2.815796767707525 ], [ 115.209327730589962, -2.81580878804499 ], [ 115.209370428602483, -2.815817266852491 ], [ 115.209433742672445, -2.815829485942515 ], [ 115.209568641879969, -2.815853722669999 ], [ 115.209634062162536, -2.815866227745005 ], [ 115.209699391612503, -2.815877801119996 ], [ 115.209739074200002, -2.815883538794992 ], [ 115.209742407985004, -2.815884020830026 ], [ 115.209807205937523, -2.815895080692485 ], [ 115.209893904180035, -2.81590933404749 ], [ 115.210055969207474, -2.8159340806925 ], [ 115.210166325914997, -2.815949943834994 ], [ 115.210369859582556, -2.815976162669983 ], [ 115.210415396752524, -2.815982092800027 ], [ 115.210503300087453, -2.815994917132514 ], [ 115.210597771170001, -2.816008013060014 ], [ 115.21062931668996, -2.816010782970011 ], [ 115.210686392162529, -2.816015793992506 ], [ 115.210897715757483, -2.816032489907514 ], [ 115.210983148652531, -2.816039890427476 ], [ 115.211111197722516, -2.816051040222476 ], [ 115.211195958827489, -2.816057437100028 ], [ 115.211396548112475, -2.81606647079002 ], [ 115.211526495652492, -2.816069345922472 ], [ 115.21158241010005, -2.816070583390001 ], [ 115.211694605022444, -2.816074151 ], [ 115.211761608112511, -2.8160744091075 ], [ 115.211830811842447, -2.81607299627251 ], [ 115.211880500285019, -2.81607098988502 ], [ 115.21195043786247, -2.816069273077517 ], [ 115.212014914757447, -2.816068404332498 ], [ 115.212102531207506, -2.816063655012499 ], [ 115.212190910282516, -2.816058531574981 ], [ 115.212263312902451, -2.81605434702999 ], [ 115.212329764707533, -2.816049910675019 ], [ 115.212396212015051, -2.816045495002527 ], [ 115.212424903087481, -2.816043461637491 ], [ 115.212460704197497, -2.816040924649997 ], [ 115.212548693867461, -2.816036135759987 ], [ 115.212606874607445, -2.816029966409985 ], [ 115.212670902740001, -2.816020795122483 ], [ 115.212757419320042, -2.816006592130009 ], [ 115.212801165042492, -2.816000807689989 ], [ 115.212864661674985, -2.815990603982527 ], [ 115.21295139499, -2.81596971273251 ], [ 115.21301626938498, -2.815951568910009 ], [ 115.21307575144499, -2.815929980684984 ], [ 115.213139430640013, -2.815908121762504 ], [ 115.213222888624955, -2.815876476417486 ], [ 115.213289197437462, -2.815850417662489 ], [ 115.213297061109984, -2.815846910307528 ], [ 115.213349225387446, -2.815823643945009 ], [ 115.213451168937468, -2.815774128172507 ], [ 115.213578551609999, -2.815703775110023 ], [ 115.213639781050006, -2.815667913742516 ], [ 115.213698591317552, -2.815634354642498 ], [ 115.213757148872446, -2.815601338730005 ], [ 115.213953214569983, -2.815486554660026 ], [ 115.213990876377466, -2.815463727170027 ], [ 115.214048436585017, -2.815428240819983 ], [ 115.214082657587483, -2.815407976397523 ], [ 115.214086441037466, -2.815405736185028 ], [ 115.214143836670019, -2.815372083555019 ], [ 115.214201378890039, -2.815336992907476 ], [ 115.214239363554952, -2.815313302967525 ], [ 115.214276758264987, -2.815288925045024 ], [ 115.214331812962541, -2.815250914297508 ], [ 115.214369327282498, -2.815225815120016 ], [ 115.214405864939977, -2.815199759062523 ], [ 115.214459809872551, -2.815157257102499 ], [ 115.214495413132454, -2.815127566882495 ], [ 115.214546026977473, -2.815083588237485 ], [ 115.214594684797476, -2.81503953135001 ], [ 115.214626661092552, -2.815008750252503 ], [ 115.21469001743003, -2.814946340002507 ], [ 115.214761331870022, -2.814863251637519 ], [ 115.214777584417448, -2.814842828035012 ], [ 115.214802473155032, -2.814811545117493 ], [ 115.21485290173996, -2.814736562342489 ], [ 115.214887460887553, -2.814677109060028 ], [ 115.214933917167514, -2.814586939435003 ], [ 115.214963826820053, -2.814527667817515 ], [ 115.215002884375053, -2.814450871110012 ], [ 115.215030635655012, -2.814393059092481 ], [ 115.215102689337527, -2.814245789712515 ], [ 115.215142471747527, -2.814158675982526 ], [ 115.215185985445032, -2.814062759687488 ], [ 115.21519481319001, -2.814043783992474 ], [ 115.215205534007509, -2.814020737967496 ], [ 115.215245466604983, -2.813936000245008 ], [ 115.215296587667467, -2.81382729019748 ], [ 115.21534452063247, -2.813702038917484 ], [ 115.215379104062549, -2.813595872152518 ], [ 115.215404782405017, -2.813510626315008 ], [ 115.215434951062548, -2.813401531354998 ], [ 115.21544638774003, -2.813362362282476 ], [ 115.215463467665018, -2.813296531009996 ], [ 115.215490817847467, -2.813192376027473 ], [ 115.215499775095054, -2.813158267439974 ], [ 115.215510616422534, -2.813115276250016 ], [ 115.215528812404955, -2.813051270599999 ], [ 115.215554113932512, -2.812966835052521 ], [ 115.215576650942467, -2.81288096238751 ], [ 115.21558839878503, -2.812840200615028 ], [ 115.215605697244996, -2.812777920764972 ], [ 115.215630994274989, -2.812691386197514 ], [ 115.215656017909964, -2.812610172022517 ], [ 115.21566816055747, -2.812571859104992 ], [ 115.215686999555032, -2.812516200062475 ], [ 115.215703170264987, -2.812474162152512 ], [ 115.215726512170022, -2.812412991167491 ], [ 115.215761238589948, -2.812330957707502 ], [ 115.215785717237509, -2.812273133997508 ], [ 115.215797850889999, -2.812243523819973 ], [ 115.215831261602489, -2.812169830672474 ], [ 115.215861693762463, -2.812104815984981 ], [ 115.215882469, -2.812061987570019 ], [ 115.215924221825048, -2.811977890167498 ], [ 115.215945705729951, -2.811936176012523 ], [ 115.215967907292452, -2.811892792717515 ], [ 115.215993484012529, -2.81184565025751 ], [ 115.216012686337535, -2.811809605430028 ], [ 115.21602471836502, -2.811787651179998 ], [ 115.216047931667504, -2.811747494649978 ], [ 115.216084668972485, -2.811684697689998 ], [ 115.216121221917547, -2.811626606882498 ], [ 115.216160978247444, -2.811565809114995 ], [ 115.216182873140042, -2.811534010884998 ], [ 115.216201588932449, -2.811506827977496 ], [ 115.216242284154987, -2.81145085597251 ], [ 115.216283069307451, -2.811394440599997 ], [ 115.216323780717516, -2.811337742842511 ], [ 115.216369128132555, -2.811281155699987 ], [ 115.216415759780034, -2.811226790782484 ], [ 115.21646358932253, -2.811179109627517 ], [ 115.2165133829875, -2.811125036990006 ], [ 115.216560348282542, -2.811073019305013 ], [ 115.216609084342508, -2.811020528575 ], [ 115.21665816124505, -2.810967735672477 ], [ 115.216759646139963, -2.810863406219994 ], [ 115.216771285167511, -2.810852429095007 ], [ 115.216811307695025, -2.810814682752493 ], [ 115.21692974121504, -2.810696480357478 ], [ 115.216998181419967, -2.810624671292487 ], [ 115.217096291160033, -2.810528142559974 ], [ 115.217145493969952, -2.81047761504999 ], [ 115.217196275987476, -2.810428369972499 ], [ 115.217246198252496, -2.810379410879989 ], [ 115.217282476005039, -2.810344540567485 ], [ 115.217300939987467, -2.810325941689996 ], [ 115.217335034184998, -2.81029479276998 ], [ 115.217354778799972, -2.81027648437248 ], [ 115.217406436757528, -2.810229333817517 ], [ 115.217415215039978, -2.810221459352476 ], [ 115.21746058943495, -2.810180747942525 ], [ 115.217513173695011, -2.810133934632518 ], [ 115.217569848069957, -2.810086694145014 ], [ 115.217622661657515, -2.810041972659974 ], [ 115.21765849334497, -2.810010203207526 ], [ 115.217721711187551, -2.809955018109974 ], [ 115.217775771234983, -2.809909930599986 ], [ 115.21785355359998, -2.809845727097525 ], [ 115.217929165897544, -2.809780294224993 ], [ 115.217967293555034, -2.809746706344981 ], [ 115.218036277852548, -2.809688073245013 ], [ 115.218088933157446, -2.809639249052509 ], [ 115.218097074720049, -2.809632049079994 ], [ 115.218140306929968, -2.809593817099994 ], [ 115.218194263555006, -2.809547338339996 ], [ 115.218250058392528, -2.809499530379981 ], [ 115.218304306397499, -2.80945151827251 ], [ 115.218359202815009, -2.809404017880013 ], [ 115.21841176818748, -2.809357583184976 ], [ 115.218465645672495, -2.809310563032511 ], [ 115.218502615005036, -2.809273992999977 ], [ 115.218566466870016, -2.809211740130024 ], [ 115.21857835500748, -2.809200229707528 ], [ 115.218592727972464, -2.809186687714998 ], [ 115.218602515294947, -2.809172732034995 ], [ 115.218609071352489, -2.809165016752502 ], [ 115.218618846982508, -2.809154767177517 ], [ 115.218646986769954, -2.809125934915016 ], [ 115.218661633127454, -2.809109453937481 ], [ 115.218689314260018, -2.809078603595026 ], [ 115.218712005955013, -2.80905105016501 ], [ 115.218732775797548, -2.809023557889986 ], [ 115.218745048844994, -2.809007948357475 ], [ 115.218754058252443, -2.80899648829751 ], [ 115.218775311930017, -2.80896284106251 ], [ 115.218799009967483, -2.808924109060001 ], [ 115.218817821984999, -2.808889200974988 ], [ 115.218838110689944, -2.808853120175002 ], [ 115.218869025785011, -2.808798245342473 ], [ 115.218887810824981, -2.808757860387516 ], [ 115.218907683142447, -2.808719821762509 ], [ 115.218929744412549, -2.808673662259991 ], [ 115.218948721905008, -2.808633846574992 ], [ 115.218974779762448, -2.808571297827484 ], [ 115.219002270237524, -2.808504549245015 ], [ 115.21902661038996, -2.808447566402492 ], [ 115.219045062680038, -2.808403890827492 ], [ 115.219059834942527, -2.80836646104251 ], [ 115.219076512869947, -2.808320353702527 ], [ 115.219088748147556, -2.80828504182 ], [ 115.219112315779967, -2.808224791739974 ], [ 115.219126412654987, -2.808191491645005 ], [ 115.219153440877449, -2.808127649669984 ], [ 115.21918268773004, -2.80805389807 ], [ 115.219207313867514, -2.807998102329975 ], [ 115.219216100242534, -2.807978563660015 ], [ 115.219235243212552, -2.807936222677483 ], [ 115.219254110089992, -2.807894931204999 ], [ 115.219283805702503, -2.807833120802513 ], [ 115.219316113847526, -2.807773030799979 ], [ 115.219350342944949, -2.807713208797509 ], [ 115.219377022232493, -2.807675509217518 ], [ 115.219409360952454, -2.807619554300004 ], [ 115.21942448934999, -2.807604332374979 ], [ 115.219437572685024, -2.80758710406252 ], [ 115.219450560695009, -2.807570009747508 ], [ 115.219463132317514, -2.807555359792502 ], [ 115.219476866765035, -2.807537653040015 ], [ 115.21950793024746, -2.807502964389982 ], [ 115.219523142279968, -2.807485905149974 ], [ 115.219534998940048, -2.807473490910013 ], [ 115.219551165155053, -2.807457670034978 ], [ 115.21956876129002, -2.807440709720026 ], [ 115.219586770212459, -2.807425605607477 ], [ 115.219602637852518, -2.807412298340012 ], [ 115.219619609857546, -2.807399921870001 ], [ 115.219654410922544, -2.807373816347479 ], [ 115.219671870360003, -2.807361960585013 ], [ 115.219711734609973, -2.807338562024995 ], [ 115.219734660127529, -2.807327985997517 ], [ 115.219759629802525, -2.807317230105014 ], [ 115.219784057187553, -2.807306202619998 ], [ 115.219804262257526, -2.807298290382505 ], [ 115.219826828944974, -2.807290236054996 ], [ 115.219847572707522, -2.807283697084983 ], [ 115.219870445165043, -2.807275378354973 ], [ 115.219978202832522, -2.807242182580012 ], [ 115.22006512230746, -2.807213802674994 ], [ 115.220125706037493, -2.807192059764986 ], [ 115.220179273254985, -2.807175904345002 ], [ 115.220242061222507, -2.807154249569976 ], [ 115.220328216274993, -2.807126626892511 ], [ 115.220419028914989, -2.807098461925023 ], [ 115.220452935154981, -2.807087947049979 ], [ 115.220578588430044, -2.807047868764982 ], [ 115.220713701674981, -2.807004988189988 ], [ 115.220855342200025, -2.806953378795015 ], [ 115.220935370172469, -2.806923479934994 ], [ 115.220976032117505, -2.806908088937519 ], [ 115.221021345359986, -2.806891744657491 ], [ 115.221049307079966, -2.806881665057517 ], [ 115.22107177574253, -2.806873455145023 ], [ 115.221131539290013, -2.806850096155017 ], [ 115.221207770322508, -2.806814220399986 ], [ 115.22124984060747, -2.806791532302498 ], [ 115.221261394197541, -2.806785387234981 ], [ 115.221292670820048, -2.806768747980016 ], [ 115.22132648173249, -2.806750362239995 ], [ 115.221366127444981, -2.806728427774999 ], [ 115.221401503177503, -2.806704802584989 ], [ 115.22143733756252, -2.80668086623001 ], [ 115.221476786324956, -2.806653826312527 ], [ 115.221507338992524, -2.806631724575027 ], [ 115.221527967642487, -2.806615604227488 ], [ 115.221566201420046, -2.806586226972513 ], [ 115.221597301774977, -2.806561752822518 ], [ 115.221629279867557, -2.806535085224994 ], [ 115.221664376810054, -2.806504350895011 ], [ 115.22170279315003, -2.806468821380008 ], [ 115.221726206100016, -2.806447720585027 ], [ 115.221760901945004, -2.806415163329973 ], [ 115.221876071822521, -2.806305447837474 ], [ 115.221931123822515, -2.806253296152477 ], [ 115.221961117112528, -2.806223494417509 ], [ 115.22197513034746, -2.806209570215003 ], [ 115.222032105097469, -2.806154023590011 ], [ 115.222124374639975, -2.806058440044978 ], [ 115.222181295430005, -2.805999208897504 ], [ 115.222231616097474, -2.805948098624981 ], [ 115.222279701947514, -2.805896873242489 ], [ 115.222329856237479, -2.805845432020021 ], [ 115.222409974139964, -2.805760518032514 ], [ 115.222459933279993, -2.805708598372519 ], [ 115.22250597676998, -2.805656283010023 ], [ 115.222563354415001, -2.805588242102488 ], [ 115.222580029644973, -2.805567935412512 ], [ 115.222610715412543, -2.805530571277473 ], [ 115.222645326719999, -2.805489458772513 ], [ 115.222686762984949, -2.805438504982476 ], [ 115.222737461365, -2.805370963200005 ], [ 115.222778778917473, -2.80531165471001 ], [ 115.222832331747554, -2.80523406839751 ], [ 115.222872538637489, -2.80517265099752 ], [ 115.222899518297481, -2.805130276739987 ], [ 115.222931078207466, -2.805073947705012 ], [ 115.222975675587463, -2.804995035792501 ], [ 115.223011513569986, -2.804929521079998 ], [ 115.223044444945003, -2.804867871655006 ], [ 115.223072516382445, -2.804814194719995 ], [ 115.223077935697461, -2.804803828234981 ], [ 115.223108482970019, -2.80474435786499 ], [ 115.223143496275043, -2.804675262052513 ], [ 115.223164934315037, -2.804632319425025 ], [ 115.223202273267475, -2.804554973232484 ], [ 115.223234263949962, -2.804487512387482 ], [ 115.223264484767469, -2.804425533812491 ], [ 115.223295354897459, -2.804361590215024 ], [ 115.223322944297479, -2.80430558493498 ], [ 115.223371151557444, -2.804207880789988 ], [ 115.223382569349951, -2.804185124344997 ], [ 115.223413465560043, -2.804122327382515 ], [ 115.223432935882556, -2.804086597317507 ], [ 115.223452199360054, -2.804049959837528 ], [ 115.223470390845023, -2.804018568102492 ], [ 115.223477446027459, -2.804006995627503 ], [ 115.223494516957544, -2.803978997932518 ], [ 115.223503842927471, -2.803964451397519 ], [ 115.223519558580051, -2.803940176897527 ], [ 115.223541571287456, -2.803909296877521 ], [ 115.223568339607482, -2.80386967274751 ], [ 115.223591816410021, -2.803836137927476 ], [ 115.223619554200013, -2.803798572344988 ], [ 115.223641006627531, -2.803771167305001 ], [ 115.223667972799944, -2.803736343757521 ], [ 115.223699387917463, -2.803700558832475 ], [ 115.223715886879972, -2.8036819356725 ], [ 115.223743658842523, -2.803649963874989 ], [ 115.223787236392468, -2.803597102625019 ], [ 115.22384585689997, -2.803528246032499 ], [ 115.223872623422494, -2.803497050347517 ], [ 115.223904988224945, -2.803458065637528 ], [ 115.223938120147523, -2.80341861777498 ], [ 115.223994707289989, -2.803348826787499 ], [ 115.224034230694997, -2.803298193157502 ], [ 115.224040086180025, -2.803290692809981 ], [ 115.224080302064976, -2.803242285002511 ], [ 115.224128408599995, -2.803181641919991 ], [ 115.224163208765049, -2.803139934959972 ], [ 115.22421718697251, -2.803076982417508 ], [ 115.224259752784974, -2.803026856004976 ], [ 115.224314466639953, -2.80296273614249 ], [ 115.224361102782495, -2.802909584409974 ], [ 115.224405180355006, -2.802854089045013 ], [ 115.224445335084965, -2.802803002157475 ], [ 115.224492464054947, -2.802742969712483 ], [ 115.224568607854962, -2.802642864377503 ], [ 115.224602963755046, -2.802598032272499 ], [ 115.224618559799978, -2.802577679715 ], [ 115.224661096832506, -2.802525151214979 ], [ 115.224706376797485, -2.802466036977478 ], [ 115.224741177862484, -2.802422602419995 ], [ 115.224788981327492, -2.802365604290003 ], [ 115.224846847305002, -2.802297504924979 ], [ 115.224888519190017, -2.802249811179991 ], [ 115.224932907027551, -2.802193849067521 ], [ 115.224977149174947, -2.802140941949972 ], [ 115.225021822099961, -2.802089087042475 ], [ 115.225072242590045, -2.80203013198502 ], [ 115.225113392869957, -2.801983938307501 ], [ 115.22515709722245, -2.801935343442494 ], [ 115.225182754880052, -2.80190713170748 ], [ 115.225188066277497, -2.80190129240998 ], [ 115.225207615740032, -2.801880028840003 ], [ 115.225250763412532, -2.801832809934979 ], [ 115.225278796179964, -2.801802924564981 ], [ 115.225309290392488, -2.801770790889975 ], [ 115.225342621964955, -2.801735475412499 ], [ 115.225370620557555, -2.801706680020004 ], [ 115.225397282757513, -2.801679935980019 ], [ 115.225417179359965, -2.801658234440026 ], [ 115.225449241989963, -2.801626257245005 ], [ 115.225470754672529, -2.801606789622497 ], [ 115.225489295994976, -2.801588868829981 ], [ 115.225507671842479, -2.801571535297512 ], [ 115.225532673895032, -2.801549256392491 ], [ 115.225555070609971, -2.801529244680012 ], [ 115.225590439147481, -2.801499940269991 ], [ 115.225618128375004, -2.801475842037519 ], [ 115.225631417654995, -2.80146475339501 ], [ 115.225667208875052, -2.80143572418001 ], [ 115.225688272794969, -2.80141879624 ], [ 115.225722638590014, -2.801390496375006 ], [ 115.225743708804998, -2.80137514764499 ], [ 115.225776922567547, -2.801349009750027 ], [ 115.225796874924981, -2.801333965890024 ], [ 115.225832764170036, -2.80130680906251 ], [ 115.225844515612494, -2.801297704325009 ], [ 115.22585482903753, -2.801289715647499 ], [ 115.225889505995042, -2.801263697362515 ], [ 115.22591321662253, -2.801245046322492 ], [ 115.225970182377523, -2.801202566845006 ], [ 115.226010357792461, -2.801171943129987 ], [ 115.226067980952507, -2.80112658132748 ], [ 115.226123985334993, -2.801086396920027 ], [ 115.226161892657501, -2.801056436005013 ], [ 115.226197135290022, -2.801029317847508 ], [ 115.226233134252539, -2.801001561172484 ], [ 115.226286155582557, -2.800961748184989 ], [ 115.226409611815029, -2.800872557022501 ], [ 115.22646990776002, -2.800823322737472 ], [ 115.226525457982461, -2.800780258702503 ], [ 115.226562107155019, -2.800752913915005 ], [ 115.226582022642447, -2.800738054417479 ], [ 115.226644440987457, -2.800691721345004 ], [ 115.226698945299972, -2.800652170960007 ], [ 115.226754905615053, -2.80061079495249 ], [ 115.22680556532498, -2.800573519852492 ], [ 115.226860852945038, -2.800531077247513 ], [ 115.226914459734985, -2.800488647232498 ], [ 115.226967669022542, -2.800445255844977 ], [ 115.226983273160045, -2.800430935040026 ], [ 115.227021904437493, -2.800397712285019 ], [ 115.227039600397461, -2.800382925632505 ], [ 115.227071850984998, -2.800353676080022 ], [ 115.227090557782503, -2.800337326407487 ], [ 115.227120531287483, -2.800308600262497 ], [ 115.227140364935053, -2.800290442949972 ], [ 115.227173328687513, -2.800258641122525 ], [ 115.227199438702542, -2.800232439375009 ], [ 115.227220788607497, -2.800210255797481 ], [ 115.227246546092488, -2.800181589009981 ], [ 115.227251673127512, -2.80017531174002 ], [ 115.227261858847555, -2.800162844440024 ], [ 115.227279317387456, -2.800138135567522 ], [ 115.227298302075042, -2.800114076902503 ], [ 115.227335061862505, -2.800066063897475 ], [ 115.227366692817554, -2.800020011414972 ], [ 115.227379090872546, -2.800003814624972 ], [ 115.227394016019957, -2.799982622100003 ], [ 115.22740867766754, -2.799958310727504 ], [ 115.227437559394957, -2.799911579255024 ], [ 115.22747431468747, -2.799856572222495 ], [ 115.227491945897555, -2.799827385625008 ], [ 115.227503146052527, -2.799802449222511 ], [ 115.227527562647538, -2.799742350230019 ], [ 115.227541842982532, -2.799700835724991 ], [ 115.227554143010025, -2.799660053267473 ], [ 115.227567247929983, -2.799618429947486 ], [ 115.227578575789948, -2.799567353850023 ], [ 115.227588482722467, -2.799521531592518 ], [ 115.227594678152514, -2.799493572569986 ], [ 115.227602394335008, -2.799451873704982 ], [ 115.227614256392485, -2.799381801230027 ], [ 115.227616708844948, -2.799365556775001 ], [ 115.227624802742525, -2.799311961677518 ], [ 115.227634783417557, -2.799240473670011 ], [ 115.227645390022531, -2.799168690682507 ], [ 115.227653162862453, -2.799100559842486 ], [ 115.227663285632502, -2.799024454714981 ], [ 115.227674135052553, -2.798951284074974 ], [ 115.227684658020053, -2.798881691837494 ], [ 115.227697244932529, -2.798789528415 ], [ 115.227703790197552, -2.798731542827511 ], [ 115.227710863365019, -2.798661226634977 ], [ 115.227718569657554, -2.798578679662512 ], [ 115.227723852274949, -2.798521524149976 ], [ 115.227728996394944, -2.798468576562527 ], [ 115.227731409277453, -2.798443745382485 ], [ 115.227738861059947, -2.798364800194975 ], [ 115.227745138327464, -2.798293807712525 ], [ 115.227751082847476, -2.798224397137517 ], [ 115.227756974304953, -2.798151162645013 ], [ 115.227762273109988, -2.798081735882477 ], [ 115.227766276892453, -2.798024532705028 ], [ 115.227769998287499, -2.797960869697476 ], [ 115.227775493145032, -2.797886324894989 ], [ 115.227781496119974, -2.797793990599985 ], [ 115.227784203077476, -2.7977477510575 ], [ 115.227785523282478, -2.797721105045014 ], [ 115.227786626752504, -2.79767434209748 ], [ 115.227789041430015, -2.797583989009979 ], [ 115.227789403857514, -2.797566570939978 ], [ 115.227790593659961, -2.797509498165027 ], [ 115.227790008202533, -2.797460950062487 ], [ 115.227789579225032, -2.797388267755025 ], [ 115.227789647575037, -2.79731765388749 ], [ 115.227789967732519, -2.797248880929999 ], [ 115.227790108027534, -2.797152407957526 ], [ 115.227789098087555, -2.797078651857476 ], [ 115.22778821765246, -2.797014060749973 ], [ 115.227785606919952, -2.796937803637491 ], [ 115.227783835254968, -2.796878848579979 ], [ 115.227783401782517, -2.796798180292512 ], [ 115.227783390092554, -2.796722047285016 ], [ 115.227783970154974, -2.79666240244751 ], [ 115.227784082569997, -2.796650740939981 ], [ 115.227784141924985, -2.796580090199996 ], [ 115.227783361312504, -2.79651482280002 ], [ 115.227781594144972, -2.796454130254972 ], [ 115.227779692080048, -2.79637810516499 ], [ 115.227777682095052, -2.796295074357488 ], [ 115.227774726022517, -2.796149610815007 ], [ 115.227772314039953, -2.796077165029999 ], [ 115.227772038847547, -2.796016473382508 ], [ 115.227770417370039, -2.795947535850019 ], [ 115.227769881375025, -2.795885273087492 ], [ 115.227769962315051, -2.795857066749988 ], [ 115.227769957817486, -2.795811402774973 ], [ 115.22776997760252, -2.795790507025004 ], [ 115.227771031607517, -2.795758319390018 ], [ 115.227771630557527, -2.795740028979992 ], [ 115.227774637889979, -2.795694784087516 ], [ 115.227780551830051, -2.795621558587527 ], [ 115.227785814662525, -2.795576695907528 ], [ 115.227789840927471, -2.795542937157506 ], [ 115.227795460792549, -2.795500926227476 ], [ 115.227801355847532, -2.795456774010006 ], [ 115.227806946035003, -2.795425519872481 ], [ 115.227814207160009, -2.79538911891251 ], [ 115.227823183292458, -2.79535416765998 ], [ 115.227836545420018, -2.795309832882481 ], [ 115.227852610909963, -2.795264660835016 ], [ 115.227867064812472, -2.7952282328975 ], [ 115.227880194015029, -2.795198118197504 ], [ 115.227897475387522, -2.795161005875002 ], [ 115.227914538225036, -2.795126641880017 ], [ 115.227938343280016, -2.795080928442474 ], [ 115.227973642569964, -2.795014765319991 ], [ 115.228019143767483, -2.794931651775016 ], [ 115.228033317084964, -2.794906711775013 ], [ 115.228049400560053, -2.794878410110016 ], [ 115.22808325374001, -2.79481565271999 ], [ 115.228114763285021, -2.794756195842524 ], [ 115.228156044865045, -2.794683631344981 ], [ 115.228189966395007, -2.794622273299979 ], [ 115.228221600944948, -2.794564121337487 ], [ 115.228261590199963, -2.794496170362493 ], [ 115.228288097717495, -2.794449970390019 ], [ 115.228326566217447, -2.794389972119973 ], [ 115.228353547677443, -2.794351109715024 ], [ 115.228390676189974, -2.794299956277484 ], [ 115.228420129884967, -2.794261780957527 ], [ 115.228445693114963, -2.794231472904983 ], [ 115.22847317009996, -2.794199314947491 ], [ 115.228503788419971, -2.794167194760007 ], [ 115.228521016732543, -2.794151348704986 ], [ 115.228538467177486, -2.794135299405013 ], [ 115.228565273269965, -2.794111982682523 ], [ 115.228603269624955, -2.794081290619999 ], [ 115.228621742600012, -2.794066494972526 ], [ 115.228695050834972, -2.794014549232486 ], [ 115.228748479557453, -2.793979978392485 ], [ 115.228806839264962, -2.793946026287472 ], [ 115.228863382340023, -2.793915744314972 ], [ 115.22888213500255, -2.793905627842491 ], [ 115.228921609844974, -2.793885137689983 ], [ 115.228948439319993, -2.793872271987482 ], [ 115.229000759177552, -2.793847651247518 ], [ 115.229062140605038, -2.793819361274984 ], [ 115.229124810762528, -2.793790340152498 ], [ 115.229202736117486, -2.793753068650005 ], [ 115.229265920684952, -2.793724241780012 ], [ 115.229300335942526, -2.793708608865018 ], [ 115.229339716354957, -2.79369071955 ], [ 115.229401343297468, -2.793662612139997 ], [ 115.229460873020003, -2.7936351027775 ], [ 115.229501942360002, -2.79361465579251 ], [ 115.229566074815011, -2.793584096827487 ], [ 115.229602675422484, -2.793566212009978 ], [ 115.229636369422451, -2.793548675229999 ], [ 115.229676049310001, -2.793529016950004 ], [ 115.229771616667449, -2.79348339884001 ], [ 115.22981103934751, -2.793459970599997 ], [ 115.229852538564955, -2.793437797814988 ], [ 115.229872570062525, -2.793426934005026 ], [ 115.229909128402483, -2.793403314212526 ], [ 115.229975058602463, -2.793358072017497 ], [ 115.229995121577531, -2.793343813267484 ], [ 115.230016668435042, -2.793322558690022 ], [ 115.230041319749944, -2.793300736639992 ], [ 115.230072793325007, -2.79327070108252 ], [ 115.230078024679983, -2.793265095607524 ], [ 115.230104932397467, -2.793236266040026 ], [ 115.230121791987472, -2.793218409102508 ], [ 115.230133429215016, -2.793204957942521 ], [ 115.230158778404984, -2.793173521240021 ], [ 115.23019817860245, -2.793127270007517 ], [ 115.230226246445, -2.793093055300005 ], [ 115.23027634317998, -2.793034433892501 ], [ 115.230326223177485, -2.792974519257484 ], [ 115.230410235144973, -2.792866347004974 ], [ 115.23045173166247, -2.792811376842508 ], [ 115.23054245886749, -2.792691777802474 ], [ 115.230595759887478, -2.792620933709998 ], [ 115.230637501020055, -2.792564966200018 ], [ 115.230640842900016, -2.792560410235012 ], [ 115.230677853600014, -2.792509958267487 ], [ 115.23070703390249, -2.792469278334977 ], [ 115.230721808865042, -2.792449061574985 ], [ 115.230759214367481, -2.792398575435016 ], [ 115.230801236087473, -2.792337233577484 ], [ 115.230840081404949, -2.792279102297528 ], [ 115.230877098400015, -2.792222546632502 ], [ 115.230916119982453, -2.792159350372515 ], [ 115.230949858949998, -2.792103941342475 ], [ 115.230991338380022, -2.792032141269999 ], [ 115.231030260137459, -2.791966678719973 ], [ 115.231069305105052, -2.791901449092506 ], [ 115.231102395659946, -2.79184558590498 ], [ 115.23112835998495, -2.791801382427479 ], [ 115.231141330007517, -2.791779302272516 ], [ 115.23117687481249, -2.791716542184986 ], [ 115.231211725340017, -2.791654427809988 ], [ 115.231245466104951, -2.7915918907525 ], [ 115.231277377650031, -2.791530091139975 ], [ 115.231311810892521, -2.791465431685026 ], [ 115.23134023036755, -2.79141342298999 ], [ 115.231377837317496, -2.791345016960008 ], [ 115.231414500877463, -2.791274346434989 ], [ 115.231447264980034, -2.791214815810008 ], [ 115.23147950297755, -2.791156167422514 ], [ 115.231517188167459, -2.791086398020013 ], [ 115.231546104070048, -2.791031303752504 ], [ 115.23155874763745, -2.791007474414982 ], [ 115.23157925757755, -2.7909688233525 ], [ 115.231611554029996, -2.790908718062497 ], [ 115.231648133954991, -2.790839028697519 ], [ 115.231677906009963, -2.790779674342502 ], [ 115.231713496679959, -2.790710952647487 ], [ 115.231749976779952, -2.790645104287478 ], [ 115.231783921689953, -2.790581345952489 ], [ 115.231809490314959, -2.790533275389976 ], [ 115.231849341074962, -2.790459119092475 ], [ 115.231883860652488, -2.790390326352508 ], [ 115.23191960330746, -2.790322569630007 ], [ 115.231948765622519, -2.790262612729975 ], [ 115.231976161669991, -2.790206627235023 ], [ 115.231977829012521, -2.790203218802503 ], [ 115.23200863259251, -2.790144932842509 ], [ 115.232043537979962, -2.790079186105004 ], [ 115.232069606627533, -2.790029228764979 ], [ 115.232082761909965, -2.790005644944983 ], [ 115.232114303832532, -2.789950183755025 ], [ 115.232152826292463, -2.789881087042488 ], [ 115.232184239609978, -2.789824728327517 ], [ 115.23221977542255, -2.789765347892512 ], [ 115.232253488307492, -2.789713862605026 ], [ 115.232294341809961, -2.789651555774981 ], [ 115.232327785797452, -2.789593409207498 ], [ 115.23236312735753, -2.789532381214997 ], [ 115.232400031934958, -2.789472492662526 ], [ 115.232428767972465, -2.789425744102516 ], [ 115.232438263014956, -2.789410297347501 ], [ 115.232478460912489, -2.7893482801 ], [ 115.232515376282549, -2.789288434712489 ], [ 115.232555344852472, -2.789227037997478 ], [ 115.232594352047499, -2.789167192612524 ], [ 115.232636995202483, -2.789110574892504 ], [ 115.232683857075017, -2.789052876189999 ], [ 115.232728038067535, -2.788997728862512 ], [ 115.232769359217514, -2.788944998012482 ], [ 115.23281663927753, -2.788889148314979 ], [ 115.232861615272554, -2.788835413822483 ], [ 115.232911962917456, -2.788777707925021 ], [ 115.232956090850053, -2.78872521 ], [ 115.232971646424971, -2.788706758609976 ], [ 115.233002076785056, -2.788670664320023 ], [ 115.233048360392445, -2.788616598877525 ], [ 115.233097165702475, -2.788563903102499 ], [ 115.233130287732479, -2.788525562304983 ], [ 115.23314511665501, -2.788508632567527 ], [ 115.233160298109965, -2.78849048514752 ], [ 115.233190868762449, -2.788455101322484 ], [ 115.23323989440496, -2.788399310980026 ], [ 115.233293420254995, -2.788340237212481 ], [ 115.233348288792513, -2.788278839597524 ], [ 115.233407505552464, -2.788210393994973 ], [ 115.233484774402541, -2.788120724392513 ], [ 115.233537031309993, -2.788059044390025 ], [ 115.233564689957461, -2.788027076187518 ], [ 115.233582346347475, -2.788006669672484 ], [ 115.233612764117538, -2.787969763294996 ], [ 115.233672190419952, -2.787903658627499 ], [ 115.233722417554986, -2.787848253195023 ], [ 115.233913099909955, -2.787647219642508 ], [ 115.233941399774949, -2.78762307374501 ], [ 115.233963271287507, -2.787603079117503 ], [ 115.23399893210501, -2.787578360352484 ], [ 115.234038195607468, -2.787555087697513 ], [ 115.234071999322509, -2.787536434857486 ], [ 115.234120771357539, -2.787512430155004 ], [ 115.234162596127476, -2.787492908570016 ], [ 115.234202070069955, -2.787475120880003 ], [ 115.234237147227532, -2.787459925035023 ], [ 115.234245887737529, -2.787456762119973 ], [ 115.234275631915011, -2.787445999932515 ], [ 115.234323905724978, -2.787428765324989 ], [ 115.234337344292499, -2.787423968342523 ], [ 115.234416397399968, -2.787395345617483 ], [ 115.234474486407521, -2.787373864412473 ], [ 115.234514551205052, -2.787359056174978 ], [ 115.234558796052511, -2.78734509330252 ], [ 115.234582167632539, -2.787338285432497 ], [ 115.234624011289952, -2.787326290275018 ], [ 115.234691356122539, -2.787308249875025 ], [ 115.234726076247512, -2.787299682934986 ], [ 115.23476527589753, -2.787288961217484 ], [ 115.234807129445016, -2.787277585692493 ], [ 115.234880476352487, -2.787259916712514 ], [ 115.234947241122541, -2.78724366686248 ], [ 115.235035764089957, -2.787225273027502 ], [ 115.235089380769978, -2.787215611610009 ], [ 115.235109958157523, -2.787211462140021 ], [ 115.23516445707503, -2.787200469725008 ], [ 115.235226477920037, -2.787187826157492 ], [ 115.235297715017509, -2.787174345320011 ], [ 115.23532219006745, -2.787168899925007 ], [ 115.235368821715042, -2.787156899372519 ], [ 115.23539260338498, -2.787148961954983 ], [ 115.235434265380036, -2.787135985637519 ], [ 115.235458715247546, -2.787126767584994 ], [ 115.235499759407503, -2.787111732720007 ], [ 115.235527606912456, -2.787101868057505 ], [ 115.235566189627548, -2.787085093902476 ], [ 115.23559279427252, -2.787075590765028 ], [ 115.235651276285012, -2.7870514601575 ], [ 115.235715325102547, -2.787025741345019 ], [ 115.235788260119989, -2.786996418950025 ], [ 115.235852966342463, -2.78697059671498 ], [ 115.235918293995041, -2.786944044232484 ], [ 115.235960285139981, -2.78692596426248 ], [ 115.23598732235746, -2.786914324337488 ], [ 115.236054082629948, -2.786891720774975 ], [ 115.236123519285002, -2.786865043287492 ], [ 115.236189614059981, -2.786839445882492 ], [ 115.236241362847522, -2.786818540242507 ], [ 115.236318834947497, -2.786787140415015 ], [ 115.23637265127752, -2.786766663749972 ], [ 115.236455921305037, -2.786733757557499 ], [ 115.236516243330016, -2.786708991127512 ], [ 115.236580490897495, -2.786683704889981 ], [ 115.236654402577528, -2.786651581104991 ], [ 115.236711353047554, -2.786627446000011 ], [ 115.236784990435012, -2.786594355445004 ], [ 115.236794968412482, -2.786590063879999 ], [ 115.236841268210014, -2.786570159184976 ], [ 115.236904704587459, -2.786540781932501 ], [ 115.236930558297445, -2.78653046760752 ], [ 115.236961718907537, -2.786516044280006 ], [ 115.236974318410034, -2.786505249717493 ], [ 115.236989042110054, -2.786497316797522 ], [ 115.237005431354987, -2.786488167995003 ], [ 115.237060581379978, -2.786465375577507 ], [ 115.237139972632463, -2.786427380120017 ], [ 115.237172862637522, -2.786409175142524 ], [ 115.237238792835001, -2.786375274299985 ], [ 115.237300212035052, -2.786344150562513 ], [ 115.237353325095, -2.786318768097487 ], [ 115.237420112347536, -2.786286189255009 ], [ 115.237487727877465, -2.786252566302494 ], [ 115.23760392658005, -2.786197170762478 ], [ 115.237619820297482, -2.786189594874998 ], [ 115.237669355855019, -2.786166488592528 ], [ 115.23774959337004, -2.786128717965028 ], [ 115.237817255662549, -2.786096768649998 ], [ 115.237870450559967, -2.786070197282527 ], [ 115.237938570607525, -2.786037471852524 ], [ 115.238009440782548, -2.786005194284996 ], [ 115.238069217819998, -2.785976106612509 ], [ 115.238190380782498, -2.785918848575022 ], [ 115.238256144604975, -2.785885774209987 ], [ 115.238317935225041, -2.785852486702481 ], [ 115.238376782362479, -2.785822955665026 ], [ 115.238413281347448, -2.785803337852485 ], [ 115.238443036317449, -2.785787344309995 ], [ 115.238498687264951, -2.785755270889979 ], [ 115.238555260017506, -2.78571829885999 ], [ 115.238617265575044, -2.785673571977497 ], [ 115.238671401164993, -2.785630969292527 ], [ 115.238731875174949, -2.785582598357507 ], [ 115.238795500412493, -2.785533507964999 ], [ 115.238860830762519, -2.785480905720021 ], [ 115.238916118384964, -2.785438225692474 ], [ 115.238966573049993, -2.785399206807483 ], [ 115.239025147692473, -2.78535660232501 ], [ 115.239071425904967, -2.785322641227481 ], [ 115.239127772029974, -2.785280626700001 ], [ 115.239139070212445, -2.785271257562499 ], [ 115.23918933601999, -2.785229577582527 ], [ 115.239250736332451, -2.785183114109998 ], [ 115.239313547682514, -2.785135832252479 ], [ 115.23935708925751, -2.785104526852479 ], [ 115.239415359032478, -2.785062720067515 ], [ 115.239477241382474, -2.785021271214987 ], [ 115.239534865442465, -2.784981700145011 ], [ 115.239555837632452, -2.784968310140016 ], [ 115.239593964389996, -2.784943169592509 ], [ 115.239631002070041, -2.784919812400005 ], [ 115.239675432174977, -2.784890653680009 ], [ 115.2397242006125, -2.784866284750024 ], [ 115.239763857117509, -2.784851564647511 ], [ 115.239801666415019, -2.784840476007503 ], [ 115.239839703240023, -2.78483348108 ], [ 115.239871122854993, -2.784829983617499 ], [ 115.239907045375048, -2.784827665164983 ], [ 115.239908451015026, -2.784827575232498 ], [ 115.239952262387533, -2.784827381877506 ], [ 115.240003864587493, -2.784831052910022 ], [ 115.240043923087455, -2.784836498305026 ], [ 115.240081388845056, -2.784844533747503 ], [ 115.240111457677472, -2.784852595270024 ], [ 115.240135492059949, -2.784859753875025 ], [ 115.240186427862454, -2.784874400232525 ], [ 115.240233025334987, -2.78488789905748 ], [ 115.240284497132507, -2.784904379132513 ], [ 115.240326966717475, -2.784916704342493 ], [ 115.240449384232534, -2.78495380767248 ], [ 115.240570889834999, -2.784996831237493 ], [ 115.240656005270012, -2.785024723712525 ], [ 115.240770798335006, -2.785064892830007 ], [ 115.240771246194981, -2.785065049312493 ], [ 115.24086043196246, -2.785096337625021 ], [ 115.240928752559967, -2.78512355201002 ], [ 115.240995398620043, -2.78515096424502 ], [ 115.241127062064947, -2.785204410054973 ], [ 115.241243631287489, -2.785253558905026 ], [ 115.241309424789961, -2.785280792175001 ], [ 115.241414620287514, -2.78532697955751 ], [ 115.241448801720026, -2.785343120587527 ], [ 115.241492244372466, -2.785363368825017 ], [ 115.241531736299976, -2.785383567597478 ], [ 115.241570402652542, -2.785404317654979 ], [ 115.241596030632536, -2.785421448839998 ], [ 115.241613690620056, -2.785433253342489 ], [ 115.241645607560031, -2.785455432422509 ], [ 115.241678742180056, -2.785476489147527 ], [ 115.241699628934953, -2.78549094305248 ], [ 115.241737913074985, -2.785519812189989 ], [ 115.241756025420045, -2.785530240727496 ], [ 115.241792794202524, -2.785557312119977 ], [ 115.241810268030008, -2.785572176115011 ], [ 115.241849793232518, -2.785606549102511 ], [ 115.2418690144425, -2.785622926657481 ], [ 115.241902937769964, -2.78565368796751 ], [ 115.241926283272505, -2.785674413742527 ], [ 115.24195581610752, -2.785700631677514 ], [ 115.242067710657466, -2.785800769389994 ], [ 115.242121214022518, -2.785848445150009 ], [ 115.242169948284982, -2.785885855147512 ], [ 115.242227152362489, -2.785930555050015 ], [ 115.242283915770031, -2.785976121899978 ], [ 115.242297242822474, -2.785985426287482 ], [ 115.242338646712483, -2.786014331394995 ], [ 115.242399845577552, -2.786057437699981 ], [ 115.242458115350018, -2.786096238949995 ], [ 115.242516681900042, -2.786135164307495 ], [ 115.24257536536004, -2.786171720847506 ], [ 115.24264098169499, -2.786209136242519 ], [ 115.242705544024943, -2.786242874310005 ], [ 115.242769047852448, -2.786271565379991 ], [ 115.242835105755034, -2.786299047762498 ], [ 115.242900924437549, -2.786323215244977 ], [ 115.24296696975, -2.786346198317517 ], [ 115.243036997259992, -2.786371524127503 ], [ 115.243094401884946, -2.786393371357519 ], [ 115.243110549212474, -2.78639951732498 ], [ 115.2431959029675, -2.786430560122483 ], [ 115.243261643410051, -2.786454193405007 ], [ 115.243326746232469, -2.786476124272497 ], [ 115.243390809437528, -2.786500831347496 ], [ 115.243452617144953, -2.786524435854972 ], [ 115.24351554000998, -2.786549648347489 ], [ 115.243578861274955, -2.786573865292496 ], [ 115.243663195200043, -2.786606136565013 ], [ 115.243732512244947, -2.786631585579983 ], [ 115.243798821059954, -2.786656715335027 ], [ 115.243854465710001, -2.786676149684979 ], [ 115.243938056794946, -2.786706269777483 ], [ 115.243997171032447, -2.786727572020027 ], [ 115.24413080669251, -2.786774567892508 ], [ 115.244214440044971, -2.786803705027523 ], [ 115.244342321840008, -2.786845926397518 ], [ 115.24441379636005, -2.78687226664249 ], [ 115.244486725082538, -2.786896819032506 ], [ 115.244546973365004, -2.786917201267499 ], [ 115.244623556032479, -2.786943097245 ], [ 115.24475677530495, -2.786992100404973 ], [ 115.244787268617529, -2.787003636010013 ], [ 115.244807766865051, -2.787011390862517 ], [ 115.244829882992462, -2.787019846289979 ], [ 115.244891925422507, -2.78704318639501 ], [ 115.244956039889985, -2.787066218032521 ], [ 115.245028106162522, -2.787091812737515 ], [ 115.245087883199972, -2.78711273995998 ], [ 115.24516267711499, -2.787137340015022 ], [ 115.245210984199957, -2.787155064754984 ], [ 115.245275952122483, -2.787179579374992 ], [ 115.245301523447552, -2.787189317232503 ], [ 115.245341560364977, -2.787203780130028 ], [ 115.245366863690037, -2.787213806672526 ], [ 115.245413060965006, -2.787232580919976 ], [ 115.245433777747508, -2.787241300744995 ], [ 115.245477117874998, -2.787259823182524 ], [ 115.245500045190056, -2.787269883897523 ], [ 115.245545078742452, -2.787289652794982 ], [ 115.245568575330026, -2.787299850207489 ], [ 115.245609433327445, -2.787319232397522 ], [ 115.245626035712462, -2.787328114099978 ], [ 115.245675987657478, -2.787354839254988 ], [ 115.245724315425036, -2.787378756724991 ], [ 115.245784649142479, -2.787410617007481 ], [ 115.245823910845047, -2.787433460685008 ], [ 115.24585038418752, -2.787449470417528 ], [ 115.245891833042492, -2.787476256724972 ], [ 115.245948455257462, -2.787513881660004 ], [ 115.246009378029953, -2.787558030280024 ], [ 115.24606667743501, -2.787602235555028 ], [ 115.246121841850027, -2.787646785269999 ], [ 115.246175661777556, -2.787689644262514 ], [ 115.24634210110753, -2.787831101325025 ], [ 115.246359211607455, -2.787846055249986 ], [ 115.246401858359945, -2.787883328552482 ], [ 115.246523490767458, -2.787986869297526 ], [ 115.246623174320007, -2.788072794125014 ], [ 115.246690243060016, -2.788128037677495 ], [ 115.246737452970024, -2.788164769587524 ], [ 115.246797774997503, -2.788210742032504 ], [ 115.246909226180037, -2.788302964809986 ], [ 115.246971590567455, -2.788353818772521 ], [ 115.247017990187487, -2.788391317805008 ], [ 115.247054337187478, -2.78841950615498 ], [ 115.247083006674984, -2.78844173919498 ], [ 115.24713156916755, -2.788479627632512 ], [ 115.247249401937552, -2.788570452864974 ], [ 115.247311814887553, -2.788620242929994 ], [ 115.247363186862458, -2.788661244819991 ], [ 115.247414607397445, -2.788700361732481 ], [ 115.247471694562478, -2.788742343885019 ], [ 115.247526414712524, -2.788780258402483 ], [ 115.247599102417553, -2.788829436030028 ], [ 115.24766848331501, -2.788875477720012 ], [ 115.247722483105008, -2.788909077292487 ], [ 115.247781902212523, -2.788945096937482 ], [ 115.247784162209996, -2.788946456712495 ], [ 115.247826498694963, -2.788971939002522 ], [ 115.247867166937453, -2.788995152305006 ], [ 115.247937268189958, -2.789035197317503 ], [ 115.247979125337451, -2.789056542725007 ], [ 115.248055347377544, -2.789096605722477 ], [ 115.248132179157551, -2.789135758607472 ], [ 115.248211315899994, -2.789174448342521 ], [ 115.248253693752531, -2.789192602057483 ], [ 115.248295466362492, -2.789210423922498 ], [ 115.248337101375, -2.789226639597473 ], [ 115.248373870157479, -2.789238811022528 ], [ 115.24841961777247, -2.789254666070008 ], [ 115.248458572805021, -2.789266820407477 ], [ 115.248501344562555, -2.789278692357527 ], [ 115.248549448397512, -2.78929271728498 ], [ 115.248588004132444, -2.789300351630004 ], [ 115.248605346660042, -2.789304310445004 ], [ 115.248623495877496, -2.789308451822478 ], [ 115.248669258779955, -2.789317784987475 ], [ 115.248728984554987, -2.789325696322521 ], [ 115.24877064384998, -2.789328586745 ], [ 115.248816518267517, -2.789330246892519 ], [ 115.24886046903498, -2.789330396179992 ], [ 115.248903194027548, -2.789329059787519 ], [ 115.248950599990053, -2.78932800398502 ], [ 115.249021927920012, -2.789320348955016 ], [ 115.249054555322459, -2.789317367702495 ], [ 115.249083190637521, -2.789312855802507 ], [ 115.249132238762513, -2.789306155855002 ], [ 115.24918172215996, -2.789297689637522 ], [ 115.249260483884996, -2.789283315772479 ], [ 115.249315123095016, -2.789275765064986 ], [ 115.24935511234753, -2.789270486942485 ], [ 115.249389341444953, -2.789264759160005 ], [ 115.249435506342479, -2.789258373074972 ], [ 115.249475882307479, -2.7892498789775 ], [ 115.249496406634989, -2.789246939094994 ], [ 115.249566563644976, -2.789236885572507 ], [ 115.24961517200245, -2.789227548812505 ], [ 115.249693942722502, -2.789217254272501 ], [ 115.249783564659992, -2.78920415204999 ], [ 115.24986844986995, -2.789188856380008 ], [ 115.249949069595004, -2.789175637245023 ], [ 115.250037089840021, -2.789163413659992 ], [ 115.250115115920039, -2.789150145062479 ], [ 115.250175428052444, -2.789139140060001 ], [ 115.250223533690018, -2.78913057401752 ], [ 115.25026747996003, -2.789121001632509 ], [ 115.2503096203925, -2.789111294349993 ], [ 115.250349126710034, -2.789101632034999 ], [ 115.250382114742479, -2.789093178407484 ], [ 115.250412776227449, -2.789085321929974 ], [ 115.25045111522752, -2.789074379877491 ], [ 115.250490214152478, -2.789063254364976 ], [ 115.250562823615041, -2.789040807287506 ], [ 115.250638576210008, -2.789016566062514 ], [ 115.250713712767492, -2.788991709699985 ], [ 115.250771566154981, -2.788974474192514 ], [ 115.250836381194972, -2.788954744865009 ], [ 115.250908922310032, -2.78893584921002 ], [ 115.250971253419948, -2.788917652327484 ], [ 115.251045932224997, -2.788895289784989 ], [ 115.251103022985035, -2.788879602912516 ], [ 115.251179245924959, -2.788857405845022 ], [ 115.251245515167511, -2.788840922169982 ], [ 115.251251851792517, -2.788839344759992 ], [ 115.251272424682497, -2.788833667339986 ], [ 115.251323126660054, -2.788822210875026 ], [ 115.251396207370021, -2.788806068045005 ], [ 115.251465169182552, -2.788792667247492 ], [ 115.251518908170056, -2.788783328687487 ], [ 115.251577099702445, -2.78877162581 ], [ 115.251661574822492, -2.788755882277485 ], [ 115.251770376602508, -2.788739767327513 ], [ 115.251854956042507, -2.788728981757515 ], [ 115.251938628965036, -2.788716173612499 ], [ 115.252021110285, -2.788704802585016 ], [ 115.252025339165016, -2.788704187142514 ], [ 115.252109545119993, -2.788691932387508 ], [ 115.252131538039976, -2.788689273989974 ], [ 115.252197422372546, -2.788681309595006 ], [ 115.25224089020503, -2.788676375914974 ], [ 115.252284072952534, -2.788671581627511 ], [ 115.252335633782536, -2.788666429412501 ], [ 115.252376918060008, -2.788663171167514 ], [ 115.252422721432481, -2.788658597217477 ], [ 115.252504496785036, -2.788654553865001 ], [ 115.252584708217455, -2.788650988052495 ], [ 115.252666030312525, -2.788648701077477 ], [ 115.252715180959967, -2.788648234327525 ], [ 115.252758940172498, -2.788649967322499 ], [ 115.252782749725043, -2.788651220077497 ], [ 115.252827234690017, -2.788654463932517 ], [ 115.252875862830024, -2.788658743805001 ], [ 115.252919120222487, -2.788663994047511 ], [ 115.252970324920057, -2.788671182330006 ], [ 115.252994327825036, -2.788674777817505 ], [ 115.253027159375051, -2.788680057737508 ], [ 115.253047199867524, -2.788683280907492 ], [ 115.253096107700003, -2.788691693167493 ], [ 115.253120544977492, -2.788696828294974 ], [ 115.253175660827537, -2.78870531519749 ], [ 115.253245336702548, -2.788716367864993 ], [ 115.253317983037505, -2.788728611237502 ], [ 115.253381754865018, -2.788738911172516 ], [ 115.253467063654966, -2.788753135747527 ], [ 115.253530966779977, -2.788764403355003 ], [ 115.253614718845029, -2.788777325712488 ], [ 115.253673458062508, -2.788788419750006 ], [ 115.253742109610016, -2.788800831292519 ], [ 115.253826270865034, -2.788814363392476 ], [ 115.253889326829949, -2.788823951065012 ], [ 115.253914265930007, -2.788828134710002 ], [ 115.253955893750003, -2.788835118844986 ], [ 115.254027345784948, -2.788847001587499 ], [ 115.254094349774959, -2.788858701767481 ], [ 115.254162030952443, -2.788870355182496 ], [ 115.254243959192536, -2.788884274889995 ], [ 115.254277920289951, -2.788890372292485 ], [ 115.254339238765056, -2.788902112042479 ], [ 115.254416199147499, -2.788916829447487 ], [ 115.254514451880027, -2.788934633327472 ], [ 115.254604080114973, -2.788953132380016 ], [ 115.254668041697528, -2.788966397380022 ], [ 115.254716634765032, -2.788976724297527 ], [ 115.254797923584988, -2.788995289900015 ], [ 115.254798911039984, -2.788995514730004 ], [ 115.254862876220045, -2.789009152949973 ], [ 115.254936575662555, -2.789025020587474 ], [ 115.255009390172518, -2.789042430562517 ], [ 115.255081478927536, -2.78905924339 ], [ 115.255139854819959, -2.789073167592505 ], [ 115.255228403867477, -2.789094387995021 ], [ 115.255290411222518, -2.789107289670028 ], [ 115.25535843774253, -2.789123274220003 ], [ 115.25542230219753, -2.78913818857751 ], [ 115.255488475212474, -2.789153818792499 ], [ 115.255553635592491, -2.789169735894973 ], [ 115.255627390792483, -2.789187493007489 ], [ 115.255674168127484, -2.789198581649998 ], [ 115.25569609180252, -2.789203777932528 ], [ 115.255765901674977, -2.789219300230002 ], [ 115.255829019692555, -2.789231903330005 ], [ 115.255896342942492, -2.789245245672475 ], [ 115.25593829182003, -2.789254139967511 ], [ 115.255977969907462, -2.789262756370022 ], [ 115.256014843909952, -2.789269556144973 ], [ 115.256053192799982, -2.789275806432499 ], [ 115.256092513857539, -2.789283098137503 ], [ 115.256136938569966, -2.789289483322477 ], [ 115.256180692384987, -2.789296549294988 ], [ 115.256208410389945, -2.789300920002518 ], [ 115.256243320272461, -2.789305213365026 ], [ 115.256275601437551, -2.789307475160001 ], [ 115.256340574757473, -2.789309983370003 ], [ 115.256410640040031, -2.789310763079982 ], [ 115.256453359634975, -2.789310594907477 ], [ 115.256496518099993, -2.789308932062511 ], [ 115.25655308006003, -2.789306442737484 ], [ 115.256563201930021, -2.789305752057487 ], [ 115.256608446822497, -2.78930265839 ], [ 115.256637083035002, -2.789299714909987 ], [ 115.256685063665032, -2.789294997964987 ], [ 115.256739951087525, -2.789290792735017 ], [ 115.256777925859978, -2.789287478734991 ], [ 115.25681778291505, -2.789283001910007 ], [ 115.256854513924964, -2.789280258977499 ], [ 115.256897164272459, -2.789274969164978 ], [ 115.256943830992554, -2.789269890692481 ], [ 115.256994018560022, -2.789265385090005 ], [ 115.257035391869977, -2.789260509865017 ], [ 115.257100772582476, -2.78925120368001 ], [ 115.257134918042539, -2.789246287985009 ], [ 115.257175488257531, -2.789239505299975 ], [ 115.257215642087544, -2.789231548097518 ], [ 115.257253189682501, -2.789224949772517 ], [ 115.25727392805004, -2.789221235572484 ], [ 115.257306014960022, -2.789213954659999 ], [ 115.257388721112534, -2.789198348724995 ], [ 115.257453408447532, -2.789184632265005 ], [ 115.257468970317518, -2.789181331752502 ], [ 115.257522097767492, -2.789168065852493 ], [ 115.257598443912457, -2.78915378012249 ], [ 115.257716198444996, -2.789129537997496 ], [ 115.257805037972503, -2.789113658667475 ], [ 115.257873664337467, -2.789099928717519 ], [ 115.257937601640037, -2.789088610750014 ], [ 115.258006674967532, -2.789077240622476 ], [ 115.258089141899973, -2.789063954037488 ], [ 115.258147933280043, -2.789054669437519 ], [ 115.258220472597486, -2.789045214864984 ], [ 115.258279987032552, -2.789040697569988 ], [ 115.258339603090008, -2.789035519272488 ], [ 115.258341839705054, -2.789035325019995 ], [ 115.258376352087453, -2.789033276364989 ], [ 115.258445295912452, -2.78902968717 ], [ 115.258541438837483, -2.789023426990013 ], [ 115.258616427905054, -2.789018076022501 ], [ 115.258674916215, -2.789011419242513 ], [ 115.258740728602447, -2.789004328087515 ], [ 115.258817176372531, -2.788996509382514 ], [ 115.258888236302482, -2.788989802237495 ], [ 115.258956358150044, -2.788985417142499 ], [ 115.259035652272473, -2.788979358410018 ], [ 115.259107465837474, -2.788969530620022 ], [ 115.259165974830012, -2.788962657100001 ], [ 115.259235093124971, -2.788955258377484 ], [ 115.259250831260033, -2.78895357304998 ], [ 115.259304917387453, -2.788947786810013 ], [ 115.259375337902497, -2.788938890717475 ], [ 115.259417497220056, -2.788931922770018 ], [ 115.259462830244956, -2.788927293059999 ], [ 115.25951154921745, -2.7889202010075 ], [ 115.259592366795005, -2.788906530412476 ], [ 115.259700596604944, -2.788885136440001 ], [ 115.259791314817448, -2.788867152697492 ], [ 115.259834752972552, -2.78885923506499 ], [ 115.25990357808746, -2.788846356775025 ], [ 115.259937195644966, -2.788840229692482 ], [ 115.259974082237477, -2.788833734789989 ], [ 115.260043103407497, -2.788822122742488 ], [ 115.260079243562473, -2.788814694342477 ], [ 115.260119633914996, -2.788808521395026 ], [ 115.260121981144948, -2.788808026770027 ], [ 115.260154480845017, -2.788801178432493 ], [ 115.260194020437552, -2.788794734789974 ], [ 115.26024129959751, -2.788786804567508 ], [ 115.260286025579944, -2.788784135380013 ], [ 115.260308705582474, -2.788785591382521 ], [ 115.260343949115054, -2.788794311207482 ], [ 115.260378608087535, -2.788808831662493 ], [ 115.260423641637544, -2.78883636890248 ], [ 115.260498198132495, -2.788880236035027 ], [ 115.260561055347466, -2.788913038804992 ], [ 115.260611328350024, -2.78894312202749 ], [ 115.260677632667466, -2.788979906097495 ], [ 115.26079793677502, -2.789047449680027 ], [ 115.260876523132538, -2.789092871737523 ], [ 115.260929807065054, -2.789124664572512 ], [ 115.260931710929981, -2.789125823797519 ], [ 115.260991762260005, -2.789162373145018 ], [ 115.261053778609948, -2.789197773157525 ], [ 115.261120763712483, -2.78924102605248 ], [ 115.261179458864945, -2.789273110265015 ], [ 115.261246736247472, -2.789314871185013 ], [ 115.261365269592488, -2.789385546204983 ], [ 115.261426648322526, -2.789422432799995 ], [ 115.261548651249996, -2.789496500962514 ], [ 115.261612054352554, -2.789533785055028 ], [ 115.261671134414996, -2.789568644577514 ], [ 115.26170449296751, -2.789588085222476 ], [ 115.261716430570004, -2.789595043277473 ], [ 115.261737285847516, -2.789608130210013 ], [ 115.261786840290029, -2.789636895925014 ], [ 115.261802666560015, -2.789646010554975 ], [ 115.261844180164985, -2.789667783142477 ], [ 115.261868851267536, -2.789680989684996 ], [ 115.261908326107459, -2.789696379785028 ], [ 115.261931146405004, -2.789701998747489 ], [ 115.261976301365053, -2.789717124445019 ], [ 115.262000331249965, -2.789722970039975 ], [ 115.262043977147528, -2.78973478263498 ], [ 115.262069759812448, -2.789741109365025 ], [ 115.262115635127543, -2.789752500177485 ], [ 115.262139147902531, -2.789759603922505 ], [ 115.262184951275003, -2.789770991137516 ], [ 115.262253022759978, -2.789782861290007 ], [ 115.26234554770997, -2.789801378330026 ], [ 115.262490045379991, -2.789834263840021 ], [ 115.262558550337531, -2.789849930930018 ], [ 115.262632903584972, -2.789866935309988 ], [ 115.262699644972486, -2.789881632032518 ], [ 115.262838263775052, -2.789919266860011 ], [ 115.262974743989957, -2.789944471260014 ], [ 115.26311040132498, -2.789980824555016 ], [ 115.263183565670033, -2.789997606805002 ], [ 115.263331301797507, -2.790027268242511 ], [ 115.263395884812553, -2.790042916447476 ], [ 115.263428610242499, -2.790046540715025 ], [ 115.263435301197546, -2.790048444580009 ], [ 115.263466985212517, -2.790057455787519 ], [ 115.263479219589954, -2.790060713132505 ], [ 115.263542294442459, -2.790076990859973 ], [ 115.263601842152525, -2.790093729042496 ], [ 115.263667000732539, -2.790109732477504 ] ] ] } },
{ "type": "Feature", "properties": { "source_feature_id": 13, "nama_objek": "Jalan Arteri Primer", "orde_01": 42010000, "orde_02": 22011000, "orde_03": 22011100, "orde_04": 22011101, "jenis_sistem": 42000000, "status_jaringan": 2, "provinsi": "Provinsi Kalimantan Selatan", "kabupaten": "Kabupaten Hulu Sungai Selatan", "keterangan": "Jln. Sudirman (Kandangan)", "sumber_data": "Kepmen PUPR No.430 Tahun 2022 Kementerian PUPR, 2022", "source_shape_length": 0.0047368890861764559, "source_layer": "_6306_50KB_LN_SR_TRANSPORTASI_KABUPATEN_HULUSUNGAISELATAN_2024", "source_dataset": "_6306_50KB_RTRW_KABUPATEN_HULUSUNGAISELATAN_2025.gdb.zip" }, "geometry": { "type": "MultiLineString", "coordinates": [ [ [ 115.263667000732539, -2.790109732477504 ], [ 115.263762159794965, -2.789779451959987 ], [ 115.263781739835053, -2.789690696967511 ], [ 115.263795894264945, -2.789624321605004 ], [ 115.263820881030028, -2.789501553355024 ], [ 115.263837328730006, -2.789434097904973 ], [ 115.263853033589953, -2.789369687559997 ], [ 115.263865282357528, -2.78931242862501 ], [ 115.263890804217453, -2.789193115570015 ], [ 115.263909723254983, -2.789108663832508 ], [ 115.263910619879994, -2.789104615985025 ], [ 115.263937357622467, -2.788983953047477 ], [ 115.263948779912539, -2.788934430080019 ], [ 115.263959160787522, -2.7888894244075 ], [ 115.263959185067506, -2.788889332677513 ], [ 115.263976395395048, -2.788805097677482 ], [ 115.263989485027537, -2.78874326209251 ], [ 115.263993772995036, -2.788723003065002 ], [ 115.264015435864962, -2.788629446592495 ], [ 115.264039103322489, -2.788520487429992 ], [ 115.264060354302501, -2.788429699969981 ], [ 115.264060818352505, -2.788427715167472 ], [ 115.264067565964979, -2.788394416870005 ], [ 115.264087185575022, -2.788297605750017 ], [ 115.2641176860825, -2.788168610592493 ], [ 115.264173717442532, -2.787901044297485 ], [ 115.264192973727518, -2.787806307014989 ], [ 115.264211444002513, -2.787733146267499 ], [ 115.264227700147444, -2.787673793709985 ], [ 115.264238137679968, -2.787635684040026 ], [ 115.264244355592496, -2.787612807984999 ], [ 115.264250056394985, -2.787589302405024 ], [ 115.264255842632451, -2.787570038027525 ], [ 115.264262029970041, -2.787551613614994 ], [ 115.264263073182519, -2.787549126989973 ], [ 115.264270731810029, -2.787530862659992 ], [ 115.264277485717457, -2.787511830307494 ], [ 115.264284913217466, -2.78749200835 ], [ 115.264292902794978, -2.787471659390008 ], [ 115.264303622715033, -2.787448866072509 ], [ 115.264312181562445, -2.787428878640014 ], [ 115.264319952604978, -2.787411635937474 ], [ 115.264331464824977, -2.78738987324499 ], [ 115.264343911442552, -2.787367666284979 ], [ 115.264362120014994, -2.787343056337477 ], [ 115.264390144689969, -2.787305694002498 ], [ 115.264409426154998, -2.787281592172519 ], [ 115.264440292684981, -2.787244315272517 ], [ 115.264472948867478, -2.787207455659996 ], [ 115.264494809587518, -2.787185922292508 ], [ 115.264521256850003, -2.787162736870016 ], [ 115.264539943862474, -2.787147884567503 ], [ 115.264559555379947, -2.787133430662493 ], [ 115.264579923225028, -2.7871189201025 ], [ 115.264617084112501, -2.787095097059989 ], [ 115.264646126817524, -2.787075150097508 ], [ 115.264671005662535, -2.787061406657472 ], [ 115.264671403162538, -2.787061187224992 ], [ 115.264704542280015, -2.787041242960015 ], [ 115.264720965700008, -2.78703279562751 ], [ 115.264774371940007, -2.787005333929983 ], [ 115.264893804604981, -2.786948298024981 ], [ 115.264944195417456, -2.786924234865012 ], [ 115.265006631749998, -2.786894243375002 ], [ 115.265085351207517, -2.786856029382477 ], [ 115.265173053095054, -2.786809213375022 ], [ 115.265195060404949, -2.786798503347484 ], [ 115.265208367672471, -2.786790879794978 ], [ 115.265226272274958, -2.786778443069977 ], [ 115.265247656354973, -2.786765946092487 ], [ 115.265267658175048, -2.786757781147514 ], [ 115.265286097874991, -2.786743957667511 ], [ 115.265309648422544, -2.786728254605009 ], [ 115.265329713195001, -2.786711270010017 ], [ 115.265348091739952, -2.786698261314996 ], [ 115.265388014444966, -2.786667782392499 ], [ 115.265420354064986, -2.786643090605025 ], [ 115.265454548987464, -2.786614851895024 ], [ 115.265505906572457, -2.786571759977505 ], [ 115.265554870160031, -2.786528614105009 ], [ 115.265643882359996, -2.78645886178748 ], [ 115.265883363727539, -2.786271193959976 ] ] ] } },
{ "type": "Feature", "properties": { "source_feature_id": 14, "nama_objek": "Jalan Kolektor Primer", "orde_01": 42010000, "orde_02": 22011000, "orde_03": 22011200, "orde_04": 22011201, "jenis_sistem": 42000000, "status_jaringan": 2, "provinsi": "Provinsi Kalimantan Selatan", "kabupaten": "Kabupaten Hulu Sungai Selatan", "keterangan": "Buas-Buas - Negara", "sumber_data": "SK Gubernur Provinsi Kalsel No. 188.44/0150/KUM/2023 Pemerintah Provinsi Kalimantan Selatan, 2023", "source_shape_length": 0.18345398221885476, "source_layer": "_6306_50KB_LN_SR_TRANSPORTASI_KABUPATEN_HULUSUNGAISELATAN_2024", "source_dataset": "_6306_50KB_RTRW_KABUPATEN_HULUSUNGAISELATAN_2025.gdb.zip" }, "geometry": { "type": "MultiLineString", "coordinates": [ [ [ 114.980145154999946, -2.726882161999981 ], [ 114.983188287999951, -2.719093711000028 ], [ 114.987275282000041, -2.713044692999972 ], [ 114.995133498999962, -2.710898725999982 ], [ 115.002977095, -2.713334351000015 ], [ 115.008489782900028, -2.703913921712513 ], [ 115.016618021694967, -2.691026760905004 ], [ 115.018140876739949, -2.688475978707515 ], [ 115.019854088662555, -2.684878233667519 ], [ 115.020996229945013, -2.683431521374985 ], [ 115.026269115535001, -2.679205598630006 ], [ 115.031246947959971, -2.675403219942496 ], [ 115.046116675677467, -2.660315533594996 ], [ 115.053700493794963, -2.654056599364992 ], [ 115.066081305300031, -2.635462539282514 ], [ 115.069594425, -2.630403128000012 ], [ 115.070199885999955, -2.62901208400001 ], [ 115.071377579, -2.627740215000017 ], [ 115.07300677, -2.626982048 ], [ 115.074426837000033, -2.626698694000027 ], [ 115.075597617999961, -2.626986063 ], [ 115.076661685999966, -2.627416042999982 ], [ 115.077583654000023, -2.627917102000026 ], [ 115.078434371999947, -2.628632306999975 ], [ 115.079177941000012, -2.629775589000019 ], [ 115.080276967000032, -2.630562478 ], [ 115.081410566000045, -2.631956226 ], [ 115.082722184999966, -2.632957701 ], [ 115.083303143999956, -2.633483082999987 ], [ 115.085311261000015, -2.634139533 ], [ 115.086371988999986, -2.634242562 ], [ 115.087814305000052, -2.634203311000022 ], [ 115.091857714999946, -2.633063156 ], [ 115.093459318999976, -2.632375761999981 ], [ 115.10039503400003, -2.630454545000021 ], [ 115.101158611999949, -2.630148737000013 ], [ 115.103263815, -2.628859708999983 ], [ 115.103730506000034, -2.628651945 ], [ 115.104332776999968, -2.628521652000018 ], [ 115.105094811999948, -2.628500675 ], [ 115.105738738000014, -2.628416078999976 ], [ 115.106373605000044, -2.628343398000027 ], [ 115.107054445000017, -2.628204729 ], [ 115.107586994839949, -2.628259104474978 ], [ 115.108114526649956, -2.628312967589977 ] ] ] } },
{ "type": "Feature", "properties": { "source_feature_id": 15, "nama_objek": "Alur-Pelayaran Kelas II", "orde_01": 42030000, "orde_02": 22031000, "orde_03": 22031200, "orde_04": 22031200, "jenis_sistem": 42000000, "status_jaringan": 3, "provinsi": "Provinsi Kalimantan Selatan", "kabupaten": "Kabupaten Hulu Sungai Selatan", "keterangan": "Sungai Batang Alai", "sumber_data": "Analisis RTRWP Kalimantan Selatan, 2023", "source_shape_length": 0.067646436866620807, "source_layer": "_6306_50KB_LN_SR_TRANSPORTASI_KABUPATEN_HULUSUNGAISELATAN_2024", "source_dataset": "_6306_50KB_RTRW_KABUPATEN_HULUSUNGAISELATAN_2025.gdb.zip" }, "geometry": { "type": "MultiLineString", "coordinates": [ [ [ 115.160385349214948, -2.609432329952483 ], [ 115.160544676999962, -2.609321264000016 ], [ 115.160687358000018, -2.609219809000024 ], [ 115.160829199999966, -2.609108811999988 ], [ 115.160948002000055, -2.60900945100002 ], [ 115.161052476, -2.608911346000014 ], [ 115.161062323847545, -2.608901568912472 ] ], [ [ 115.107560820345043, -2.629925985560021 ], [ 115.108366836862501, -2.63032945909498 ], [ 115.108998993280011, -2.630645902217509 ], [ 115.111018676582489, -2.631310602504982 ], [ 115.111043870204981, -2.631318894007507 ], [ 115.113732630999948, -2.630952159792514 ], [ 115.115231958085019, -2.630559688312474 ], [ 115.116885270734997, -2.63059808477999 ], [ 115.118372291855053, -2.630480719102479 ], [ 115.120241092352444, -2.629598351792481 ], [ 115.12208762239004, -2.627699161704982 ], [ 115.123886603522465, -2.625775968669984 ], [ 115.125924221687455, -2.623350716275013 ], [ 115.127092236349995, -2.621785426124973 ], [ 115.127416007819988, -2.620027468715023 ], [ 115.127394777514951, -2.61830487899249 ], [ 115.127705602149945, -2.617252671400024 ], [ 115.128695113737535, -2.615734954982486 ], [ 115.129910266495017, -2.614456818492499 ], [ 115.130957599347539, -2.614051670889978 ], [ 115.132182449930042, -2.614256861692525 ], [ 115.13350208793247, -2.614713400524977 ], [ 115.135676273767444, -2.616439215309981 ], [ 115.138018564917502, -2.617100638694978 ], [ 115.140968252837524, -2.617248586220001 ], [ 115.143193632114958, -2.616534162384994 ], [ 115.145324661672475, -2.615269325369979 ], [ 115.147966462552517, -2.614483733180009 ], [ 115.14934748560745, -2.613648415987484 ], [ 115.150015678275054, -2.612225884862482 ], [ 115.150148218872459, -2.611065731854978 ], [ 115.150328040160048, -2.610109008764994 ], [ 115.150781020477552, -2.60943978605502 ], [ 115.152423074580042, -2.609047453880009 ], [ 115.155348125935006, -2.60978147630999 ], [ 115.158026739999968, -2.611487866 ], [ 115.158125537000046, -2.61138384100002 ], [ 115.158200473999955, -2.611302592000015 ], [ 115.158276514000022, -2.61120646 ], [ 115.158344242, -2.611120713999981 ], [ 115.15840774000003, -2.611044729000014 ], [ 115.158482639, -2.610966045 ], [ 115.158612332999951, -2.610853710000015 ], [ 115.158809470000051, -2.610687381999981 ], [ 115.159058880667544, -2.610473204179982 ] ] ] } },
{ "type": "Feature", "properties": { "source_feature_id": 16, "nama_objek": "Jalan Kolektor Primer", "orde_01": 42010000, "orde_02": 22011000, "orde_03": 22011200, "orde_04": 22011201, "jenis_sistem": 42000000, "status_jaringan": 2, "provinsi": "Provinsi Kalimantan Selatan", "kabupaten": "Kabupaten Hulu Sungai Selatan", "keterangan": "Kandangan - Negara", "sumber_data": "SK Gubernur Provinsi Kalsel No. 188.44/0150/KUM/2023 Pemerintah Provinsi Kalimantan Selatan, 2023", "source_shape_length": 0.2282447648794961, "source_layer": "_6306_50KB_LN_SR_TRANSPORTASI_KABUPATEN_HULUSUNGAISELATAN_2024", "source_dataset": "_6306_50KB_RTRW_KABUPATEN_HULUSUNGAISELATAN_2025.gdb.zip" }, "geometry": { "type": "MultiLineString", "coordinates": [ [ [ 115.267600672460048, -2.766327621207495 ], [ 115.267092814095008, -2.765715319987521 ], [ 115.266516810632538, -2.765020858989999 ], [ 115.266425833665039, -2.764911171859978 ], [ 115.265990806392551, -2.764287896109977 ], [ 115.265622816912469, -2.763760667307508 ], [ 115.265474634879979, -2.763547392449993 ], [ 115.264959586437499, -2.762806097545024 ], [ 115.264592683445017, -2.762278022352518 ], [ 115.264447308122499, -2.762079808214992 ], [ 115.264439153232502, -2.762068689697514 ], [ 115.264401288557451, -2.762017063100018 ], [ 115.264235240660014, -2.761790661615009 ], [ 115.264205370227501, -2.761749935365003 ], [ 115.26397778022249, -2.76143962269748 ], [ 115.263895038917553, -2.761349504947475 ], [ 115.263285000820019, -2.760685085249975 ], [ 115.263048833029984, -2.760427863829989 ], [ 115.262622516932538, -2.760076615042522 ], [ 115.262105052302445, -2.759650268259975 ], [ 115.261927143237472, -2.759503194902493 ], [ 115.261615286685014, -2.759245391207514 ], [ 115.261364264765007, -2.758941904300002 ], [ 115.261327030392522, -2.758845309992523 ], [ 115.261188902187541, -2.758486969092473 ], [ 115.261064097310054, -2.757982367582485 ], [ 115.261063905095057, -2.757981588704979 ], [ 115.261098546082508, -2.757078771005013 ], [ 115.261101332322482, -2.757006162187508 ], [ 115.261107957702507, -2.756509766605006 ], [ 115.261112431055039, -2.756174607947514 ], [ 115.261117222042458, -2.755815610709988 ], [ 115.261067333399978, -2.755537679940005 ], [ 115.260934477587512, -2.755311322222497 ], [ 115.260477393342512, -2.754532549132477 ], [ 115.260020310385016, -2.753753776234987 ], [ 115.260013801225, -2.753742686387511 ], [ 115.259612113694971, -2.752948037839985 ], [ 115.259461493275012, -2.752650069569995 ], [ 115.259409854279966, -2.75259675901998 ], [ 115.25944169158754, -2.752327367380019 ], [ 115.259547817370049, -2.751429395477487 ], [ 115.259550486855005, -2.751406805652493 ], [ 115.259446467189946, -2.751120245672496 ], [ 115.259398426700045, -2.750987899882489 ], [ 115.259334922684957, -2.750812953730019 ], [ 115.259289796837493, -2.750688639625025 ], [ 115.259245796219943, -2.750580296067483 ], [ 115.259243473559991, -2.750574576632516 ], [ 115.259215615977496, -2.750505978684998 ], [ 115.259010152019982, -2.750000025327495 ], [ 115.259010132272465, -2.74999999997749 ], [ 115.259010116142463, -2.749999961069989 ], [ 115.259001585385022, -2.749978955422478 ], [ 115.258974366304983, -2.749901057779994 ], [ 115.258947148122502, -2.749823161950019 ], [ 115.258919929042463, -2.749745265214983 ], [ 115.258917606827481, -2.749738619784978 ], [ 115.258892710859982, -2.74966736938751 ], [ 115.258865491782444, -2.749589471752472 ], [ 115.258838272702519, -2.7495115759275 ], [ 115.258811055424985, -2.749433679200024 ], [ 115.258783836344946, -2.749355783377496 ], [ 115.258756618169969, -2.749277885750018 ], [ 115.258729399092545, -2.749199989929991 ], [ 115.258699656177555, -2.749136041827512 ], [ 115.258669913262452, -2.749072093722475 ], [ 115.258640170349963, -2.749008145622497 ], [ 115.258610427437475, -2.748944198425022 ], [ 115.258588805324962, -2.748898071354972 ], [ 115.25858068381001, -2.7488807458775 ], [ 115.258550940182545, -2.748817293329978 ], [ 115.258521196557467, -2.748753840782513 ], [ 115.258485503962447, -2.748682457014979 ], [ 115.258449812269987, -2.748611073252505 ], [ 115.258418086267511, -2.748551586740007 ], [ 115.258386360267536, -2.748492100227509 ], [ 115.258354634269949, -2.748432613717512 ], [ 115.25832092478754, -2.748359247040014 ], [ 115.258287216207464, -2.748285881270021 ], [ 115.258253506732444, -2.748212513692522 ], [ 115.25819699533497, -2.748150052804988 ], [ 115.25815975892499, -2.748108897255008 ], [ 115.258140483047555, -2.748087591917511 ], [ 115.258060176430035, -2.748066772227503 ], [ 115.257979868924963, -2.748045950724986 ], [ 115.257898075095, -2.748035540857472 ], [ 115.257816281270038, -2.748025130985013 ], [ 115.257734486552522, -2.748014720204992 ], [ 115.257652692737452, -2.748004310322472 ], [ 115.257565908572474, -2.74800211222248 ], [ 115.257479125310056, -2.74799991502249 ], [ 115.257392340252522, -2.747997716907491 ], [ 115.25730555610005, -2.747995518787491 ], [ 115.257277823157551, -2.747994817072481 ], [ 115.257218771952466, -2.747993321567492 ], [ 115.257131987807497, -2.74799112433999 ], [ 115.25705632123254, -2.747985413062509 ], [ 115.256980653762525, -2.747979702684972 ], [ 115.256904987194957, -2.747973992304992 ], [ 115.256829319729945, -2.747968281920009 ], [ 115.256753653172495, -2.747962570627521 ], [ 115.256675131192537, -2.747962571162475 ], [ 115.256596608317523, -2.747962570784978 ], [ 115.256518086342453, -2.747962571309984 ], [ 115.256439564375, -2.747962570924983 ], [ 115.256380965405015, -2.747950014760022 ], [ 115.256364610699961, -2.747946510142526 ], [ 115.256289657929983, -2.747930447550004 ], [ 115.256214705165007, -2.747914386762488 ], [ 115.256139752405034, -2.747898325067524 ], [ 115.25606123020998, -2.747879290247511 ], [ 115.255982708020042, -2.747860253617489 ], [ 115.255904185834993, -2.747841218789972 ], [ 115.255828519332454, -2.747802671754982 ], [ 115.255752851939974, -2.747764123812487 ], [ 115.255677186349999, -2.747725576774997 ], [ 115.255601518972526, -2.747687028830001 ], [ 115.255538141120041, -2.747654742145016 ], [ 115.255525851597554, -2.747648481787508 ], [ 115.255456672962509, -2.747620811124989 ], [ 115.255387494334968, -2.747593138652519 ], [ 115.255313904587524, -2.747563703569995 ], [ 115.255240316644972, -2.747534267582523 ], [ 115.255151086660021, -2.7475289142875 ], [ 115.25506185668246, -2.747523560987474 ], [ 115.254972626710014, -2.747518206774998 ], [ 115.254883396744958, -2.74751285255752 ], [ 115.254797735987495, -2.747521775982477 ], [ 115.254712076129977, -2.747530699402489 ], [ 115.254663915792548, -2.747535715297488 ], [ 115.254626415380017, -2.74753962100749 ], [ 115.254540754630057, -2.747548544412496 ], [ 115.25446758599503, -2.747544975310007 ], [ 115.25439441826245, -2.747541406207517 ], [ 115.254321248734982, -2.747537837097525 ], [ 115.254248081010019, -2.747534267984975 ], [ 115.254158850705039, -2.747537837242476 ], [ 115.254069621300005, -2.747541407399979 ], [ 115.253980391902473, -2.747544975740027 ], [ 115.253891161607498, -2.747548544977519 ], [ 115.253817993875032, -2.747575313847506 ], [ 115.253773465562517, -2.747591604294996 ], [ 115.253744825242507, -2.747602082709989 ], [ 115.253671656609981, -2.747628850660021 ], [ 115.253598487974955, -2.747655620412502 ], [ 115.253536621637522, -2.747715106777491 ], [ 115.253474756192531, -2.747774593137478 ], [ 115.253412889839979, -2.747834080392522 ], [ 115.253362922180031, -2.747898325417509 ], [ 115.253312952714964, -2.747962570432492 ], [ 115.253274881727521, -2.7480434718575 ], [ 115.253236809830014, -2.74812437418251 ], [ 115.253198738824949, -2.748205275597513 ], [ 115.253185320445027, -2.748228893082512 ], [ 115.253163046637496, -2.748268093820002 ], [ 115.253127355342485, -2.748330912039989 ], [ 115.253091663145028, -2.748393729350028 ], [ 115.253055970939954, -2.748456546657508 ], [ 115.253020278729991, -2.74851936486499 ], [ 115.252977449317541, -2.748580041162484 ], [ 115.25293461900003, -2.748640718359979 ], [ 115.252891787777457, -2.748701393742522 ], [ 115.25284895835, -2.748762070025009 ], [ 115.252779953615004, -2.748809658912478 ], [ 115.252710948875006, -2.748857248692502 ], [ 115.25264194502995, -2.748904837565021 ], [ 115.252622608530032, -2.748907994927492 ], [ 115.252554500375027, -2.748919115137483 ], [ 115.252467053927489, -2.748933390889988 ], [ 115.252379609277455, -2.748947668447499 ], [ 115.252292163729976, -2.748961944187499 ], [ 115.252208883037497, -2.748980979892508 ], [ 115.252125602345018, -2.74900001468751 ], [ 115.25204232075248, -2.749019051280015 ], [ 115.251972364819949, -2.749036183152498 ], [ 115.251902408890032, -2.749053315022479 ], [ 115.251832452057556, -2.749070447787517 ], [ 115.251762496127526, -2.749087579644993 ], [ 115.25174278129748, -2.749092408460001 ], [ 115.251692540194995, -2.749104712402527 ], [ 115.25161544485502, -2.749121843684975 ], [ 115.251538351310046, -2.749138975867481 ], [ 115.251461255969957, -2.749156108042484 ], [ 115.251384162429986, -2.749173240212485 ], [ 115.251307067090011, -2.749190372374983 ], [ 115.251239251820039, -2.749201079664999 ], [ 115.251171438349957, -2.749211787855018 ], [ 115.251103623084987, -2.749222495134973 ], [ 115.251035808717461, -2.749233203314986 ], [ 115.250962996837529, -2.749240341235009 ], [ 115.250890185860044, -2.749247480054976 ], [ 115.250858433027474, -2.749250592869998 ], [ 115.250817373985001, -2.749254617967495 ], [ 115.250744563010016, -2.749261756777514 ], [ 115.250671751137475, -2.749268894677527 ], [ 115.250597512217496, -2.749284598597512 ], [ 115.250523273292515, -2.749300304322503 ], [ 115.250449034372537, -2.749316008229982 ], [ 115.250374794555, -2.74933171303752 ], [ 115.250300555637523, -2.749347416934995 ], [ 115.25022542741749, -2.74935812332501 ], [ 115.250150299199959, -2.749368829710022 ], [ 115.250075170082482, -2.749379536089975 ], [ 115.250000041869953, -2.749390241559979 ], [ 115.25000000139255, -2.749390247829979 ], [ 115.249999959122533, -2.749390251385023 ], [ 115.249971257787479, -2.749392595502513 ], [ 115.249916273577469, -2.749397087452508 ], [ 115.249832588937466, -2.749403921704982 ], [ 115.249748904297462, -2.749410757757516 ], [ 115.249665218762516, -2.749417593804992 ], [ 115.249581534127515, -2.749424429847522 ], [ 115.249497850397461, -2.749431264979989 ], [ 115.249414164870018, -2.749438101007513 ], [ 115.249330480245021, -2.749444937029978 ], [ 115.249246794724968, -2.749451772139992 ], [ 115.249163110104973, -2.749458608147506 ], [ 115.249075417042491, -2.749456427922496 ], [ 115.249074665269973, -2.749456409632501 ], [ 115.24898772398501, -2.749454247689982 ], [ 115.248900030932532, -2.749452068357527 ], [ 115.248812337885056, -2.749449887210005 ], [ 115.248724644842468, -2.749447706959984 ], [ 115.248636951804997, -2.749445526702516 ], [ 115.248549258767525, -2.749443347342492 ], [ 115.248460761757542, -2.749433168374992 ], [ 115.248372264752447, -2.74942298940249 ], [ 115.248283766855025, -2.749412808612476 ], [ 115.248195269862549, -2.749402629627525 ], [ 115.248177965180048, -2.749400639987527 ], [ 115.248106772872461, -2.749392450637515 ], [ 115.248021106565034, -2.749398477017508 ], [ 115.247935442059998, -2.749404503392498 ], [ 115.247849775762461, -2.74941052885498 ], [ 115.247764111265042, -2.749416554312518 ], [ 115.247678444970006, -2.749422579759994 ], [ 115.247592779580032, -2.749428606107472 ], [ 115.247507114189943, -2.749434632447503 ], [ 115.247428599859973, -2.749431440189994 ], [ 115.247350086429947, -2.749428247927483 ], [ 115.247280799087548, -2.749425430992517 ], [ 115.247271572107479, -2.749425055660026 ], [ 115.247193057787513, -2.74942186338501 ], [ 115.247114544369992, -2.749418671107492 ], [ 115.247036030057529, -2.749415478824972 ], [ 115.246957515747454, -2.74941228744251 ], [ 115.246870437602524, -2.749407851772503 ], [ 115.24678336035754, -2.749403417002497 ], [ 115.24669628222, -2.749398982224989 ], [ 115.246634265194984, -2.749395823317514 ], [ 115.246609204087463, -2.749394547442478 ], [ 115.246522125960041, -2.749390111747516 ], [ 115.246432397960007, -2.749384851947525 ], [ 115.24638257754998, -2.749381931684979 ], [ 115.246342669964974, -2.749379593044978 ], [ 115.246252941974944, -2.749374333232481 ], [ 115.246163214887474, -2.749369074319986 ], [ 115.24607348690995, -2.74936381358998 ], [ 115.24598375893504, -2.74935855466498 ], [ 115.245894030965019, -2.749353294827472 ], [ 115.245817318257536, -2.749338825974974 ], [ 115.245740604657499, -2.749324357117473 ], [ 115.245663891960021, -2.749309888257528 ], [ 115.245587179267545, -2.749295419395025 ], [ 115.245542657807505, -2.74923254828002 ], [ 115.245530508414959, -2.749215390505015 ], [ 115.245498137252525, -2.749169676265012 ], [ 115.245453615802489, -2.749106805155009 ], [ 115.245409095252512, -2.749043934047506 ], [ 115.245370666934946, -2.7489634863025 ], [ 115.245332238619994, -2.748883037654991 ], [ 115.245293811207489, -2.748802589917489 ], [ 115.245255382895039, -2.748722142179986 ], [ 115.245216954587477, -2.748641694442483 ], [ 115.24518672755255, -2.748566283032517 ], [ 115.245156502317514, -2.748490870724993 ], [ 115.245126275282473, -2.748415460222475 ], [ 115.245124919612522, -2.748412078 ], [ 115.245097245327543, -2.748343032917489 ], [ 115.245096049149993, -2.748340048820012 ], [ 115.245065822117454, -2.748264638319995 ], [ 115.245035595989975, -2.748189226014972 ], [ 115.245005368960051, -2.74811381461501 ], [ 115.244975142832459, -2.748038404122497 ], [ 115.244950990572534, -2.747957976587486 ], [ 115.244926839212553, -2.747877549959981 ], [ 115.244902687849958, -2.747797124234978 ], [ 115.244878535590033, -2.747716696705027 ], [ 115.244854384230052, -2.747636270080022 ], [ 115.244833610595037, -2.747557666965008 ], [ 115.244833088307473, -2.747555687617478 ], [ 115.244811790587505, -2.747475106057493 ], [ 115.24479049466504, -2.747394523595005 ], [ 115.244788909005024, -2.747388524939993 ], [ 115.244769197840014, -2.747313942040023 ], [ 115.244747901917549, -2.74723335957998 ], [ 115.244726605092524, -2.747152778027498 ], [ 115.244705309169944, -2.747072195572514 ], [ 115.244684012345033, -2.746991614019976 ], [ 115.244662716419953, -2.746911031567493 ], [ 115.244647136057552, -2.746826311410018 ], [ 115.244631555695037, -2.746741590349984 ], [ 115.244620183812458, -2.746679748492511 ], [ 115.244615976229966, -2.746656869292508 ], [ 115.24460039586495, -2.746572148234975 ], [ 115.244584816397492, -2.74648742718 ], [ 115.244572084940046, -2.746407017439992 ], [ 115.244559354382545, -2.746326606797481 ], [ 115.244553142799987, -2.746287379687487 ], [ 115.244546622919984, -2.746246197964979 ], [ 115.244533892357481, -2.746165788227472 ], [ 115.244521160895033, -2.746085377587519 ], [ 115.244516826669951, -2.745998340990013 ], [ 115.24451249334254, -2.745911304395008 ], [ 115.244508159112456, -2.745824266894999 ], [ 115.244506161914956, -2.745784166140027 ], [ 115.244503824877484, -2.745737230297493 ], [ 115.244499489742452, -2.745650192797484 ], [ 115.244495156400035, -2.745563156202479 ], [ 115.244490822157445, -2.745476118702527 ], [ 115.244486487907466, -2.745389082107522 ], [ 115.244481255027495, -2.745306530344976 ], [ 115.244476022142521, -2.745223977677483 ], [ 115.244470789255047, -2.745141425912493 ], [ 115.244465556364958, -2.745058873247501 ], [ 115.244464917304981, -2.745048793142473 ], [ 115.244460322575037, -2.744976320577507 ], [ 115.244455089677444, -2.744893768817519 ], [ 115.244454306464945, -2.744881407892478 ], [ 115.244449856779966, -2.744811217054973 ], [ 115.244444623877484, -2.744728665294986 ], [ 115.244435573990017, -2.744641493332495 ], [ 115.244426523202492, -2.744554321372505 ], [ 115.244417473310023, -2.744467149412515 ], [ 115.244408423417553, -2.744379976550022 ], [ 115.244399372622524, -2.744292804589975 ], [ 115.244390321822493, -2.744205632632486 ], [ 115.24438127192002, -2.744118460674997 ], [ 115.244364264342494, -2.744033738442511 ], [ 115.244354174075056, -2.743983472437492 ], [ 115.244347256764968, -2.74394901530502 ], [ 115.244330249182553, -2.743864293072477 ], [ 115.244313241602526, -2.743779569937487 ], [ 115.244296234019998, -2.743694846802498 ], [ 115.244278498797485, -2.743619453912515 ], [ 115.244260763574971, -2.743544061022476 ], [ 115.244243029252516, -2.743468668137496 ], [ 115.244225294027501, -2.743393275250014 ], [ 115.244207558802486, -2.743317882364977 ], [ 115.244189823577472, -2.743242488574992 ], [ 115.244158512792524, -2.743176406980012 ], [ 115.244127801777495, -2.743111592267496 ], [ 115.244127202009963, -2.74311032628998 ], [ 115.244095892127461, -2.743044243792497 ], [ 115.244064581347516, -2.742978163105022 ], [ 115.244033269670012, -2.742912080607482 ], [ 115.243990554355037, -2.742834856780007 ], [ 115.243947839042448, -2.742757632047528 ], [ 115.243905122835031, -2.742680408219996 ], [ 115.243862408430005, -2.742603184397524 ], [ 115.243821104042468, -2.74253708806998 ], [ 115.243779799660047, -2.742470990842492 ], [ 115.243738495277512, -2.742404895425011 ], [ 115.243697190899979, -2.742338798197522 ], [ 115.243687896115034, -2.742323924377501 ], [ 115.243655887425007, -2.742272701879983 ], [ 115.243621489802536, -2.742202069909979 ], [ 115.24358709308251, -2.742131437944977 ], [ 115.243552694567484, -2.742060805075027 ], [ 115.243518297852461, -2.741990173112526 ], [ 115.243483901140053, -2.741919541152527 ], [ 115.243449504427531, -2.741848909192527 ], [ 115.243412502152523, -2.741769898812493 ], [ 115.243375498982459, -2.741690889335018 ], [ 115.243338496712454, -2.741611878959986 ], [ 115.24330149444495, -2.741532868585011 ], [ 115.243291928989947, -2.741512444772525 ], [ 115.243264492179947, -2.741453859114984 ], [ 115.243213202607535, -2.741382005879984 ], [ 115.243161914840016, -2.741310151742482 ], [ 115.243110626175053, -2.741238299414988 ], [ 115.243059338417538, -2.741166445282488 ], [ 115.243008048862521, -2.741094592052491 ], [ 115.242951028, -2.74103708588251 ], [ 115.242894008040025, -2.740979579714974 ], [ 115.24283341189755, -2.740926852840005 ], [ 115.242772815759963, -2.740874126872484 ], [ 115.242717378504949, -2.740825888337497 ], [ 115.242712219629993, -2.740821399997515 ], [ 115.24265162440247, -2.740768674029994 ], [ 115.242591028285005, -2.740715947157526 ], [ 115.242530432170042, -2.740663221190005 ], [ 115.242461506752534, -2.740611279607492 ], [ 115.242392582239972, -2.740559338929984 ], [ 115.242323657732527, -2.740507398252475 ], [ 115.24228381071498, -2.74047736968248 ], [ 115.242254733234972, -2.740455456672521 ], [ 115.242185807844976, -2.740403515087507 ], [ 115.24211688336004, -2.740351574409999 ], [ 115.242047958884996, -2.740299632829988 ], [ 115.242008643667532, -2.740270005640014 ], [ 115.241979034414953, -2.740247692149978 ], [ 115.241910109052469, -2.740195750567523 ], [ 115.241840584332522, -2.74014719825999 ], [ 115.241771059622465, -2.740098645950013 ], [ 115.241752193237517, -2.740085469824976 ], [ 115.241701534917524, -2.740050092734975 ], [ 115.241632011117531, -2.740001541332504 ], [ 115.241562486427483, -2.739952988117523 ], [ 115.241492961745053, -2.739904434902485 ], [ 115.24142343706751, -2.739855882590007 ], [ 115.241353913295029, -2.739807330279973 ], [ 115.241291527034946, -2.73975878760001 ], [ 115.241275639659989, -2.739746427012506 ], [ 115.241229139880033, -2.739710245822494 ], [ 115.241166753629955, -2.739661704044977 ], [ 115.241104367384992, -2.739613163172521 ], [ 115.241041981147532, -2.739564621395004 ], [ 115.240979594917462, -2.739516078714985 ], [ 115.24091720779245, -2.739467536935024 ], [ 115.240854821572498, -2.739418995157507 ], [ 115.240788868367531, -2.739369551067512 ], [ 115.240722914270009, -2.739320106070011 ], [ 115.24065696017999, -2.739270661977514 ], [ 115.24059100519753, -2.739221216977512 ], [ 115.240560441854996, -2.739198305252501 ], [ 115.240525051120017, -2.739171772885015 ], [ 115.240459097050007, -2.739122327887515 ], [ 115.240393142984999, -2.739072883792517 ], [ 115.240327188927495, -2.739023438795016 ], [ 115.24026064668999, -2.738969108894992 ], [ 115.240194105360047, -2.738914778997525 ], [ 115.240127564037493, -2.738860448194998 ], [ 115.240061021822498, -2.738806118297475 ], [ 115.239994479615007, -2.738751788397508 ], [ 115.239927938312462, -2.738697457594981 ], [ 115.239861397017535, -2.738643126795012 ], [ 115.239854931777472, -2.738637848897497 ], [ 115.239794854830052, -2.738588796897488 ], [ 115.239728312647458, -2.738534466997521 ], [ 115.239661769042527, -2.738481732252524 ], [ 115.239595225447488, -2.738428996602522 ], [ 115.239528680955004, -2.738376261855024 ], [ 115.23946213737247, -2.738323527110026 ], [ 115.239395592897495, -2.738270790555021 ], [ 115.239329049324965, -2.738218055810023 ], [ 115.239262504862495, -2.738165321062525 ], [ 115.239195961304972, -2.738112586317527 ], [ 115.239150119252486, -2.738076256889997 ], [ 115.239129416855008, -2.738059850667526 ], [ 115.239064231007546, -2.738008485199998 ], [ 115.238999036182463, -2.73795711158499 ], [ 115.238933858429959, -2.737905753364998 ], [ 115.238892638412494, -2.737873273060018 ], [ 115.238868670802503, -2.737854386992524 ], [ 115.238803484980053, -2.737803020622493 ], [ 115.238738298265048, -2.737751655157524 ], [ 115.238673111557546, -2.737700288784993 ], [ 115.238615179407475, -2.737646355924994 ], [ 115.238557246364962, -2.737592422159992 ], [ 115.23849931422501, -2.737538489299993 ], [ 115.238457964534973, -2.737499994424979 ], [ 115.238441381192501, -2.737484556439995 ], [ 115.238378203570051, -2.737425740849972 ], [ 115.238315027752492, -2.737366926165009 ], [ 115.238251851042492, -2.737308110577487 ], [ 115.238188674337493, -2.737249295892525 ], [ 115.238125497639999, -2.737190481210007 ], [ 115.238062320950007, -2.737131664719982 ], [ 115.237999144265018, -2.737072850037521 ], [ 115.237935967585031, -2.737014035355003 ], [ 115.237872790912547, -2.736955219769982 ], [ 115.237825356102462, -2.736911059625015 ], [ 115.237809615147512, -2.736896405092523 ], [ 115.237798076147556, -2.736885663262512 ], [ 115.237746437587475, -2.736837590410005 ], [ 115.237694528927477, -2.73677188818499 ], [ 115.237642620272482, -2.736706185962476 ], [ 115.237590710722543, -2.736640483740018 ], [ 115.237538801174992, -2.736574783325011 ], [ 115.237486891634944, -2.736509081104998 ], [ 115.237434982999957, -2.736443378887486 ], [ 115.237383074369973, -2.736377676669974 ], [ 115.237339454417452, -2.736309423967498 ], [ 115.237295833569988, -2.73624117126252 ], [ 115.23725221362497, -2.736172917657484 ], [ 115.237250746677546, -2.736170622232521 ], [ 115.237208592785009, -2.736104664052505 ], [ 115.237164972847495, -2.736036411354974 ], [ 115.237121352912482, -2.735968157754996 ], [ 115.23707773298247, -2.735899905060023 ], [ 115.237034113052459, -2.735831652364993 ], [ 115.236982298447515, -2.73576501798749 ], [ 115.236930482942512, -2.735698385417493 ], [ 115.236911435399975, -2.735673888324982 ], [ 115.236878668344957, -2.73563175104249 ], [ 115.236826852854961, -2.735565116664986 ], [ 115.236775038265023, -2.735498483197489 ], [ 115.236727004284944, -2.735436713115007 ], [ 115.23672322278253, -2.73543184972749 ], [ 115.236671409102541, -2.735365216264995 ], [ 115.236619593630053, -2.735298581892494 ], [ 115.23656777906001, -2.735231948429998 ], [ 115.236515963597526, -2.735165314967503 ], [ 115.236464149037488, -2.735098680602505 ], [ 115.236407985020037, -2.735030620092516 ], [ 115.236351820110031, -2.734962559582527 ], [ 115.236295656104971, -2.734894499074983 ], [ 115.236239492105028, -2.734826438567495 ], [ 115.236183328109973, -2.734758378062509 ], [ 115.236162392512483, -2.734733009174988 ], [ 115.236127163222477, -2.734690317557522 ], [ 115.236070999240042, -2.73462225705498 ], [ 115.236014835262495, -2.734554196554996 ], [ 115.23595867128995, -2.734486136055011 ], [ 115.235937889202546, -2.734460952772508 ], [ 115.235902506424964, -2.734418075555027 ], [ 115.235846341562478, -2.734350015057487 ], [ 115.235790177607555, -2.734281954562505 ], [ 115.23573401365752, -2.734213894070024 ], [ 115.235677849714989, -2.734145833577486 ], [ 115.235621684875014, -2.734077773085005 ], [ 115.235588136967522, -2.734037118592482 ], [ 115.235565520942487, -2.734009712595025 ], [ 115.235509357014962, -2.73394165210749 ], [ 115.235454375787526, -2.73388517358751 ], [ 115.235399393662533, -2.73382869687498 ], [ 115.235344413342546, -2.733772219262505 ], [ 115.235289431232445, -2.733715740745026 ], [ 115.235234450022517, -2.733659263132495 ], [ 115.235179467920034, -2.733602786425024 ], [ 115.235124486722498, -2.73354630790999 ], [ 115.235058547647554, -2.733486993654992 ], [ 115.2349926085775, -2.7334276803075 ], [ 115.234956253272458, -2.733394977532498 ], [ 115.234926670415007, -2.733368366960008 ], [ 115.234860729562456, -2.73330905270501 ], [ 115.23479479141497, -2.733249739357518 ], [ 115.234728852375042, -2.733190425107523 ], [ 115.234662913340003, -2.733131111759974 ], [ 115.234596974312467, -2.733071798414983 ], [ 115.234535864704981, -2.733021462667523 ], [ 115.234476446377471, -2.73297252020501 ], [ 115.234474756897498, -2.732971128732515 ], [ 115.23441364819746, -2.732920793892504 ], [ 115.234352540402483, -2.732870459957496 ], [ 115.234291430815006, -2.732820125114984 ], [ 115.234274217164966, -2.732805945877487 ], [ 115.234230323030033, -2.732769791179976 ], [ 115.234169214352505, -2.732719456340021 ], [ 115.234101477229956, -2.732669111699977 ], [ 115.234033741012468, -2.732618767969996 ], [ 115.233966003905039, -2.732568423330008 ], [ 115.233898267702443, -2.732518078695023 ], [ 115.233831709835044, -2.73247491397251 ], [ 115.233765152872479, -2.732431749252498 ], [ 115.233698595017472, -2.73238858543499 ], [ 115.233687702689963, -2.732381519567525 ], [ 115.233632038070027, -2.732345419809974 ], [ 115.233565480227526, -2.732302255087518 ], [ 115.233539753344985, -2.732285570165004 ], [ 115.233498923289972, -2.732259090365005 ], [ 115.233418082710045, -2.732220689067503 ], [ 115.233337243034953, -2.732182287772503 ], [ 115.233256403367477, -2.732143888282508 ], [ 115.233175562809947, -2.732105486980004 ], [ 115.233094723159979, -2.7320670856775 ], [ 115.233013882617456, -2.732028685274997 ], [ 115.232942018300037, -2.731985511790015 ], [ 115.232870153087447, -2.731942340114983 ], [ 115.232798287882474, -2.7318991666275 ], [ 115.232744117195011, -2.731866624697489 ], [ 115.232726422682504, -2.731855994950024 ], [ 115.232654558389982, -2.731812822364986 ], [ 115.232582693207519, -2.731769648877503 ], [ 115.232510828029945, -2.731726477195025 ], [ 115.232438962859987, -2.731683303702482 ], [ 115.232367098594978, -2.731640131117501 ], [ 115.232295234337471, -2.731596959432522 ], [ 115.232223369187523, -2.73155378593998 ], [ 115.232151504044964, -2.7315106142525 ], [ 115.232079638910022, -2.731467440755011 ], [ 115.232005943787499, -2.731424266360023 ], [ 115.231971429162513, -2.73140404445752 ], [ 115.23193224867498, -2.731381090155026 ], [ 115.231858553569964, -2.731337914852475 ], [ 115.231784859370009, -2.731294738647478 ], [ 115.231711163377554, -2.731251564244985 ], [ 115.231637468295048, -2.73120838893999 ], [ 115.231563773217545, -2.73116521272749 ], [ 115.231490078145043, -2.731122038324997 ], [ 115.231416383085048, -2.731078862112497 ], [ 115.231342688027553, -2.7310356868025 ], [ 115.231268992979949, -2.730992510584997 ], [ 115.231195297937461, -2.730949336177503 ], [ 115.231194371392462, -2.730948932402498 ], [ 115.231115185369958, -2.730914432752513 ], [ 115.231035071910014, -2.730879530227526 ], [ 115.230954959357518, -2.730844626799978 ], [ 115.230874845912467, -2.730809724269989 ], [ 115.230794733374978, -2.730774820834995 ], [ 115.230714619942546, -2.730739919207508 ], [ 115.23063450741995, -2.730705015767512 ], [ 115.230554394005026, -2.730670113230019 ], [ 115.230474282397495, -2.730635209787522 ], [ 115.230394168994962, -2.730600307242526 ], [ 115.230369226855032, -2.730589440689982 ], [ 115.230314055602548, -2.730565403792525 ], [ 115.230233943117469, -2.730530501247472 ], [ 115.230153829739947, -2.730495597792526 ], [ 115.230076011822462, -2.730461552275017 ], [ 115.229998193912479, -2.730427505852504 ], [ 115.22992037601, -2.73039345942999 ], [ 115.229842558115024, -2.730359413002475 ], [ 115.229764740227552, -2.730325366572515 ], [ 115.229686922344968, -2.730291321045001 ], [ 115.229609103572557, -2.730257274609983 ], [ 115.229544490952549, -2.730229006167519 ], [ 115.229531285702478, -2.730223229077524 ], [ 115.229453467845019, -2.730189181735 ], [ 115.229375649989947, -2.730155136199983 ], [ 115.229297832144994, -2.730121089757517 ], [ 115.229220964439946, -2.730078707277528 ], [ 115.229144094942512, -2.73003632479498 ], [ 115.229067227254973, -2.729993942314991 ], [ 115.22899035867249, -2.729951558924995 ], [ 115.228913490097511, -2.729909177342506 ], [ 115.228836622432482, -2.72986679395251 ], [ 115.228759753875011, -2.729824410560013 ], [ 115.228745190462519, -2.72981638071002 ], [ 115.228682885322542, -2.729782028972522 ], [ 115.228606016782464, -2.729739645577524 ], [ 115.228529340265027, -2.729701848960019 ], [ 115.228452662855034, -2.729664053242516 ], [ 115.228375987252548, -2.729626255717506 ], [ 115.228299309857448, -2.729588459997501 ], [ 115.228222633370024, -2.729550663372493 ], [ 115.228145955990044, -2.729512865839979 ], [ 115.228069280414957, -2.729475070117473 ], [ 115.227992603049984, -2.729437272580014 ], [ 115.227942912812523, -2.729408405877507 ], [ 115.227925359860023, -2.729398208562486 ], [ 115.227858117575011, -2.729359143642512 ], [ 115.227790875295, -2.729320079622482 ], [ 115.227723632122547, -2.72928101560251 ], [ 115.227656388954983, -2.72924195158248 ], [ 115.227589146694982, -2.729202886655003 ], [ 115.227521904437481, -2.729163822634973 ], [ 115.22745179116248, -2.729112278952528 ], [ 115.227381676995037, -2.729060735270025 ], [ 115.227311563735043, -2.729009190682518 ], [ 115.227241451379996, -2.728957646097513 ], [ 115.227188468502504, -2.728918696342475 ], [ 115.22717133723495, -2.72890610241501 ], [ 115.227101223997465, -2.728854557827503 ], [ 115.227040636342508, -2.728797045564988 ], [ 115.226980047792495, -2.728739534207477 ], [ 115.226919461049988, -2.728682022852524 ], [ 115.226858873412539, -2.72862451059251 ], [ 115.226825685959966, -2.728540721777506 ], [ 115.226792499407452, -2.728456932965003 ], [ 115.226759311957494, -2.728373144152499 ], [ 115.226728028732509, -2.728288401440011 ], [ 115.226696747310029, -2.728203657830022 ], [ 115.22669359444501, -2.728195117690007 ], [ 115.226665464087546, -2.728118914217475 ], [ 115.226634917137517, -2.728036162912474 ], [ 115.226634181767508, -2.728034170607486 ], [ 115.22660289944497, -2.727949427905003 ], [ 115.226581908339995, -2.727891595444987 ], [ 115.226560916334961, -2.727833762984972 ], [ 115.226539925229986, -2.72777592962251 ], [ 115.226516567840008, -2.727711581060021 ], [ 115.226493211352476, -2.727647231594972 ], [ 115.226469854862444, -2.727582883034984 ], [ 115.226446498377527, -2.727518533572493 ], [ 115.226434711687489, -2.727443150092483 ], [ 115.226422925897509, -2.727367766614975 ], [ 115.226418155992519, -2.727337254684983 ], [ 115.226411141004974, -2.727292383137524 ], [ 115.226399355212493, -2.727216999660016 ], [ 115.226387569417511, -2.727141616185008 ], [ 115.22637578271997, -2.7270662327075 ], [ 115.226351420119954, -2.726991344229987 ], [ 115.226327056622495, -2.726916453942522 ], [ 115.226302694022479, -2.726841564562505 ], [ 115.226278332320021, -2.726766676089994 ], [ 115.226253968822448, -2.726691786709978 ], [ 115.226229606222546, -2.72661689733502 ], [ 115.226205242724973, -2.726542007960006 ], [ 115.226186995152489, -2.72646582548748 ], [ 115.226186323915044, -2.726463024852478 ], [ 115.226167406004947, -2.726384041750009 ], [ 115.226148487192518, -2.726305058647483 ], [ 115.226129568379974, -2.726226077352521 ], [ 115.226110649565044, -2.726147094252497 ], [ 115.226091730752501, -2.726068111152472 ], [ 115.226076140664986, -2.725990568975021 ], [ 115.226060552374975, -2.725913025895011 ], [ 115.226044962284959, -2.725835483720005 ], [ 115.226029373092501, -2.725757940642495 ], [ 115.226013782999985, -2.725680399372493 ], [ 115.225989430912477, -2.72559833188501 ], [ 115.225985453362455, -2.725584927332477 ], [ 115.225965077925025, -2.725516265302474 ], [ 115.225940725837518, -2.725434197817492 ], [ 115.22591637284745, -2.725352131237514 ], [ 115.225892020760057, -2.725270063754976 ], [ 115.225867667772491, -2.7251879971775 ], [ 115.225843315684983, -2.725105929700021 ], [ 115.225828270212446, -2.72502246714248 ], [ 115.225813224740023, -2.724939003682493 ], [ 115.225798179264984, -2.724855541127511 ], [ 115.225783133789946, -2.724772076765021 ], [ 115.225771584082509, -2.724708007972481 ], [ 115.225768088310019, -2.724688614212482 ], [ 115.225753041932535, -2.724605150754996 ], [ 115.225737997350052, -2.724521688205016 ], [ 115.225722950967452, -2.724438224749974 ], [ 115.225703799990015, -2.72435565316249 ], [ 115.225684648112519, -2.724273080675005 ], [ 115.225665497132468, -2.724190509090022 ], [ 115.22564634615253, -2.72410793660498 ], [ 115.225627905580041, -2.724028436997514 ], [ 115.225627195172478, -2.724025365025 ], [ 115.225608043289981, -2.723942793445019 ], [ 115.225588892307542, -2.723860220962479 ], [ 115.225580629974957, -2.723824598337501 ], [ 115.225569741322488, -2.7237776493875 ], [ 115.22555058943999, -2.723695076905017 ], [ 115.225531437554991, -2.723612505329982 ], [ 115.225514604007458, -2.723531731272487 ], [ 115.225497769557478, -2.723450957214993 ], [ 115.225480936007443, -2.723370183157499 ], [ 115.225464101557463, -2.723289409102506 ], [ 115.22544726800254, -2.723208635047513 ], [ 115.225430433549946, -2.723127860995021 ], [ 115.225413599995022, -2.723047086942472 ], [ 115.225396766439985, -2.722966312892481 ], [ 115.225392344034958, -2.722940432297491 ], [ 115.225383623167545, -2.722889390192506 ], [ 115.225370478997547, -2.722812465680022 ], [ 115.225357335722492, -2.722735542982491 ], [ 115.225344192447551, -2.722658619377512 ], [ 115.225340207819954, -2.722635303054972 ], [ 115.225331049172496, -2.722581695777478 ], [ 115.225317904994995, -2.722504772172499 ], [ 115.225304761717553, -2.722427848572522 ], [ 115.225282918142511, -2.722346652957526 ], [ 115.225261073665024, -2.722265458247477 ], [ 115.225239230990042, -2.72218426173248 ], [ 115.225217387412499, -2.72210306702749 ], [ 115.225204993912484, -2.722056999339998 ], [ 115.225195542937513, -2.722021871417496 ], [ 115.225173699362472, -2.721940674904999 ], [ 115.225151855785043, -2.721859480202511 ], [ 115.225130012207501, -2.721778283695016 ], [ 115.225108167732515, -2.721697088090025 ], [ 115.225086324152471, -2.721615893392482 ], [ 115.225064480575043, -2.721534696887488 ], [ 115.225042636994999, -2.721453502192503 ], [ 115.225020793417457, -2.721372305690011 ], [ 115.225011876299959, -2.721287596215006 ], [ 115.225002959182461, -2.721202885832497 ], [ 115.225000383557472, -2.721178420457477 ], [ 115.224994041162518, -2.721118176357493 ], [ 115.224985124040018, -2.721033465977484 ], [ 115.224976206915017, -2.720948755599977 ], [ 115.224967289785013, -2.720864046124973 ], [ 115.22495837265501, -2.720779335750024 ], [ 115.224949454622447, -2.720694625370015 ], [ 115.224940538384999, -2.72060991499751 ], [ 115.224931621247492, -2.720525204622504 ], [ 115.224922704104983, -2.720440495150001 ], [ 115.224913786962475, -2.720355784777496 ], [ 115.224905721255027, -2.720279170740014 ], [ 115.22490486891752, -2.720271075307494 ], [ 115.224895951767508, -2.720186364934989 ], [ 115.224887034617495, -2.720101654562484 ], [ 115.224873907792471, -2.720013451982481 ], [ 115.224860780962445, -2.719925250307483 ], [ 115.224847654135033, -2.719837046824978 ], [ 115.224834527302505, -2.719748844247476 ], [ 115.224821399567531, -2.719660641669975 ], [ 115.224808272732503, -2.719572439092474 ], [ 115.224795145894973, -2.719484235615028 ], [ 115.224782019052554, -2.719396033944975 ], [ 115.224780210450035, -2.719383881422516 ], [ 115.224768892210022, -2.719307831372475 ], [ 115.224755765364989, -2.719219628802477 ], [ 115.22474263761751, -2.719131426229978 ], [ 115.224729510769976, -2.719043222754976 ], [ 115.224716383917553, -2.718955021092484 ], [ 115.224703257065016, -2.718866817619983 ], [ 115.224682623807553, -2.718780103245024 ], [ 115.224661990552477, -2.718693388872509 ], [ 115.224641358194958, -2.718606673594991 ], [ 115.224620724937495, -2.718519959224977 ], [ 115.224614985235007, -2.718495836420004 ], [ 115.224600091680031, -2.718433244855021 ], [ 115.224579459320012, -2.718346529585006 ], [ 115.224558826060047, -2.718259815219994 ], [ 115.224538192797468, -2.718173100854983 ], [ 115.224517560434947, -2.718086385587526 ], [ 115.224472746039964, -2.718032532124994 ], [ 115.224427933444986, -2.717978677760016 ], [ 115.224383119055005, -2.717924824297484 ], [ 115.224338305569972, -2.717870969935007 ], [ 115.224302723904998, -2.717797944107474 ], [ 115.224267142245026, -2.717724918285001 ], [ 115.224249753517483, -2.717689231569977 ], [ 115.224231559687496, -2.717651891557523 ], [ 115.224195978027524, -2.717578866639997 ], [ 115.224160396372554, -2.717505840820024 ], [ 115.224124813820026, -2.717432815002496 ], [ 115.224087803617522, -2.717359548347474 ], [ 115.224050795217522, -2.717286280790006 ], [ 115.224013785022521, -2.717213013234982 ], [ 115.223976775727465, -2.717139745680015 ], [ 115.223939766435024, -2.717066479032496 ], [ 115.223908651164948, -2.716989273032482 ], [ 115.223877535899987, -2.716912066130021 ], [ 115.223862135514992, -2.716873852202525 ], [ 115.223846420632526, -2.716834860132508 ], [ 115.223815306267511, -2.716757653234993 ], [ 115.223784191904997, -2.716680447242481 ], [ 115.223753076642538, -2.716603241252528 ], [ 115.223724908317536, -2.716533343447509 ], [ 115.223721962280024, -2.716526034357514 ], [ 115.223690847019952, -2.716448828370005 ], [ 115.223655272189944, -2.716370538799993 ], [ 115.223619698257494, -2.716292249234982 ], [ 115.223584123429987, -2.716213959669972 ], [ 115.22354854860248, -2.716135670105018 ], [ 115.223512973777474, -2.716057381447513 ], [ 115.223506651734965, -2.716043467969996 ], [ 115.223477399855028, -2.715979091887505 ], [ 115.223441825035025, -2.715900802329998 ], [ 115.223406251114966, -2.715822512774992 ], [ 115.223370676297463, -2.715744223219986 ], [ 115.223335102382521, -2.715665933669982 ], [ 115.223300424602485, -2.715584236327516 ], [ 115.22329811161751, -2.715578785557511 ], [ 115.223265747722508, -2.715502538989995 ], [ 115.223231070845031, -2.715420840747527 ], [ 115.223196393067497, -2.715339143412507 ], [ 115.223161716192521, -2.715257446079988 ], [ 115.223144129072466, -2.715216011527502 ], [ 115.223127039322549, -2.715175747845024 ], [ 115.223092361550016, -2.715094051417509 ], [ 115.223057684680043, -2.71501235318749 ], [ 115.223017350445048, -2.714935731335004 ], [ 115.222977014410048, -2.714859110387522 ], [ 115.222936679282498, -2.714782487634977 ], [ 115.222896344154947, -2.714705865787494 ], [ 115.222856008129952, -2.714629244845014 ], [ 115.222815673007517, -2.714552623002476 ], [ 115.222781687867496, -2.714472022692519 ], [ 115.222752525742521, -2.714402861354984 ], [ 115.222747702727474, -2.71439142329001 ], [ 115.222713717589954, -2.714310822982497 ], [ 115.222679733352493, -2.714230222679987 ], [ 115.222645749115031, -2.714149624187485 ], [ 115.222611763982513, -2.714069023887475 ], [ 115.222577778852497, -2.713988423590024 ], [ 115.22254379372248, -2.71390782419752 ], [ 115.222509808594964, -2.713827223902513 ], [ 115.222474830172473, -2.713748218187504 ], [ 115.222439851757485, -2.713669210664989 ], [ 115.222404873337496, -2.713590204954983 ], [ 115.222396952867484, -2.71357231574251 ], [ 115.222369894922508, -2.713511199244977 ], [ 115.222334915612464, -2.71343219172752 ], [ 115.222299938100036, -2.713353186022516 ], [ 115.222264958789992, -2.713274180317512 ], [ 115.222229981282453, -2.713195172807502 ], [ 115.222195001977525, -2.713116167107501 ], [ 115.222160023572542, -2.713037161407499 ], [ 115.222125045172447, -2.712958153902491 ], [ 115.222090066769965, -2.712879148207492 ], [ 115.222056277192451, -2.712800741997512 ], [ 115.222032527787519, -2.71274563387999 ], [ 115.222022486717492, -2.712722334882528 ], [ 115.221988698042537, -2.712643928677494 ], [ 115.221954907572467, -2.712565521565011 ], [ 115.221921117999955, -2.712487116267482 ], [ 115.221887328432445, -2.712408709160002 ], [ 115.221853538865048, -2.712330302960027 ], [ 115.221819749297538, -2.712251896762496 ], [ 115.221785958834971, -2.712173489662518 ], [ 115.221752169272463, -2.712095084372493 ], [ 115.221718379712456, -2.712016677275017 ], [ 115.221684590152449, -2.711938271084989 ], [ 115.221673862630041, -2.711916434192517 ], [ 115.221646419367517, -2.711860564662516 ], [ 115.221608248584971, -2.711782859144989 ], [ 115.22157007780504, -2.711705152725017 ], [ 115.221531907027497, -2.711627447212493 ], [ 115.221493736252455, -2.711549740797523 ], [ 115.221455566377472, -2.711472036195005 ], [ 115.221417394709988, -2.711394329782479 ], [ 115.221379223939948, -2.711316624277515 ], [ 115.221341053175024, -2.711238917869991 ], [ 115.221302883310045, -2.711161212372474 ], [ 115.221275605032474, -2.71110568129501 ], [ 115.221264711652452, -2.711083505967508 ], [ 115.2212291366925, -2.711005395572499 ], [ 115.221193562632493, -2.710927286084996 ], [ 115.221157987677543, -2.710849175692488 ], [ 115.221122413620037, -2.710771066209986 ], [ 115.221086838669976, -2.710692955822481 ], [ 115.221051264617472, -2.71061484634248 ], [ 115.221015689670025, -2.710536735959977 ], [ 115.220980115622524, -2.710458625579975 ], [ 115.220947715665034, -2.710378826182477 ], [ 115.220915315707543, -2.710299025884979 ], [ 115.220907853682547, -2.710280647252489 ], [ 115.220882915755055, -2.710219225589981 ], [ 115.220850515799953, -2.710139426199987 ], [ 115.220818116745022, -2.710059626812495 ], [ 115.220785716792534, -2.709979827425002 ], [ 115.220753316845048, -2.709900027137508 ], [ 115.220720916897449, -2.709820226850013 ], [ 115.220688516949963, -2.70974042656502 ], [ 115.220652946327505, -2.709659984087523 ], [ 115.220617374807489, -2.709579540705022 ], [ 115.220581804187532, -2.709499099132472 ], [ 115.220558915017477, -2.709447336347523 ], [ 115.220546232670017, -2.709418655754973 ], [ 115.220510662054949, -2.70933821328498 ], [ 115.220475088180024, -2.709260004364978 ], [ 115.220442212350008, -2.709187728757513 ], [ 115.220439513407541, -2.709181793640028 ], [ 115.220403938637446, -2.709103584725028 ], [ 115.220368363869966, -2.709025374907526 ], [ 115.220332790002544, -2.708947165997472 ], [ 115.220297215237451, -2.708868956184972 ], [ 115.220261641372531, -2.708790747277476 ], [ 115.220226065714996, -2.708712536562473 ], [ 115.220222102907542, -2.70870382255498 ], [ 115.220190491854964, -2.708634327659979 ], [ 115.220186537315044, -2.708624262680019 ], [ 115.220160862369994, -2.708558918124993 ], [ 115.220131231087521, -2.708483508590007 ], [ 115.220101600702492, -2.708408099057522 ], [ 115.220071971222524, -2.708332688622477 ], [ 115.220042339940051, -2.708257279997497 ], [ 115.220012709562525, -2.70818186956501 ], [ 115.219983246294987, -2.708109023900022 ], [ 115.219953781229947, -2.708036179139981 ], [ 115.219924317067466, -2.70796333257249 ], [ 115.219894852902485, -2.707890487817508 ], [ 115.219865388740004, -2.707817642157522 ], [ 115.219852127897525, -2.707784856227477 ], [ 115.219835923679966, -2.707744797402484 ], [ 115.219806460420045, -2.707671950844997 ], [ 115.21977283565252, -2.707590988617483 ], [ 115.219739212679997, -2.707510028204979 ], [ 115.219705588815032, -2.707429065985025 ], [ 115.219671965850011, -2.707348103767515 ], [ 115.219638341987547, -2.707267141550005 ], [ 115.219604719022527, -2.707186181145005 ], [ 115.219571095162451, -2.707105218932497 ], [ 115.219537472202546, -2.707024256722491 ], [ 115.219506630692536, -2.706949996572519 ], [ 115.219503848344971, -2.706943295417489 ], [ 115.219470225387454, -2.706862334114987 ], [ 115.219436600635049, -2.706781371909983 ], [ 115.219404590905015, -2.706705958899988 ], [ 115.219372582072538, -2.706630545894996 ], [ 115.219340572345004, -2.706555132890003 ], [ 115.219308561720027, -2.70647971988501 ], [ 115.219276552895053, -2.70640430688502 ], [ 115.219244543170021, -2.706328893884972 ], [ 115.219212534347548, -2.706253480889984 ], [ 115.219180523727459, -2.706178067892495 ], [ 115.219155534247534, -2.706117504382519 ], [ 115.219148913217509, -2.706101459132526 ], [ 115.219117300907556, -2.706024851277505 ], [ 115.219085690399993, -2.705948241617477 ], [ 115.219054078992485, -2.705871633767515 ], [ 115.219022466687534, -2.705795025012492 ], [ 115.218990856179971, -2.705718417164974 ], [ 115.218959244777466, -2.705641808417511 ], [ 115.218927633377461, -2.70556519966749 ], [ 115.218896021977457, -2.705488590922528 ], [ 115.218868601804957, -2.70541267199502 ], [ 115.218841181634957, -2.705336753067513 ], [ 115.218820194675004, -2.705278645157478 ], [ 115.218813762365016, -2.705260834145008 ], [ 115.218786341294958, -2.705184916122505 ], [ 115.21875892112746, -2.705108997202501 ], [ 115.218731500959962, -2.705033078282497 ], [ 115.218704080792463, -2.704957159362493 ], [ 115.218681736085045, -2.704871260242498 ], [ 115.218659391377514, -2.704785361122504 ], [ 115.21863704487248, -2.704699461097505 ], [ 115.218614700162448, -2.704613561982512 ], [ 115.218592354554971, -2.704527662865019 ], [ 115.218570009842551, -2.704441763752527 ], [ 115.218562585150039, -2.704413223890015 ], [ 115.218547664234961, -2.704355863734975 ], [ 115.218525318624984, -2.704269964624984 ], [ 115.218502973909949, -2.704184066419998 ], [ 115.218478936357542, -2.704101579349981 ], [ 115.218454897904962, -2.704019092280021 ], [ 115.218430860350054, -2.703936605212505 ], [ 115.218406821894973, -2.703854119047492 ], [ 115.218382784342452, -2.703771631984978 ], [ 115.218358745887485, -2.70368914492002 ], [ 115.218334709232522, -2.703606657860007 ], [ 115.218316330987477, -2.703543597505018 ], [ 115.218313217245054, -2.703532910737522 ], [ 115.218310670780056, -2.703524170799994 ], [ 115.218286633225034, -2.703441683742483 ], [ 115.218262594769953, -2.703359197587474 ], [ 115.218238557215045, -2.703276711437525 ], [ 115.218214518759964, -2.703194224382514 ], [ 115.218190481205056, -2.703111737332506 ], [ 115.218169195219957, -2.703024376694998 ], [ 115.218147910130028, -2.702937016962494 ], [ 115.218142424379948, -2.702914505139972 ], [ 115.218126624140041, -2.702849658137495 ], [ 115.218105339049998, -2.702762298409993 ], [ 115.218084053062512, -2.702674937777488 ], [ 115.218082980402528, -2.70267053781248 ], [ 115.218062767070023, -2.702587578052487 ], [ 115.21804148197748, -2.702500219232491 ], [ 115.218020195984991, -2.702412858607488 ], [ 115.21799651666754, -2.702335066177511 ], [ 115.217972838250034, -2.702257272844975 ], [ 115.217949159830027, -2.70217948042 ], [ 115.217925481415023, -2.702101686187518 ], [ 115.217901802097458, -2.702023892859984 ], [ 115.217878122780007, -2.70194610043751 ], [ 115.217854445262446, -2.701868307112477 ], [ 115.217834222217448, -2.701801869317478 ], [ 115.217830765947497, -2.701790513790002 ], [ 115.217797048239959, -2.701708585795018 ], [ 115.217763328737533, -2.701626656897474 ], [ 115.217729611034997, -2.701544728907493 ], [ 115.217695893334962, -2.701462800015008 ], [ 115.217662173837539, -2.701380872027528 ], [ 115.217628456140005, -2.701298943137488 ], [ 115.217594738442472, -2.701217015157511 ], [ 115.21756101895005, -2.701135086270028 ], [ 115.217527301255018, -2.701053158292495 ], [ 115.217488665117457, -2.70097653928002 ], [ 115.217484851717472, -2.700968976650017 ], [ 115.217450029884958, -2.70089992026999 ], [ 115.217411393752514, -2.700823301262517 ], [ 115.217372759419959, -2.700746683162492 ], [ 115.217334123295018, -2.700670064160022 ], [ 115.217295488070022, -2.700593445157494 ], [ 115.217256851947468, -2.700516826157525 ], [ 115.217218216727474, -2.70044020716 ], [ 115.217179580612537, -2.700363588162475 ], [ 115.21714094629499, -2.700286969170008 ], [ 115.217102310182554, -2.70021035108249 ], [ 115.217078165529983, -2.700162469530028 ], [ 115.217063674972451, -2.700133732092524 ], [ 115.217025038867519, -2.700057113102503 ], [ 115.216986403662531, -2.699980494117483 ], [ 115.216944636259996, -2.699907699202527 ], [ 115.216902867962517, -2.69983490338501 ], [ 115.216861099670041, -2.699762107567494 ], [ 115.21681933227751, -2.699689312659984 ], [ 115.216777563089977, -2.699616516845026 ], [ 115.216735794805004, -2.699543721937516 ], [ 115.216694027422477, -2.699470927035009 ], [ 115.216652259142506, -2.69939813213 ], [ 115.216638399467456, -2.699373976672518 ], [ 115.216610490867538, -2.699325336324989 ], [ 115.216568722592456, -2.699252541424983 ], [ 115.216527107377487, -2.699175918065009 ], [ 115.216485491267463, -2.69909929470748 ], [ 115.216443875160053, -2.699022671350008 ], [ 115.21640225905503, -2.69894604799498 ], [ 115.21636064295501, -2.69886942464251 ], [ 115.216319025955045, -2.698792802192486 ], [ 115.216277409862528, -2.698716177940014 ], [ 115.216235793770011, -2.698639554592489 ], [ 115.216204518027553, -2.698581969659983 ], [ 115.216194177677494, -2.698562932152527 ], [ 115.21615256159248, -2.698486308807503 ], [ 115.216110946407525, -2.698409684562478 ], [ 115.216069330327514, -2.698333062127517 ], [ 115.216027714250004, -2.698256438789997 ], [ 115.215991109682477, -2.698185291880009 ], [ 115.215954506017511, -2.698114144972521 ], [ 115.215917902355045, -2.698042998064977 ], [ 115.215881296894963, -2.69797185115749 ], [ 115.2158446932375, -2.697900704255005 ], [ 115.215808088682479, -2.69782955735252 ], [ 115.215783998292522, -2.697782732107498 ], [ 115.215771485030018, -2.697758409549976 ], [ 115.215730356320023, -2.697682426264976 ], [ 115.215689226717473, -2.697606441172525 ], [ 115.215648098017482, -2.697530456987522 ], [ 115.215606969319992, -2.697454471900016 ], [ 115.215565840622503, -2.697378487720016 ], [ 115.215524711932517, -2.697302502635011 ], [ 115.215483583240029, -2.697226519362516 ], [ 115.215442453654987, -2.697150534282514 ], [ 115.215401324970003, -2.697074550110017 ], [ 115.215360196290021, -2.696998565032516 ], [ 115.215354600185037, -2.696988227289978 ], [ 115.215319066712482, -2.69692258086252 ], [ 115.215277938937447, -2.696846595792522 ], [ 115.21523681026747, -2.696770611627528 ], [ 115.215195680700049, -2.696694626557473 ], [ 115.215154552029958, -2.696618643299985 ], [ 115.215110543022547, -2.696540275757513 ], [ 115.215066533114964, -2.696461910022492 ], [ 115.215022524110054, -2.696383543385025 ], [ 115.214978515110033, -2.696305175847499 ], [ 115.214934506112513, -2.696226810119981 ], [ 115.214918132342518, -2.696197653074989 ], [ 115.21489049622005, -2.696148442585013 ], [ 115.214846487230034, -2.696070075957493 ], [ 115.214802478242518, -2.695991709332475 ], [ 115.214758469260005, -2.695913342710014 ], [ 115.214714460279993, -2.695834976089998 ], [ 115.214670450405038, -2.695756608564977 ], [ 115.214626441430028, -2.695678242852523 ], [ 115.214582431559961, -2.695599876235008 ], [ 115.214538422594956, -2.695521508717491 ], [ 115.214494412732506, -2.695443143009982 ], [ 115.214475950099995, -2.695410265434987 ], [ 115.214450403772503, -2.695364776402528 ], [ 115.214406394817502, -2.695286408890013 ], [ 115.214362385862501, -2.695208043190007 ], [ 115.214318376912502, -2.695129675684996 ], [ 115.214274367067446, -2.695051309082487 ], [ 115.21423035812245, -2.694972943387484 ], [ 115.214186349184956, -2.694894575887474 ], [ 115.214143628577517, -2.694821938844996 ], [ 115.214100908875025, -2.694749301805018 ], [ 115.214058190072478, -2.694676664767485 ], [ 115.214028393475019, -2.69462600247499 ], [ 115.21401547037749, -2.694604027730009 ], [ 115.213972749782556, -2.694531390694976 ], [ 115.213930030092456, -2.694458752757498 ], [ 115.213887311305029, -2.694386115727525 ], [ 115.213844590722488, -2.694313478694994 ], [ 115.213801871040005, -2.694240841667522 ], [ 115.213759151362524, -2.694168204642494 ], [ 115.213716431687544, -2.694095567617524 ], [ 115.213673712014952, -2.694022930594997 ], [ 115.213630717602541, -2.693946306242481 ], [ 115.213587724092463, -2.693869680985017 ], [ 115.213574207897523, -2.69384559299499 ], [ 115.213544729685054, -2.693793055729998 ], [ 115.213501736182479, -2.693716429574977 ], [ 115.21345874178246, -2.693639805227519 ], [ 115.213415749184946, -2.693563179982505 ], [ 115.213372754790043, -2.693486554734989 ], [ 115.213329761299974, -2.693409930394978 ], [ 115.213286766912461, -2.693333305152521 ], [ 115.213243773427507, -2.693256679912508 ], [ 115.213200779047497, -2.693180054674997 ], [ 115.213157784667487, -2.693103430342489 ], [ 115.213132317384975, -2.693058040929998 ], [ 115.213114791195039, -2.693026804202475 ], [ 115.213071797722478, -2.692950178972524 ], [ 115.213028804255032, -2.692873553742515 ], [ 115.212985809890029, -2.692796929417511 ], [ 115.212942816427471, -2.692720304192505 ], [ 115.212901293167533, -2.69264308341252 ], [ 115.212859769010038, -2.692565861729975 ], [ 115.212818245757489, -2.692488640954991 ], [ 115.212776723405, -2.692411420182509 ], [ 115.212735199255008, -2.692334199410027 ], [ 115.212698523170047, -2.692265992315015 ], [ 115.212693676012464, -2.692256977734985 ], [ 115.212652152770033, -2.692179756065002 ], [ 115.212610628630046, -2.692102535297522 ], [ 115.21256910629495, -2.692025313629983 ], [ 115.212527583060023, -2.691948092870007 ], [ 115.21248605893004, -2.691870872109973 ], [ 115.212444535702502, -2.691793651352498 ], [ 115.212403013377525, -2.691716429692519 ], [ 115.21236149015499, -2.691639208939989 ], [ 115.212319966037512, -2.691561988187516 ], [ 115.212278442819979, -2.691484767437487 ], [ 115.212270732850016, -2.691470606962525 ], [ 115.212235300347515, -2.691405532302497 ], [ 115.212192157877553, -2.691326296265004 ], [ 115.212149015412479, -2.691247061135016 ], [ 115.212105872047459, -2.691167826005028 ], [ 115.212062729587501, -2.691088590879986 ], [ 115.212019587132545, -2.691009354849996 ], [ 115.211976444677475, -2.690930119730012 ], [ 115.211933302227521, -2.690850884609972 ], [ 115.21189015888001, -2.690771650394993 ], [ 115.211847017335003, -2.690692414375008 ], [ 115.211838869720054, -2.690677451172519 ], [ 115.211803873994995, -2.690613179260026 ], [ 115.211762461654985, -2.690533945794982 ], [ 115.211721049317475, -2.690454713234999 ], [ 115.211679636982467, -2.690375480677517 ], [ 115.21163822464996, -2.690296248122479 ], [ 115.211596813220012, -2.690217014664995 ], [ 115.21155539999495, -2.690137782112515 ], [ 115.211513987672447, -2.690058548659977 ], [ 115.211508683569946, -2.690048402172522 ], [ 115.211472576250003, -2.689979316115 ], [ 115.211431163932502, -2.689900083570024 ], [ 115.211419413314957, -2.689877601482522 ], [ 115.211389750717444, -2.68982085102499 ], [ 115.211348339305005, -2.689741617580012 ], [ 115.211302971075042, -2.689672432880002 ], [ 115.211257602844967, -2.689603248182493 ], [ 115.211212234622508, -2.68953406257998 ], [ 115.211166867299994, -2.689464877887474 ], [ 115.211121498179978, -2.689395694097527 ], [ 115.211076129967523, -2.689326509405021 ], [ 115.211030761757456, -2.689257323810011 ], [ 115.210985393550004, -2.689188139122507 ], [ 115.210940026247499, -2.689118954437504 ], [ 115.210936424937472, -2.689115825782494 ], [ 115.21088299800499, -2.689069424042486 ], [ 115.210878248942549, -2.689065299904996 ], [ 115.210825968867539, -2.689019893647526 ], [ 115.210768940637536, -2.688970363255009 ], [ 115.210711913309979, -2.688920832864994 ], [ 115.210654884187534, -2.688871303374981 ], [ 115.210597855970036, -2.688821772982521 ], [ 115.210529730937537, -2.688768239312481 ], [ 115.210461605014984, -2.688714704739994 ], [ 115.210393479997492, -2.688661171070009 ], [ 115.210325354987503, -2.688607637402527 ], [ 115.210257229084959, -2.688554102827482 ], [ 115.210241813452512, -2.688541989124985 ], [ 115.210189104087476, -2.688500569159999 ], [ 115.210120979097496, -2.68844703458501 ], [ 115.210052853214961, -2.688393500917527 ], [ 115.209984728239988, -2.688339967247487 ], [ 115.209916603272518, -2.688286432677501 ], [ 115.209848477409992, -2.688232899007517 ], [ 115.209780351554969, -2.688179365337476 ], [ 115.209765066245041, -2.688166687565001 ], [ 115.209714546307509, -2.688124790660027 ], [ 115.209648741065052, -2.688070217790028 ], [ 115.20958293493004, -2.688015644015024 ], [ 115.209538431592478, -2.687978736692514 ], [ 115.209517129699975, -2.687961071147527 ], [ 115.209451323577468, -2.687906497372524 ], [ 115.209385519262469, -2.687851923602523 ], [ 115.209319713152468, -2.68779734982752 ], [ 115.209253907950028, -2.687742776960022 ], [ 115.209188101855034, -2.68768820318752 ], [ 115.209122296664987, -2.687633630320022 ], [ 115.209056490584999, -2.687579055645017 ], [ 115.208990685407457, -2.687524482777519 ], [ 115.208924880237532, -2.687469909007518 ], [ 115.208858347902492, -2.687411433152477 ], [ 115.208846620057557, -2.687401125285021 ], [ 115.208791815574955, -2.687352957297492 ], [ 115.208725285055039, -2.687294479637501 ], [ 115.208658752740007, -2.687236003782516 ], [ 115.208592221332538, -2.687177527929975 ], [ 115.208525689030012, -2.687119052077492 ], [ 115.20845915673749, -2.687060576225008 ], [ 115.208392626252476, -2.687002098567518 ], [ 115.20832609397246, -2.686943622717479 ], [ 115.208259561699947, -2.686885146864995 ], [ 115.208193027862535, -2.686828363802476 ], [ 115.208168425354984, -2.686807366590017 ], [ 115.208126493134955, -2.686771580740015 ], [ 115.208059959315051, -2.686714797677496 ], [ 115.207993424602478, -2.686658013709973 ], [ 115.20792688989502, -2.686601230650012 ], [ 115.20786035609251, -2.686544447587494 ], [ 115.207793822297504, -2.68648766543248 ], [ 115.207727286712498, -2.686430882370018 ], [ 115.207660752929996, -2.686374099312502 ], [ 115.2075942191575, -2.686317315349982 ], [ 115.207527685392506, -2.686260532290021 ], [ 115.207482829010019, -2.686222250872504 ], [ 115.207461149832511, -2.686203749230003 ], [ 115.207394616080023, -2.686146966172487 ], [ 115.207328869797493, -2.686093436024976 ], [ 115.207263124422525, -2.686039904972517 ], [ 115.207197379052445, -2.685986374825006 ], [ 115.207131632790038, -2.685932843772491 ], [ 115.207065887432464, -2.685879313627481 ], [ 115.207000141184949, -2.685825782575023 ], [ 115.206934395839994, -2.685772253332516 ], [ 115.206868649602484, -2.685718723185005 ], [ 115.206802904272536, -2.685665192134991 ], [ 115.206785671507532, -2.685651161420026 ], [ 115.206737158050032, -2.685611661989981 ], [ 115.206671412732476, -2.685558130940024 ], [ 115.206605667422536, -2.685504600795014 ], [ 115.206535470012454, -2.685449285387506 ], [ 115.206465274412494, -2.685393969079996 ], [ 115.206395077020034, -2.685338652769985 ], [ 115.206324881434966, -2.685283335557472 ], [ 115.206254684055011, -2.685228020152522 ], [ 115.206184487585006, -2.685172703845012 ], [ 115.206114291120002, -2.685117388440005 ], [ 115.206080180890012, -2.685090508509973 ], [ 115.206044094662502, -2.685062072132496 ], [ 115.205973898215007, -2.685006755824986 ], [ 115.205903701772513, -2.684951438612472 ], [ 115.205833505337523, -2.684896123207523 ], [ 115.205763308012479, -2.684840806900013 ], [ 115.205693111592495, -2.684785490592503 ], [ 115.205627437415046, -2.684733193069974 ], [ 115.205561761447484, -2.684680894642497 ], [ 115.205496086384983, -2.684628597120025 ], [ 115.20543041043004, -2.684576298692491 ], [ 115.205373675760029, -2.684531120092515 ], [ 115.205364735380044, -2.684524001170018 ], [ 115.205299060337552, -2.68447170364999 ], [ 115.205233384400003, -2.684419406127518 ], [ 115.205167709372517, -2.684367107699984 ], [ 115.205102034347533, -2.684314810180013 ], [ 115.205036358432494, -2.684262511752479 ], [ 115.204970683420015, -2.684210214232507 ], [ 115.20490731669247, -2.684156686700021 ], [ 115.20484394996754, -2.684103160069981 ], [ 115.204780584147557, -2.684049633444999 ], [ 115.204717218337464, -2.683996105912513 ], [ 115.204675754617483, -2.683961081255006 ], [ 115.204653850732484, -2.683942579284974 ], [ 115.20459048493251, -2.683889051754988 ], [ 115.204527119137538, -2.683835525130007 ], [ 115.204463751552453, -2.683781997597521 ], [ 115.204400385772487, -2.683728470972483 ], [ 115.204337019995023, -2.683674944350003 ], [ 115.204282387394983, -2.683628794959986 ], [ 115.204273653327505, -2.683621416820017 ], [ 115.204210286664988, -2.683567890194979 ], [ 115.204146132729988, -2.683510373690012 ], [ 115.204081979695047, -2.683452858997498 ], [ 115.204017825770052, -2.68339534339998 ], [ 115.203992838807494, -2.683372941299979 ], [ 115.203953671852446, -2.683337826897514 ], [ 115.203889518837514, -2.683280312205 ], [ 115.203825364932527, -2.683222795704978 ], [ 115.203761211932488, -2.683165281012521 ], [ 115.203697058037505, -2.683107765417503 ], [ 115.203624170057537, -2.683057679940021 ], [ 115.203551282079957, -2.683007595364984 ], [ 115.203478394114995, -2.682957508982497 ], [ 115.203405506152535, -2.682907424407517 ], [ 115.203332618202467, -2.682857338929978 ], [ 115.203281794537475, -2.682822415297494 ], [ 115.203259730255013, -2.682807254352497 ], [ 115.203186842319951, -2.682757167967509 ], [ 115.203129542752549, -2.682717794830012 ], [ 115.203113954387504, -2.682707083392472 ], [ 115.203041065567504, -2.682656997909987 ], [ 115.202964998380025, -2.682612224814989 ], [ 115.202888930299991, -2.682567451717489 ], [ 115.202812862229962, -2.682522678617488 ], [ 115.202736794162547, -2.682477906422491 ], [ 115.202660726107524, -2.682433132417486 ], [ 115.20258465895995, -2.682388359317486 ], [ 115.202516642719957, -2.682348324700001 ], [ 115.202508590917546, -2.682343586214984 ], [ 115.202432522885033, -2.682298813109981 ], [ 115.202356454857522, -2.682254040004977 ], [ 115.202281733130008, -2.68221838297751 ], [ 115.202207012307554, -2.682182726852488 ], [ 115.202132289694987, -2.682147069817518 ], [ 115.202057567987481, -2.682111412784991 ], [ 115.201982846287478, -2.682075755747519 ], [ 115.201908124592478, -2.682040099614994 ], [ 115.201833402904981, -2.682004442575021 ], [ 115.201749700839969, -2.681973695087493 ], [ 115.201706931312515, -2.681957983597499 ], [ 115.201665999685019, -2.681942946690015 ], [ 115.201582297635014, -2.681912199194983 ], [ 115.201498597392515, -2.681881450795004 ], [ 115.201414895357516, -2.681850703292525 ], [ 115.201331193335022, -2.681819953979982 ], [ 115.201247492214975, -2.681789205569999 ], [ 115.201163790204987, -2.681758458060017 ], [ 115.201080089099946, -2.681727709642473 ], [ 115.200996387104965, -2.681696962127489 ], [ 115.200918383392491, -2.681674835245019 ], [ 115.200859008067482, -2.681657993282499 ], [ 115.20084037878496, -2.681652709259993 ], [ 115.200762375087493, -2.68163058237252 ], [ 115.200684371390025, -2.681608456384993 ], [ 115.200606365904946, -2.681586328582512 ], [ 115.200528362224986, -2.681564201682477 ], [ 115.200450357647469, -2.681542075685002 ], [ 115.200372353977514, -2.681519948780021 ], [ 115.200294350309946, -2.681497822774986 ], [ 115.200216345752551, -2.681475695862503 ], [ 115.200156766350005, -2.681454545665019 ], [ 115.200138139024943, -2.681447933275024 ], [ 115.200059931407509, -2.681420169779983 ], [ 115.199998078194994, -2.68139821322751 ], [ 115.199981723789961, -2.681392408087504 ], [ 115.199903517084977, -2.681364644587518 ], [ 115.19982530858249, -2.681336881987477 ], [ 115.19974710188751, -2.681309119384991 ], [ 115.199668895200034, -2.681281356782506 ], [ 115.199590686717556, -2.681253594172517 ], [ 115.199512480042472, -2.681225830657525 ], [ 115.199428989152466, -2.681195934307482 ], [ 115.199345498269963, -2.681166037049991 ], [ 115.199262007397465, -2.681136138884995 ], [ 115.199178514729965, -2.68110624162 ], [ 115.199150503794954, -2.681096211694978 ], [ 115.199095023869972, -2.681076345257509 ], [ 115.199011533014982, -2.681046447987512 ], [ 115.198928042172497, -2.68101654981001 ], [ 115.198844551332513, -2.680986653440016 ], [ 115.198761059602475, -2.680956756160015 ], [ 115.198681500805037, -2.680933148420024 ], [ 115.198601942014989, -2.680909539774973 ], [ 115.198522383227555, -2.68088593202998 ], [ 115.198442823549954, -2.680862324279985 ], [ 115.198363263879969, -2.680838715622485 ], [ 115.198295112895039, -2.680818493127504 ], [ 115.198283705112544, -2.680815107867488 ], [ 115.198204146352509, -2.680791499204986 ], [ 115.198124586700033, -2.680767891444987 ], [ 115.198045027952503, -2.680744282774981 ], [ 115.197965469209976, -2.680720675007478 ], [ 115.197885909575007, -2.680697067237475 ], [ 115.197806152397447, -2.680672656184981 ], [ 115.197726395227505, -2.680648244224983 ], [ 115.197646637162507, -2.680623833164987 ], [ 115.197566880004956, -2.680599421197485 ], [ 115.197487121952463, -2.680575010132486 ], [ 115.197433825589997, -2.68055869701999 ], [ 115.197407364807532, -2.680550598159982 ], [ 115.197327606770045, -2.68052618708748 ], [ 115.197247849637506, -2.680501775109974 ], [ 115.197168091612525, -2.680477364030025 ], [ 115.197088335390049, -2.680452952047517 ], [ 115.19700857737746, -2.680428540962509 ], [ 115.196928820270045, -2.680404128972498 ], [ 115.196849062269962, -2.680379717882488 ], [ 115.196769305175053, -2.680355306789977 ], [ 115.196689547187475, -2.680330894787517 ], [ 115.196609790104958, -2.680306483687502 ], [ 115.196573582727524, -2.680295401694991 ], [ 115.196530033029944, -2.680282071682484 ], [ 115.196450275059988, -2.680257660575023 ], [ 115.19637051799748, -2.680233248565003 ], [ 115.196290760939974, -2.680208838357487 ], [ 115.196211002990026, -2.680184426337519 ], [ 115.196131245947527, -2.680160015219997 ], [ 115.19605148891003, -2.680135603195026 ], [ 115.195971731877535, -2.680111192072502 ], [ 115.195891973954986, -2.680086780040028 ], [ 115.195812216934996, -2.680062368910001 ], [ 115.195730063644987, -2.680037887312494 ], [ 115.19571312102255, -2.680032838137492 ], [ 115.195647911260039, -2.680013404807482 ], [ 115.195565757982536, -2.679988923204974 ], [ 115.195483604712535, -2.679964440692515 ], [ 115.195401452347483, -2.679939959082503 ], [ 115.195319299089988, -2.679915476564986 ], [ 115.195237145839997, -2.679890994947527 ], [ 115.195154992595008, -2.67986651332501 ], [ 115.195072840257467, -2.679842030799989 ], [ 115.194990687024983, -2.679817549172526 ], [ 115.194908533802504, -2.679793066635 ], [ 115.194851078690021, -2.679775570849984 ], [ 115.194829581107456, -2.67976902469502 ], [ 115.194750629322471, -2.679744981847477 ], [ 115.194671675739983, -2.679720939897493 ], [ 115.194592723965002, -2.679696897042504 ], [ 115.194513771294964, -2.679672855090018 ], [ 115.194434818632544, -2.679648813132474 ], [ 115.194355865977514, -2.67962477026748 ], [ 115.194276914225043, -2.679600728307491 ], [ 115.194197960682459, -2.679576685434995 ], [ 115.194119008944995, -2.679552642562498 ], [ 115.194040793360045, -2.679531260210013 ], [ 115.193989407362551, -2.679517212300027 ], [ 115.19396257688004, -2.679509876950021 ], [ 115.193884360405036, -2.679488494589975 ], [ 115.193806143937536, -2.679467112227485 ], [ 115.193727928374983, -2.679445728957489 ], [ 115.193649711919988, -2.679424345684993 ], [ 115.193571494570051, -2.679402964215001 ], [ 115.193493279025006, -2.679381580937502 ], [ 115.193415062587519, -2.6793601976525 ], [ 115.193328371114944, -2.679350499317479 ], [ 115.193241677849983, -2.679340800972511 ], [ 115.193154986390027, -2.679331101722482 ], [ 115.193112913274945, -2.679326395047497 ], [ 115.193068293134957, -2.67932140336751 ], [ 115.192981600784947, -2.679311705007478 ], [ 115.192894908442554, -2.679302005739999 ], [ 115.19280821610505, -2.679292307372521 ], [ 115.192721522869988, -2.679282608994981 ], [ 115.192634831445048, -2.679272909712495 ], [ 115.192553258415046, -2.679274155949997 ], [ 115.192471686289991, -2.679275402184999 ], [ 115.192390113267493, -2.679276648412497 ], [ 115.192308541150055, -2.679277893729989 ], [ 115.192226968134946, -2.679279139944981 ], [ 115.192216708902492, -2.679279296532513 ], [ 115.192145396025012, -2.679280386157473 ], [ 115.19206382301752, -2.679281632362517 ], [ 115.192000341559947, -2.679307058192478 ], [ 115.191936861002546, -2.679332484924998 ], [ 115.191873380445031, -2.679357910747513 ], [ 115.191837601677548, -2.679420064407509 ], [ 115.191801822907451, -2.679482216254996 ], [ 115.191796869157542, -2.679490821977481 ], [ 115.191766045030022, -2.679544369004986 ], [ 115.191730266250033, -2.679606520845027 ], [ 115.19169211168753, -2.679666278294974 ], [ 115.191689596230049, -2.679670218037472 ], [ 115.191653958022471, -2.679726033930024 ], [ 115.191631270230005, -2.679761568410015 ], [ 115.191615804350022, -2.679785791372524 ], [ 115.19161087167754, -2.679793514567507 ], [ 115.19159213957505, -2.679822853502515 ], [ 115.191577649777514, -2.679845547000014 ], [ 115.191520483080012, -2.679891399437508 ], [ 115.19146331638251, -2.679937250057492 ], [ 115.191406148779947, -2.679983101577477 ], [ 115.191348982072554, -2.680028953092517 ], [ 115.191291815362547, -2.680074804602498 ], [ 115.191221347669966, -2.68010532543002 ], [ 115.19115087998, -2.680135844442475 ], [ 115.191080413187478, -2.680166364354989 ], [ 115.191009944592452, -2.680196883352494 ], [ 115.190939477797542, -2.680227403250001 ], [ 115.190871441565037, -2.680268316694992 ], [ 115.190833789254953, -2.68029095948998 ], [ 115.190803407130034, -2.680309230134981 ], [ 115.190735370892526, -2.680350143565022 ], [ 115.190667334650016, -2.680391057892507 ], [ 115.190599299304949, -2.68043197221499 ], [ 115.190531263957496, -2.680472884720018 ], [ 115.190463227707482, -2.680513799027494 ], [ 115.190392984417485, -2.680554368237495 ], [ 115.190322739329986, -2.680594935629983 ], [ 115.190252495137543, -2.680635504824977 ], [ 115.190182250939984, -2.68067607310752 ], [ 115.190112005842479, -2.680716642287507 ], [ 115.190057880945005, -2.680747900750021 ], [ 115.190041761642533, -2.680757209649983 ], [ 115.189971517437471, -2.680797778817521 ], [ 115.189901273230021, -2.680838347069994 ], [ 115.189837311709994, -2.68088200094752 ], [ 115.189773350187465, -2.680925654814985 ], [ 115.18970938866255, -2.680969308677504 ], [ 115.189645428034964, -2.681012961630017 ], [ 115.189581467399989, -2.681056616384978 ], [ 115.189517504965011, -2.681100270227489 ], [ 115.189453544325033, -2.681143924064997 ], [ 115.189383061099988, -2.68118497116501 ], [ 115.189312577874944, -2.681226017355016 ], [ 115.189299943144988, -2.681233375507475 ], [ 115.18924209464501, -2.681267064440021 ], [ 115.189171612315022, -2.681308109712518 ], [ 115.189101129077471, -2.681349156785018 ], [ 115.189030645842536, -2.681390202945011 ], [ 115.188960162599983, -2.68143125 ], [ 115.188889680257489, -2.68147229614749 ], [ 115.188819197010048, -2.681513343189977 ], [ 115.188748713759992, -2.681554389320013 ], [ 115.188675870969973, -2.681601568230008 ], [ 115.188603027277509, -2.681648747129998 ], [ 115.188530183580042, -2.681695926022485 ], [ 115.188528266450021, -2.681697168332505 ], [ 115.188486995072481, -2.681723899187489 ], [ 115.188457340777518, -2.681743104907525 ], [ 115.188384497969992, -2.68179028469001 ], [ 115.188360763370042, -2.681805657022494 ], [ 115.188311654260019, -2.681837463557486 ], [ 115.18823881144499, -2.681884643322519 ], [ 115.188165967727514, -2.681931822172487 ], [ 115.188093124007537, -2.681979001015009 ], [ 115.188020281182503, -2.682026179852528 ], [ 115.187947438352467, -2.682073358679986 ], [ 115.187874594619984, -2.682120538402501 ], [ 115.1878017508825, -2.682167717212508 ], [ 115.187772290085036, -2.682186798402483 ], [ 115.187728908042459, -2.682214896015012 ], [ 115.18765606519753, -2.682262074810012 ], [ 115.187583220549982, -2.682309253595008 ], [ 115.187510377697549, -2.682356433277505 ], [ 115.187434651172453, -2.68240417110502 ], [ 115.187358923747524, -2.682451908020028 ], [ 115.187283197217539, -2.682499645829978 ], [ 115.187207468885049, -2.682547382724977 ], [ 115.187131742342444, -2.68259512142248 ], [ 115.187056014900008, -2.682642859204975 ], [ 115.187012454834985, -2.682670319002511 ], [ 115.186980288355016, -2.68269059607502 ], [ 115.186904560904964, -2.682738333842508 ], [ 115.186828832552465, -2.682786070692487 ], [ 115.186753105992466, -2.682833809345027 ], [ 115.186677379429966, -2.6828815461825 ], [ 115.18660165196502, -2.682929283912472 ], [ 115.186525925392516, -2.682977021634997 ], [ 115.186450197020008, -2.683024759347518 ], [ 115.186374470440001, -2.683072497052478 ], [ 115.186298742960048, -2.683120233842487 ], [ 115.186250571970049, -2.683150600235024 ], [ 115.186223016372537, -2.683167972435001 ], [ 115.186147287985023, -2.683215709207502 ], [ 115.186071561390008, -2.683263446877504 ], [ 115.185995833892548, -2.683311183634999 ], [ 115.185920459817453, -2.683357673937508 ], [ 115.185845086640029, -2.68340416333001 ], [ 115.185769712560045, -2.683450652712509 ], [ 115.185694339375004, -2.683497142992508 ], [ 115.185618966184961, -2.683543632359999 ], [ 115.185543592094973, -2.683590121714985 ], [ 115.185485609112447, -2.683625885392473 ], [ 115.185468217997482, -2.683636611967472 ], [ 115.185392844797548, -2.68368310131001 ], [ 115.185317470695054, -2.683729590639985 ], [ 115.185242096587444, -2.683776080865016 ], [ 115.18516672427495, -2.683822570182485 ], [ 115.185091350159951, -2.68386906039251 ], [ 115.18501597604245, -2.683915548785023 ], [ 115.184940601919948, -2.683962038974983 ], [ 115.184865228692502, -2.684008529159996 ], [ 115.184789854564997, -2.684055018432502 ], [ 115.184719097544985, -2.684098659847507 ], [ 115.184714481330047, -2.684101507695004 ], [ 115.184639108092483, -2.684147996950003 ], [ 115.184563733952473, -2.684194487100001 ], [ 115.18448835980746, -2.684240976334991 ], [ 115.184412985659947, -2.684287465562477 ], [ 115.184337613307548, -2.684333954785018 ], [ 115.184262239152531, -2.6843804449 ], [ 115.184189698890009, -2.684425978917488 ], [ 115.18411716042749, -2.684471512025027 ], [ 115.184044620159966, -2.684517046025007 ], [ 115.183972080789999, -2.684562579117483 ], [ 115.183954087252459, -2.684573873529985 ], [ 115.18389954141503, -2.68460811220001 ], [ 115.183827001137502, -2.684653646174979 ], [ 115.183754461755029, -2.6846991792425 ], [ 115.183681922370056, -2.684744713205021 ], [ 115.183609382979967, -2.684790246254977 ], [ 115.183536842687545, -2.68483578019999 ], [ 115.183464303292453, -2.684881313234996 ], [ 115.183391763892473, -2.684926847165002 ], [ 115.183319223590047, -2.684972380182501 ], [ 115.183247466095054, -2.685017570742502 ], [ 115.183191408897528, -2.685052874117503 ], [ 115.183175706799943, -2.685062762197504 ], [ 115.183103949299948, -2.685107952745 ], [ 115.183032189994947, -2.685153144182493 ], [ 115.182960431587503, -2.685198334712481 ], [ 115.182888674075002, -2.685243526137526 ], [ 115.182816914762498, -2.685288716650007 ], [ 115.182745157242493, -2.685333908059988 ], [ 115.182673397922485, -2.685379098555018 ], [ 115.182601640397479, -2.685424289949992 ], [ 115.182529881967525, -2.685469481335019 ], [ 115.182458122637513, -2.685514671807482 ], [ 115.182429314137494, -2.685532814209978 ], [ 115.182386365100001, -2.685559863180004 ], [ 115.182314605762485, -2.685605053635015 ], [ 115.18224284821747, -2.685650244989972 ], [ 115.18216918616497, -2.685695432585021 ], [ 115.182095525005025, -2.685740621077514 ], [ 115.182021862945021, -2.685785808657499 ], [ 115.181948200880015, -2.685830997132484 ], [ 115.181874538810007, -2.685876185597522 ], [ 115.181800877637556, -2.6859213740575 ], [ 115.181727215562546, -2.685966561602527 ], [ 115.181663029787501, -2.686005937204982 ], [ 115.181653554382478, -2.686011750047498 ], [ 115.181579892302466, -2.686056937575017 ], [ 115.181506231115009, -2.686102126002481 ], [ 115.181432569024992, -2.686147314419998 ], [ 115.181358906932473, -2.686192501925007 ], [ 115.181285245735012, -2.686237690327516 ], [ 115.181211583637491, -2.686282877815017 ], [ 115.181137922432526, -2.686328066200019 ], [ 115.181066916915029, -2.686370590097511 ], [ 115.180995913195034, -2.68641311399 ], [ 115.180924907672534, -2.686455637872484 ], [ 115.180893828860007, -2.686474250640003 ], [ 115.180853903044977, -2.686498161750023 ], [ 115.180782898415032, -2.686540685617501 ], [ 115.180711893782473, -2.686583210384981 ], [ 115.180640889147526, -2.686625733332505 ], [ 115.180569883610019, -2.686668257177473 ], [ 115.180498878967455, -2.686710781017496 ], [ 115.180427875219948, -2.686753304850015 ], [ 115.180356869672551, -2.686795828669972 ], [ 115.180280668337446, -2.686842733050014 ], [ 115.180204466100008, -2.686889637417494 ], [ 115.180128263859956, -2.686936540872523 ], [ 115.180122972624986, -2.6869397973025 ], [ 115.180052061615015, -2.686983444317491 ], [ 115.179975860265017, -2.687030347755012 ], [ 115.179899657112514, -2.687077252087477 ], [ 115.179823454854954, -2.687124156412494 ], [ 115.179747252595007, -2.687171059822504 ], [ 115.179671051230002, -2.687217964130014 ], [ 115.179594848962552, -2.687264866617511 ], [ 115.179560459072491, -2.687286035207478 ], [ 115.179518646689985, -2.687311770907513 ], [ 115.179442445312475, -2.687358675187511 ], [ 115.17936624303502, -2.687405578555001 ], [ 115.179356031370048, -2.687411864089995 ], [ 115.179290039852503, -2.68745248281499 ], [ 115.179213837565044, -2.687499386164973 ], [ 115.179137636172527, -2.687546290412513 ], [ 115.179061433879951, -2.687593193742487 ], [ 115.178985231579986, -2.687640097065014 ], [ 115.178909030177465, -2.687687001284985 ], [ 115.178832827872498, -2.687733904590004 ], [ 115.178756624662469, -2.687780808790023 ], [ 115.178680423247556, -2.687827712077478 ], [ 115.178604220929969, -2.687874616262491 ], [ 115.178589503302533, -2.687884577144985 ], [ 115.178529917197466, -2.687924907000024 ], [ 115.178455612562516, -2.687975196822492 ], [ 115.178381308820008, -2.688025488445021 ], [ 115.178307005972556, -2.688075779157487 ], [ 115.178232702220043, -2.688126069860004 ], [ 115.178158397567472, -2.688176359647514 ], [ 115.178084093807456, -2.688226651235027 ], [ 115.178009790042552, -2.688276941912477 ], [ 115.177935486277534, -2.688327231674975 ], [ 115.177861181602452, -2.688377523234976 ], [ 115.177843526017455, -2.688389473572499 ], [ 115.177786878724987, -2.688427813887472 ], [ 115.177712574944962, -2.688478103622515 ], [ 115.177638271157548, -2.688528395160006 ], [ 115.17756396737002, -2.688578684877484 ], [ 115.177489662675043, -2.688628976395023 ], [ 115.177413464395045, -2.688673721090026 ], [ 115.177337265212486, -2.688718465772524 ], [ 115.177261066025039, -2.688763212255026 ], [ 115.177184866837479, -2.688807956922517 ], [ 115.177108666744971, -2.688852701577503 ], [ 115.177081499739984, -2.688868655204999 ], [ 115.177032468447464, -2.68889744713249 ], [ 115.176956269250013, -2.688942191772526 ], [ 115.176880070044945, -2.688986937310005 ], [ 115.17680387083999, -2.689031681932477 ], [ 115.176727671627532, -2.689076428355008 ], [ 115.176651473315019, -2.689121172962473 ], [ 115.176575274099946, -2.68916591755999 ], [ 115.17649907398004, -2.689210663050005 ], [ 115.176422874757463, -2.689255407630014 ], [ 115.176346676427556, -2.689300153107524 ], [ 115.176304991715028, -2.689324630980025 ], [ 115.176270477199978, -2.689344897670026 ], [ 115.176194277785044, -2.689389763392512 ], [ 115.176118079270054, -2.689434627299988 ], [ 115.176041878952446, -2.689479492102521 ], [ 115.175965680432455, -2.689524355992489 ], [ 115.175889481007516, -2.689569220777514 ], [ 115.175813281579963, -2.689614084649975 ], [ 115.175737083044964, -2.689658950322496 ], [ 115.175702024842508, -2.689679591429979 ], [ 115.175660882709963, -2.689703814175004 ], [ 115.175602927689965, -2.689737937370012 ], [ 115.175584684169962, -2.689748678927515 ], [ 115.175528987397456, -2.689781471984986 ], [ 115.175508484730017, -2.689793542765017 ], [ 115.17542280656005, -2.689812555162518 ], [ 115.175337130192474, -2.68983156574501 ], [ 115.175259855995023, -2.689799150604983 ], [ 115.175182581804961, -2.689766736367517 ], [ 115.175105307622516, -2.689734321224989 ], [ 115.175028034345019, -2.689701906080018 ], [ 115.174950760177467, -2.689669490027484 ], [ 115.174873486015031, -2.68963707487751 ], [ 115.174796211859984, -2.689604659724978 ], [ 115.174718937712555, -2.689572244570002 ], [ 115.174691435207478, -2.689559831244992 ], [ 115.174638100695006, -2.689535757637486 ], [ 115.174557264585019, -2.689499269800024 ], [ 115.174476427582476, -2.689462782862506 ], [ 115.174395592387555, -2.689426295022486 ], [ 115.17431475540252, -2.689389808082524 ], [ 115.174233918424989, -2.689353320235 ], [ 115.174153082352518, -2.68931683329248 ], [ 115.174072245389993, -2.689280345440011 ], [ 115.173991409335031, -2.689243857587485 ], [ 115.173910572387513, -2.689207369732515 ], [ 115.173870746960006, -2.689190321662522 ], [ 115.173831030267479, -2.68917331987501 ], [ 115.173751487255004, -2.689139270917508 ], [ 115.173671945149977, -2.6891052210525 ], [ 115.173592403052453, -2.689071171189994 ], [ 115.173530068797504, -2.689044487012495 ], [ 115.173512860962546, -2.689037121322485 ], [ 115.173478280847462, -2.689022318255013 ], [ 115.173433317979971, -2.689003072354978 ], [ 115.173353775904957, -2.688969021580021 ], [ 115.173274233834945, -2.68893497170501 ], [ 115.173194690874993, -2.688900921827496 ], [ 115.173115148819988, -2.688866872854987 ], [ 115.173043387992493, -2.688836154187527 ], [ 115.173035606774988, -2.688832822974973 ], [ 115.172958577122472, -2.688796340822478 ], [ 115.172881546580015, -2.688759858667481 ], [ 115.17280451783995, -2.688723377414988 ], [ 115.172727488209944, -2.68868689525749 ], [ 115.172650457689997, -2.688650413097491 ], [ 115.172573428072496, -2.688613930937493 ], [ 115.172496397565055, -2.688577448772492 ], [ 115.172419368865008, -2.688540966609992 ], [ 115.172342339270017, -2.688504485347494 ], [ 115.172265308782471, -2.688468003177491 ], [ 115.172228965702516, -2.688452988560016 ], [ 115.172189223042551, -2.688436569047497 ], [ 115.172113138209966, -2.688405134012498 ], [ 115.172037051582492, -2.688373699875001 ], [ 115.171960966762526, -2.688342264837502 ], [ 115.171884881047504, -2.688310830697503 ], [ 115.171808796240043, -2.688279395655002 ], [ 115.171732709639969, -2.688247962415005 ], [ 115.171656624845014, -2.688216527367501 ], [ 115.171580539157503, -2.68818509322 ], [ 115.171504454377555, -2.688153658167494 ], [ 115.171428367804992, -2.68812222401499 ], [ 115.171397232437471, -2.688109343120004 ], [ 115.171349428999974, -2.688089566637473 ], [ 115.171270491102518, -2.688056910162516 ], [ 115.171191552315008, -2.688024252779996 ], [ 115.171112612632555, -2.68799159629998 ], [ 115.17103367385505, -2.68795893981752 ], [ 115.170954735987493, -2.687926283332501 ], [ 115.170875797224994, -2.687893625942479 ], [ 115.170796857572554, -2.687860969450014 ], [ 115.170717919725007, -2.687828312057491 ], [ 115.170638980985018, -2.687795654657521 ], [ 115.170566149709998, -2.687764135864995 ], [ 115.170561313342546, -2.687762043380019 ], [ 115.170483644807518, -2.687728431195012 ], [ 115.170405976279994, -2.687694819010005 ], [ 115.170328307759974, -2.687661206819996 ], [ 115.170250640147515, -2.687627594629987 ], [ 115.170172971637498, -2.687593984244984 ], [ 115.170095304037545, -2.687560372052474 ], [ 115.170017636444982, -2.687526759855018 ], [ 115.169939967060031, -2.687493147655005 ], [ 115.16986229858253, -2.687459536357494 ], [ 115.169784631009975, -2.687425924154979 ], [ 115.169740188949959, -2.687406690737475 ], [ 115.169706963445037, -2.68739231195002 ], [ 115.169629150865035, -2.687358264582485 ], [ 115.169551339189979, -2.68732421811751 ], [ 115.169473528424987, -2.687290169842527 ], [ 115.169395715864994, -2.687256123372492 ], [ 115.169317904212448, -2.687222075997511 ], [ 115.16924009256752, -2.687188028620028 ], [ 115.16916228092748, -2.687153982144991 ], [ 115.169084469297445, -2.687119934765008 ], [ 115.169006656774968, -2.687085887380022 ], [ 115.168928846057497, -2.687051839994979 ], [ 115.168915605024949, -2.68704604641249 ], [ 115.168851034447471, -2.687017792607492 ], [ 115.168769768327479, -2.686979390577505 ], [ 115.168688502214991, -2.686940987640014 ], [ 115.168607236110006, -2.686902585605026 ], [ 115.16852597091497, -2.686864182667478 ], [ 115.168444704827493, -2.686825780627487 ], [ 115.168363438747519, -2.686787377682492 ], [ 115.168282172675049, -2.68674897564 ], [ 115.168200906609968, -2.686710572692505 ], [ 115.168119642352508, -2.686672170647512 ], [ 115.168100946847517, -2.686663335992478 ], [ 115.168038376305049, -2.686633767695014 ], [ 115.167957110264979, -2.686595365645019 ], [ 115.167876947242462, -2.686563801370028 ], [ 115.167796783327503, -2.686532236187475 ], [ 115.167716620319993, -2.686500671002477 ], [ 115.167636456420041, -2.686469105814979 ], [ 115.167556293427538, -2.686437540624979 ], [ 115.167476128642534, -2.686405976334981 ], [ 115.167395965665037, -2.68637441113998 ], [ 115.167315801794985, -2.686342845037473 ], [ 115.167267799454976, -2.686323943497484 ], [ 115.167235638829993, -2.686311279837525 ], [ 115.167155475872505, -2.68627971463502 ], [ 115.167075312022462, -2.686248150335018 ], [ 115.16699514907998, -2.686216585127511 ], [ 115.166914985244944, -2.686185019917502 ], [ 115.166834822317469, -2.686153454704993 ], [ 115.166753990687539, -2.68611385695749 ], [ 115.166673159064999, -2.686074259207487 ], [ 115.166592328350021, -2.686034660554981 ], [ 115.166511496744988, -2.685995062802476 ], [ 115.166444468489999, -2.685962226130016 ], [ 115.166430666045017, -2.685955464145025 ], [ 115.166349833557547, -2.685915866387518 ], [ 115.166269002874969, -2.685876267725007 ], [ 115.166188172200009, -2.6858366699675 ], [ 115.166119713695025, -2.685796372899972 ], [ 115.166051255195043, -2.685756075835002 ], [ 115.165982796702451, -2.685715778767474 ], [ 115.165914338214975, -2.685675481700002 ], [ 115.165845879735002, -2.685635184629973 ], [ 115.165779349655054, -2.685577664570019 ], [ 115.165712821379998, -2.685520143607505 ], [ 115.165680968057472, -2.685492604632486 ], [ 115.165646291312555, -2.685462624452498 ], [ 115.165579761252502, -2.685405104392487 ], [ 115.165513232100011, -2.685347583429973 ], [ 115.165446702054965, -2.68529006337252 ], [ 115.165386113029967, -2.685237336650005 ], [ 115.165325524009972, -2.685184609924988 ], [ 115.16526493499498, -2.685131884107477 ], [ 115.165204345984989, -2.685079158290023 ], [ 115.165143757879946, -2.685026431570009 ], [ 115.165083168884962, -2.684973704849995 ], [ 115.165022579892479, -2.684920979032484 ], [ 115.165000370785037, -2.684901651610005 ], [ 115.164961990904999, -2.684868253217473 ], [ 115.164895465387531, -2.684808339632525 ], [ 115.164828938975006, -2.684748427852526 ], [ 115.164762412569985, -2.684688515170023 ], [ 115.164695887070025, -2.684628603395026 ], [ 115.164629360682511, -2.684568689810021 ], [ 115.164562835197444, -2.684508778037525 ], [ 115.164496308820048, -2.684448865357524 ], [ 115.164429783349988, -2.684388952682525 ], [ 115.164369199775024, -2.684332637927525 ], [ 115.164331378260044, -2.68429748162248 ], [ 115.16430861620745, -2.684276323172526 ], [ 115.164248032647492, -2.684220008420027 ], [ 115.164236201305016, -2.684209009397478 ], [ 115.164187449092537, -2.684163692762525 ], [ 115.164126866440029, -2.684107378012527 ], [ 115.164066282894964, -2.684051063262473 ], [ 115.164005699360018, -2.683994747607528 ], [ 115.163945115824959, -2.683938432859975 ], [ 115.163882657404997, -2.683886386937502 ], [ 115.16382019809248, -2.683834341919976 ], [ 115.163757738784966, -2.683782295997503 ], [ 115.163695280380011, -2.683730250982478 ], [ 115.163657757922465, -2.68369898520001 ], [ 115.163632821085002, -2.683678205062506 ], [ 115.163570361794996, -2.68362616004498 ], [ 115.16350790341005, -2.683574114127509 ], [ 115.163443908227464, -2.683518512202511 ], [ 115.163379913952554, -2.683462909377511 ], [ 115.163315918782473, -2.683407306550009 ], [ 115.163251925417512, -2.683351704630013 ], [ 115.163187930260051, -2.683296102710017 ], [ 115.163123936010038, -2.683240499885017 ], [ 115.163059940864969, -2.68318489796502 ], [ 115.16299594662496, -2.683129296047525 ], [ 115.162974762192448, -2.683110888889985 ], [ 115.162931952392455, -2.683073694127472 ], [ 115.162867958167453, -2.683018091307474 ], [ 115.162803963047509, -2.682962489389979 ], [ 115.162739967937455, -2.68290688656748 ], [ 115.162675973729961, -2.682851284652486 ], [ 115.162611978630025, -2.682795681832488 ], [ 115.162547985334982, -2.682740079917494 ], [ 115.16248462317003, -2.682685754850013 ], [ 115.162421261012469, -2.682631428875027 ], [ 115.162357898860023, -2.682577103807489 ], [ 115.162294536712466, -2.682522778740008 ], [ 115.162292922934967, -2.682521394617481 ], [ 115.162231174572526, -2.682468452767523 ], [ 115.162167813337533, -2.682414127702486 ], [ 115.162104451209984, -2.682359802637507 ], [ 115.162041089987497, -2.682305476667523 ], [ 115.161977727872454, -2.682251151602486 ], [ 115.161914365760026, -2.68219682744251 ], [ 115.16185100365999, -2.682142500570023 ], [ 115.161787641562455, -2.682088176409991 ], [ 115.16172111239996, -2.68203152627251 ], [ 115.161654580550021, -2.681974875225023 ], [ 115.161608153294992, -2.6819353420575 ], [ 115.161588051402532, -2.681918225087486 ], [ 115.161521519564985, -2.681861574947504 ], [ 115.161454990430002, -2.681804924812525 ], [ 115.161388460407466, -2.681748273769983 ], [ 115.161321928590041, -2.681691623630002 ], [ 115.161255398575008, -2.681634974400026 ], [ 115.16118886856998, -2.68157832426499 ], [ 115.161122337672509, -2.681521673222505 ], [ 115.161055807682487, -2.681465023090027 ], [ 115.16099022318997, -2.681412288857473 ], [ 115.160924638699953, -2.681359556434984 ], [ 115.160918786617458, -2.681354850045011 ], [ 115.160859054220055, -2.681306822204988 ], [ 115.160793469747546, -2.681254087974992 ], [ 115.160727885280039, -2.681201353744996 ], [ 115.160662299919977, -2.681148621322507 ], [ 115.160596716365035, -2.681095887092511 ], [ 115.16053113101998, -2.681043152862514 ], [ 115.160465546574983, -2.680990420442527 ], [ 115.160399962142492, -2.680937686214975 ], [ 115.160334786067551, -2.680884268994987 ], [ 115.160269610895057, -2.680830852680003 ], [ 115.160217867540041, -2.680788445032476 ], [ 115.160204434832508, -2.68077743636502 ], [ 115.160139258777463, -2.680724019147476 ], [ 115.160074083627478, -2.68067060192999 ], [ 115.160008907582551, -2.680617185617507 ], [ 115.159943732444958, -2.680563769305024 ], [ 115.159878557312481, -2.680510352087481 ], [ 115.15981338128995, -2.680456935777499 ], [ 115.159748205272535, -2.680403518560013 ], [ 115.159683030159954, -2.680350102249974 ], [ 115.159617854155044, -2.680296685034989 ], [ 115.159552679054968, -2.680243268725008 ], [ 115.15952084994251, -2.680217182027491 ], [ 115.159487503062451, -2.680189852415026 ], [ 115.159422867204967, -2.680139033907494 ], [ 115.159358232247541, -2.680088216307524 ], [ 115.159293596402449, -2.68003739689749 ], [ 115.159228959662528, -2.679986579295019 ], [ 115.159164323827554, -2.679935760789988 ], [ 115.159099688897527, -2.679884943190018 ], [ 115.159035053074945, -2.679834124684987 ], [ 115.15897041725998, -2.679783306180013 ], [ 115.15890578234746, -2.679732487677484 ], [ 115.158841145645056, -2.679681670075013 ], [ 115.158813941362496, -2.679658404375004 ], [ 115.158773885247456, -2.679624148969992 ], [ 115.158706623960029, -2.679566627864972 ], [ 115.158639362679992, -2.679509105855004 ], [ 115.158572102305016, -2.679451584752485 ], [ 115.158504841937543, -2.679394063650022 ], [ 115.158437580677514, -2.679336543450006 ], [ 115.158370320322547, -2.679279021444984 ], [ 115.158303059077525, -2.679221500342521 ], [ 115.158235797837506, -2.679163979240002 ], [ 115.15816853660499, -2.679106458139984 ], [ 115.158128956495034, -2.679072607654973 ], [ 115.158101277179981, -2.679048936137519 ], [ 115.158034015962471, -2.678991415037501 ], [ 115.157966754749964, -2.678933893937483 ], [ 115.157902816222531, -2.678879858292476 ], [ 115.157838877699987, -2.678825821742521 ], [ 115.157774939184947, -2.678771785195011 ], [ 115.157710999777464, -2.678717748644999 ], [ 115.157647062169985, -2.678663713004994 ], [ 115.157583122775009, -2.678609677359987 ], [ 115.157519184284979, -2.678555640812476 ], [ 115.157455245797451, -2.678501605172528 ], [ 115.157441384392541, -2.678489890549997 ], [ 115.157391307322541, -2.678447567722515 ], [ 115.157327368850019, -2.678393532082509 ], [ 115.1572634303825, -2.678339496442504 ], [ 115.157196036574987, -2.678281105267502 ], [ 115.157128644572481, -2.678222713189996 ], [ 115.157061251675032, -2.678164322019995 ], [ 115.156993859687532, -2.678105929944991 ], [ 115.156926466804975, -2.67804753877499 ], [ 115.156859074832482, -2.677989146702487 ], [ 115.156791681962545, -2.677930756434989 ], [ 115.15675832229249, -2.67790185071749 ], [ 115.156724290002444, -2.677872364364987 ], [ 115.156656897150015, -2.677813973197487 ], [ 115.156589505205034, -2.677755581127485 ], [ 115.156522112364996, -2.677697189959986 ], [ 115.156455577282486, -2.67764365677499 ], [ 115.156389043105037, -2.677590125400002 ], [ 115.156322508035032, -2.677536592217507 ], [ 115.156255973874977, -2.677483059035012 ], [ 115.156189438817478, -2.677429526757521 ], [ 115.156167313155038, -2.677411724942488 ], [ 115.156122903769983, -2.677375993575026 ], [ 115.156063455657545, -2.677328161504988 ], [ 115.156056369625048, -2.677322461297479 ], [ 115.155989834589946, -2.677268929019988 ], [ 115.155923301359962, -2.677215395839994 ], [ 115.155856766337479, -2.67716186266 ], [ 115.155830836327482, -2.677140999657524 ], [ 115.155790232220056, -2.677108331287513 ], [ 115.155723697212466, -2.67705479810752 ], [ 115.155659063152484, -2.677003022935025 ], [ 115.155594429097505, -2.676951247764976 ], [ 115.155529795949974, -2.676899471689978 ], [ 115.155469579692522, -2.67685123607248 ], [ 115.1554651619075, -2.676847697422488 ], [ 115.155400527870029, -2.676795922252495 ], [ 115.155360719300006, -2.676764033639984 ], [ 115.155335893842448, -2.676744147082502 ], [ 115.155271259819983, -2.676692371912509 ], [ 115.155206626702466, -2.676640595840013 ], [ 115.155141992692506, -2.67658882067002 ], [ 115.155077358687549, -2.676537046404974 ], [ 115.155014025847549, -2.676487047327498 ], [ 115.155009041272478, -2.676483111762479 ], [ 115.154940722964966, -2.676429178019987 ], [ 115.154872403765012, -2.676375244279996 ], [ 115.154804086374952, -2.676321308732497 ], [ 115.154735768087448, -2.676267374992506 ], [ 115.154667449807448, -2.676213441252514 ], [ 115.154655039570002, -2.676203644012503 ], [ 115.154599130637507, -2.676159506607519 ], [ 115.154530813269957, -2.676105572869972 ], [ 115.154462495012467, -2.676051639132481 ], [ 115.154394176759979, -2.675997705394991 ], [ 115.154325859415053, -2.675943770752497 ], [ 115.154257541177458, -2.675889836110002 ], [ 115.154189222047535, -2.675835902372512 ], [ 115.154120903824946, -2.675781967730018 ], [ 115.154052585609975, -2.675728033994972 ], [ 115.153984268297449, -2.675674100259982 ], [ 115.153948962314985, -2.675643811734972 ], [ 115.15391647164995, -2.675615939984993 ], [ 115.153848675907511, -2.675557779715007 ], [ 115.153780879272517, -2.675499620347523 ], [ 115.153713082645027, -2.675441460074978 ], [ 115.153645286924984, -2.675383299804992 ], [ 115.153577491209944, -2.675325140440009 ], [ 115.153509693705018, -2.675266980170022 ], [ 115.153441898002484, -2.675208820807484 ], [ 115.153374102309954, -2.675150661445002 ], [ 115.153306305724982, -2.675092501177517 ], [ 115.153296977915033, -2.675084498999979 ], [ 115.153264877027482, -2.675056960604991 ], [ 115.153238510044957, -2.675034340912475 ], [ 115.153170712577548, -2.674976180642489 ], [ 115.153102916910029, -2.674918021282508 ], [ 115.153035121255016, -2.674859861020025 ], [ 115.152967324704946, -2.674801700754983 ], [ 115.152901470610004, -2.674747599854982 ], [ 115.152835618322456, -2.67469349895498 ], [ 115.152769764242521, -2.674639397149974 ], [ 115.152703910167475, -2.674585296249973 ], [ 115.152638056997489, -2.674531195352472 ], [ 115.152573861682527, -2.674478456939994 ], [ 115.152572202937449, -2.674477093547523 ], [ 115.152506348885026, -2.674422991745018 ], [ 115.15244049573505, -2.674368890847518 ], [ 115.152374641695019, -2.674314789950017 ], [ 115.15230878765999, -2.674260689052517 ], [ 115.152242935429967, -2.674206588157517 ], [ 115.152177081407444, -2.674152486355013 ], [ 115.152111228292483, -2.67409838455751 ], [ 115.152045374284967, -2.67404428366001 ], [ 115.151980117169956, -2.673985489760014 ], [ 115.151914859160001, -2.673926695857517 ], [ 115.151883933152476, -2.673898833717487 ], [ 115.151849602057496, -2.673867901957522 ], [ 115.151784344065049, -2.673809107152522 ], [ 115.151719086975049, -2.673750313252526 ], [ 115.151653828992494, -2.673691519354975 ], [ 115.1515885719175, -2.673632724552476 ], [ 115.15152331485001, -2.673573930657483 ], [ 115.151458056887463, -2.673515136762489 ], [ 115.151392799832479, -2.673456342867496 ], [ 115.151327541882551, -2.673397548972503 ], [ 115.15126228484246, -2.673338754175006 ], [ 115.151214222072554, -2.673295450620003 ], [ 115.151197027807484, -2.673279960282514 ], [ 115.151131769877452, -2.673221166390022 ], [ 115.151066512857483, -2.673162371595026 ], [ 115.151002359932477, -2.67310724787751 ], [ 115.150938207912532, -2.673052124159994 ], [ 115.150874055000031, -2.672997000442479 ], [ 115.150809902994979, -2.672941875825018 ], [ 115.150745750094984, -2.672886752107502 ], [ 115.15068159810005, -2.672831628392487 ], [ 115.150617445214948, -2.672776503775026 ], [ 115.15055329323252, -2.672721380060011 ], [ 115.150533675050042, -2.672704522462482 ], [ 115.150489140357536, -2.672666256347497 ], [ 115.15042498839, -2.67261113172998 ], [ 115.150360834629964, -2.672556008017523 ], [ 115.150296682675048, -2.67250088430751 ], [ 115.150232748402459, -2.672445108065006 ], [ 115.150168812339984, -2.672389331822501 ], [ 115.150104877182457, -2.672333555579996 ], [ 115.150040942030046, -2.672277780244997 ], [ 115.149977006885024, -2.672222004004993 ], [ 115.149913070847447, -2.672166226859986 ], [ 115.149857236600042, -2.672117518665004 ], [ 115.149852934267528, -2.672113764984999 ], [ 115.149849135715044, -2.672110450622483 ], [ 115.149785200590031, -2.672054675287484 ], [ 115.149721264569962, -2.671998899049981 ], [ 115.149657330357513, -2.671943122812479 ], [ 115.149593395250008, -2.671887346577478 ], [ 115.149529060212444, -2.671832039037497 ], [ 115.149464725184998, -2.671776730592512 ], [ 115.149400389262496, -2.671721422145026 ], [ 115.149336054247556, -2.671666113702486 ], [ 115.149271719237504, -2.671610806162505 ], [ 115.149207384232454, -2.671555497720021 ], [ 115.149171089887545, -2.671524295347524 ], [ 115.149143049237523, -2.671500189279982 ], [ 115.149078714244979, -2.671444880837498 ], [ 115.149014379260052, -2.67138957330252 ], [ 115.148950043384957, -2.671334264859979 ], [ 115.148885708412536, -2.671278956419997 ], [ 115.148821373447504, -2.671223647982515 ], [ 115.14875703759003, -2.671168340444979 ], [ 115.148699165017547, -2.671108223112526 ], [ 115.148641291552508, -2.671048105777516 ], [ 115.148583419889974, -2.67098798935001 ], [ 115.148525547334998, -2.670927872020002 ], [ 115.148510502374961, -2.670912243887528 ], [ 115.148467673887467, -2.670867754689993 ], [ 115.148409802240053, -2.67080763826749 ], [ 115.148351928802526, -2.670747520937482 ], [ 115.148294056269947, -2.670687403612476 ], [ 115.148236182842538, -2.670627287189973 ], [ 115.148178311220022, -2.670567169867525 ], [ 115.148120437802504, -2.670507053447523 ], [ 115.148053910849967, -2.670448662767512 ], [ 115.147987384804992, -2.670390272995007 ], [ 115.14792085786496, -2.670331883222502 ], [ 115.147865505560048, -2.670283300562517 ], [ 115.147854331832491, -2.670273493449997 ], [ 115.147787804907466, -2.670215102774989 ], [ 115.147721278887502, -2.670156713909989 ], [ 115.147702420135033, -2.670140162200028 ], [ 115.147654751974983, -2.670098324139985 ], [ 115.147588225970026, -2.670039934369981 ], [ 115.147521699072513, -2.669981543697475 ], [ 115.147455173082449, -2.669923153929972 ], [ 115.147388646197555, -2.669864764162526 ], [ 115.147327312439984, -2.669805512387484 ], [ 115.147265976890026, -2.669746259707495 ], [ 115.14720464314496, -2.669687007030006 ], [ 115.147196650274964, -2.669679285389975 ], [ 115.147143307605006, -2.669627755257522 ], [ 115.147081973872446, -2.669568502582479 ], [ 115.147020640145001, -2.669509250812496 ], [ 115.146959304622555, -2.669449999040012 ], [ 115.146897970907503, -2.669390747272473 ], [ 115.146836637199954, -2.669331493697484 ], [ 115.146775301697517, -2.669272241930003 ], [ 115.146713967997471, -2.669212990165022 ], [ 115.146651249845036, -2.669153561784981 ], [ 115.146588531697489, -2.669094134310001 ], [ 115.146546676205048, -2.669054473429981 ], [ 115.146525812657501, -2.669034705027514 ], [ 115.146463095422519, -2.668975276652475 ], [ 115.14640037729248, -2.668915849179996 ], [ 115.146337659172445, -2.668856420805014 ], [ 115.146274941055026, -2.66879699333748 ], [ 115.146212222047552, -2.668737564057494 ], [ 115.146149503945026, -2.668678135685013 ], [ 115.146086785847501, -2.668618708219981 ], [ 115.146026860157463, -2.668552363954973 ], [ 115.145966933574982, -2.668486020597527 ], [ 115.145907063552499, -2.668419739717478 ], [ 115.145907006997504, -2.668419677240024 ], [ 115.145847081324973, -2.668353333885022 ], [ 115.145787154762502, -2.668286989627518 ], [ 115.145783722025044, -2.668283190245006 ], [ 115.145727229102476, -2.668220646275017 ], [ 115.145667303447453, -2.668154302925018 ], [ 115.14560737690249, -2.668087958670014 ], [ 115.145547451259972, -2.668021615322516 ], [ 115.145487523824954, -2.667955271975018 ], [ 115.145427598197443, -2.667888927727518 ], [ 115.145367671672489, -2.667822585287524 ], [ 115.145307746057483, -2.667756241042525 ], [ 115.145302102039977, -2.667750788982516 ], [ 115.145246411604944, -2.667696989302499 ], [ 115.145185077162523, -2.667637736660026 ], [ 115.14512374272249, -2.667578484019998 ], [ 115.145062409190018, -2.667519232284974 ], [ 115.145001074764991, -2.667459979645002 ], [ 115.144939740342465, -2.667400727912479 ], [ 115.144878405927557, -2.667341476177512 ], [ 115.144817072417482, -2.66728222444749 ], [ 115.144755737120022, -2.667222970907517 ], [ 115.144694402722507, -2.667163719177495 ], [ 115.144653660979998, -2.66712435930998 ], [ 115.144633069230053, -2.667104467449974 ], [ 115.144570873760017, -2.667042603885022 ], [ 115.144508678294983, -2.666980740322515 ], [ 115.144446482834951, -2.666918876762509 ], [ 115.144384288282481, -2.666857014107507 ], [ 115.144322092834955, -2.666795150550001 ], [ 115.144259897395045, -2.666733286992496 ], [ 115.144197701960024, -2.666671424339995 ], [ 115.144135507432452, -2.666609560784991 ], [ 115.144073311109992, -2.666547698134991 ], [ 115.144014083924958, -2.666488785984996 ], [ 115.144011115697481, -2.666485833677484 ], [ 115.14394892118753, -2.666423971029985 ], [ 115.143884516180037, -2.666361138407524 ], [ 115.143820112082494, -2.666298303974997 ], [ 115.143755707090008, -2.666235471352479 ], [ 115.143715215592465, -2.6661959681025 ], [ 115.143691302105026, -2.666172637827515 ], [ 115.143626898024991, -2.666109804304995 ], [ 115.143562493055015, -2.666046970782475 ], [ 115.14349808808754, -2.665984138165015 ], [ 115.143433684030015, -2.665921303739992 ], [ 115.143369332052544, -2.665858522747499 ], [ 115.143369279077547, -2.665858471124977 ], [ 115.143313065947495, -2.665797776789987 ], [ 115.143256851922501, -2.665737081549992 ], [ 115.143200638799954, -2.665676388120005 ], [ 115.143144425685023, -2.665615693790016 ], [ 115.143088212572479, -2.665555000362474 ], [ 115.143031998569995, -2.665494305127481 ], [ 115.142975786370016, -2.665433610799994 ], [ 115.142919573272479, -2.66537291737751 ], [ 115.142869464639944, -2.665318815142484 ], [ 115.142863360182446, -2.665312223052524 ], [ 115.142807146202472, -2.665251527819976 ], [ 115.142756495360004, -2.665196839725013 ], [ 115.142750933120055, -2.665190834402495 ], [ 115.14269472004753, -2.665130140080009 ], [ 115.142634048630043, -2.665072629140013 ], [ 115.142573378115003, -2.665015118202518 ], [ 115.142512706710022, -2.664957607265023 ], [ 115.142452036207487, -2.664900096329973 ], [ 115.142391364812511, -2.664842585394979 ], [ 115.142330694324983, -2.664785073557482 ], [ 115.142270022940011, -2.664727562624989 ], [ 115.142209351565043, -2.664670051689995 ], [ 115.142148681092522, -2.664612540760004 ], [ 115.142106368895043, -2.664572432547516 ], [ 115.142088009724944, -2.664555029830012 ], [ 115.142027339265042, -2.664497518900021 ], [ 115.14196666791247, -2.664440007972473 ], [ 115.141905996565015, -2.664382497042482 ], [ 115.141845188167508, -2.664319244015019 ], [ 115.141784378877446, -2.66425599099 ], [ 115.141723569597502, -2.664192737059977 ], [ 115.141662761220005, -2.664129484037517 ], [ 115.141647350172548, -2.664113452995025 ], [ 115.14160195194745, -2.664066231014999 ], [ 115.141541143582458, -2.664002977992482 ], [ 115.141480335222468, -2.663939724975023 ], [ 115.141472410644951, -2.663931481707493 ], [ 115.141419525972537, -2.663876471052504 ], [ 115.141358716724994, -2.663813218032487 ], [ 115.141297908382512, -2.663749965017473 ], [ 115.141240035212491, -2.663690717694976 ], [ 115.141182161142524, -2.663631472179986 ], [ 115.141124287982507, -2.663572224857489 ], [ 115.141066413927547, -2.663512978439996 ], [ 115.141008540777534, -2.663453731120001 ], [ 115.140950667632524, -2.663394484705009 ], [ 115.140892793592457, -2.663335238290017 ], [ 115.140843733134943, -2.663285012324991 ], [ 115.140834921357509, -2.663275990975023 ], [ 115.140777048230007, -2.663216743659973 ], [ 115.140719174204946, -2.663157498154987 ], [ 115.140661301087448, -2.663098250839994 ], [ 115.140602710217536, -2.663036756322526 ], [ 115.140544119355013, -2.662975259997495 ], [ 115.140485527597548, -2.662913764575023 ], [ 115.140426937642474, -2.662852270062501 ], [ 115.140368346794958, -2.662790774644975 ], [ 115.140309755952444, -2.662729279227506 ], [ 115.140251165117547, -2.662667783812481 ], [ 115.140219333552523, -2.662634374715026 ], [ 115.140192574285038, -2.662606289302516 ], [ 115.140133982559973, -2.662544793889992 ], [ 115.14007539264253, -2.662483297575022 ], [ 115.140016801827528, -2.662421803070004 ], [ 115.13995821102003, -2.662360307659981 ], [ 115.13989974776996, -2.662294702702525 ], [ 115.139841286322508, -2.662229097750014 ], [ 115.139782823085056, -2.662163491889999 ], [ 115.139724359852494, -2.662097886937488 ], [ 115.13966589842255, -2.66203228198998 ], [ 115.139610020440045, -2.661969578127525 ], [ 115.139607435199991, -2.661966677040027 ], [ 115.139548972884995, -2.661901071190016 ], [ 115.139490509675056, -2.661835466242508 ], [ 115.13943204736745, -2.6617698612975 ], [ 115.13937358506746, -2.661704256354994 ], [ 115.13931512187753, -2.661638649604981 ], [ 115.139256659590046, -2.661573044667477 ], [ 115.13919819730495, -2.661507439727473 ], [ 115.139136122377522, -2.661442908965 ], [ 115.139074045659981, -2.661378378202528 ], [ 115.139011970744946, -2.6613138474425 ], [ 115.13900206662754, -2.661303550377511 ], [ 115.138949894937468, -2.661249315780026 ], [ 115.138887820035052, -2.661184785022499 ], [ 115.138825744239966, -2.661120254264972 ], [ 115.138763669352556, -2.6610557226075 ], [ 115.138701593569976, -2.660991191852474 ], [ 115.138639517792512, -2.66092666200251 ], [ 115.138577442922497, -2.660862131252486 ], [ 115.138515367160039, -2.660797599600016 ], [ 115.138484835169947, -2.660765858994978 ], [ 115.138453292302529, -2.660733068852494 ], [ 115.138391216549962, -2.660668538105028 ], [ 115.138376893657551, -2.660653648067523 ], [ 115.138329140805013, -2.660604007357506 ], [ 115.138267065967511, -2.660539475709982 ], [ 115.138210065405019, -2.660475345104999 ], [ 115.138153064845028, -2.66041121540502 ], [ 115.138096064295041, -2.660347083899978 ], [ 115.138039062847497, -2.660282953297497 ], [ 115.137982062307515, -2.660218822697516 ], [ 115.137925061770034, -2.660154692097478 ], [ 115.137868061240056, -2.660090560597496 ], [ 115.137811059815022, -2.660026430002517 ], [ 115.137773114524975, -2.659983737842481 ], [ 115.137754060194993, -2.659962300312486 ], [ 115.137697058782464, -2.659898168815005 ], [ 115.137640058272495, -2.659834038224972 ], [ 115.13758305777003, -2.659769907634995 ], [ 115.137526057269952, -2.65970577704752 ], [ 115.137471435882503, -2.659641097584995 ], [ 115.137416816294945, -2.659576419029975 ], [ 115.1373621949175, -2.659511738667504 ], [ 115.137307574442502, -2.659447060114985 ], [ 115.137252953972506, -2.65938238066002 ], [ 115.137198332607454, -2.659317702110002 ], [ 115.137183991305051, -2.65930071875249 ], [ 115.137143712149964, -2.659253022657481 ], [ 115.137089091694975, -2.659188344112522 ], [ 115.137034471244988, -2.659123663759999 ], [ 115.136979849902445, -2.659058985214983 ], [ 115.136925230362522, -2.658994305770022 ], [ 115.136870609027483, -2.658929627227508 ], [ 115.136807258982458, -2.658868922202487 ], [ 115.136743908947551, -2.658808217177523 ], [ 115.136680559814977, -2.658747512155003 ], [ 115.136617209789961, -2.658686807132483 ], [ 115.136570141722473, -2.6586417031275 ], [ 115.136553859772448, -2.658626102112521 ], [ 115.136490509760051, -2.658565397090001 ], [ 115.136427160654989, -2.658504692977488 ], [ 115.136363810654984, -2.658443987957526 ], [ 115.136300460662483, -2.658383282942509 ], [ 115.136237110677484, -2.658322577924991 ], [ 115.136173761597547, -2.658261872912476 ], [ 115.136110411625054, -2.658201167897516 ], [ 115.136053410894988, -2.658137283294991 ], [ 115.135996410175039, -2.658073397790019 ], [ 115.135939408560034, -2.658009512284991 ], [ 115.135934009202515, -2.658003460202508 ], [ 115.135882408747534, -2.657945626782521 ], [ 115.135825408042479, -2.657881742187499 ], [ 115.135768407342539, -2.657817856687473 ], [ 115.135711405747543, -2.657753972092507 ], [ 115.135654405059995, -2.657690086594982 ], [ 115.135597404374948, -2.657626201100015 ], [ 115.135540403697519, -2.657562315607493 ], [ 115.135483403024978, -2.657498431017473 ], [ 115.135426402355051, -2.657434546432512 ], [ 115.135372321554996, -2.657379450890005 ], [ 115.135328692777534, -2.657335002262528 ], [ 115.135318241657501, -2.657324356252502 ], [ 115.135264161765008, -2.657269259809993 ], [ 115.135210081877517, -2.657214165174992 ], [ 115.135156001995028, -2.657159069637487 ], [ 115.135101922117542, -2.657103975004986 ], [ 115.135039353684988, -2.657040232982524 ], [ 115.134976787057553, -2.656976490962506 ], [ 115.134914218640006, -2.656912748037485 ], [ 115.134851651127519, -2.656849006020025 ], [ 115.134789082719976, -2.656785264002508 ], [ 115.134726516120054, -2.656721521987492 ], [ 115.134697029287508, -2.656691482065014 ], [ 115.134663947727518, -2.656657779972477 ], [ 115.134601380240042, -2.656594037057516 ], [ 115.134538812757455, -2.656530295045002 ], [ 115.134476245282485, -2.656466553034988 ], [ 115.134422415332551, -2.656403735755021 ], [ 115.134368583590003, -2.65634091938 ], [ 115.134314753647459, -2.656278102104977 ], [ 115.134260923712532, -2.656215284830012 ], [ 115.134207092885049, -2.656152466649985 ], [ 115.134153262957511, -2.656089650282524 ], [ 115.134099433037477, -2.656026833012504 ], [ 115.134094432597522, -2.65602099765249 ], [ 115.1340456022225, -2.655964015742484 ], [ 115.133991772309969, -2.655901199380025 ], [ 115.133935451202547, -2.655837542822496 ], [ 115.133879130100013, -2.655773886265024 ], [ 115.133822808105037, -2.655710229709996 ], [ 115.133766487012508, -2.655646574059972 ], [ 115.133710165924981, -2.655582918412506 ], [ 115.133653844844957, -2.655519260957476 ], [ 115.13359752286749, -2.655455605312511 ], [ 115.13354120179747, -2.655391948764986 ], [ 115.133498611819959, -2.655343811579996 ], [ 115.133484880732453, -2.65532829222002 ], [ 115.133428559672552, -2.655264635674996 ], [ 115.13337223861754, -2.655200980034977 ], [ 115.13331591666747, -2.655137324397515 ], [ 115.133259595624963, -2.655073666952489 ], [ 115.133203274584957, -2.655010011317472 ], [ 115.133143350172531, -2.654943668267492 ], [ 115.133083424870051, -2.654877324310007 ], [ 115.13302349957246, -2.654810981260027 ], [ 115.132963576079987, -2.654744637309989 ], [ 115.132903650792514, -2.65467829426251 ], [ 115.132897440762463, -2.654671419012516 ], [ 115.132843726412489, -2.654611951219977 ], [ 115.132783801140022, -2.654545607269995 ], [ 115.132723875870056, -2.654479264230019 ], [ 115.13266395060748, -2.654412921187486 ], [ 115.132604026252466, -2.654346577245008 ], [ 115.132544101899953, -2.654280234209978 ], [ 115.132484176657499, -2.65421389027 ], [ 115.132424252317492, -2.654147547237528 ], [ 115.132364276945054, -2.654084056070019 ], [ 115.132304301580007, -2.65402056490251 ], [ 115.132289677604945, -2.654005083074992 ], [ 115.13224432712002, -2.653957073740003 ], [ 115.132184352665035, -2.653893582577496 ], [ 115.132124378212552, -2.653830093224997 ], [ 115.132064402872516, -2.653766602064991 ], [ 115.132004428435039, -2.653703110907486 ], [ 115.131944453105007, -2.653639619749981 ], [ 115.131884478680035, -2.653576128594977 ], [ 115.131824504257452, -2.653512638344978 ], [ 115.131764528945041, -2.653449147192475 ], [ 115.13170455364002, -2.653385656039973 ], [ 115.131670402332475, -2.653349502802484 ], [ 115.131644579234944, -2.653322165794975 ], [ 115.131584604839986, -2.653258674647475 ], [ 115.131524629549972, -2.653195184402477 ], [ 115.131464655165018, -2.653131693257478 ], [ 115.131404196222547, -2.653066353132488 ], [ 115.131343738187525, -2.653001012104994 ], [ 115.131283279257445, -2.652935671982505 ], [ 115.131222821232541, -2.652870331862516 ], [ 115.131162362314967, -2.652804990840025 ], [ 115.131101904302454, -2.652739650722481 ], [ 115.131055642452452, -2.652689654337507 ], [ 115.1310414453975, -2.652674309702491 ], [ 115.130980987397493, -2.652608969587504 ], [ 115.130920527602484, -2.652543630377522 ], [ 115.130860069614982, -2.652478289362477 ], [ 115.130799610732538, -2.652412949252493 ], [ 115.13073885096253, -2.652352783590004 ], [ 115.130678090297465, -2.652292618832519 ], [ 115.130617329637516, -2.652232454077478 ], [ 115.130556569882515, -2.652172289322493 ], [ 115.130495810135017, -2.652112123665006 ], [ 115.130435048595018, -2.652051958910022 ], [ 115.130426725835036, -2.652043717784977 ], [ 115.130374288860025, -2.651991794159983 ], [ 115.130313529132536, -2.651931627602494 ], [ 115.130252769407548, -2.651871462852512 ], [ 115.130192007889946, -2.651811298102473 ], [ 115.130131248177463, -2.651751133357493 ], [ 115.130070487572539, -2.651690967707509 ], [ 115.130056591175048, -2.651677207742523 ], [ 115.130009727872448, -2.651630802962472 ], [ 115.129948967277528, -2.651570638217493 ], [ 115.129888206692499, -2.651510472572511 ], [ 115.12982744701003, -2.651450307829975 ], [ 115.129786589987475, -2.651408734429992 ], [ 115.129767803067466, -2.651389617619998 ], [ 115.12970815913252, -2.651328928317525 ], [ 115.129648515202462, -2.651268238109992 ], [ 115.129588872179966, -2.651207547905017 ], [ 115.129529228262527, -2.651146857697483 ], [ 115.129469584349977, -2.651086168400013 ], [ 115.129409940442542, -2.651025478194981 ], [ 115.129350295645054, -2.650964787992507 ], [ 115.129290652647455, -2.650904098697481 ], [ 115.129231008757529, -2.650843409402512 ], [ 115.129171364874992, -2.650782719204983 ], [ 115.129154543210007, -2.650765601922501 ], [ 115.129111720997457, -2.650722029007511 ], [ 115.12905207712754, -2.650661338812483 ], [ 115.128992434159954, -2.650600648620014 ], [ 115.128932790300041, -2.65053995932999 ], [ 115.128873146445017, -2.650479269140021 ], [ 115.128816051387503, -2.650421173435006 ], [ 115.128758957232549, -2.65036307682999 ], [ 115.128701862185039, -2.650304981127476 ], [ 115.128644767140031, -2.65024688542502 ], [ 115.128587672102526, -2.650188788822504 ], [ 115.128530577969968, -2.650130693124993 ], [ 115.128522497077483, -2.650122470455017 ], [ 115.128473482942468, -2.650072597427481 ], [ 115.128410860212512, -2.650008340962472 ], [ 115.128348238390004, -2.649944085407526 ], [ 115.128285614774995, -2.649879828945018 ], [ 115.128222992065048, -2.649815573390015 ], [ 115.128162624549987, -2.649753628852523 ], [ 115.128160370262549, -2.649751316027505 ], [ 115.128097746667549, -2.649687059569999 ], [ 115.128035123974996, -2.649622804019998 ], [ 115.127972502190005, -2.649558547567494 ], [ 115.127929438210003, -2.649514362139996 ], [ 115.127909878612513, -2.649494292017494 ], [ 115.127892921634952, -2.64947689241751 ], [ 115.12784725594247, -2.64943003556499 ], [ 115.127784634174986, -2.649365780022492 ], [ 115.127722010617504, -2.64930152357249 ], [ 115.127659387964968, -2.649237268029992 ], [ 115.127596766217493, -2.649173011584992 ], [ 115.12753414268002, -2.649108756042494 ], [ 115.127471520947552, -2.649044498697492 ], [ 115.127408898320027, -2.648980243159997 ], [ 115.127346274799947, -2.648915986717498 ], [ 115.127283653084987, -2.648851731185005 ], [ 115.127263555745003, -2.648831109574985 ], [ 115.127221029577527, -2.648787474745006 ], [ 115.127158407874958, -2.648723219215015 ], [ 115.127095785279948, -2.648658962780019 ], [ 115.127036406265006, -2.648595073872514 ], [ 115.126977027252451, -2.648531185867512 ], [ 115.126917648250014, -2.648467296962508 ], [ 115.126858269249965, -2.648403408962508 ], [ 115.126798890255031, -2.648339520057505 ], [ 115.126739511269989, -2.648275631157503 ], [ 115.126680133185005, -2.648211743162506 ], [ 115.126645480337515, -2.648174458939991 ], [ 115.126620754209966, -2.648147854262504 ], [ 115.126561375240044, -2.648083965365004 ], [ 115.12650199627501, -2.648020077372507 ], [ 115.126442617319981, -2.647956187572504 ], [ 115.126383238364951, -2.64789229958501 ], [ 115.12632385942004, -2.647828410692512 ], [ 115.126264479579959, -2.647764521800013 ], [ 115.126205102442555, -2.647700633817522 ], [ 115.126145722614979, -2.647636744930026 ], [ 115.126086343689963, -2.647572856947477 ], [ 115.126031509802488, -2.647513857794991 ], [ 115.12602696477245, -2.647508968062482 ], [ 115.125973024992504, -2.647450930560012 ], [ 115.125919085217447, -2.647392894867494 ], [ 115.125865145447506, -2.647334858272473 ], [ 115.125811205682453, -2.647276821677508 ], [ 115.125757265920015, -2.647218785084988 ], [ 115.125703326162466, -2.647160749397472 ], [ 115.125646622412546, -2.647099738219993 ], [ 115.125589916870013, -2.647038727040012 ], [ 115.125533213129984, -2.646977715867479 ], [ 115.125476509394957, -2.646916704695002 ], [ 115.125419803865043, -2.646855694422527 ], [ 115.125417539882505, -2.646853257707505 ], [ 115.125363100142522, -2.646794683252494 ], [ 115.125306396422502, -2.64673367208502 ], [ 115.125249691810041, -2.646672660914987 ], [ 115.125192987202468, -2.646611649747513 ], [ 115.12513628260001, -2.646550638579981 ], [ 115.12507804481254, -2.646488530969975 ], [ 115.125019807927515, -2.646426423362527 ], [ 115.124961570150049, -2.646364314852519 ], [ 115.12490333237497, -2.646302208150018 ], [ 115.124845093709951, -2.646240099640011 ], [ 115.124801999347483, -2.64619414102998 ], [ 115.12478685684755, -2.646177992037508 ], [ 115.12472861909248, -2.646115884437506 ], [ 115.124670381342526, -2.646053775932501 ], [ 115.12461214359746, -2.645991668332499 ], [ 115.124553905860012, -2.645929560734999 ], [ 115.12449566812495, -2.645867453139999 ], [ 115.124437431297451, -2.645805344639996 ], [ 115.124379192674951, -2.645743237044996 ], [ 115.1243191338325, -2.645679575032489 ], [ 115.12425907499005, -2.645615913924985 ], [ 115.12419901615749, -2.645552251914978 ], [ 115.124184507312521, -2.645536872485025 ], [ 115.124138958229992, -2.645488589909974 ], [ 115.124078899410051, -2.645424927902525 ], [ 115.12406317416503, -2.645408259005023 ], [ 115.124018839692553, -2.645361266800023 ], [ 115.123958780885005, -2.645297604795019 ], [ 115.123897021847483, -2.645234509870022 ], [ 115.123835262814964, -2.645171414945025 ], [ 115.123773504690007, -2.645108320927477 ], [ 115.123711745669993, -2.645045226004981 ], [ 115.123649986657483, -2.644982131084987 ], [ 115.123588227652476, -2.644919036167494 ], [ 115.123558091499945, -2.644888247580013 ], [ 115.123526469550029, -2.644855942155004 ], [ 115.123464710555027, -2.644792847237511 ], [ 115.123402951567527, -2.644729752322519 ], [ 115.123342972584965, -2.644669251627477 ], [ 115.123282995407521, -2.644608751837495 ], [ 115.123223016434963, -2.64454825114251 ], [ 115.123163038367466, -2.644487751354973 ], [ 115.123103059410028, -2.64442725066499 ], [ 115.123043081355036, -2.64436675088001 ], [ 115.122983102404987, -2.644306251092473 ], [ 115.122924264542462, -2.64424690231499 ], [ 115.122923124362501, -2.644245751309995 ], [ 115.122863145427459, -2.64418524972001 ], [ 115.122803167394977, -2.644124749939976 ], [ 115.122743187569995, -2.644064250157498 ], [ 115.122683209550019, -2.644003750380023 ], [ 115.122625110187528, -2.643941825687477 ], [ 115.122567009027534, -2.643879902802496 ], [ 115.122508908774989, -2.643817979017513 ], [ 115.122450807627501, -2.643756056134976 ], [ 115.12239270828502, -2.643694132352493 ], [ 115.122334607150037, -2.64363220856751 ], [ 115.122300454039987, -2.643595808595023 ], [ 115.122276506920002, -2.643570284787472 ], [ 115.122218405795024, -2.643508361909994 ], [ 115.122160305574994, -2.643446438132514 ], [ 115.122102205359965, -2.643384515259982 ], [ 115.122044105152554, -2.643322590579999 ], [ 115.121986004049973, -2.643260667710024 ], [ 115.121927903852452, -2.643198743937489 ], [ 115.121866940157474, -2.643134852737489 ], [ 115.121805974667495, -2.643070962442494 ], [ 115.121745010985023, -2.643007071247496 ], [ 115.121684046409996, -2.642943180052498 ], [ 115.121681215880017, -2.642940214412477 ], [ 115.121623081839971, -2.642879289762504 ], [ 115.121562117274948, -2.642815398570008 ], [ 115.121501152717542, -2.642751508282515 ], [ 115.121440188165025, -2.64268761709252 ], [ 115.121379223620011, -2.642623725905025 ], [ 115.121318991757448, -2.642561110787483 ], [ 115.121258759902503, -2.642498495675 ], [ 115.121198528054947, -2.642435879657512 ], [ 115.121138296212507, -2.642373265447475 ], [ 115.121078064374956, -2.642310650337492 ], [ 115.121057324867479, -2.642289090115014 ], [ 115.121017831644963, -2.64224803522751 ], [ 115.12095759981753, -2.642185420119972 ], [ 115.120897367999987, -2.642122805012491 ], [ 115.120837136187447, -2.642060189002507 ], [ 115.120776904380023, -2.641997573900028 ], [ 115.120716671677542, -2.641934958794991 ], [ 115.120655185745022, -2.641871039702494 ], [ 115.120593699820006, -2.641807120612498 ], [ 115.120532213897491, -2.641743202427506 ], [ 115.120470727982479, -2.641679283340011 ], [ 115.120432166649948, -2.641639195590017 ], [ 115.12040924207497, -2.641615364255017 ], [ 115.12034775527502, -2.641551445170023 ], [ 115.120286269377516, -2.641487526084973 ], [ 115.120224782589958, -2.64142360700248 ], [ 115.12016329670746, -2.641359687922488 ], [ 115.120101810829965, -2.641295768842497 ], [ 115.120040324957472, -2.641231849765006 ], [ 115.119978839092482, -2.641167930687516 ], [ 115.119917353234996, -2.641104011612526 ], [ 115.119855867380011, -2.641040093444985 ], [ 115.119807008170028, -2.640989301207526 ], [ 115.119794380634971, -2.640976174369996 ], [ 115.119732894794993, -2.640912255300009 ], [ 115.119671408960016, -2.640848336230022 ], [ 115.119608629790037, -2.640785865570024 ], [ 115.119545850624945, -2.640723396719977 ], [ 115.11948307236753, -2.640660926967485 ], [ 115.119420293212556, -2.640598458119996 ], [ 115.119357514967533, -2.640535988370004 ], [ 115.119294735829953, -2.640473518620013 ], [ 115.11923195669749, -2.640411048870021 ], [ 115.119170901334996, -2.640350293440008 ], [ 115.119169177570029, -2.640348579122474 ], [ 115.119106399347515, -2.640286110282489 ], [ 115.119043620234947, -2.640223639632495 ], [ 115.118980841127495, -2.64016117079251 ], [ 115.11891806292499, -2.640098701052523 ], [ 115.118855283830044, -2.640036232214982 ], [ 115.118792504742487, -2.639973761572492 ], [ 115.118731939977465, -2.639907878142481 ], [ 115.118671376115003, -2.639841993812524 ], [ 115.118610811359986, -2.639776111290018 ], [ 115.118550245712527, -2.639710226960005 ], [ 115.118543502435045, -2.639702890684987 ], [ 115.118489680972516, -2.639644342632494 ], [ 115.118429117134951, -2.639578459212487 ], [ 115.118368552404945, -2.639512574887476 ], [ 115.118307986779996, -2.639446692372474 ], [ 115.118247422962554, -2.639380808052522 ], [ 115.118186858250056, -2.639314923732513 ], [ 115.118128799827446, -2.639252367152494 ], [ 115.118070741409952, -2.639189808765025 ], [ 115.11801268299746, -2.639127252185006 ], [ 115.117954624592471, -2.639064694704985 ], [ 115.117931837862557, -2.639040142935016 ], [ 115.117896566189984, -2.63900213722502 ], [ 115.117838507795, -2.6389395797475 ], [ 115.117780450304963, -2.638877023174985 ], [ 115.117722391022539, -2.638814464795018 ], [ 115.117664332642448, -2.638751908225004 ], [ 115.117604949442466, -2.638692007149984 ], [ 115.117545565347541, -2.638632106077523 ], [ 115.117486181260006, -2.638572205005005 ], [ 115.117426796280029, -2.638512303929986 ], [ 115.117367412202498, -2.638452402860025 ], [ 115.11730802813247, -2.638392501792509 ], [ 115.117306315182532, -2.638390773927483 ], [ 115.117248644067445, -2.638332600722492 ], [ 115.117189260007535, -2.638272699657477 ], [ 115.117129875955015, -2.638212798590018 ], [ 115.117070491904997, -2.638152898430008 ], [ 115.117011107862481, -2.638092997367494 ], [ 115.116951723827469, -2.63803309630498 ], [ 115.116892339797459, -2.63797319434002 ], [ 115.116832955772452, -2.637913293280008 ], [ 115.116773571752447, -2.637853392222496 ], [ 115.116714187737443, -2.637793491164985 ], [ 115.116671495102537, -2.637750425904983 ], [ 115.116654803729944, -2.637733590107473 ], [ 115.116597560014952, -2.637675847977505 ], [ 115.116540316304963, -2.637618105844979 ], [ 115.116483071702532, -2.637560362810007 ], [ 115.116425828005049, -2.637502620682483 ], [ 115.116368584309953, -2.637444878552515 ] ] ] } },
{ "type": "Feature", "properties": { "source_feature_id": 17, "nama_objek": "Alur-Pelayaran Kelas II", "orde_01": 42030000, "orde_02": 22031000, "orde_03": 22031200, "orde_04": 22031200, "jenis_sistem": 42000000, "status_jaringan": 2, "provinsi": "Provinsi Kalimantan Selatan", "kabupaten": "Kabupaten Hulu Sungai Selatan", "keterangan": "Sungai Daha (Indikatif)", "sumber_data": "Analisis RTRWP Kalimantan Selatan, 2023", "source_shape_length": 0.11639342976602804, "source_layer": "_6306_50KB_LN_SR_TRANSPORTASI_KABUPATEN_HULUSUNGAISELATAN_2024", "source_dataset": "_6306_50KB_RTRW_KABUPATEN_HULUSUNGAISELATAN_2025.gdb.zip" }, "geometry": { "type": "MultiLineString", "coordinates": [ [ [ 115.111018676582489, -2.631310602504982 ], [ 115.111018676579988, -2.631310602524991 ], [ 115.110986887027479, -2.631726870617513 ], [ 115.111059176844947, -2.631879728680019 ], [ 115.111083830927555, -2.631931859542476 ], [ 115.111095321757489, -2.63195615681002 ], [ 115.111131465772473, -2.632032585845025 ], [ 115.111167610687517, -2.632109014882474 ], [ 115.111223748079965, -2.632170867612501 ], [ 115.111279883675024, -2.632232722147478 ], [ 115.111336020175031, -2.632294574877506 ], [ 115.111392156682541, -2.632356427609977 ], [ 115.111448293192552, -2.632418282152514 ], [ 115.111504429709953, -2.632480134884986 ], [ 115.111560566229969, -2.632541989430024 ], [ 115.111616702759989, -2.632603841262494 ], [ 115.111672840189954, -2.632665694002526 ], [ 115.111728975827532, -2.632727548550008 ], [ 115.111785113270003, -2.632789401294986 ], [ 115.11184336764245, -2.632846227087498 ], [ 115.111901622919959, -2.632903052885013 ], [ 115.111959877305026, -2.632959877775022 ], [ 115.112018132592539, -2.633016702669977 ], [ 115.112076387887555, -2.633073528467492 ], [ 115.112134642287515, -2.633130353362503 ], [ 115.112192897590035, -2.633187180070024 ], [ 115.112251152902445, -2.633244004062476 ], [ 115.112308099207553, -2.633299553827499 ], [ 115.112365047317553, -2.633355103595022 ], [ 115.112421993635053, -2.633410652457485 ], [ 115.112478939957555, -2.633466202225009 ], [ 115.112535887185004, -2.633521751992475 ], [ 115.112592833515009, -2.6335773017625 ], [ 115.112649780752463, -2.633632850630022 ], [ 115.11271512111, -2.633686780160019 ], [ 115.11278046147504, -2.633740708787514 ], [ 115.112845800047467, -2.633794637412507 ], [ 115.112911140427514, -2.633848565137498 ], [ 115.112976480809948, -2.633902494669996 ], [ 115.113041821197498, -2.633956424204996 ], [ 115.113047986152537, -2.633961512512485 ], [ 115.113107160694994, -2.63401035283249 ], [ 115.113172501097552, -2.634064281464987 ], [ 115.113231626332549, -2.634119663662489 ], [ 115.113290752469993, -2.634175044957487 ], [ 115.113349879514999, -2.634230426254987 ], [ 115.113409005662447, -2.63428580845499 ], [ 115.113468131817513, -2.63434118975249 ], [ 115.113527257977466, -2.634396571957495 ], [ 115.113586385042481, -2.6344519541625 ], [ 115.113645511212553, -2.634507335462501 ], [ 115.113704636492457, -2.634562716762503 ], [ 115.113761638322444, -2.634624474110012 ], [ 115.113818641054991, -2.634686232362526 ], [ 115.113875642892481, -2.634747990614983 ], [ 115.113932644739975, -2.634809747964994 ], [ 115.113989645690026, -2.634871506220009 ], [ 115.114046648444969, -2.634933264477525 ], [ 115.114103649405024, -2.634995022734984 ], [ 115.114112761072533, -2.635004894559984 ], [ 115.114160651272528, -2.635056780089997 ], [ 115.114217654042477, -2.635118538352515 ], [ 115.11427993799748, -2.63518349474748 ], [ 115.114342221957486, -2.635248451145003 ], [ 115.114404504127492, -2.635313406635021 ], [ 115.114466788999948, -2.635378363037489 ], [ 115.114529072979963, -2.635443319437513 ], [ 115.114591356964979, -2.635508275839982 ], [ 115.114653640060055, -2.635573231337503 ], [ 115.11471592316002, -2.635638187742472 ], [ 115.11477820806499, -2.63570314415 ], [ 115.114843669007541, -2.635764914397498 ], [ 115.114909128159979, -2.635826685547499 ], [ 115.114974590014981, -2.635888456702503 ], [ 115.115040050980042, -2.635950227857506 ], [ 115.115105511050047, -2.63601199901251 ], [ 115.115170971130055, -2.63607376926501 ], [ 115.115236433012456, -2.636135540425016 ], [ 115.115301893102469, -2.636197311582521 ], [ 115.115367354100044, -2.636259082742527 ], [ 115.115425946452547, -2.636317387515021 ], [ 115.115484539704994, -2.636375693195021 ], [ 115.115543132967446, -2.636433997067513 ], [ 115.115601727132457, -2.63649230184501 ], [ 115.115660319507469, -2.636550606622507 ], [ 115.115718912785042, -2.636608911402504 ], [ 115.115777506964946, -2.636667217090007 ], [ 115.115836100252523, -2.636725521870005 ], [ 115.115894692650045, -2.6367838257475 ], [ 115.115953285049955, -2.636842130529999 ], [ 115.116011880152541, -2.636900435320001 ], [ 115.116070472564957, -2.636958740105001 ], [ 115.116127470932497, -2.637022944319995 ], [ 115.116184469302539, -2.637087149442493 ], [ 115.116241467682471, -2.637151351854982 ], [ 115.116298466964963, -2.637215556077479 ], [ 115.116355465355014, -2.637279759395028 ], [ 115.116412463749953, -2.637343963620026 ], [ 115.116469462150008, -2.637408167845024 ], [ 115.11652646145501, -2.63747237117002 ], [ 115.116583458067453, -2.637536574492515 ], [ 115.116640457382459, -2.637600778725016 ], [ 115.116700642120009, -2.637656161692519 ], [ 115.116760825067445, -2.63771154465752 ], [ 115.1168210098175, -2.637766928532528 ], [ 115.116881192775054, -2.637822311499974 ], [ 115.116941376637556, -2.637877694469978 ], [ 115.117001560504946, -2.637933077439982 ], [ 115.117061744379953, -2.63798846131499 ], [ 115.117121928257461, -2.638043844287495 ], [ 115.117182113042531, -2.638099227262501 ], [ 115.117243078672459, -2.638161523302472 ], [ 115.117304045204946, -2.638223819347502 ], [ 115.117365011745051, -2.638286114487528 ], [ 115.117425978290044, -2.638348410532501 ], [ 115.11748694484254, -2.638410706579975 ], [ 115.117547911397537, -2.638473002627507 ], [ 115.117608877962539, -2.638535298677482 ], [ 115.117669843632484, -2.638597594727514 ], [ 115.117730811107549, -2.638659889877488 ], [ 115.11779177679, -2.638722185930021 ], [ 115.117852743377512, -2.638784481984999 ], [ 115.117913709069967, -2.638846778039976 ], [ 115.117972606219951, -2.638914811859991 ], [ 115.118031501572545, -2.638982846582508 ], [ 115.118090397832475, -2.639050881307526 ], [ 115.11814929409752, -2.639118915132485 ], [ 115.11820818947001, -2.639186949860004 ], [ 115.118267086645005, -2.639254984595027 ], [ 115.118325982927445, -2.639323018422488 ], [ 115.118384878315055, -2.639391054060013 ], [ 115.11844377461, -2.639459087892476 ], [ 115.118502670909947, -2.639527122632501 ], [ 115.11856486546003, -2.639587245914981 ], [ 115.118627060917447, -2.639647369202521 ], [ 115.118689257277538, -2.639707492492505 ], [ 115.118751450949958, -2.639767614874984 ], [ 115.118813646424996, -2.639827738165025 ], [ 115.118875842807483, -2.639887860552506 ], [ 115.118938038295028, -2.639947982939987 ], [ 115.119000232890016, -2.640008106232472 ], [ 115.119062427490007, -2.640068228622511 ], [ 115.119124623897505, -2.640128351014994 ], [ 115.119186818510002, -2.64018847430998 ], [ 115.119246021617528, -2.640247455542521 ], [ 115.119305223832498, -2.640306435872503 ], [ 115.119364426952529, -2.640365416202485 ], [ 115.11942363007995, -2.640424396535025 ], [ 115.119482832310041, -2.640483377770011 ], [ 115.119542034547521, -2.640542359007497 ], [ 115.119601237689949, -2.640601339342481 ], [ 115.119660439940048, -2.640660319677522 ], [ 115.119719642195037, -2.640719300012506 ], [ 115.11977884625253, -2.640778280352492 ], [ 115.119838049417467, -2.640837261597483 ], [ 115.119897250790018, -2.640896241935025 ], [ 115.11995645396496, -2.640955222277512 ], [ 115.120015890302511, -2.641017528197494 ], [ 115.120017021549984, -2.64101871406001 ], [ 115.120077590937512, -2.641082205847511 ], [ 115.120138159432486, -2.641145697635011 ], [ 115.120198727932461, -2.641209189425012 ], [ 115.120259296440054, -2.64127268031001 ], [ 115.120319863155032, -2.641336171195007 ], [ 115.12038043257246, -2.641399663892514 ], [ 115.120441000197502, -2.641463154782514 ], [ 115.12050156962755, -2.641526647482522 ], [ 115.120562137264983, -2.641590138375022 ], [ 115.120622706707536, -2.641653629270024 ], [ 115.120683275255033, -2.641717121972476 ], [ 115.120743843810033, -2.641780612869979 ], [ 115.120804412370035, -2.641844104672487 ], [ 115.120864980039983, -2.641907595572491 ], [ 115.120925548609989, -2.641971087377499 ], [ 115.120984229477472, -2.642033661237519 ], [ 115.121042909450011, -2.642096235097483 ], [ 115.121050355375019, -2.642104174877488 ], [ 115.121101591225056, -2.642158808962506 ], [ 115.121160272107545, -2.642221383732476 ], [ 115.121218952097479, -2.642283957597499 ], [ 115.121277632989973, -2.642346532370027 ], [ 115.121336312990024, -2.642409106237494 ], [ 115.121394993897525, -2.642471679202515 ], [ 115.121453674807526, -2.642534253074984 ], [ 115.121512355725031, -2.642596826947511 ], [ 115.121571036647538, -2.642659400822481 ], [ 115.121629717575047, -2.642721974697508 ], [ 115.121688397610001, -2.64278454857498 ], [ 115.121747078550015, -2.642847122452508 ], [ 115.121805759495032, -2.642909696332481 ], [ 115.121864440445052, -2.642972270215012 ], [ 115.121923121399959, -2.643034844097485 ], [ 115.121983482745009, -2.643096295679982 ], [ 115.122043845, -2.643157745459973 ], [ 115.122104205457504, -2.643219196140024 ], [ 115.122164567720006, -2.643280647727522 ], [ 115.122224929992512, -2.643342097510015 ], [ 115.122285291367461, -2.64340354819501 ], [ 115.122345653649973, -2.643464998882507 ], [ 115.122406015037541, -2.643526449572505 ], [ 115.122466377330056, -2.643587900262503 ], [ 115.122526738730016, -2.643649350952501 ], [ 115.12258710013748, -2.643710801645 ], [ 115.122647462447503, -2.64377225234 ], [ 115.12270782476503, -2.643833703035 ], [ 115.1227681861875, -2.64389515373 ], [ 115.122828547617473, -2.643956604427501 ], [ 115.122888909952508, -2.644018055127503 ], [ 115.122949271392486, -2.644079505827506 ], [ 115.123008513410014, -2.644140954824991 ], [ 115.123067756332489, -2.644202403827478 ], [ 115.123126998360021, -2.644263852827521 ], [ 115.123186240397445, -2.644325300927505 ], [ 115.123245484234985, -2.644386750837498 ], [ 115.123304726280026, -2.644448199842486 ], [ 115.123363968332455, -2.644509648849976 ], [ 115.123423210390001, -2.644571096952518 ], [ 115.12348245245505, -2.644632545962509 ], [ 115.123541694522487, -2.644693994972499 ], [ 115.123600937497486, -2.644755443079987 ], [ 115.123660179577541, -2.644816892092479 ], [ 115.123719421662486, -2.644878342012476 ], [ 115.12377866555255, -2.644939791030026 ], [ 115.123837906750055, -2.645001240045019 ], [ 115.123897149752452, -2.645062689065014 ], [ 115.123956391862521, -2.645124137180005 ], [ 115.123999364402493, -2.645168552977509 ], [ 115.124042334245019, -2.645212969677516 ], [ 115.124085306789993, -2.64525738547502 ], [ 115.12414355094495, -2.645317586960005 ], [ 115.124201794207465, -2.645377787537484 ], [ 115.12426003837254, -2.645437988117521 ], [ 115.124318281644946, -2.645498189602506 ], [ 115.124376525822527, -2.645558390187489 ], [ 115.124434770002495, -2.645618592579979 ], [ 115.124493013292522, -2.645678793165018 ], [ 115.124551256587552, -2.645738994655005 ], [ 115.124609500787528, -2.645799195242489 ], [ 115.124667744990006, -2.645859396734977 ], [ 115.124725988300042, -2.645919598230023 ], [ 115.124782991254961, -2.645981887505002 ], [ 115.124839993315049, -2.646044177687486 ], [ 115.124896995380027, -2.646106467870027 ], [ 115.124953998349952, -2.646168758052511 ], [ 115.125010999529991, -2.646231047332492 ], [ 115.125068001609975, -2.646293338422481 ], [ 115.125125003697462, -2.646355627707521 ], [ 115.12518200668751, -2.646417917897509 ], [ 115.125239008787503, -2.646480207182492 ], [ 115.125296009990052, -2.646542498277483 ], [ 115.125353012997493, -2.646604787567526 ], [ 115.125410015112493, -2.646667077762515 ], [ 115.125467018130053, -2.646729367960006 ], [ 115.125524020255057, -2.646791658157497 ], [ 115.125583616249969, -2.646855257097513 ], [ 115.125643210452495, -2.646918856034972 ], [ 115.125702807362472, -2.646982454074987 ], [ 115.125762401575003, -2.647046053922509 ], [ 115.12582199759504, -2.647109652867528 ], [ 115.125881592722521, -2.647173250909987 ], [ 115.125941188752449, -2.647236849857507 ], [ 115.126000783890049, -2.647300448807528 ], [ 115.126060379932483, -2.647364047757492 ], [ 115.126119974185031, -2.647427646707513 ], [ 115.126179571137527, -2.647491245662479 ], [ 115.126228467612464, -2.647539116510018 ], [ 115.126277364090015, -2.647586987354998 ], [ 115.126326261472514, -2.647634858204981 ], [ 115.126388691782495, -2.647695980272488 ], [ 115.126451122997537, -2.647757101434991 ], [ 115.126513554219969, -2.647818223504999 ], [ 115.126575983650014, -2.647879344670002 ], [ 115.12661523725501, -2.647917774002508 ], [ 115.126638414887452, -2.647940464935004 ], [ 115.126700846125004, -2.648001587912518 ], [ 115.126763276475003, -2.64806270817752 ], [ 115.126825707724947, -2.648123831157477 ], [ 115.126884061140004, -2.648192274897497 ], [ 115.126942412762446, -2.648260718635015 ], [ 115.127000766187507, -2.648329163282483 ], [ 115.127059118720013, -2.648397607930008 ], [ 115.127117472157465, -2.648466051674973 ], [ 115.127175823802531, -2.648534495419995 ], [ 115.127234177249989, -2.648602940075023 ], [ 115.127294741959986, -2.648668823700007 ], [ 115.127355307572543, -2.648734708234997 ], [ 115.127415872292545, -2.648800592767486 ], [ 115.127476438817553, -2.648866476402475 ], [ 115.127537003549946, -2.648932360937522 ], [ 115.12759757008746, -2.648998244575012 ], [ 115.127658134832473, -2.649064129115004 ], [ 115.12771870137999, -2.649130013657498 ], [ 115.12777434022496, -2.649194353529992 ], [ 115.12782998087755, -2.649258690692477 ], [ 115.127885620632469, -2.649323029662526 ], [ 115.127941260395005, -2.649387367730014 ], [ 115.127996900160042, -2.649451706705008 ], [ 115.128052539035025, -2.649516044774998 ], [ 115.128108179710011, -2.649580383754994 ], [ 115.128169943962462, -2.649640288662511 ], [ 115.128231707319969, -2.649700193567526 ], [ 115.128293473382541, -2.649760098479987 ], [ 115.128355236755056, -2.649820002487502 ], [ 115.128417000132458, -2.649879908300022 ], [ 115.128478765312479, -2.649939813214985 ], [ 115.128540529602446, -2.649999717225 ], [ 115.128602293897529, -2.65005962214002 ], [ 115.12865811123504, -2.650118322632522 ], [ 115.128713930377444, -2.650177021320019 ], [ 115.128769748625018, -2.650235720910018 ], [ 115.128825566877481, -2.650294420502519 ], [ 115.128881386035005, -2.650353121000023 ], [ 115.128937203395026, -2.650411821497528 ], [ 115.128993022565055, -2.650470520192528 ], [ 115.129048840837527, -2.650529219787472 ], [ 115.129111136577535, -2.650586732932481 ], [ 115.129173434120048, -2.650644246079992 ], [ 115.129235729869947, -2.650701760130005 ], [ 115.129298026530023, -2.650759272375012 ], [ 115.129360322292541, -2.650816786425025 ], [ 115.129422619859952, -2.650874299577481 ], [ 115.129484915634976, -2.650931812724991 ], [ 115.129547212314947, -2.650989326782508 ], [ 115.129609509002535, -2.65104683993502 ], [ 115.129669105804965, -2.651109569100015 ], [ 115.12972870261251, -2.651172297362507 ], [ 115.129788301224949, -2.651235026532504 ], [ 115.129847897145055, -2.6512977557 ], [ 115.129907494870054, -2.651360484872498 ], [ 115.129967092600054, -2.651423214044996 ], [ 115.1300266894375, -2.65148594231249 ], [ 115.130086287177505, -2.651548672392494 ], [ 115.130145884027456, -2.65161140066499 ], [ 115.130205481782468, -2.651674128939987 ], [ 115.130265078640036, -2.651736859022492 ], [ 115.130322084482486, -2.651796973757484 ], [ 115.130379091224995, -2.651857090302485 ], [ 115.13043609707745, -2.651917204134975 ], [ 115.13049310203246, -2.651977319777473 ], [ 115.130550108794978, -2.652037434517524 ], [ 115.130607114660052, -2.652097551067527 ], [ 115.130664121429959, -2.652157665812524 ], [ 115.130721126409981, -2.65221778055502 ], [ 115.130778132292448, -2.652277895297516 ], [ 115.130835139077476, -2.652338011855022 ], [ 115.130892144972449, -2.65239812660252 ], [ 115.130951999535, -2.65246233460249 ], [ 115.131011854100052, -2.65252654350752 ], [ 115.131071709572552, -2.652590751512491 ], [ 115.131131563252552, -2.652654959515019 ], [ 115.131191417837499, -2.65271916751999 ], [ 115.131251272424947, -2.652783376432524 ], [ 115.131311127922459, -2.652847584442497 ], [ 115.131370982525027, -2.652911792452528 ], [ 115.131430836232539, -2.652976001367506 ], [ 115.131490691747445, -2.653040209379981 ], [ 115.131547691022547, -2.653105370637491 ], [ 115.131604688507537, -2.653170531895 ], [ 115.131661687797532, -2.653235692252508 ], [ 115.13171868618997, -2.653300853512519 ], [ 115.131775684590025, -2.653366014774974 ], [ 115.131832683892526, -2.653431176944991 ], [ 115.131889682304973, -2.653496337305 ], [ 115.131946681619979, -2.653561498572515 ], [ 115.13200367824254, -2.653626659839972 ], [ 115.132060677570053, -2.653691820207484 ], [ 115.132121134369982, -2.653758030209985 ], [ 115.13218159297503, -2.653824242027497 ], [ 115.132242049787465, -2.653890452035 ], [ 115.132302506607516, -2.653956662045005 ], [ 115.132362964330014, -2.654022872960013 ], [ 115.132423422062516, -2.654089082070016 ], [ 115.13248387889746, -2.654155293892472 ], [ 115.132544336642468, -2.65422150390998 ], [ 115.132604793492533, -2.654287713924987 ], [ 115.132665252144989, -2.654353924852501 ], [ 115.132725709007445, -2.65442013487251 ], [ 115.132784177292478, -2.654481322490028 ], [ 115.132842646479958, -2.654542511017496 ], [ 115.132901114774995, -2.65460369954252 ], [ 115.132959583075035, -2.654664888069988 ], [ 115.133018051382464, -2.65472607569501 ], [ 115.133076521492512, -2.65478726422748 ], [ 115.133134988912502, -2.654848452757506 ], [ 115.133193458132496, -2.654909641289976 ], [ 115.133251925564991, -2.65497082892 ], [ 115.133310394797491, -2.655032017455028 ], [ 115.133368864034992, -2.6550932059925 ], [ 115.133427331482494, -2.655154394527472 ], [ 115.133485800735002, -2.655215581259995 ], [ 115.133545653215037, -2.655280746900019 ], [ 115.133605507499965, -2.655345912542487 ], [ 115.133665360892451, -2.655411078187512 ], [ 115.133725214290052, -2.655476243832481 ], [ 115.133785067695044, -2.655541408575004 ], [ 115.133844922002481, -2.655606575127479 ], [ 115.133904775419978, -2.655671739875004 ], [ 115.133964628839976, -2.655736905524975 ], [ 115.134024482269979, -2.655802070275001 ], [ 115.134084335702482, -2.655867236832478 ], [ 115.134089775627444, -2.655873078017521 ], [ 115.134143240707544, -2.655930486789998 ], [ 115.134202145722497, -2.65599373675002 ], [ 115.134261050739951, -2.656056986712485 ], [ 115.134319955765022, -2.656120236675008 ], [ 115.134378859895037, -2.656183486637474 ], [ 115.1344377649325, -2.656246736602498 ], [ 115.134496669972464, -2.656309986570022 ], [ 115.134555575020045, -2.656373236539991 ], [ 115.134614479174957, -2.656436486507516 ], [ 115.134673385132487, -2.656499736479986 ], [ 115.134733691859992, -2.656563068152479 ], [ 115.134793999494946, -2.656626398922526 ], [ 115.134854307135015, -2.656689729695017 ], [ 115.134914614779973, -2.656753061372513 ], [ 115.134974921532489, -2.656816392147505 ], [ 115.135035230090011, -2.656879723827501 ], [ 115.135095536855033, -2.656943054604994 ], [ 115.135149822464996, -2.657000062897509 ], [ 115.13520410807746, -2.657057071192526 ], [ 115.135258396394988, -2.657114078589984 ], [ 115.135312682017457, -2.657171086885 ], [ 115.135366967647542, -2.657228095185019 ], [ 115.135426686672531, -2.657292439622495 ], [ 115.135486405705024, -2.657356784064973 ], [ 115.135546124737516, -2.657421130315015 ], [ 115.135605843782514, -2.657485474757493 ], [ 115.135665562830013, -2.657549819202472 ], [ 115.135725281885016, -2.657614164555014 ], [ 115.13578500094502, -2.657678509907498 ], [ 115.135844720007526, -2.657742856164987 ], [ 115.135904438182479, -2.657807200612524 ], [ 115.135964158157549, -2.657871545972512 ], [ 115.136023876342506, -2.657935891327497 ], [ 115.136083595432524, -2.658000235782481 ], [ 115.136143314527544, -2.658064580240023 ], [ 115.136203033627453, -2.658128926505015 ], [ 115.136261770902479, -2.658189043997481 ], [ 115.13632050728495, -2.658249161490005 ], [ 115.136379243670035, -2.658309279887476 ], [ 115.136437980962455, -2.658369397385002 ], [ 115.136496717360046, -2.658429515784974 ], [ 115.136555453765027, -2.658489632377496 ], [ 115.13661419017501, -2.658549750780026 ], [ 115.136672927487552, -2.658609869185 ], [ 115.13673166390754, -2.658669986685027 ], [ 115.136790401232474, -2.658730105092502 ], [ 115.136849137664967, -2.658790222594973 ], [ 115.136904553547538, -2.658853307272523 ], [ 115.136959970332555, -2.658916393760023 ], [ 115.137015386227517, -2.658979478440017 ], [ 115.137070801225036, -2.659042564025015 ], [ 115.137126218024946, -2.659105650517517 ], [ 115.137181633935029, -2.659168735202513 ], [ 115.137237049847499, -2.659231820792513 ], [ 115.137292466665031, -2.659294906385014 ], [ 115.137347882587505, -2.659357991977515 ], [ 115.137403298517484, -2.659421076667513 ], [ 115.13745871534752, -2.659484163167519 ], [ 115.137514130389945, -2.659547247857518 ], [ 115.137574939250044, -2.659610500784993 ], [ 115.137635747214972, -2.659673753712525 ], [ 115.137696556087462, -2.65973700664 ], [ 115.137757364964955, -2.659800259569977 ], [ 115.137818172950006, -2.65986351250001 ], [ 115.137878981842505, -2.659926765434989 ], [ 115.137939789837446, -2.659990019270026 ], [ 115.13800059873995, -2.660053272207506 ], [ 115.138061406750012, -2.660116525142485 ], [ 115.13812221566252, -2.660179778080021 ], [ 115.138180577479943, -2.660242754227511 ], [ 115.138238940205042, -2.660305729474999 ], [ 115.138297301135026, -2.66036870562499 ], [ 115.138355662969957, -2.660431681777482 ], [ 115.138414024810004, -2.660494657929974 ], [ 115.138472386655053, -2.66055763318252 ], [ 115.138530749407551, -2.660620609340015 ], [ 115.138586557784947, -2.660686486924988 ], [ 115.138642366172462, -2.660752363607514 ], [ 115.138698175460036, -2.660818241197489 ], [ 115.138753982957496, -2.660884117880016 ], [ 115.138809791357517, -2.660949996377497 ], [ 115.138865600662484, -2.661015873067527 ], [ 115.138921408177453, -2.661081749754999 ], [ 115.138977217492538, -2.661147626449974 ], [ 115.139036599172528, -2.66121111686499 ], [ 115.139095978159958, -2.661274607280006 ], [ 115.139155359849951, -2.661338097700025 ], [ 115.139214741547448, -2.661401588119986 ], [ 115.139274121452445, -2.661465078540004 ], [ 115.139333502262502, -2.661528567155017 ], [ 115.139392882177503, -2.661592058479982 ], [ 115.13945226389751, -2.6616555480025 ], [ 115.139509265379957, -2.661719144232507 ], [ 115.13956626596746, -2.661782739557509 ], [ 115.139623269260028, -2.661846334887514 ], [ 115.139680269862538, -2.661909929312515 ], [ 115.139737271364993, -2.661973525547523 ], [ 115.139794273772509, -2.662037120879972 ], [ 115.139851275289971, -2.662100715309975 ], [ 115.139908276810047, -2.662164310644982 ], [ 115.139965278337513, -2.662227905979989 ], [ 115.140022278967535, -2.662291502222502 ], [ 115.14007928230501, -2.662355096660008 ], [ 115.140138881439952, -2.662416955289984 ], [ 115.14019848057751, -2.662478815730026 ], [ 115.140258080622516, -2.662540674365005 ], [ 115.140317679774967, -2.662602533902486 ], [ 115.140377279832478, -2.662664393442526 ], [ 115.140436878097489, -2.662726252077505 ], [ 115.140496478162504, -2.662788113429997 ], [ 115.140556077337465, -2.662849972069978 ], [ 115.140615678317545, -2.662911830712517 ], [ 115.140675276604952, -2.662973691160005 ], [ 115.140734876697479, -2.663035549804988 ], [ 115.140795686415004, -2.663097846125027 ], [ 115.140856497039977, -2.663160141545006 ], [ 115.140917307669952, -2.66322243786999 ], [ 115.140978117407485, -2.663284734194974 ], [ 115.141038928049966, -2.663347029617512 ], [ 115.141099737797504, -2.663409326850001 ], [ 115.141160547552545, -2.663471623177486 ], [ 115.141221359112478, -2.663533918605026 ], [ 115.141282167979966, -2.663596214935012 ], [ 115.14134297865246, -2.663658511267499 ], [ 115.141399590317519, -2.663716548620016 ], [ 115.141456201087522, -2.663774586874979 ], [ 115.141512811865027, -2.663832625129999 ], [ 115.141569422645034, -2.663890664290022 ], [ 115.141626034329988, -2.663948701647485 ], [ 115.141685342069991, -2.664009505527474 ], [ 115.141744650717555, -2.66407030851002 ], [ 115.141803959365006, -2.664131113300016 ], [ 115.141863268022462, -2.664191916282505 ], [ 115.141922576687534, -2.664252719264994 ], [ 115.141981490530043, -2.664311185110023 ], [ 115.142040402580051, -2.664369650949993 ], [ 115.142099314637449, -2.664428115890018 ], [ 115.14215822759752, -2.664486581734991 ], [ 115.142217140564981, -2.664545046677517 ], [ 115.142276054437502, -2.664603511619987 ], [ 115.142334966515023, -2.664661977467517 ], [ 115.142393878600046, -2.664720442409987 ], [ 115.142452791587516, -2.664778909165022 ], [ 115.142511704582489, -2.664837374112494 ], [ 115.142573622524992, -2.664902487032521 ], [ 115.14263554227, -2.664967599957492 ], [ 115.142697459322449, -2.665032713785024 ], [ 115.142759378182518, -2.665097827615 ], [ 115.142821297047476, -2.665162941447477 ], [ 115.142883215920051, -2.665228054375007 ], [ 115.142920738374983, -2.665267513327478 ], [ 115.142958261729973, -2.66530697318251 ], [ 115.143015269090029, -2.665366870272521 ], [ 115.143072277350029, -2.665426769172484 ], [ 115.143129283820031, -2.665486666262495 ], [ 115.143186292090036, -2.665546565165016 ], [ 115.143243298570042, -2.665606462257472 ], [ 115.143300305954995, -2.665666361159992 ], [ 115.14335731334495, -2.665726258255006 ], [ 115.143414321637465, -2.665786157162472 ], [ 115.143476614244946, -2.665847924094976 ], [ 115.143538904164984, -2.665909689215027 ], [ 115.14360119678247, -2.66597145705498 ], [ 115.143663487612457, -2.666033223987483 ], [ 115.143725780247451, -2.666094989117482 ], [ 115.143788071087556, -2.666156756957491 ], [ 115.143850361935051, -2.666218523892496 ], [ 115.143912653689995, -2.666280289024996 ], [ 115.143974945447553, -2.666342056870008 ], [ 115.144033017095012, -2.666397438027502 ], [ 115.144091090544975, -2.666452818287496 ], [ 115.144149161304995, -2.666508198542488 ], [ 115.14420723296746, -2.66656357879998 ], [ 115.144265304635042, -2.666618959962477 ], [ 115.144323377207456, -2.666674340222528 ], [ 115.144381447987485, -2.666729721385025 ], [ 115.144439519674961, -2.666785100742516 ], [ 115.144497591362551, -2.666840481907514 ], [ 115.144555547494974, -2.666902773977483 ], [ 115.144613502737457, -2.666965065142506 ], [ 115.144671458879998, -2.66702735811748 ], [ 115.14472941323254, -2.667089649285003 ], [ 115.144787369387473, -2.667151941357474 ], [ 115.144845325550023, -2.66721423253 ], [ 115.144903280815015, -2.667276525509976 ], [ 115.144961236090012, -2.667338816682502 ], [ 115.14501919136751, -2.667401108759975 ], [ 115.145077148450014, -2.667463400842507 ], [ 115.145136535204983, -2.667523302482493 ], [ 115.145195921067511, -2.667583204122479 ], [ 115.145255307832485, -2.667643105765023 ], [ 115.145314695505022, -2.667703007410012 ], [ 115.145374082282501, -2.667762909055 ], [ 115.14543346726748, -2.667822810699988 ], [ 115.145492854059967, -2.667882711442473 ], [ 115.145552241752512, -2.667942613092521 ], [ 115.145613066865053, -2.66800035670002 ], [ 115.145673891982483, -2.668058100307519 ], [ 115.14573471710753, -2.668115843917519 ], [ 115.145777112065048, -2.668156091549974 ], [ 115.145837300592461, -2.668213231070013 ], [ 115.145897488227547, -2.66827036968499 ], [ 115.145957674967462, -2.668327509205028 ], [ 115.146017863514999, -2.668384646014999 ], [ 115.146078051167478, -2.668441785537482 ], [ 115.146138239722518, -2.668498925060021 ], [ 115.146198427385002, -2.668556063680001 ], [ 115.14625951726498, -2.668613576215023 ], [ 115.14632060714996, -2.668671087844984 ], [ 115.146381697042443, -2.6687285985725 ], [ 115.146442786937541, -2.668786111107522 ], [ 115.146503876840029, -2.668843622742486 ], [ 115.146564966747519, -2.668901135280009 ], [ 115.146626055764955, -2.668958646010026 ], [ 115.14668714568495, -2.66901615764499 ], [ 115.146748235612449, -2.669073670185014 ], [ 115.146809326442508, -2.66913118182498 ], [ 115.146870416382512, -2.669188693462502 ], [ 115.146931504527515, -2.669246205100023 ], [ 115.146992594480025, -2.669303716739989 ], [ 115.147053684435036, -2.669361229285016 ], [ 115.147111888945005, -2.669416343942487 ], [ 115.147170093462478, -2.669471458600015 ], [ 115.147228297982451, -2.669526574162489 ], [ 115.147286502510042, -2.669581687920015 ], [ 115.147344707042521, -2.669636802579987 ], [ 115.147402911580002, -2.66969191814502 ], [ 115.147461116122486, -2.669747032807493 ], [ 115.147519320672473, -2.669802147470023 ], [ 115.147573880920049, -2.669856033179997 ], [ 115.147628440269955, -2.669909920697478 ], [ 115.147680596152554, -2.669961430064973 ], [ 115.147683002322538, -2.66996380641001 ], [ 115.147737561682447, -2.670017693929992 ], [ 115.147792121049974, -2.670071579640023 ], [ 115.147853223920038, -2.670131927002501 ], [ 115.147914325900047, -2.670192274364979 ], [ 115.147975427882557, -2.670252622632518 ], [ 115.148035617040023, -2.670305879387513 ], [ 115.148095808002495, -2.670359137052515 ], [ 115.148155998072525, -2.670412393810011 ], [ 115.148216188149945, -2.670465650570009 ], [ 115.148276377330035, -2.670518908232509 ], [ 115.148336569214962, -2.670572164995008 ], [ 115.148396759307502, -2.670625422660009 ], [ 115.148456948507487, -2.670678679420007 ], [ 115.148517138610032, -2.67073193708751 ], [ 115.14857794766499, -2.670795190235026 ], [ 115.148638757625008, -2.670858444292492 ], [ 115.148699566692471, -2.670921696540006 ], [ 115.148760376664995, -2.670984949695026 ], [ 115.148821185744964, -2.671048202849988 ], [ 115.148881994830049, -2.671111456007509 ], [ 115.148942804822468, -2.671174709164973 ], [ 115.14900361302, -2.671237962322493 ], [ 115.149064423919981, -2.671301217292523 ], [ 115.149125232132519, -2.671364469549985 ], [ 115.149188305690018, -2.671418504717508 ], [ 115.149251377455016, -2.671472539882473 ], [ 115.149314451027521, -2.671526573242488 ], [ 115.14937752370497, -2.671580608410011 ], [ 115.149440596387535, -2.671634643577477 ], [ 115.14950366907749, -2.6716886787475 ], [ 115.149566741772446, -2.671742713917524 ], [ 115.149629815374965, -2.671796749087491 ], [ 115.149692887184983, -2.671850782447507 ], [ 115.149755959899949, -2.671904817619975 ], [ 115.14981903262003, -2.6719588527925 ], [ 115.149879857034989, -2.672012535522526 ], [ 115.149940680552504, -2.672066220062504 ], [ 115.150001504977467, -2.672119902794975 ], [ 115.150062328507488, -2.672173586430006 ], [ 115.150123152047513, -2.672227269162477 ], [ 115.150183976487483, -2.672280953705013 ], [ 115.150244800934956, -2.672334637344989 ], [ 115.150305624487487, -2.67238832098252 ], [ 115.150366448947466, -2.672442003719993 ], [ 115.150427272515003, -2.672495687360026 ], [ 115.150491902292515, -2.672549376762504 ], [ 115.150556533877534, -2.67260306526498 ], [ 115.150621163667552, -2.672656756480023 ], [ 115.150685794365018, -2.672710444979998 ], [ 115.150750425069987, -2.672764133482474 ], [ 115.150815055779958, -2.672817822890011 ], [ 115.150879685597488, -2.672871511392486 ], [ 115.150944317217522, -2.672925201707528 ], [ 115.151008947049945, -2.672978890210004 ], [ 115.15107357778254, -2.673032580522488 ], [ 115.151136296377445, -2.67309200714999 ], [ 115.151199014974964, -2.673151435587499 ], [ 115.151261733577485, -2.673210864025009 ], [ 115.151324452187509, -2.673270292462519 ], [ 115.151387170802536, -2.673329720902473 ], [ 115.151449890327513, -2.673389148439981 ], [ 115.151512608955045, -2.673448576879991 ], [ 115.151575327589967, -2.673508006227507 ], [ 115.151638046232506, -2.673567433767516 ], [ 115.151700764880047, -2.673626862210028 ], [ 115.151769022627491, -2.673684384765011 ], [ 115.151837282182555, -2.67374190641749 ], [ 115.151905539945005, -2.673799428972472 ], [ 115.151973798612516, -2.673856952435017 ], [ 115.152042056389973, -2.6739144749925 ], [ 115.15211031597255, -2.673971997549984 ], [ 115.152178573762512, -2.674029520107524 ], [ 115.152246833359982, -2.67408704267001 ], [ 115.152315091164951, -2.674144566132497 ], [ 115.152383348977537, -2.674202087787478 ], [ 115.152451607697458, -2.674259610347519 ], [ 115.152520736237534, -2.674314524589988 ], [ 115.152589862085051, -2.674369438827512 ], [ 115.15265899064002, -2.674424353067479 ], [ 115.152728118302548, -2.674479266405001 ], [ 115.152797245972465, -2.674534180645026 ], [ 115.152866373647498, -2.674589095792498 ], [ 115.152935500429976, -2.674644010032523 ], [ 115.153004629019961, -2.674698924274992 ], [ 115.153073756720005, -2.674753837612514 ], [ 115.153142883524993, -2.674808751854982 ], [ 115.153212011237542, -2.674863665192504 ], [ 115.153257118157512, -2.674901221455002 ], [ 115.153302224182539, -2.674938775907492 ], [ 115.153365795252512, -2.674991704169997 ], [ 115.153429367225044, -2.675044633337507 ], [ 115.153492939204966, -2.675097562505016 ], [ 115.153556509392502, -2.67515049076502 ], [ 115.153620080487485, -2.675203419030026 ], [ 115.153683652482528, -2.675256349102483 ], [ 115.153747223590017, -2.675309277367489 ], [ 115.153810794700007, -2.675362206534999 ], [ 115.153875634657538, -2.675416873767517 ], [ 115.153940475522518, -2.675471540094975 ], [ 115.154005316395001, -2.675526206424991 ], [ 115.154070156372541, -2.675580873657509 ], [ 115.15413499635747, -2.675635539987525 ], [ 115.15419983814752, -2.675690207224989 ], [ 115.154261774755014, -2.675742424997509 ], [ 115.154323713165013, -2.675794645487485 ], [ 115.154385649782512, -2.675846864167511 ], [ 115.154447587304958, -2.675899084657487 ], [ 115.154510374622532, -2.675951863444993 ], [ 115.154573161949997, -2.676004640424992 ], [ 115.154635947482461, -2.676057417404991 ], [ 115.154698734820045, -2.676110196194998 ], [ 115.154761522165018, -2.676162973174996 ], [ 115.154824308612547, -2.676215751965003 ], [ 115.154887095069967, -2.676268528945002 ], [ 115.154949881532502, -2.676321306832506 ], [ 115.155012668002541, -2.676374084717509 ], [ 115.155074878824962, -2.676426377965015 ], [ 115.155132806880033, -2.676474442829999 ], [ 115.155190734040048, -2.676522508599987 ], [ 115.155248662105009, -2.676570573467473 ], [ 115.155306589275028, -2.676618638332513 ], [ 115.155364516450049, -2.676666704102502 ], [ 115.155422444530018, -2.676714769874991 ], [ 115.155482873734968, -2.676764910142481 ], [ 115.155543302945034, -2.676815051314975 ], [ 115.155603732157488, -2.676865193392473 ], [ 115.155664161379946, -2.676915333662521 ], [ 115.155726908300039, -2.676965140155005 ], [ 115.155789654329965, -2.677014945742485 ], [ 115.155852970667524, -2.677065204314999 ], [ 115.155916287012474, -2.677115462885013 ], [ 115.155979604262484, -2.677165720555024 ], [ 115.156042920620052, -2.677215979127482 ], [ 115.156106236982509, -2.677266237699996 ], [ 115.156169553349969, -2.67731649627251 ], [ 115.156206763252499, -2.677346030829995 ], [ 115.15624397225497, -2.677375566292483 ], [ 115.156310498170001, -2.677435213942488 ], [ 115.156377023194977, -2.67749486068999 ], [ 115.156443549125015, -2.677554507437492 ], [ 115.156510075062556, -2.677614154187495 ], [ 115.156576599209984, -2.677673800029993 ], [ 115.156643126057475, -2.677733447685 ], [ 115.156709650220023, -2.677793093529999 ], [ 115.156776177085021, -2.677852740282503 ], [ 115.15684270125746, -2.677912387937511 ], [ 115.156908180925029, -2.677964590290003 ], [ 115.156973660602489, -2.678016791739992 ], [ 115.157039139382505, -2.678068994089983 ], [ 115.15710461907247, -2.678121196444977 ], [ 115.157170098770052, -2.678173396085015 ], [ 115.157235577572465, -2.678225598437507 ], [ 115.157301056379993, -2.6782778007925 ], [ 115.157366536995028, -2.67833000224249 ], [ 115.157432015814948, -2.678382204597483 ], [ 115.157499495470006, -2.678439726017473 ], [ 115.157566976929957, -2.678497247442522 ], [ 115.157634456600022, -2.678554768865013 ], [ 115.157701938072478, -2.678612290292506 ], [ 115.157769417757549, -2.678669810812494 ], [ 115.157836897445009, -2.678727334044993 ], [ 115.157904378942476, -2.678784854567482 ], [ 115.157971858645055, -2.678842376897478 ], [ 115.158039339257471, -2.678899897420024 ], [ 115.158106819872501, -2.678957419752521 ], [ 115.158170425122535, -2.679011255055002 ], [ 115.158234033075018, -2.679065089457481 ], [ 115.158297639237503, -2.67911892476252 ], [ 115.158361244505045, -2.679172760065001 ], [ 115.158424850677534, -2.679226595369983 ], [ 115.158488457757471, -2.679280429772518 ], [ 115.158552063942466, -2.679334264174997 ], [ 115.158615670134964, -2.67938809948248 ], [ 115.158679276332464, -2.679441934787519 ], [ 115.158742882539968, -2.679495769192499 ], [ 115.158806488749974, -2.679549604499982 ], [ 115.158870094964982, -2.679603439810023 ], [ 115.158933702087552, -2.679657275120007 ], [ 115.158998505732484, -2.679711312077472 ], [ 115.159063309380031, -2.679765349937497 ], [ 115.159128113935026, -2.679819387802524 ], [ 115.159192917599967, -2.67987342475999 ], [ 115.159257721267522, -2.679927462622516 ], [ 115.159322524944969, -2.679981499582482 ], [ 115.15938732862503, -2.680035538350012 ], [ 115.159452133215041, -2.680089574407475 ], [ 115.159516936007549, -2.680143613175005 ], [ 115.159581740609951, -2.680197650137472 ], [ 115.15964654521747, -2.680251687102498 ], [ 115.159710227427468, -2.680303461759991 ], [ 115.159773909644969, -2.680355236417483 ], [ 115.159837592772533, -2.680407008365023 ], [ 115.159901275902484, -2.680458783025017 ], [ 115.159964958139994, -2.680510556780007 ], [ 115.160028640382507, -2.680562331440001 ], [ 115.160092323532467, -2.680614105197492 ], [ 115.160156007587489, -2.68066587805248 ], [ 115.160219688949951, -2.680717651807527 ], [ 115.160283372117533, -2.680769426470022 ], [ 115.160348002872524, -2.680823115040027 ], [ 115.160412635430021, -2.680876805422486 ], [ 115.160477265297459, -2.680930493992491 ], [ 115.160541897869962, -2.680984182567499 ], [ 115.160606528649964, -2.681037872042509 ], [ 115.160671160335028, -2.681091561522521 ], [ 115.16073579202498, -2.681145250999975 ], [ 115.16080042372505, -2.681198939574983 ], [ 115.160865055427507, -2.681252629959999 ], [ 115.160929687137468, -2.681306318535007 ], [ 115.160996220872448, -2.681359851740012 ], [ 115.161062756412548, -2.681413384047517 ], [ 115.161129291960037, -2.681466917255023 ], [ 115.161195826614971, -2.681520448657523 ], [ 115.161262362174966, -2.681573981867473 ], [ 115.161328896842519, -2.681627513267472 ], [ 115.161395432417521, -2.68168104647998 ], [ 115.161461967995024, -2.681734579689987 ], [ 115.161528502684973, -2.681788111092487 ], [ 115.161595037380039, -2.681841644302494 ], [ 115.161661572980051, -2.681895176609999 ], [ 115.161728107687509, -2.681948709822507 ], [ 115.161788932322452, -2.682002393557525 ], [ 115.161849757862456, -2.682056077294988 ], [ 115.161910582510018, -2.682109760127503 ], [ 115.161971407162468, -2.682163443865022 ], [ 115.16203223271998, -2.682217127604986 ], [ 115.162093059180052, -2.68227081225001 ], [ 115.16215388385001, -2.682324495082526 ], [ 115.162214709427531, -2.682378177919986 ], [ 115.162275534107494, -2.682431861660007 ], [ 115.16233635879496, -2.682485545400027 ], [ 115.162405007960047, -2.682538815962516 ], [ 115.162473659829971, -2.682592085622503 ], [ 115.162542309907508, -2.682645356184992 ], [ 115.162610959094991, -2.682698625842477 ], [ 115.162679610985037, -2.682751896410025 ], [ 115.162748261084971, -2.68280516606751 ], [ 115.162816910292463, -2.682858435727496 ], [ 115.16288556220502, -2.682911705389984 ], [ 115.162954211427518, -2.682964975952473 ], [ 115.163018622454956, -2.683025682960022 ], [ 115.163083031692508, -2.683086389965013 ], [ 115.163147441835008, -2.683147096975006 ], [ 115.163211850187508, -2.683207803982498 ], [ 115.163276260342514, -2.683268510992491 ], [ 115.163340671404967, -2.683329218004985 ], [ 115.163405080675034, -2.68338992501748 ], [ 115.163469490852549, -2.683450631125027 ], [ 115.163533900135008, -2.683511338137521 ], [ 115.163595675939973, -2.683566459267524 ], [ 115.163657449950051, -2.683621580395027 ], [ 115.163719224869965, -2.683676699717523 ], [ 115.163780999792493, -2.683731820847527 ], [ 115.163842774722525, -2.683786941072526 ], [ 115.163904548760001, -2.683842061300027 ], [ 115.163966323700038, -2.683897181527527 ], [ 115.164028098647464, -2.683952302659975 ], [ 115.164090303837497, -2.684008947192524 ], [ 115.164152509037535, -2.684065589917509 ], [ 115.164214714239961, -2.684122233547498 ], [ 115.164276919450003, -2.684178877177487 ], [ 115.164339124665048, -2.684235520809978 ], [ 115.164401329887482, -2.684292165347472 ], [ 115.164463535115033, -2.684348808075015 ], [ 115.164525740349973, -2.684405451710006 ], [ 115.164587945590029, -2.684462095342496 ], [ 115.164650150839975, -2.684518738074985 ], [ 115.164712356090035, -2.68457538261498 ], [ 115.164772542955006, -2.68463182969748 ], [ 115.164832729822479, -2.68468827677998 ], [ 115.164892915797509, -2.684744724764982 ], [ 115.164953102679988, -2.684801170944979 ], [ 115.165013289567469, -2.684857618934984 ], [ 115.165073476459952, -2.684914066019985 ], [ 115.165133663357551, -2.68497051400999 ], [ 115.16519385026254, -2.685026960192488 ], [ 115.165254036272472, -2.68508340727999 ], [ 115.165318202214962, -2.685131355030023 ], [ 115.165382366369954, -2.685179300064988 ], [ 115.165422215180001, -2.685209077762522 ], [ 115.165446530524946, -2.68522724781252 ], [ 115.165510695590001, -2.685275193752489 ], [ 115.165574860657443, -2.685323140597518 ], [ 115.165639024832444, -2.685371088344993 ], [ 115.165703189915007, -2.685419033382516 ], [ 115.165767355002458, -2.685466981132492 ], [ 115.165835498012484, -2.685505363430025 ], [ 115.165903642830017, -2.685543745730001 ], [ 115.165971786749992, -2.685582128932481 ], [ 115.166039931577529, -2.685620511230013 ], [ 115.166108075512511, -2.685658893527489 ], [ 115.166176220352554, -2.685697276727524 ], [ 115.166250384975001, -2.685739496687518 ], [ 115.166324551404955, -2.685781716650013 ], [ 115.166398716942467, -2.685823935702501 ], [ 115.166472883387542, -2.685866155662495 ], [ 115.166547048040002, -2.685908375617487 ], [ 115.166628573455, -2.685938575664977 ], [ 115.166710098875001, -2.685968775712524 ], [ 115.166791623404947, -2.685998975752511 ], [ 115.166873147942511, -2.686029175792498 ], [ 115.166954672487464, -2.686059375827483 ], [ 115.167036197937477, -2.686089575862525 ], [ 115.167117723397496, -2.686119774990004 ], [ 115.167190627432547, -2.686156571162485 ], [ 115.167263532375046, -2.686193365525014 ], [ 115.167336438222492, -2.686230160794992 ], [ 115.167409343179997, -2.68626695515502 ], [ 115.167482249039949, -2.686303749514991 ], [ 115.16755515400996, -2.686340544777522 ], [ 115.167628517954995, -2.686373466934981 ], [ 115.167701881905032, -2.686406388184992 ], [ 115.167775245862458, -2.686439310337505 ], [ 115.167848609827502, -2.686472231582513 ], [ 115.167921973797547, -2.686505153732526 ], [ 115.167995337774983, -2.68653807587998 ], [ 115.168068701757534, -2.686570997119986 ], [ 115.168138439174982, -2.686604598312499 ], [ 115.168208177502493, -2.686638197697505 ], [ 115.168277914032501, -2.686671798885016 ], [ 115.168347652370016, -2.686705398265019 ], [ 115.16841738891253, -2.686738999449972 ], [ 115.16848712726005, -2.686772598827474 ], [ 115.168564565957467, -2.686808260647524 ], [ 115.168642003762557, -2.686843923367519 ], [ 115.16871944247498, -2.686879585180009 ], [ 115.168796880292462, -2.686915247897502 ], [ 115.16887431991745, -2.686950909709992 ], [ 115.168951757750051, -2.686986572422484 ], [ 115.169029197390046, -2.687022235134975 ], [ 115.169110719200035, -2.687053801422508 ], [ 115.169192242812528, -2.687085368614987 ], [ 115.169355289164969, -2.687148502989999 ], [ 115.169436812802473, -2.687180069270028 ], [ 115.169518335547536, -2.687211636450002 ], [ 115.169599859197547, -2.687243203627474 ], [ 115.169684108372508, -2.687269306919973 ], [ 115.169768359352474, -2.687295408400018 ], [ 115.169852610339944, -2.687321511687514 ], [ 115.169936861335032, -2.687347614065004 ], [ 115.170021110535004, -2.6873737182475 ], [ 115.170105361547485, -2.687399819714983 ], [ 115.170189611662522, -2.687425922987472 ], [ 115.170276589999958, -2.687446560562478 ], [ 115.170363566545007, -2.687467199034984 ], [ 115.170450544894948, -2.687487836602486 ], [ 115.170537521455003, -2.687508475064988 ], [ 115.170624499819951, -2.687529112624986 ], [ 115.170711477292457, -2.687549750177482 ], [ 115.170798454772466, -2.687570388629979 ], [ 115.170882893097541, -2.687584870742512 ], [ 115.170967329630002, -2.687599352847485 ], [ 115.171051767967469, -2.68761383404501 ], [ 115.171136205407493, -2.687628317952488 ], [ 115.17122064285752, -2.687642800045012 ], [ 115.171305080315051, -2.687657281229974 ], [ 115.171389517774969, -2.687671764217498 ], [ 115.171473955240003, -2.687686246297517 ], [ 115.1715572039775, -2.687700725677473 ], [ 115.171640450917494, -2.687715206859991 ], [ 115.171723700562552, -2.687729687140006 ], [ 115.171806949315055, -2.687744167412518 ], [ 115.171890196274944, -2.687758647677526 ], [ 115.171973445037452, -2.687773127939977 ], [ 115.172056693807463, -2.687787608199983 ], [ 115.172139941682531, -2.687802088452486 ], [ 115.172221765384961, -2.687814653164992 ], [ 115.17230358909751, -2.687827216064989 ], [ 115.17238541191, -2.687839780769991 ], [ 115.172467235632553, -2.687852344564988 ], [ 115.172549058455047, -2.687864910162489 ], [ 115.17263088308755, -2.687877473047479 ], [ 115.17271270592255, -2.687890037732473 ], [ 115.172794529662497, -2.687902602415022 ], [ 115.172876352512503, -2.687915165282504 ], [ 115.172958176262455, -2.687927729957494 ], [ 115.173047620642478, -2.687935520795008 ], [ 115.173137064132447, -2.687943310722517 ], [ 115.173226510322479, -2.687951101554972 ], [ 115.173315953819952, -2.687958891469975 ], [ 115.173405398222485, -2.687966682287481 ], [ 115.173491026887518, -2.687980210254977 ], [ 115.173576655562556, -2.687993735505017 ], [ 115.173662283340036, -2.688007262557505 ], [ 115.173747912922522, -2.688020788702488 ], [ 115.173833541612453, -2.688034315747473 ], [ 115.173915975169962, -2.688063149662526 ], [ 115.173998409632532, -2.688091984482526 ], [ 115.174080842304988, -2.688120818390018 ], [ 115.174163275885007, -2.688149651392507 ], [ 115.174245711270032, -2.6881784853 ], [ 115.174328144862557, -2.688207319199989 ], [ 115.174394700905054, -2.688247294017515 ], [ 115.174461257849998, -2.688287269739988 ], [ 115.1745278139025, -2.688327244555012 ], [ 115.174594370862451, -2.688367219372481 ], [ 115.174660926927459, -2.688407194185004 ], [ 115.174727483895026, -2.688447169904975 ], [ 115.174773032117514, -2.688508805225013 ], [ 115.174818580342503, -2.688570441449997 ], [ 115.174864127670048, -2.688632077674981 ], [ 115.174909675900039, -2.688693714807528 ], [ 115.174955224135033, -2.688755351037514 ], [ 115.17500077147497, -2.688816987267501 ], [ 115.175039475279959, -2.688869360007516 ], [ 115.175078177284945, -2.688921733647476 ], [ 115.175116880194992, -2.688974106387491 ], [ 115.175164352889965, -2.689048345357492 ], [ 115.175211825585052, -2.689122584327492 ], [ 115.175259298287529, -2.689196823299994 ], [ 115.175306770992506, -2.689271062274997 ], [ 115.175356632752482, -2.689338127797498 ], [ 115.17540649451746, -2.6894051933225 ], [ 115.175456356290056, -2.689472257944999 ], [ 115.175506218962482, -2.689539322569999 ], [ 115.175539992397489, -2.689608686937504 ], [ 115.175573767635001, -2.689678050407508 ], [ 115.175602927689965, -2.689737937370012 ], [ 115.175607541972454, -2.689747413877512 ], [ 115.175641315412463, -2.689816777345015 ], [ 115.175675090654977, -2.689886140820022 ], [ 115.175708865000047, -2.689955504292527 ], [ 115.17570905325249, -2.689955893404999 ], [ 115.175709325779962, -2.689956451737487 ], [ 115.175748411685049, -2.690036724857521 ], [ 115.17601520449, -2.689783609809979 ], [ 115.176091742967515, -2.689740538662477 ], [ 115.17616828054247, -2.689697467507472 ], [ 115.176244818110035, -2.689654397247523 ], [ 115.176321356580047, -2.689611325172507 ], [ 115.176397895042555, -2.689568253992491 ], [ 115.176474431707447, -2.689525181897523 ], [ 115.176550970162452, -2.689482111605003 ], [ 115.176627507717512, -2.689439040399975 ], [ 115.176704045269958, -2.689395969185 ], [ 115.17678058371996, -2.689352897962522 ], [ 115.17685712216246, -2.689309827634986 ], [ 115.176933658807457, -2.689266755489996 ], [ 115.177010197247455, -2.689223684242506 ], [ 115.177086734782506, -2.689180612985012 ], [ 115.17716326057996, -2.689144840825008 ], [ 115.177239786375026, -2.689109068660002 ], [ 115.177316312167477, -2.689073295582489 ], [ 115.177392837960042, -2.689037522497472 ], [ 115.177469362847546, -2.689001751210014 ], [ 115.177545889537555, -2.688965977204987 ], [ 115.177622415322503, -2.688930204097517 ], [ 115.177698939307447, -2.688894431879987 ], [ 115.177775465087507, -2.688858659660013 ], [ 115.177851990869954, -2.688822886527475 ], [ 115.177928516647512, -2.688787114289994 ], [ 115.178005042422456, -2.688751342045009 ], [ 115.178081567297454, -2.688715568887517 ], [ 115.178158093969955, -2.688679795722521 ], [ 115.178237671215015, -2.688649153340009 ], [ 115.178317247560017, -2.688618512754999 ], [ 115.178396824802462, -2.688587871259983 ], [ 115.178476400245017, -2.688557229752519 ], [ 115.178555978387521, -2.688526587339993 ], [ 115.178635554727521, -2.688495946722526 ], [ 115.178715131967465, -2.688465304292492 ], [ 115.17878248808745, -2.688424391097499 ], [ 115.178849845104992, -2.688383477900004 ], [ 115.178917201217473, -2.688342564692505 ], [ 115.178984558227512, -2.688301652385007 ], [ 115.179051914334991, -2.688260739165003 ], [ 115.179119271342529, -2.688219824129988 ], [ 115.179186627445006, -2.688178911802481 ], [ 115.179219365300014, -2.68810513491502 ], [ 115.17925210315002, -2.688031358022499 ], [ 115.179284840995024, -2.687957580224975 ], [ 115.179317577932466, -2.687883802420004 ], [ 115.179350315764964, -2.687810025517479 ], [ 115.179383052687513, -2.687736249515012 ], [ 115.179415791404949, -2.687662471702481 ], [ 115.179483660352503, -2.687619509249998 ], [ 115.179551530194999, -2.687576544982505 ], [ 115.179619398237492, -2.687533581610012 ], [ 115.179687268072485, -2.68749061913752 ], [ 115.179755137907478, -2.687447654850018 ], [ 115.179823006837523, -2.687404691457516 ], [ 115.179890876667514, -2.687361727155007 ], [ 115.179958745590056, -2.687318764652503 ], [ 115.180037311279989, -2.687281969807486 ], [ 115.180115878767538, -2.687245173150018 ], [ 115.180194444452468, -2.687208378287494 ], [ 115.180273010137512, -2.68717158251502 ], [ 115.180351576717499, -2.68713478763749 ], [ 115.180430143294984, -2.687097992755014 ], [ 115.180508709874971, -2.687061196052525 ], [ 115.18058727555001, -2.687024401149984 ], [ 115.180665842122494, -2.686987606239995 ], [ 115.180744408692476, -2.686950811322504 ], [ 115.180822974365014, -2.686914014585 ], [ 115.180901540929995, -2.68687721965 ], [ 115.180980107497476, -2.686840423804995 ], [ 115.18105867316001, -2.686803628852488 ], [ 115.181122992609971, -2.686748098112503 ], [ 115.181187311152485, -2.686692570077525 ], [ 115.181247415834946, -2.686640678900005 ], [ 115.181251631489999, -2.686637039327479 ], [ 115.181315950022508, -2.686581510372491 ], [ 115.18138026944996, -2.686525981412501 ], [ 115.181444588875024, -2.686470450637501 ], [ 115.181508907390025, -2.686414921662504 ], [ 115.18157322680247, -2.686359391774999 ], [ 115.181637545309968, -2.686303862784996 ], [ 115.181701864712522, -2.686248332882485 ], [ 115.181766183210016, -2.686192802972528 ], [ 115.181830503500009, -2.686137273060012 ], [ 115.181894821987498, -2.686081744037494 ], [ 115.181959140469985, -2.686026213202524 ], [ 115.182023459842526, -2.685970685072505 ], [ 115.182087778315008, -2.685915154220027 ], [ 115.182164158067508, -2.685872203312499 ], [ 115.182240536015001, -2.685829253297527 ], [ 115.182316916660056, -2.685786301469989 ], [ 115.182393296400051, -2.685743350535006 ], [ 115.182469674340041, -2.685700399590019 ], [ 115.182546054075033, -2.685657449542475 ], [ 115.182622432909966, -2.685614497677477 ], [ 115.182698811740011, -2.685571546707479 ], [ 115.182775191464998, -2.685528595732478 ], [ 115.182851571187484, -2.685485644747473 ], [ 115.182927949109967, -2.685442692847516 ], [ 115.183004328827451, -2.685399741845004 ], [ 115.183080707639988, -2.685356790832486 ], [ 115.183157086452525, -2.685313839812522 ], [ 115.183233467057448, -2.6852708887875 ], [ 115.183309845862482, -2.685227937750028 ], [ 115.183386224665014, -2.685184986704996 ], [ 115.183462603465046, -2.685142035650017 ], [ 115.18353898316002, -2.685099083684975 ], [ 115.183615361052489, -2.685056132612488 ], [ 115.18369174073996, -2.685013182440002 ], [ 115.183768120427544, -2.684970230447504 ], [ 115.183844500110013, -2.684927279352507 ], [ 115.183920878890035, -2.684884328247506 ], [ 115.183997257667556, -2.684841376229997 ], [ 115.18407363734002, -2.684798426014993 ], [ 115.184149839742531, -2.684750688392512 ], [ 115.184226042137539, -2.684702952572479 ], [ 115.184302245427489, -2.684655215837495 ], [ 115.184378449612495, -2.684607480002512 ], [ 115.184454652897443, -2.68455974325002 ], [ 115.184530856177503, -2.684512006490024 ], [ 115.184607059452446, -2.684464269722525 ], [ 115.184683261824944, -2.684416532942521 ], [ 115.184759464192553, -2.684368797060017 ], [ 115.184835667457492, -2.684321059360002 ], [ 115.184911870715041, -2.684273324364995 ], [ 115.184988073972477, -2.684225586647528 ], [ 115.185064278124969, -2.684177849827506 ], [ 115.185140480472455, -2.684130112994978 ], [ 115.185216683717499, -2.684082376155004 ], [ 115.185292886957541, -2.684034639307527 ], [ 115.185369090192467, -2.683986903354992 ], [ 115.185445292524946, -2.683939166487505 ], [ 115.185521765855015, -2.683897904492483 ], [ 115.185598240082527, -2.683856641587511 ], [ 115.185674712507534, -2.683815379577482 ], [ 115.185751186727543, -2.683774117560006 ], [ 115.185827659147549, -2.683732854627522 ], [ 115.185904133360054, -2.683691592592481 ], [ 115.185980606675002, -2.683650329644991 ], [ 115.186057079984948, -2.683609067592499 ], [ 115.18613355418745, -2.68356780644001 ], [ 115.186210026594949, -2.683526542560003 ], [ 115.186286500797451, -2.683485280485002 ], [ 115.186362974095005, -2.683444017494992 ], [ 115.186439446489999, -2.683402756304986 ], [ 115.186515920684997, -2.683361492395022 ], [ 115.186592393074989, -2.683320231187508 ], [ 115.186668867262483, -2.683278968167485 ], [ 115.186745340547532, -2.683237705135014 ], [ 115.186819761465017, -2.683188770029972 ], [ 115.186894181482444, -2.683139834009978 ], [ 115.186968601492481, -2.683090898884984 ], [ 115.18704302329752, -2.683041962852485 ], [ 115.187117443302554, -2.682993026804979 ], [ 115.187191862402528, -2.682944090750027 ], [ 115.187266283295003, -2.682895154690016 ], [ 115.187340704184976, -2.682846219522503 ], [ 115.187415125069947, -2.682797284347487 ], [ 115.187489545052472, -2.682748347355016 ], [ 115.187563964132551, -2.682699411257488 ], [ 115.18763838590246, -2.682650476057518 ], [ 115.18771280587498, -2.682601539039979 ], [ 115.187787226740056, -2.68255260382 ], [ 115.187861647600016, -2.682503667690014 ], [ 115.18793606665497, -2.682454733357474 ], [ 115.188010487510041, -2.682405796304977 ], [ 115.188084907457551, -2.682356861052483 ], [ 115.188159328302504, -2.682307924887482 ], [ 115.188233749142455, -2.682258988712476 ], [ 115.188308169077459, -2.682210052530024 ], [ 115.188382588110017, -2.682161117240014 ], [ 115.188457009840022, -2.682112180137494 ], [ 115.18853142976252, -2.682063244832477 ], [ 115.188599701882481, -2.682015495797486 ], [ 115.188667974897498, -2.681967746759994 ], [ 115.188736247009956, -2.681919997709997 ], [ 115.18880452001747, -2.681872249560001 ], [ 115.188872792122538, -2.681824500497498 ], [ 115.188941065122549, -2.681776751427492 ], [ 115.189009337217499, -2.681729002349982 ], [ 115.189077609309948, -2.681681254167472 ], [ 115.189145881400009, -2.681633504170009 ], [ 115.189217326762446, -2.681585760692485 ], [ 115.189288770324993, -2.681538016302511 ], [ 115.189360215685042, -2.681490270999973 ], [ 115.189431659237471, -2.681442528402499 ], [ 115.18950310548496, -2.681394783990015 ], [ 115.1895745490325, -2.681347039567527 ], [ 115.189645993474983, -2.681299295137478 ], [ 115.189717437912464, -2.681251550699983 ], [ 115.189788882345056, -2.681203807157488 ], [ 115.189860326777534, -2.681156062702485 ], [ 115.189931771205011, -2.681108317337475 ], [ 115.190003215624984, -2.681060573770026 ], [ 115.190074660942514, -2.681012829292513 ], [ 115.190146105357485, -2.680965084807497 ], [ 115.190217549767453, -2.680917340312476 ], [ 115.190296666297513, -2.680879913959984 ], [ 115.190375781927514, -2.680842487594987 ], [ 115.190454898452458, -2.680805061224987 ], [ 115.190534012279954, -2.680767633937478 ], [ 115.19061312880001, -2.680730207550027 ], [ 115.190692244422507, -2.680692780247512 ], [ 115.190771360939948, -2.680655352937492 ], [ 115.190850476555056, -2.680617928332481 ], [ 115.190929593067494, -2.680580501007512 ], [ 115.191008707782544, -2.68054307366998 ], [ 115.19108782428998, -2.680505647230007 ], [ 115.191166939897471, -2.680468220782473 ], [ 115.191246056405021, -2.680430793422488 ], [ 115.191310376064962, -2.680373469357505 ], [ 115.191374697520018, -2.680316143477512 ], [ 115.191439019867516, -2.68025881849502 ], [ 115.191503340410009, -2.680201493505024 ], [ 115.191567661847444, -2.680144168507525 ], [ 115.19163198327999, -2.680086843502522 ], [ 115.191692708537516, -2.680047456380009 ], [ 115.191753434687485, -2.680008071060001 ], [ 115.191814160839954, -2.679968683927484 ], [ 115.191874886987534, -2.679929296790021 ], [ 115.191952487647541, -2.679949904314981 ], [ 115.192030087412491, -2.679970512737498 ], [ 115.192107688082501, -2.679991120255011 ], [ 115.192185289654958, -2.680011728675026 ], [ 115.192268403902517, -2.680033800224976 ], [ 115.192351519055023, -2.680055872679986 ], [ 115.192434632415029, -2.680077944222489 ], [ 115.192517746679982, -2.680100016669996 ], [ 115.192600860052494, -2.680122090015004 ], [ 115.192683976129956, -2.680144161550004 ], [ 115.192767090415032, -2.680166233985005 ], [ 115.192850203807552, -2.680188305510001 ], [ 115.192933319004965, -2.68021037794 ], [ 115.193016432412492, -2.680232449457492 ], [ 115.193098149509979, -2.680259323237522 ], [ 115.193179866614969, -2.680286197917496 ], [ 115.193261581927459, -2.680313071687522 ], [ 115.193343299945013, -2.680339945459991 ], [ 115.193425017072514, -2.680366819227515 ], [ 115.193506734202515, -2.680393693894985 ], [ 115.193588450442462, -2.680420567655005 ], [ 115.193670167589971, -2.680447441412525 ], [ 115.193751883845039, -2.680474315164986 ], [ 115.193833601002552, -2.680501189822508 ], [ 115.193915317270012, -2.680528063570023 ], [ 115.193997034445033, -2.68055493731498 ], [ 115.194078751625057, -2.680581811057493 ], [ 115.19416046881247, -2.680608685702509 ], [ 115.194242186004999, -2.680635559437519 ], [ 115.194323902307474, -2.680662434074975 ], [ 115.194405618617452, -2.680689306899978 ], [ 115.19448733582999, -2.680716181529988 ], [ 115.194569053050031, -2.680743056159997 ], [ 115.194650769380019, -2.68076992988 ], [ 115.194732486614953, -2.680796804500005 ], [ 115.194814203857504, -2.680823677312503 ], [ 115.194899822912475, -2.680844311977523 ], [ 115.19498544197495, -2.680864946639986 ], [ 115.19507106104254, -2.680885580392498 ], [ 115.19515668011752, -2.680906215047514 ], [ 115.195242299200004, -2.680926848792524 ], [ 115.195327918287489, -2.680947483437478 ], [ 115.195413538282537, -2.680968118079988 ], [ 115.195499157385029, -2.680988751812492 ], [ 115.195584776492524, -2.681009385542495 ], [ 115.195670395607522, -2.681030021075003 ], [ 115.195756015627467, -2.681050654797502 ], [ 115.195841634757471, -2.681071288515 ], [ 115.195927253892478, -2.681091923132499 ], [ 115.196012873932546, -2.681112557744996 ], [ 115.196098493079944, -2.681133192354991 ], [ 115.196184112237461, -2.681153826054981 ], [ 115.196269732300038, -2.681174459752526 ], [ 115.196355350567501, -2.681195094347515 ], [ 115.196440969742525, -2.681215728940003 ], [ 115.196526589824998, -2.681236362627487 ], [ 115.196612209012528, -2.681256997210028 ], [ 115.196698923827512, -2.681279209542481 ], [ 115.196785638647498, -2.681301423679997 ], [ 115.196872354375046, -2.681323636910008 ], [ 115.19695906830998, -2.68134585103752 ], [ 115.197045784949978, -2.681368063355023 ], [ 115.197132499799977, -2.681390276572472 ], [ 115.197219214654979, -2.681412490687478 ], [ 115.197305929517483, -2.68143470389748 ], [ 115.19739264528755, -2.68145691710248 ], [ 115.197479359265003, -2.681479130299977 ], [ 115.19756607594752, -2.681501343499974 ], [ 115.197652790837537, -2.681523557595028 ], [ 115.197739505734944, -2.681545769877516 ], [ 115.19782084780752, -2.681563117407507 ], [ 115.19790218898504, -2.681580463124988 ], [ 115.19798353016995, -2.681597810644973 ], [ 115.198064873157477, -2.681615156355008 ], [ 115.19814621525245, -2.681632503869992 ], [ 115.198227556454981, -2.681649850475026 ], [ 115.198308898559958, -2.681667197075001 ], [ 115.198390239772493, -2.681684543672475 ], [ 115.198471581892477, -2.681701890267504 ], [ 115.198552923115017, -2.681719236854974 ], [ 115.198633762257487, -2.681755244884982 ], [ 115.198714600510016, -2.681791252007486 ], [ 115.198795439664991, -2.681827260029991 ], [ 115.198876277932527, -2.681863267147492 ], [ 115.19895711710501, -2.681899275167495 ], [ 115.199037955385052, -2.681935283184998 ], [ 115.199118794575043, -2.681971290297497 ], [ 115.199199633770036, -2.682007298309998 ], [ 115.199280472074975, -2.68204330451249 ], [ 115.19936131038753, -2.682079312519988 ], [ 115.199442149607535, -2.682115319622483 ], [ 115.199522988832541, -2.68215132762748 ], [ 115.199594469905037, -2.682187401362512 ], [ 115.199665949187533, -2.682223475094986 ], [ 115.199737430272535, -2.682259548825016 ], [ 115.199808912264984, -2.68229562255749 ], [ 115.199880392462546, -2.68233169628752 ], [ 115.199951872669999, -2.682367769109987 ] ] ] } },
{ "type": "Feature", "properties": { "source_feature_id": 18, "nama_objek": "Jalan Kolektor Primer", "orde_01": 42010000, "orde_02": 22011000, "orde_03": 22011200, "orde_04": 22011201, "jenis_sistem": 42000000, "status_jaringan": 2, "provinsi": "Provinsi Kalimantan Selatan", "kabupaten": "Kabupaten Hulu Sungai Selatan", "keterangan": "Margasari -  Buas-Buas", "sumber_data": "SK Gubernur Provinsi Kalsel No. 188.44/0150/KUM/2023 Pemerintah Provinsi Kalimantan Selatan, 2023", "source_shape_length": 0.0034606352002449626, "source_layer": "_6306_50KB_LN_SR_TRANSPORTASI_KABUPATEN_HULUSUNGAISELATAN_2024", "source_dataset": "_6306_50KB_RTRW_KABUPATEN_HULUSUNGAISELATAN_2025.gdb.zip" }, "geometry": { "type": "MultiLineString", "coordinates": [ [ [ 114.979366156187552, -2.730135670220022 ], [ 114.979944752000051, -2.729150496999978 ], [ 114.980240656999968, -2.728230317 ], [ 114.980145154999946, -2.726882161999981 ] ] ] } },
{ "type": "Feature", "properties": { "source_feature_id": 19, "nama_objek": "Jalan Arteri Primer", "orde_01": 42010000, "orde_02": 22011000, "orde_03": 22011100, "orde_04": 22011101, "jenis_sistem": 42000000, "status_jaringan": 2, "provinsi": "Provinsi Kalimantan Selatan", "kabupaten": "Kabupaten Hulu Sungai Selatan", "keterangan": "Jln. Ahmad Yani (Kandangan)", "sumber_data": "Kepmen PUPR No.430 Tahun 2022 Kementerian PUPR, 2022", "source_shape_length": 0.034396714132235474, "source_layer": "_6306_50KB_LN_SR_TRANSPORTASI_KABUPATEN_HULUSUNGAISELATAN_2024", "source_dataset": "_6306_50KB_RTRW_KABUPATEN_HULUSUNGAISELATAN_2025.gdb.zip" }, "geometry": { "type": "MultiLineString", "coordinates": [ [ [ 115.265883363727539, -2.786271193959976 ], [ 115.265777842672492, -2.78612834474751 ], [ 115.265464321022478, -2.785741592199997 ], [ 115.265351028027453, -2.785601217922476 ], [ 115.265318349362474, -2.78557112031001 ], [ 115.26498960129004, -2.785268348254988 ], [ 115.264842027937448, -2.785137493299999 ], [ 115.264673053419983, -2.78499870992249 ], [ 115.264644922625052, -2.784972161935002 ], [ 115.264462049982512, -2.784799572142504 ], [ 115.264164758397555, -2.784541446930007 ], [ 115.263969231394981, -2.784375716265004 ], [ 115.263896690280035, -2.784314229617507 ], [ 115.263708919929968, -2.784150629447481 ], [ 115.263648222887468, -2.784091436070014 ], [ 115.263549133784977, -2.783972157190021 ], [ 115.263489061769974, -2.783884949029982 ], [ 115.263471809177531, -2.78386260537502 ], [ 115.263438581925016, -2.783808199987504 ], [ 115.263388030132546, -2.783738280397472 ], [ 115.26336983684746, -2.78370966936501 ], [ 115.263353027620042, -2.783683232894987 ], [ 115.263330174047496, -2.783645520724974 ], [ 115.26327418495498, -2.783551498402517 ], [ 115.263238936927451, -2.783497572354975 ], [ 115.263206188114964, -2.783442620179983 ], [ 115.263173195587456, -2.783386941354991 ], [ 115.263138200267463, -2.783331903745022 ], [ 115.263044061935034, -2.783185746824984 ], [ 115.263011796057526, -2.783127860162494 ], [ 115.262979147070041, -2.783071510442483 ], [ 115.262931645779986, -2.782993875567513 ], [ 115.262898646054964, -2.782939650045023 ], [ 115.262890788680011, -2.782926741175004 ], [ 115.262856021787456, -2.78287045620749 ], [ 115.262832158277547, -2.78283129432748 ], [ 115.262809791239988, -2.782791357234998 ], [ 115.262788666164965, -2.782753145042477 ], [ 115.262769498912462, -2.78271379880249 ], [ 115.262752399205056, -2.782675509267506 ], [ 115.262743033664947, -2.782654166557506 ], [ 115.262728354029946, -2.782616313192477 ], [ 115.262720002924993, -2.782596034379992 ], [ 115.26271338571496, -2.782571689732492 ], [ 115.262698936307515, -2.782507855852487 ], [ 115.262689497922452, -2.782484051697509 ], [ 115.262676054854978, -2.782440148595015 ], [ 115.262671730915031, -2.782418432664997 ], [ 115.26266417031502, -2.782380153022473 ], [ 115.262658609807545, -2.782357969445002 ], [ 115.262647873699962, -2.782313176012508 ], [ 115.262642105450027, -2.782291345870021 ], [ 115.262637360625035, -2.782270665060025 ], [ 115.26262431326245, -2.782207613590003 ], [ 115.262611066247473, -2.78213915629749 ], [ 115.262602933677499, -2.78209452474249 ], [ 115.262598092627513, -2.782067956970025 ], [ 115.262582043327484, -2.781985488240025 ], [ 115.262570185764957, -2.781919186619973 ], [ 115.262538851587465, -2.781763138057499 ], [ 115.262527344762475, -2.781697611654977 ], [ 115.262515415255052, -2.781628539224982 ], [ 115.262506263752471, -2.781561496565018 ], [ 115.262494524002477, -2.781496919847484 ], [ 115.262480650162502, -2.781419814672518 ], [ 115.262468952680024, -2.781352367317481 ], [ 115.262455895422477, -2.781285394805025 ], [ 115.262440275097447, -2.781205267907524 ], [ 115.262436690400023, -2.781186877672496 ], [ 115.262424735712443, -2.781118154179978 ], [ 115.262414547292451, -2.781052472192528 ], [ 115.26238833295497, -2.780900434607474 ], [ 115.262381602429969, -2.780856705972496 ], [ 115.262369334777532, -2.78076728458251 ], [ 115.262361768780011, -2.780699793160011 ], [ 115.262356368352471, -2.780612136239995 ], [ 115.262351502120055, -2.780544887637518 ], [ 115.262346607109976, -2.780476292747494 ], [ 115.262341337082489, -2.780392583850016 ], [ 115.262339608584966, -2.780350644867497 ], [ 115.26233777666755, -2.780311328305004 ], [ 115.262337768572479, -2.780307995417502 ], [ 115.26233755543501, -2.780212605227518 ], [ 115.262338392702532, -2.78013923583751 ], [ 115.262338227227474, -2.780093163567528 ], [ 115.262338860350042, -2.780043594734991 ], [ 115.26234140363249, -2.779994835292484 ], [ 115.262342031360049, -2.779970404310006 ], [ 115.262348102682495, -2.77992460183998 ], [ 115.262350481389944, -2.779902233002474 ], [ 115.262354037310047, -2.779879577279985 ], [ 115.262356174997535, -2.779857930599974 ], [ 115.262360396415033, -2.779835359415017 ], [ 115.262370013765008, -2.779790841174986 ], [ 115.262375004102523, -2.77976814857999 ], [ 115.262388359935017, -2.779721795724981 ], [ 115.262395708295003, -2.779699509625004 ], [ 115.262405088225023, -2.779678031114997 ], [ 115.262422512589978, -2.779637036420013 ], [ 115.262433156965017, -2.779613421122519 ], [ 115.262453641722459, -2.779573260997495 ], [ 115.262479418090038, -2.779523022169997 ], [ 115.262501818404985, -2.779481843112478 ], [ 115.262513419657466, -2.779464213702511 ], [ 115.262526038047554, -2.779441506719991 ], [ 115.262544315867444, -2.779408614017484 ], [ 115.262566920327458, -2.779373153747486 ], [ 115.262588769357535, -2.779342851990009 ], [ 115.262598935292544, -2.779323100180022 ], [ 115.262609746042472, -2.779305423107473 ], [ 115.262620771732486, -2.779286524752479 ], [ 115.262635554787494, -2.779260384160011 ], [ 115.262654644694976, -2.77922242107752 ], [ 115.262665223422459, -2.77920384917752 ], [ 115.262686031935004, -2.779163930070013 ], [ 115.262706434854977, -2.779123724980025 ], [ 115.262715963172468, -2.779102818439981 ], [ 115.262734014362536, -2.779061490994991 ], [ 115.262751634779988, -2.779018278569993 ], [ 115.262767562672479, -2.778976550927496 ], [ 115.262790265157491, -2.778916534669975 ], [ 115.262812828250048, -2.778854074055005 ], [ 115.262837026307466, -2.778785669822526 ], [ 115.262859970709997, -2.778721458227494 ], [ 115.262883709214975, -2.778657209762514 ], [ 115.262896800647468, -2.778621171229986 ], [ 115.262906734557532, -2.778593824644986 ], [ 115.262936942785018, -2.778511307350016 ], [ 115.262967685210015, -2.778428255859978 ], [ 115.262983292044964, -2.778386466162488 ], [ 115.263014987752513, -2.778306922027525 ], [ 115.263040255105011, -2.778243877752516 ], [ 115.263064611442474, -2.778185042304983 ], [ 115.263107271682543, -2.778085685204985 ], [ 115.263147789739946, -2.777994077564983 ], [ 115.26316751906495, -2.777954243892509 ], [ 115.263197154425029, -2.777896064052527 ], [ 115.263223144832523, -2.777841751295 ], [ 115.263248942785026, -2.777789901782512 ], [ 115.263255056374987, -2.777777616144988 ], [ 115.263285047867498, -2.777717479377486 ], [ 115.263317382092509, -2.777650352182491 ], [ 115.26334575210501, -2.777586063244996 ], [ 115.263371208314993, -2.777528833987503 ], [ 115.263388998702453, -2.777488709834984 ], [ 115.263397789577539, -2.777469490425005 ], [ 115.263416204095051, -2.777426473152502 ], [ 115.263425344805, -2.777402229230006 ], [ 115.263440798755028, -2.777352527297523 ], [ 115.263468850407548, -2.777261901715008 ], [ 115.263475205017471, -2.777240008620026 ], [ 115.263490426042495, -2.777171601687485 ], [ 115.26349740478247, -2.777127716570021 ], [ 115.263505072402495, -2.777084409717475 ], [ 115.263511754365027, -2.777040816880003 ], [ 115.263514765294985, -2.77701830594998 ], [ 115.263516942552542, -2.77699624288249 ], [ 115.263519064952447, -2.776974336297485 ], [ 115.26352077366505, -2.776952050197508 ], [ 115.26352255342249, -2.776936009889994 ], [ 115.263525599427453, -2.776908551787528 ], [ 115.2635261219325, -2.776887077777474 ], [ 115.263527702042552, -2.776864136970005 ], [ 115.263529997112528, -2.776841724964981 ], [ 115.263532022384993, -2.776819061149979 ], [ 115.263536579249944, -2.776769335835013 ], [ 115.263543117319955, -2.776687627932517 ], [ 115.263552474767494, -2.77659619835498 ], [ 115.263558378817493, -2.776515500390019 ], [ 115.263561358269953, -2.776451413802477 ], [ 115.263575704255004, -2.776291060184974 ], [ 115.263582327762492, -2.776228032097492 ], [ 115.263601903305016, -2.776089056264993 ], [ 115.263610305669999, -2.776036463912476 ], [ 115.263612628619967, -2.77602191917498 ], [ 115.26362060740496, -2.775959051169991 ], [ 115.263634906625043, -2.775865779782521 ], [ 115.263645628342488, -2.775797278422488 ], [ 115.263652141232456, -2.775750762787482 ], [ 115.263662892627508, -2.77567716676748 ], [ 115.263674812242471, -2.775606102340021 ], [ 115.263691914650053, -2.775511906449992 ], [ 115.263710670909973, -2.775424762142507 ], [ 115.263720715437444, -2.775378288777517 ], [ 115.263730694314972, -2.775313496220008 ], [ 115.263749887647464, -2.775226483215022 ], [ 115.263766653707535, -2.775146366212482 ], [ 115.263768464942473, -2.775137708437512 ], [ 115.26377926130499, -2.775094814374995 ], [ 115.263816647020008, -2.774944168937509 ], [ 115.263840925117506, -2.774858558874996 ], [ 115.263867340005049, -2.774776650422496 ], [ 115.263888956110009, -2.77471713778499 ], [ 115.263914493260017, -2.774651923447493 ], [ 115.263947412042512, -2.774569782969991 ], [ 115.263972384417457, -2.774507179362502 ], [ 115.263997648172449, -2.774446494910023 ], [ 115.264026624329972, -2.774387288942478 ], [ 115.264055161617534, -2.774328438207476 ], [ 115.264070219864948, -2.774297886437523 ], [ 115.264093825270038, -2.774249992142472 ], [ 115.264120652945053, -2.774191835684974 ], [ 115.264157475687512, -2.774113073059993 ], [ 115.264187259434948, -2.774049281450004 ], [ 115.26422356596504, -2.773966801927486 ], [ 115.264247889030003, -2.773906782972517 ], [ 115.264273149187488, -2.773846648005019 ], [ 115.264301807882475, -2.773786867370006 ], [ 115.264329718342537, -2.773724482299997 ], [ 115.264350022334952, -2.773671437587495 ], [ 115.264384811709988, -2.773587824917513 ], [ 115.264418419375033, -2.773503940655019 ], [ 115.264431516202535, -2.773470157622512 ], [ 115.26444270016998, -2.773441304672474 ], [ 115.264476419352491, -2.773357758552493 ], [ 115.264500700147551, -2.773296090242525 ], [ 115.264525059184962, -2.773231669104973 ], [ 115.264549983894995, -2.773168360432521 ], [ 115.264574804284962, -2.773105394397476 ], [ 115.264601501557536, -2.773041371662487 ], [ 115.264661102327523, -2.772893268610005 ], [ 115.264708550560044, -2.772771736027494 ], [ 115.264728634219978, -2.772721507092513 ], [ 115.264738269554982, -2.772697218202495 ], [ 115.264758968352453, -2.772644014310004 ], [ 115.264764976722518, -2.772630369795024 ], [ 115.264776684995013, -2.772603784037528 ], [ 115.264794514955042, -2.77256336400751 ], [ 115.264822154717535, -2.772504748895017 ], [ 115.264840858817479, -2.772465964732476 ], [ 115.264859067392536, -2.772427309172485 ], [ 115.264889382640035, -2.772370595227528 ], [ 115.264923442662507, -2.772304958207485 ], [ 115.264946795357446, -2.772257065709994 ], [ 115.264987041817449, -2.772176231947526 ], [ 115.26501722576495, -2.772114292939989 ], [ 115.265051762429948, -2.772041266192502 ], [ 115.265079648607525, -2.7719829100825 ], [ 115.265100718822509, -2.771944315677501 ], [ 115.265110480065005, -2.771925134037474 ], [ 115.265120424767474, -2.771906163737526 ], [ 115.265146734435007, -2.771847841805027 ], [ 115.265155447964958, -2.771828586419986 ], [ 115.26516013882997, -2.771818325154982 ], [ 115.26516427031504, -2.771809289667488 ], [ 115.265172970357526, -2.771789878700019 ], [ 115.265191212204968, -2.771751182670016 ], [ 115.265209348832514, -2.771712004604979 ], [ 115.265218406805047, -2.771692113399979 ], [ 115.265228150060011, -2.771672753694986 ], [ 115.265245980017539, -2.771633718620024 ], [ 115.265255074862466, -2.771614163762479 ], [ 115.265272878740006, -2.771574071985015 ], [ 115.265282307232496, -2.771554200564992 ], [ 115.265300632717526, -2.771514603415028 ], [ 115.265310347195054, -2.771494830022505 ], [ 115.26532819514, -2.771455329999981 ], [ 115.265337167675057, -2.77143580661749 ], [ 115.265354761112462, -2.771395745417522 ], [ 115.265371806862504, -2.771354851444983 ], [ 115.265388983014986, -2.771313718252486 ], [ 115.265415296280025, -2.771252329629988 ], [ 115.265433317792485, -2.771210328592474 ], [ 115.265461040295008, -2.771150135169989 ], [ 115.265480626630051, -2.771106995592504 ], [ 115.265507063100017, -2.771045845290018 ], [ 115.265515532914947, -2.771025240022482 ], [ 115.265528777232475, -2.770993647737498 ], [ 115.265541365042509, -2.770963620274983 ], [ 115.265559569120001, -2.770920301729973 ], [ 115.265578076267502, -2.770880646125022 ], [ 115.265596634677536, -2.770839492247489 ], [ 115.265616090610024, -2.77079614132748 ], [ 115.265644101795033, -2.77073480756502 ], [ 115.265662571169969, -2.770694297602518 ], [ 115.265671680405035, -2.770674047570026 ], [ 115.265691101262519, -2.770632291147479 ], [ 115.265718237407555, -2.770571439419996 ], [ 115.265735213910034, -2.770531628232504 ], [ 115.265753105919998, -2.77049161739501 ], [ 115.265762625244975, -2.770471668632524 ], [ 115.265781241212494, -2.770431680277511 ], [ 115.265799314887545, -2.770390878037517 ], [ 115.265809557265015, -2.770370154957504 ], [ 115.265827781127541, -2.770329957062472 ], [ 115.265846810782477, -2.770289688117487 ], [ 115.26585624107247, -2.770269841880008 ], [ 115.265875491060001, -2.770229956047501 ], [ 115.265894283294983, -2.770189890350025 ], [ 115.265902629902484, -2.770171304062501 ], [ 115.265912632162554, -2.770149033249993 ], [ 115.265921834925052, -2.77012854039998 ], [ 115.265940705399998, -2.770087968384985 ], [ 115.265960143344955, -2.770047408960011 ], [ 115.265979119040026, -2.770007060877504 ], [ 115.265998110925011, -2.769966589587511 ], [ 115.266017572252508, -2.769926130884983 ], [ 115.266027977409976, -2.769905882649994 ], [ 115.266058666775052, -2.769846918600024 ], [ 115.266080003190041, -2.769807788200012 ], [ 115.26611886019748, -2.769726118065023 ], [ 115.26614989760003, -2.769664043259979 ], [ 115.266183418029982, -2.769592845732518 ], [ 115.266214837644952, -2.769533259352499 ], [ 115.266251290765013, -2.769464543054994 ], [ 115.266283838129993, -2.769401978117514 ], [ 115.266305315737554, -2.769363022185019 ], [ 115.266316962857445, -2.769341898009998 ], [ 115.266358318182483, -2.769259920309992 ], [ 115.266388385215009, -2.769199767355019 ], [ 115.266457191447444, -2.769071812715026 ], [ 115.266519161030033, -2.768955113087486 ], [ 115.266559224029947, -2.768877399972496 ], [ 115.266587019375038, -2.768815630037523 ], [ 115.26661532193998, -2.768756309855007 ], [ 115.266645456422452, -2.768696393424989 ], [ 115.266683164995015, -2.768622566277486 ], [ 115.266713207747443, -2.768561085024999 ], [ 115.266714649362484, -2.768558040819983 ], [ 115.266742952824984, -2.768498262884975 ], [ 115.266773986630028, -2.768433779694988 ], [ 115.266803535654958, -2.76837103309748 ], [ 115.266842275750037, -2.768288413280004 ], [ 115.266870118760039, -2.768229280157527 ], [ 115.266900844097449, -2.768162426354991 ], [ 115.266930177284962, -2.768098674315013 ], [ 115.266957736110044, -2.768038388259981 ], [ 115.267075087744956, -2.767779014789994 ], [ 115.267093197392455, -2.767737801557473 ], [ 115.267112111935035, -2.767694753709975 ], [ 115.26713852502246, -2.767635668252524 ], [ 115.267165572132512, -2.767571224632491 ], [ 115.267198261590011, -2.767488918677486 ], [ 115.267224334735033, -2.76742709658248 ], [ 115.267248891622444, -2.767365198945015 ], [ 115.26727220744749, -2.767301179804974 ], [ 115.267297683442507, -2.767234469895016 ], [ 115.267321607207464, -2.767171501162522 ], [ 115.267347555345054, -2.767089983915014 ], [ 115.267372725569999, -2.767022404359977 ], [ 115.267394224764985, -2.766956084755009 ], [ 115.267415204147483, -2.766894043225022 ], [ 115.267417077437472, -2.766888501602523 ], [ 115.267440579420054, -2.766823330432487 ], [ 115.267459963407532, -2.76675599908998 ], [ 115.267479842019952, -2.766689514910013 ], [ 115.26750368215005, -2.766623185412527 ], [ 115.26752833976002, -2.766553176787511 ], [ 115.267552083662508, -2.766485795082474 ], [ 115.267600672460048, -2.766327621207495 ], [ 115.267616635200056, -2.766275656795017 ], [ 115.267672771779985, -2.766117537094999 ], [ 115.267697953697507, -2.766035887644989 ], [ 115.267711928262543, -2.765990579802519 ], [ 115.267737852120035, -2.765911529392497 ], [ 115.267785287760034, -2.765766377017485 ], [ 115.267805136697461, -2.765705104407516 ], [ 115.267824753609943, -2.765645311182482 ], [ 115.267849653140047, -2.765570424634973 ], [ 115.26787345459752, -2.765506773319999 ], [ 115.267899239957501, -2.765445025867507 ], [ 115.267926704354977, -2.765376869847501 ], [ 115.267949717105012, -2.76531539309002 ], [ 115.268000662799977, -2.765189336917501 ], [ 115.268002397592454, -2.765185518397516 ], [ 115.268019152862507, -2.765148628207498 ], [ 115.268034521374943, -2.765112500642488 ], [ 115.268052249712468, -2.765072630997508 ], [ 115.268074050177461, -2.765031245094974 ], [ 115.268095243599987, -2.764991809825005 ], [ 115.268116684337542, -2.76495226663252 ], [ 115.268160433657499, -2.764873093017513 ], [ 115.268170775859971, -2.764854000412527 ], [ 115.268182387007528, -2.764834638907473 ], [ 115.268208562674999, -2.764794482380012 ], [ 115.268233356984979, -2.764756071434988 ], [ 115.268247985357448, -2.764735520127488 ], [ 115.268274831019994, -2.764697771085025 ], [ 115.26830375501504, -2.764660771177489 ], [ 115.268333891295015, -2.764626480927518 ], [ 115.26836517601248, -2.764593059422509 ], [ 115.268379266590046, -2.764576338327515 ], [ 115.268394490312517, -2.764559285382518 ], [ 115.268408999975009, -2.764543313422507 ], [ 115.268451751947509, -2.764495493772472 ], [ 115.268496229717471, -2.764443862795019 ], [ 115.26850028655997, -2.764439653067484 ], [ 115.268530466007519, -2.764408319787492 ], [ 115.268576673174948, -2.764357813862489 ], [ 115.268636602197489, -2.764294622997511 ], [ 115.268683717680005, -2.764245021789975 ], [ 115.268730826864953, -2.76419623626748 ], [ 115.268776240829993, -2.764149143267502 ], [ 115.268825006569955, -2.764099047432524 ], [ 115.268877758102462, -2.764043371304979 ], [ 115.268939085569968, -2.763982942259986 ], [ 115.268984881747542, -2.763935622630015 ], [ 115.269033512587498, -2.763887607827485 ], [ 115.269081078630052, -2.763840364639975 ], [ 115.269129424382527, -2.763793667344999 ], [ 115.269142496029986, -2.763781040862511 ], [ 115.269190931715002, -2.763734891252511 ], [ 115.269237610127448, -2.763690074437477 ], [ 115.269287137592528, -2.763645195570007 ], [ 115.269352777310019, -2.763581301435011 ], [ 115.26941365601499, -2.763522579302503 ], [ 115.269461716684987, -2.763475638290004 ], [ 115.269510120895006, -2.763427735002495 ], [ 115.26956131930001, -2.763377119357472 ], [ 115.269608817892504, -2.76332917740001 ], [ 115.269657207714999, -2.763283524215012 ], [ 115.269709334217509, -2.76323459030499 ], [ 115.269764448270053, -2.763181831575025 ], [ 115.269778451615025, -2.763167824634991 ], [ 115.269878059624943, -2.763068195039978 ], [ 115.269926835254978, -2.763021316080028 ], [ 115.269973137749957, -2.762977014577473 ], [ 115.270020193877485, -2.762931517875018 ], [ 115.270082017770051, -2.762871111312506 ], [ 115.270139282102491, -2.762813689600023 ], [ 115.270188073022496, -2.762764716117488 ], [ 115.270235764967538, -2.762719417267476 ], [ 115.270298159932508, -2.76266173025499 ], [ 115.270347639732449, -2.762615203827522 ], [ 115.27042892315751, -2.762543660959977 ], [ 115.270510858590001, -2.762471543427523 ], [ 115.270574380402536, -2.762422096002524 ], [ 115.270681787334979, -2.762341558117498 ], [ 115.270750383125005, -2.762290624112495 ], [ 115.270803941349982, -2.762252412817475 ], [ 115.270857565225015, -2.762215043289984 ], [ 115.270917769439961, -2.762174170002481 ], [ 115.270979096007522, -2.762132675282487 ], [ 115.271050104677556, -2.762085407814993 ], [ 115.271106511955054, -2.762048487947482 ], [ 115.271158365964993, -2.762016383950026 ], [ 115.271163626100019, -2.762013128402486 ], [ 115.271221719607524, -2.761977581800011 ], [ 115.271289889117497, -2.761933679595018 ], [ 115.271348517719957, -2.761896473742524 ], [ 115.271423687552556, -2.761847635159995 ], [ 115.271476609957517, -2.761812168597487 ], [ 115.271596312420002, -2.761737799160016 ], [ 115.271654913144971, -2.761700478194996 ], [ 115.271714988754979, -2.76166406824251 ], [ 115.271775606659958, -2.761626635760024 ], [ 115.271854593215039, -2.761579186630001 ], [ 115.271922620632495, -2.76154002385249 ], [ 115.271975799345, -2.761509409132486 ], [ 115.272032534872551, -2.761477226892509 ], [ 115.272096771650013, -2.761443094922527 ], [ 115.272157078387522, -2.761412565637499 ], [ 115.272223284677466, -2.761382028257515 ], [ 115.272308090745014, -2.761344639842491 ], [ 115.272369644842456, -2.761316688914974 ], [ 115.272432151322505, -2.761289736232527 ], [ 115.272499741670003, -2.761262400439989 ], [ 115.272568582975055, -2.761232905374982 ], [ 115.272631596669953, -2.761207541794988 ], [ 115.272698422594999, -2.761181538797473 ], [ 115.272739902924968, -2.761165300637515 ], [ 115.272776037685048, -2.761151156999972 ], [ 115.272837005422502, -2.76112703178751 ], [ 115.272898432717511, -2.761103462354981 ], [ 115.272964917797481, -2.761079507112527 ], [ 115.273032770744976, -2.761055952070024 ], [ 115.273186589889974, -2.761001723849972 ], [ 115.273248449757489, -2.760979126585028 ], [ 115.273312036322523, -2.760953884415017 ], [ 115.273376098627523, -2.760930175587475 ], [ 115.273439429784958, -2.760905971232489 ], [ 115.273473182242469, -2.760893703582497 ], [ 115.273511586889981, -2.760879139060023 ], [ 115.273532128304964, -2.760870612587496 ], [ 115.273556413597476, -2.7608608504475 ], [ 115.273577205025049, -2.760852813207521 ], [ 115.273582741250038, -2.760850295105001 ], [ 115.273614797584969, -2.760835718892508 ], [ 115.273655161857505, -2.760816671252485 ], [ 115.273676591802541, -2.760806751730001 ], [ 115.273716426372516, -2.760786721129989 ], [ 115.273736376932447, -2.760776501235 ], [ 115.273757305055028, -2.760765407197482 ], [ 115.273794960569944, -2.760745985439996 ], [ 115.273813837339958, -2.760733963302528 ], [ 115.27385164843497, -2.760712645772514 ], [ 115.273871146637475, -2.760702284682509 ], [ 115.27388968885748, -2.760691952372497 ], [ 115.273926004382474, -2.760668415315024 ], [ 115.273944194967498, -2.760657174687481 ], [ 115.273980356707511, -2.760633242830011 ], [ 115.274016549925022, -2.760608690437493 ], [ 115.274053199094965, -2.760583433877514 ], [ 115.274071099202502, -2.760571113167487 ], [ 115.274109389637488, -2.760544664104998 ], [ 115.274142309320041, -2.760519794252502 ], [ 115.274165298690036, -2.760504161337508 ], [ 115.274186434557464, -2.76048867411248 ], [ 115.274215236245027, -2.760464488645027 ], [ 115.274269413202546, -2.760423993972495 ], [ 115.274317979292505, -2.760386356444997 ], [ 115.27434103521, -2.76036937005 ], [ 115.274367615572487, -2.760349787312521 ], [ 115.274404104664995, -2.760323289687506 ], [ 115.27446464882496, -2.760278300202515 ], [ 115.274516995662452, -2.76023763915498 ], [ 115.274572309364999, -2.760195664197511 ], [ 115.274637770117465, -2.760146633159991 ], [ 115.274691178154967, -2.760102939600017 ], [ 115.274742121152485, -2.760063301979983 ], [ 115.274800812707554, -2.760017798082515 ], [ 115.274868841922512, -2.759961404294984 ], [ 115.274915108445043, -2.759920381720008 ], [ 115.274977720144989, -2.759865569839974 ], [ 115.275026728700027, -2.759821622670017 ], [ 115.275043710600016, -2.759805896224975 ], [ 115.27507902697505, -2.7597731869825 ], [ 115.275127843074984, -2.759726477995002 ], [ 115.275180194410041, -2.759675820082521 ], [ 115.275241217907478, -2.759621769927492 ], [ 115.275291559257539, -2.759579743709992 ], [ 115.275345981732471, -2.759526849185022 ], [ 115.275398896042475, -2.759475794672483 ], [ 115.275452104429974, -2.759427153040008 ], [ 115.275504453967528, -2.759376504122486 ], [ 115.275560613932498, -2.759327766262516 ], [ 115.275617973589988, -2.759276721642493 ], [ 115.275674183017486, -2.759221160627476 ], [ 115.275704124145022, -2.759192522617525 ], [ 115.275726887785027, -2.759170750030023 ], [ 115.275779765225025, -2.759123449287472 ], [ 115.275831340445052, -2.759076246572477 ], [ 115.275885103715041, -2.759027120205019 ], [ 115.275989819875008, -2.758936634017516 ], [ 115.276059352757557, -2.758869742444972 ], [ 115.276126217349997, -2.758812030249999 ], [ 115.276210865140001, -2.758739471150022 ], [ 115.276270936254946, -2.758687300577492 ], [ 115.276349055865012, -2.758619310932488 ], [ 115.276378023027519, -2.758593976129987 ], [ 115.276451187372459, -2.758531081145009 ] ] ] } },
{ "type": "Feature", "properties": { "source_feature_id": 20, "nama_objek": "Jalan Kolektor Primer", "orde_01": 42010000, "orde_02": 22011000, "orde_03": 22011200, "orde_04": 22011201, "jenis_sistem": 42000000, "status_jaringan": 2, "provinsi": "Provinsi Kalimantan Selatan", "kabupaten": "Kabupaten Hulu Sungai Selatan", "keterangan": "Negara - Muara Tapus", "sumber_data": "SK Gubernur Provinsi Kalsel No. 188.44/0150/KUM/2023 Pemerintah Provinsi Kalimantan Selatan, 2023", "source_shape_length": 0.11796899858635503, "source_layer": "_6306_50KB_LN_SR_TRANSPORTASI_KABUPATEN_HULUSUNGAISELATAN_2024", "source_dataset": "_6306_50KB_RTRW_KABUPATEN_HULUSUNGAISELATAN_2025.gdb.zip" }, "geometry": { "type": "MultiLineString", "coordinates": [ [ [ 115.106640115050027, -2.634224347320014 ], [ 115.106658833927554, -2.634145813022485 ], [ 115.10667755190002, -2.634067279627516 ], [ 115.106696270762541, -2.63398874623249 ], [ 115.106714988722501, -2.633910212832518 ], [ 115.106733707577519, -2.63383167943249 ], [ 115.106765048910006, -2.633753973679973 ], [ 115.10679639023499, -2.633676267925011 ], [ 115.106827730652526, -2.633598563069995 ], [ 115.106841880134994, -2.633563482069974 ], [ 115.106859071965005, -2.633520857307474 ], [ 115.106890413267479, -2.633443152447512 ], [ 115.106921753667507, -2.633365445772483 ], [ 115.106953094957476, -2.633287740902517 ], [ 115.106984436242556, -2.633210035124989 ], [ 115.107013749917542, -2.633131782814985 ], [ 115.107043065385028, -2.633053529597476 ], [ 115.107072379045007, -2.632975278184972 ], [ 115.107101692699985, -2.632897025862519 ], [ 115.107131007247517, -2.632818772635005 ], [ 115.107160321787546, -2.632740521212497 ], [ 115.107167709100054, -2.632720800660024 ], [ 115.107189636319958, -2.632662268882484 ], [ 115.107218949950038, -2.632584015642522 ], [ 115.107248265367502, -2.632505764210009 ], [ 115.107277578982462, -2.632427510964988 ], [ 115.107306892590032, -2.632349258617523 ], [ 115.107339717789955, -2.632273050639981 ], [ 115.107372543880047, -2.632196842657493 ], [ 115.107405369064963, -2.632120634670002 ], [ 115.107438195142549, -2.632044426680011 ], [ 115.107471020314961, -2.631968217782514 ], [ 115.107503844580037, -2.631892009782518 ], [ 115.107507354470044, -2.631883862712527 ], [ 115.107536670637501, -2.631815801780022 ], [ 115.107569495787516, -2.631739593775023 ], [ 115.107614547565049, -2.631662574345 ], [ 115.107659599332464, -2.631585554007472 ], [ 115.107704651094991, -2.631508532759995 ], [ 115.107749702847514, -2.631431513312521 ], [ 115.107794753694975, -2.631354492957485 ], [ 115.107839806332549, -2.631277472597503 ], [ 115.107884858062448, -2.631200452230019 ], [ 115.107929908887513, -2.631123431854974 ], [ 115.107946108827491, -2.631095736862505 ], [ 115.107974960600018, -2.631046412382489 ], [ 115.108014312570049, -2.630979650697498 ], [ 115.10805366363752, -2.630912889010006 ], [ 115.108093015595045, -2.630846128222515 ], [ 115.108132368447514, -2.630779365622516 ], [ 115.108171720395035, -2.630712604827522 ], [ 115.108211071434994, -2.630645843122522 ], [ 115.108250423370009, -2.630579082317524 ], [ 115.108285986314968, -2.630502825059978 ], [ 115.108321549252537, -2.630426567797485 ], [ 115.108338907207553, -2.630389348617484 ], [ 115.108357113082548, -2.630350309629989 ], [ 115.108366836862501, -2.63032945909498 ], [ 115.108378663720032, -2.630304098962483 ], [ 115.108392676004996, -2.630274053264998 ], [ 115.108397472152546, -2.630263768765019 ], [ 115.108428238922556, -2.630197795992501 ], [ 115.108449709887509, -2.630124498442513 ], [ 115.108450253055025, -2.630122644720018 ], [ 115.108471179947514, -2.63005119998752 ], [ 115.108492650902463, -2.629977902432472 ], [ 115.108514121852522, -2.629904603069974 ], [ 115.108514875524975, -2.629902030045002 ], [ 115.108535591897521, -2.629831304607478 ], [ 115.108557062834961, -2.629758007047485 ], [ 115.108517724917533, -2.629717046607482 ], [ 115.10847838790005, -2.629676087074984 ], [ 115.108413626795027, -2.629637813210024 ], [ 115.108348864797449, -2.629599539342507 ], [ 115.108294551214954, -2.629567440025028 ], [ 115.108219342999973, -2.62952299 ], [ 115.108154581, -2.629484715999979 ], [ 115.108089819780048, -2.629446442032474 ], [ 115.108116229242455, -2.629393525887508 ], [ 115.108125538127524, -2.62931041441999 ], [ 115.108134847905035, -2.629227302954973 ], [ 115.108144156777485, -2.629144190582508 ], [ 115.10815346744505, -2.62906107911499 ], [ 115.108162776307495, -2.628977966740024 ], [ 115.108172086062496, -2.628894856175009 ], [ 115.108181394917551, -2.628811743797485 ], [ 115.108187393627531, -2.62875818706749 ], [ 115.108193393234956, -2.628704629434992 ], [ 115.108177651357551, -2.628626452994979 ], [ 115.108163442699947, -2.628555892407519 ], [ 115.108161908577472, -2.628548276555023 ], [ 115.10814616759501, -2.628470100120012 ], [ 115.108130425712488, -2.6283919236825 ], [ 115.108114683827466, -2.628313748152493 ], [ 115.108114526649956, -2.628312967589977 ], [ 115.108098941942444, -2.628235571717482 ], [ 115.108074585609984, -2.628160345284982 ], [ 115.108050231077527, -2.628085117047476 ], [ 115.108025874747455, -2.628009889712473 ], [ 115.108001519315053, -2.627934662382472 ], [ 115.107977162982479, -2.627859435050027 ], [ 115.107952807552465, -2.627784206817523 ], [ 115.10792845211995, -2.627708980395028 ], [ 115.107920699252531, -2.627686712169975 ], [ 115.107902735159996, -2.627635118175021 ], [ 115.107877018197541, -2.627561255955015 ], [ 115.107851301237474, -2.627487393735009 ], [ 115.107825583379963, -2.6274135306125 ], [ 115.107799866417508, -2.627339669302501 ], [ 115.107774148559997, -2.627265807087497 ], [ 115.107748431600044, -2.627191944874994 ], [ 115.107722281170027, -2.627125907104983 ], [ 115.107690806602477, -2.627046426359982 ], [ 115.107659332037542, -2.626966945619984 ], [ 115.107627858370051, -2.626887464879985 ], [ 115.107608631822472, -2.626838915282519 ], [ 115.107596382904944, -2.626807984142488 ], [ 115.107564909239954, -2.626728503407492 ], [ 115.107533433777462, -2.626649022672495 ], [ 115.107501960114973, -2.626569541942501 ], [ 115.107458714927475, -2.626500362217485 ], [ 115.10741546974748, -2.626431181592523 ], [ 115.107372223667539, -2.626362001872508 ], [ 115.10732897938999, -2.626292822157495 ], [ 115.107285734214997, -2.626223642439982 ], [ 115.107242489047508, -2.626154461822523 ], [ 115.107199242979959, -2.626085282110012 ], [ 115.107176875472533, -2.626049499812495 ], [ 115.107155997814971, -2.626016102400001 ], [ 115.107112752654984, -2.625946921787488 ], [ 115.107067395269951, -2.625876674600022 ], [ 115.107022036987473, -2.625806429225008 ], [ 115.106976677812554, -2.625736182039986 ], [ 115.106931320437525, -2.625665935762527 ], [ 115.106885962167553, -2.625595688582507 ], [ 115.106840603897467, -2.625525443212496 ], [ 115.106795244735054, -2.625455196034977 ], [ 115.106749887375031, -2.625384949767522 ], [ 115.106704529117451, -2.625314702595006 ], [ 115.106687976529997, -2.625290671329992 ], [ 115.106655573835042, -2.625243626207521 ], [ 115.10660661855502, -2.625172549819979 ], [ 115.106557664179945, -2.625101473434995 ], [ 115.106508708009983, -2.625030397050011 ], [ 115.106459752742467, -2.624959319765026 ], [ 115.10641079837751, -2.624888244292492 ], [ 115.106361843119998, -2.624817167012509 ], [ 115.106315236625051, -2.624749501302517 ], [ 115.106266184837523, -2.624674464312477 ], [ 115.106217133952555, -2.624599427324995 ], [ 115.1061809181125, -2.624544025062505 ], [ 115.10616808217253, -2.624524390340014 ], [ 115.106119031297453, -2.624449353357477 ], [ 115.106069978624987, -2.624374316374997 ], [ 115.106020927757527, -2.624299279397519 ], [ 115.105969228587469, -2.624226895882487 ], [ 115.105917530319971, -2.62415451418002 ], [ 115.105865832059976, -2.62408213066999 ], [ 115.105814132902537, -2.624009748067522 ], [ 115.105762433749987, -2.623937366370001 ], [ 115.105710734602553, -2.623864982864973 ], [ 115.105666301210022, -2.623802771107478 ], [ 115.10565903725751, -2.623792600270008 ], [ 115.105607338119967, -2.623720217674986 ], [ 115.105555638985038, -2.623647835080021 ], [ 115.105522626432503, -2.62358786238002 ], [ 115.105489613882469, -2.623527887872513 ], [ 115.105456601332548, -2.623467915175013 ], [ 115.105423588785015, -2.62340794157501 ], [ 115.105388524670047, -2.623344241287498 ], [ 115.105353459655021, -2.623280540999986 ], [ 115.105318396442499, -2.623216839814972 ], [ 115.105274489162525, -2.623148588710023 ], [ 115.105230580987495, -2.623080339415026 ], [ 115.105199119849999, -2.623031433984977 ], [ 115.105186673715025, -2.623012088312521 ], [ 115.105142766445056, -2.622943838117521 ], [ 115.105098859177474, -2.622875587020019 ], [ 115.105054951915008, -2.622807336830022 ], [ 115.105011043754985, -2.62273908573502 ], [ 115.104967137394965, -2.622670836452528 ], [ 115.104926804134948, -2.622599001970002 ], [ 115.104886469974986, -2.62252716839248 ], [ 115.104846136719971, -2.622455333912512 ], [ 115.104805802565011, -2.622383500337492 ], [ 115.104765470212556, -2.622311666769974 ], [ 115.104735032189978, -2.622257456972477 ], [ 115.104725136962543, -2.622239833200013 ], [ 115.104684802819975, -2.622167998727491 ], [ 115.104644469574964, -2.622096165164976 ], [ 115.10461060509499, -2.622016821987472 ], [ 115.104576739714958, -2.621937479717474 ], [ 115.104542875237485, -2.621858137452477 ], [ 115.104509008962509, -2.621778794279976 ], [ 115.10447514358998, -2.621699451112477 ], [ 115.104441279115008, -2.621620108849982 ], [ 115.10440741374498, -2.621540765687485 ], [ 115.104377626757469, -2.621461428732516 ], [ 115.10436716701247, -2.621433570189993 ], [ 115.104347839769957, -2.621382092687497 ], [ 115.104318052782446, -2.621302755737474 ], [ 115.104288266697495, -2.621223418792511 ], [ 115.104258479712485, -2.621144081844989 ], [ 115.104228692727474, -2.621064745807473 ], [ 115.104198905742464, -2.62098540886501 ], [ 115.104175227414999, -2.620912005647483 ], [ 115.104151548184973, -2.620838603332516 ], [ 115.104127869857507, -2.620765199212485 ], [ 115.104104190627481, -2.620691795997516 ], [ 115.104080512300015, -2.620618392784991 ], [ 115.104068444920017, -2.620580986899995 ], [ 115.10405683306999, -2.620544989572522 ], [ 115.104031827095014, -2.620462394797528 ], [ 115.104006822014981, -2.620379800024978 ], [ 115.103981816040005, -2.62029720434748 ], [ 115.103956810962472, -2.620214608674985 ], [ 115.103931804984995, -2.620132013904993 ], [ 115.103914803599992, -2.620075861547491 ], [ 115.103887957997472, -2.61999926435999 ], [ 115.103861113297512, -2.619922666267485 ], [ 115.103834266797548, -2.61984606817748 ], [ 115.10380742119753, -2.619769470087476 ], [ 115.103790525639965, -2.619721263240024 ], [ 115.103780575600013, -2.619692872002474 ], [ 115.10375373, -2.619616273915028 ], [ 115.103730055572555, -2.61953968065751 ], [ 115.103706382042446, -2.619463088307498 ], [ 115.103682707612506, -2.619386495052481 ], [ 115.103659034984958, -2.619309900900021 ], [ 115.103635360555018, -2.619233307647505 ], [ 115.103611687025023, -2.619156715302495 ], [ 115.103588012594969, -2.619080122054982 ], [ 115.103564339064974, -2.619003528810026 ], [ 115.103545431594966, -2.618921053662518 ], [ 115.103530556270016, -2.618856164409976 ], [ 115.103526525022517, -2.618838579420014 ], [ 115.10350761665245, -2.618756104275008 ], [ 115.103488710077499, -2.618673630035005 ], [ 115.103469802604991, -2.618591154892499 ], [ 115.103450896027539, -2.618508679752495 ], [ 115.103431987652471, -2.61842620461249 ], [ 115.103413081072517, -2.618343730379991 ], [ 115.103394173595007, -2.618261255242487 ], [ 115.103375267012552, -2.618178781012489 ], [ 115.103356358632482, -2.618096305877486 ], [ 115.103337452050027, -2.618013830747486 ], [ 115.103328565080005, -2.617975063457493 ], [ 115.103318544565013, -2.617931355614985 ], [ 115.103305084550016, -2.617842475172495 ], [ 115.103291625434963, -2.617753592922497 ], [ 115.103278165417464, -2.617664711577504 ], [ 115.103264703597461, -2.61757583023001 ], [ 115.10325124357496, -2.617486948885016 ], [ 115.103237783549957, -2.617398066640021 ], [ 115.103224324420012, -2.617309186202476 ], [ 115.103215994397488, -2.617224110369989 ], [ 115.103207662577461, -2.617139033629996 ], [ 115.103201910289954, -2.617080277100001 ], [ 115.103199333447492, -2.61705395780001 ], [ 115.103191003417464, -2.616968881967523 ], [ 115.103182671585046, -2.616883806134979 ], [ 115.103174341550016, -2.616798730304993 ], [ 115.103166012410043, -2.616713653572504 ], [ 115.103157680570007, -2.616628577740016 ], [ 115.10314935142253, -2.616543501914975 ], [ 115.103142198882551, -2.616466420237487 ], [ 115.10313504813746, -2.616389337659996 ], [ 115.103127895592479, -2.616312255982507 ], [ 115.103119740610055, -2.616224356559997 ], [ 115.103115647640038, -2.616180236379989 ], [ 115.103111585625015, -2.616136458039989 ], [ 115.103103430634974, -2.616048560424986 ], [ 115.103095275645046, -2.615960661002475 ], [ 115.103087122450006, -2.615872761585024 ], [ 115.103078966550015, -2.615784863065016 ], [ 115.103070811549969, -2.615696963645007 ], [ 115.103062657442479, -2.615609066035006 ], [ 115.103054502435043, -2.615521166617498 ], [ 115.103046347424993, -2.615433268102493 ], [ 115.103030615870011, -2.615348181035017 ], [ 115.103018353652487, -2.615281860804998 ], [ 115.10301488431503, -2.615263093062481 ], [ 115.102999152755046, -2.615178005997507 ], [ 115.102983421194949, -2.615092918932476 ], [ 115.102967689632464, -2.615007830964998 ], [ 115.102951958067479, -2.614922743902525 ], [ 115.102936227402552, -2.614837656842496 ], [ 115.102920494935006, -2.61475256887752 ], [ 115.102904764264963, -2.614667481819993 ], [ 115.102883006127513, -2.614582278907505 ], [ 115.102861247989949, -2.614497076900022 ], [ 115.102839490749943, -2.614411873992481 ], [ 115.102835681152555, -2.614396955885013 ], [ 115.102817732609992, -2.614326671084996 ], [ 115.102795975367485, -2.614241468180012 ], [ 115.102774217225033, -2.614156266179975 ], [ 115.102752459082467, -2.614071063277493 ], [ 115.10273070183996, -2.613985860380012 ], [ 115.102708943692505, -2.613900658384978 ], [ 115.102687186449998, -2.613815454582493 ], [ 115.102659711780007, -2.61373502811 ], [ 115.102632237110015, -2.613654601637506 ], [ 115.10260476334247, -2.613574175170015 ], [ 115.102589021712447, -2.61352809595752 ], [ 115.102577287775034, -2.613493747795019 ], [ 115.102549814004988, -2.613413321329972 ], [ 115.102522340237556, -2.613332894867483 ], [ 115.102494864670007, -2.613252468402493 ], [ 115.102467390902461, -2.613172041040002 ], [ 115.102439916234971, -2.613091614580014 ], [ 115.102412441569982, -2.613011188122528 ], [ 115.102379933602492, -2.612933214392513 ], [ 115.102347425635003, -2.612855240662498 ], [ 115.102314918569959, -2.612777266934984 ], [ 115.10228241060247, -2.612699294114975 ], [ 115.102274931785018, -2.612681353980008 ], [ 115.102249902639983, -2.612621320390019 ], [ 115.102217394677496, -2.612543346670009 ], [ 115.102184886717509, -2.612465372949998 ], [ 115.102152379654967, -2.612387400137493 ], [ 115.102119871697482, -2.612309426422485 ], [ 115.102087363739997, -2.612231452707476 ], [ 115.102054855785013, -2.612153478997527 ], [ 115.102022348727473, -2.612075506192525 ], [ 115.101989840774991, -2.611997531580016 ], [ 115.101957332820007, -2.611919558780016 ], [ 115.101924448202453, -2.611848729610017 ], [ 115.101921764057465, -2.611842947599996 ], [ 115.101886196192481, -2.611766337327481 ], [ 115.101850627432555, -2.61168972615252 ], [ 115.101815058672514, -2.611613114980003 ], [ 115.101779489914975, -2.611536503809987 ], [ 115.101743922059995, -2.611459892642472 ], [ 115.101708353304957, -2.611383282380018 ], [ 115.101672784552534, -2.611306671215004 ], [ 115.101635891822525, -2.61123218475251 ], [ 115.101598999095017, -2.611157698295017 ], [ 115.101562104572508, -2.611083211835023 ], [ 115.101537130249994, -2.611032788357477 ], [ 115.101525211847502, -2.611008725382476 ], [ 115.101488319124996, -2.610934238929985 ], [ 115.101451426407493, -2.610859751574992 ], [ 115.101414531889986, -2.610785266027506 ], [ 115.101377639174984, -2.610710778677515 ], [ 115.101340745560037, -2.610636293134974 ], [ 115.101304164300018, -2.610555578937522 ], [ 115.101267583037497, -2.610474865645017 ], [ 115.101231000880034, -2.610394152352512 ], [ 115.101194419622516, -2.610313438160006 ], [ 115.101157838367499, -2.61023272397 ], [ 115.101150522295029, -2.610216582579994 ], [ 115.101121257112482, -2.6101520106875 ], [ 115.10108467496002, -2.610071297405 ], [ 115.101050802339955, -2.609997423195011 ], [ 115.101016927922501, -2.609923548080019 ], [ 115.100983055305051, -2.609849673874976 ], [ 115.100949181790043, -2.60977579966999 ], [ 115.100915309174979, -2.609701926372509 ], [ 115.100881434765029, -2.60962805126502 ], [ 115.100847562152467, -2.60955417706748 ], [ 115.100817221377497, -2.609481402332506 ], [ 115.100786880605028, -2.609408626694972 ], [ 115.100780241237544, -2.609392701540003 ], [ 115.100756539834947, -2.609335851059996 ], [ 115.100726199962537, -2.609263076332525 ], [ 115.100695859192456, -2.609190300699993 ], [ 115.100663866212471, -2.609108910825 ], [ 115.100631873232487, -2.609027520047505 ], [ 115.100599881152448, -2.608946130180016 ], [ 115.100567888174965, -2.608864739407522 ], [ 115.100535895199982, -2.608783348637473 ], [ 115.100503902222499, -2.608701958772485 ], [ 115.100471910147462, -2.608620568007495 ], [ 115.100445550134964, -2.608553509450019 ], [ 115.10043991717248, -2.60853917814751 ], [ 115.10041147940251, -2.608466679397509 ], [ 115.100383040732481, -2.608394180650009 ], [ 115.100354602962511, -2.608321681905011 ], [ 115.100326166094987, -2.608249183162513 ], [ 115.100297728325017, -2.608176684420016 ], [ 115.100269289659991, -2.608104185677519 ], [ 115.100240851892522, -2.608031686937522 ], [ 115.100223126792457, -2.607953906672492 ], [ 115.100205401687504, -2.607876127310021 ], [ 115.100187676585051, -2.607798347044991 ], [ 115.100169953279988, -2.607720566785019 ], [ 115.100164607340048, -2.60769710968998 ], [ 115.100152228172533, -2.607642787427494 ], [ 115.100134503064965, -2.607565007167523 ], [ 115.10011677795751, -2.607487226907494 ], [ 115.100099052850055, -2.607409446650024 ], [ 115.100093230932544, -2.607325703987499 ], [ 115.100087409912476, -2.607241961324974 ], [ 115.100081587989962, -2.607158217757501 ], [ 115.100075766965006, -2.607074475097477 ], [ 115.100069945034988, -2.606990732437509 ], [ 115.10006412310247, -2.60690698886998 ], [ 115.100058302067509, -2.606823246212514 ], [ 115.100056813800052, -2.606801837592513 ], [ 115.100052480129989, -2.606739502647486 ], [ 115.100062119140034, -2.606656979720015 ], [ 115.100071759045022, -2.606574455889984 ], [ 115.100081398044949, -2.606491932960012 ], [ 115.100091037940047, -2.606409410029983 ], [ 115.100100676929969, -2.606326886195006 ], [ 115.100110315915003, -2.606244363262476 ], [ 115.10011995579498, -2.6061618394275 ], [ 115.100129594772511, -2.606079315587522 ], [ 115.100151927237448, -2.60599322308002 ], [ 115.100174020957525, -2.605908047984997 ], [ 115.100174258797551, -2.605907130567516 ], [ 115.100196591247482, -2.605821038055012 ], [ 115.100226321005039, -2.605737082564985 ], [ 115.100256049852533, -2.605653127972516 ], [ 115.100285779594969, -2.60556917337999 ], [ 115.10031551022746, -2.605485217880016 ], [ 115.100345239052444, -2.60540126418249 ], [ 115.100374968772485, -2.605317308672511 ], [ 115.100404699379965, -2.605233354064978 ], [ 115.100434428185054, -2.6051493994525 ], [ 115.10046415788247, -2.605065443932517 ], [ 115.100468713519945, -2.605054123747493 ], [ 115.100496392979949, -2.604985346872525 ], [ 115.100528628072539, -2.604905250709976 ], [ 115.100560863157511, -2.60482515364248 ], [ 115.100593098234981, -2.604745056569982 ], [ 115.100625333304947, -2.604664960397486 ], [ 115.100657568367524, -2.604584864222488 ], [ 115.100689803424984, -2.604504767137485 ], [ 115.100722037574997, -2.604424670047479 ], [ 115.100757500004988, -2.604345433232481 ], [ 115.100792962429978, -2.604266194604975 ], [ 115.100813926842534, -2.604219350994981 ], [ 115.100828423945018, -2.604186957779973 ], [ 115.100863886352499, -2.604107720047523 ], [ 115.100899347855034, -2.604028483215018 ], [ 115.10093481025001, -2.603949244570003 ], [ 115.100970271737538, -2.603870007727494 ], [ 115.101012019219979, -2.603792317567525 ], [ 115.101053765792471, -2.603714628304999 ], [ 115.101095512359962, -2.603636938132524 ], [ 115.101137258919948, -2.60355924795499 ], [ 115.10117900637249, -2.603481557775012 ], [ 115.101216623525033, -2.603411552582486 ], [ 115.10122075291747, -2.603403867587474 ], [ 115.101262498555002, -2.603326178297493 ], [ 115.101304245982533, -2.603248488100007 ], [ 115.101343993872547, -2.603181561354972 ], [ 115.101383741757445, -2.603114633699988 ], [ 115.101423491432456, -2.603047706947507 ], [ 115.101463239304962, -2.602980779285019 ], [ 115.101502987172466, -2.602913851617473 ], [ 115.101542735032467, -2.602846924849985 ], [ 115.101588838867542, -2.602772033427527 ], [ 115.101634941795055, -2.602697141095007 ], [ 115.101674175964945, -2.602633408127474 ], [ 115.101681045617511, -2.602622248759985 ], [ 115.101727150330021, -2.602547356417517 ], [ 115.101773253237525, -2.602472464067489 ], [ 115.101819357037471, -2.602397571712515 ], [ 115.101872744190018, -2.602330664647525 ], [ 115.10192613133745, -2.602263757572473 ], [ 115.101979517575046, -2.602196852299983 ], [ 115.102032904707471, -2.602129945214983 ], [ 115.102086291835008, -2.602063038122481 ], [ 115.102139686642545, -2.601990390172489 ], [ 115.102193083242469, -2.601917742219996 ], [ 115.102203266507445, -2.601903886059972 ], [ 115.102246478034999, -2.601845093352495 ], [ 115.102299873719971, -2.601772445384995 ], [ 115.102353269397554, -2.601699797407491 ], [ 115.10240663644754, -2.601646288002485 ], [ 115.102460002594967, -2.601592777685028 ], [ 115.102513369634949, -2.60153926917252 ], [ 115.102566736672543, -2.601485758845001 ], [ 115.102620103705021, -2.601432250322489 ], [ 115.102671346430043, -2.601367733375014 ], [ 115.102722589149948, -2.601303214612528 ], [ 115.102773830962519, -2.601238697652491 ], [ 115.102788580604965, -2.601220127475017 ], [ 115.102825072772475, -2.601174179782504 ], [ 115.102876314572541, -2.601109662807517 ], [ 115.102927558167494, -2.601045144927525 ], [ 115.102978799955054, -2.600980627944978 ], [ 115.103030041739999, -2.60091611004998 ], [ 115.103087233045017, -2.600850271944978 ], [ 115.103144425239975, -2.600784433832473 ], [ 115.103201615630041, -2.600718596617526 ], [ 115.10325880691255, -2.600652759395018 ], [ 115.10331599909, -2.600586921262504 ], [ 115.103367028117532, -2.600528176424973 ], [ 115.103373190362504, -2.600521083122487 ], [ 115.103430380727445, -2.600455245877527 ], [ 115.1034875728825, -2.600389407725004 ], [ 115.103544764134995, -2.600323569562477 ], [ 115.103603528684971, -2.600266240632493 ], [ 115.103662293227444, -2.600208911697507 ], [ 115.10372105776753, -2.600151582755018 ], [ 115.103779822299998, -2.600094253805025 ], [ 115.103838586829966, -2.600036924849974 ], [ 115.103897351352543, -2.599979595887476 ], [ 115.103951813027493, -2.599920893244985 ], [ 115.103991307552519, -2.599878323622477 ], [ 115.104006274697554, -2.599862190597491 ], [ 115.104060737260056, -2.599803487944996 ], [ 115.104115198919999, -2.599744785282496 ], [ 115.104169660572552, -2.599686081712491 ], [ 115.104224123120048, -2.599627379944991 ], [ 115.104278584762483, -2.599568677267484 ], [ 115.104342101614975, -2.599514544597525 ], [ 115.104405620257467, -2.599460412827511 ], [ 115.104469137099954, -2.599406281049994 ], [ 115.104532653935053, -2.599352149262472 ], [ 115.104596171667481, -2.599298016567502 ], [ 115.104643253609993, -2.599257892495018 ], [ 115.104659689395021, -2.599243884767475 ], [ 115.10471957765003, -2.599192026107517 ], [ 115.104779466804985, -2.599140165634992 ], [ 115.104839355950048, -2.599088306964973 ], [ 115.104899245992556, -2.599036448290008 ], [ 115.104959135132503, -2.598984588702479 ], [ 115.105019024267449, -2.598932729107503 ], [ 115.105078913395005, -2.598880870412472 ], [ 115.105147962785054, -2.598839106640014 ], [ 115.105217013070046, -2.598797343767501 ], [ 115.105286061552533, -2.598755580884983 ], [ 115.105355111830022, -2.59871381799752 ], [ 115.105356864860028, -2.598712757282499 ], [ 115.10542416210501, -2.598672055102497 ], [ 115.105493212379997, -2.598630292200028 ], [ 115.105562260849979, -2.598588529289998 ], [ 115.105631311117463, -2.598546766372522 ], [ 115.105707502695054, -2.598500947050013 ], [ 115.105783696065032, -2.598455126817498 ], [ 115.105859887632505, -2.598409308382486 ], [ 115.105936080997481, -2.59836348813252 ], [ 115.106012272559951, -2.598317668777497 ], [ 115.10608841794749, -2.598303429127498 ], [ 115.106144968264971, -2.598292853657483 ], [ 115.106164563332527, -2.598289190374999 ], [ 115.106240707825009, -2.59827494980749 ], [ 115.10631685321755, -2.598260710142483 ], [ 115.106393002889945, -2.598243598680028 ], [ 115.106469151660008, -2.598226489020021 ], [ 115.106545302234963, -2.598209377547505 ], [ 115.106621451007527, -2.598192267874992 ], [ 115.106697600685038, -2.598175157294975 ], [ 115.106775668009959, -2.598148480262523 ], [ 115.106853735339996, -2.598121802320009 ], [ 115.106931801767473, -2.598095125269992 ], [ 115.107009869095009, -2.598068447312528 ], [ 115.107013969285049, -2.598067045624987 ], [ 115.107087936422545, -2.598041770252507 ], [ 115.107164108010011, -2.598009347640016 ], [ 115.107240279594976, -2.597976925925025 ], [ 115.107316452979944, -2.597944504204975 ], [ 115.107392624565023, -2.597912081572474 ], [ 115.107468797045044, -2.597879659834973 ], [ 115.107546556962461, -2.597846282917487 ], [ 115.107624315980047, -2.5978129068925 ], [ 115.107702075894963, -2.597779529957506 ], [ 115.107779835807492, -2.597746153015009 ], [ 115.107843508590008, -2.597718823057505 ], [ 115.107857594819961, -2.597712776967512 ], [ 115.107935354729989, -2.597679400007507 ], [ 115.108013447695043, -2.597635496635007 ], [ 115.108091539755037, -2.597591594155006 ], [ 115.108169632712475, -2.597547690764998 ], [ 115.108247724764965, -2.597503788267488 ], [ 115.108325817717514, -2.597459884857528 ], [ 115.108394075789988, -2.597416924204992 ], [ 115.10846233476002, -2.597373964447513 ], [ 115.108530592829993, -2.597331002875023 ], [ 115.108598850894964, -2.597288042199978 ], [ 115.108624124924972, -2.597272135247522 ], [ 115.108667109854991, -2.597245082422489 ], [ 115.10873536791496, -2.597202120829991 ], [ 115.108794431557499, -2.597156275402483 ], [ 115.108853496995039, -2.597110429972474 ], [ 115.108912560632461, -2.597064583630015 ], [ 115.108971626062498, -2.597018739092505 ], [ 115.109030689692531, -2.596972892737483 ], [ 115.109091683229963, -2.596909824817487 ], [ 115.109152675864948, -2.596846756887487 ], [ 115.109213670290046, -2.596783688954986 ], [ 115.109274662910025, -2.596720621009979 ], [ 115.109305964702457, -2.596688254554977 ], [ 115.109335656424946, -2.596657553060027 ], [ 115.109398535352511, -2.596605970612472 ], [ 115.109461414274961, -2.596554389064977 ], [ 115.109524292289962, -2.596502808412481 ], [ 115.109587171205021, -2.596451225944975 ], [ 115.109650050112464, -2.596399644375026 ], [ 115.109712946089985, -2.596336579240017 ], [ 115.109775842057502, -2.596273514100005 ], [ 115.109838738922463, -2.596210448047486 ], [ 115.109901634879975, -2.596147382890024 ], [ 115.109964530829984, -2.596084317725001 ], [ 115.109967542797449, -2.596078282972485 ], [ 115.109997934817557, -2.596017380662488 ], [ 115.110031338800013, -2.595950443594973 ], [ 115.110064741880024, -2.595883505620009 ], [ 115.110098145849975, -2.595816569449994 ], [ 115.110154138007488, -2.595756843107495 ], [ 115.110210131057556, -2.59569711585749 ], [ 115.11026612320245, -2.595637390407489 ], [ 115.110322116240013, -2.595577664049983 ], [ 115.110378108377517, -2.595517936777526 ], [ 115.110434099604959, -2.595458211307516 ], [ 115.110490092627515, -2.595398484024997 ], [ 115.110515186735029, -2.595371717042497 ], [ 115.110546084747511, -2.595338757639979 ], [ 115.110589015675032, -2.595263859617489 ], [ 115.11063194659755, -2.595188961592498 ], [ 115.11067487841251, -2.595114063560004 ], [ 115.110717808422464, -2.595039164617504 ], [ 115.110760739324974, -2.594964266575005 ], [ 115.110803670217479, -2.594889369432508 ], [ 115.110846807937492, -2.594831398682516 ], [ 115.110889944754945, -2.594773427927521 ], [ 115.110941638292502, -2.594703960204981 ], [ 115.110993330030055, -2.59463449156749 ], [ 115.111006357915016, -2.594616984637526 ], [ 115.111045022657549, -2.59456502383 ], [ 115.111096715275039, -2.594495556990012 ], [ 115.111148407887526, -2.594426089240017 ], [ 115.111200099597454, -2.594356620577514 ], [ 115.111251793094993, -2.594287152817515 ], [ 115.111297357015019, -2.594219169619976 ], [ 115.11134292092504, -2.594151187319994 ], [ 115.11138848393, -2.594083205015011 ], [ 115.111434047830016, -2.594015221802522 ], [ 115.11147961172253, -2.593947238582473 ], [ 115.111525175607539, -2.593879256262483 ], [ 115.111525369340029, -2.593878968107504 ], [ 115.111570738587488, -2.59381127393749 ], [ 115.111616303360051, -2.593743290702491 ], [ 115.111661867227554, -2.593675308367494 ], [ 115.111694761940043, -2.593594546662473 ], [ 115.111727658445034, -2.593513785860011 ], [ 115.111760553142517, -2.593433024147487 ], [ 115.111793448732556, -2.593352263335021 ], [ 115.111826344317478, -2.593271501614993 ], [ 115.11185923989251, -2.593190740795023 ], [ 115.111892134562481, -2.593109979067492 ], [ 115.111910111884981, -2.593065845719991 ], [ 115.111925031022452, -2.593029218240019 ], [ 115.11195792567753, -2.592948457407488 ], [ 115.111995041800014, -2.592873017907493 ], [ 115.112032158812553, -2.592797580215006 ], [ 115.112069274920032, -2.592722140707508 ], [ 115.112106391919951, -2.592646703005016 ], [ 115.112143508012537, -2.592571264392518 ], [ 115.112180624999951, -2.592495825777519 ], [ 115.11221774108003, -2.592420387155016 ], [ 115.112254858050051, -2.592344949435017 ], [ 115.112291974120012, -2.592269509902508 ], [ 115.11229902625746, -2.592250974909973 ], [ 115.112320632167553, -2.592194192412478 ], [ 115.112349290212478, -2.592118874017501 ], [ 115.112377948252515, -2.592043554712518 ], [ 115.112406607184994, -2.591968237214985 ], [ 115.112435265210024, -2.591892918807503 ], [ 115.112463923230052, -2.591817601302523 ], [ 115.112492581244965, -2.591742281987479 ], [ 115.112521239252487, -2.591666963569992 ], [ 115.11255371199502, -2.591585670352515 ], [ 115.112586184730048, -2.591504377129979 ], [ 115.112618658357519, -2.591423083002496 ], [ 115.112624620820043, -2.591408156017508 ], [ 115.112651131077541, -2.59134178886751 ], [ 115.112683604690005, -2.591260495635026 ], [ 115.112716078292465, -2.591179202399985 ], [ 115.112748550992478, -2.591097908252493 ], [ 115.112781023684988, -2.5910166141025 ], [ 115.112813497267553, -2.59093532085501 ], [ 115.112845969945056, -2.590854026695013 ], [ 115.112877008660007, -2.590777516427522 ], [ 115.112908047369956, -2.590701005250025 ], [ 115.112939086075016, -2.590624494070028 ], [ 115.112961302980011, -2.590569729749973 ], [ 115.112970124769959, -2.590547982885028 ], [ 115.113001162564956, -2.590471470792522 ], [ 115.113032202147451, -2.59039495960252 ], [ 115.113063239925054, -2.590318449310018 ], [ 115.113094278594986, -2.590241938112513 ], [ 115.113127020600018, -2.59016269509749 ], [ 115.113159762597547, -2.590083452982526 ], [ 115.11319250458746, -2.590004209957499 ], [ 115.113225245672538, -2.589924966927526 ], [ 115.113257987649945, -2.589845723897497 ], [ 115.113290729619962, -2.589766481765025 ], [ 115.113304208629984, -2.589733860467504 ], [ 115.113323471582476, -2.589687238727493 ], [ 115.113352140630013, -2.589604344672523 ], [ 115.11338080967505, -2.589521449709991 ], [ 115.113409478707467, -2.589438555647519 ], [ 115.113438147734996, -2.589355661582488 ], [ 115.113466816757523, -2.589272766607507 ], [ 115.113495485767544, -2.589189873439977 ], [ 115.113518205795003, -2.589108564604999 ], [ 115.113540924915014, -2.589027255765018 ], [ 115.113563644924966, -2.588945947827483 ], [ 115.113583487879964, -2.588874931047485 ], [ 115.113586364032471, -2.5888646389825 ], [ 115.113609084032532, -2.58878333104002 ], [ 115.113631803127532, -2.588702022189977 ], [ 115.113654523112473, -2.588620714242495 ], [ 115.113677242194967, -2.588539405387507 ], [ 115.113701146364974, -2.588461687155018 ], [ 115.113725048732476, -2.588383968920027 ], [ 115.113748952889978, -2.588306250682479 ], [ 115.113772857039976, -2.58822853334749 ], [ 115.113796760287528, -2.588150815104996 ], [ 115.113820664430023, -2.588073096860001 ], [ 115.113840523867452, -2.588008524462509 ], [ 115.11384456676501, -2.587995378610003 ], [ 115.113868470892498, -2.58791766126501 ], [ 115.113890342179957, -2.587835668429989 ], [ 115.11391221256747, -2.587753673782515 ], [ 115.113934083845038, -2.587671680942492 ], [ 115.113955954215044, -2.587589688100024 ], [ 115.113977824580047, -2.587507695252498 ], [ 115.113999695839993, -2.587425700597521 ], [ 115.114021567090049, -2.587343707747493 ], [ 115.114040727105021, -2.587256545930018 ], [ 115.114059886215045, -2.587169384107483 ], [ 115.114067683462508, -2.587133910495027 ], [ 115.114079046215011, -2.587082222285005 ], [ 115.114098206209974, -2.586995059555022 ], [ 115.11411736529999, -2.586907897724984 ], [ 115.114136525279946, -2.586820735895003 ], [ 115.114155685255014, -2.586733574062521 ], [ 115.11417484432252, -2.586646412227481 ], [ 115.114194004284968, -2.586559250389996 ], [ 115.114209592395014, -2.586474341960013 ], [ 115.114225179597497, -2.586389435332478 ], [ 115.114240767695037, -2.586304526897493 ], [ 115.114250997202475, -2.586248812292524 ], [ 115.114256356685019, -2.586219619367512 ], [ 115.114271944772554, -2.586134710927524 ], [ 115.114287532849971, -2.586049804297488 ], [ 115.1143031209225, -2.585964895855 ], [ 115.114318708990027, -2.585879988315014 ], [ 115.114341036859969, -2.585794957015025 ], [ 115.11436336472002, -2.585709926619984 ], [ 115.114385694369957, -2.585624896222498 ], [ 115.114408022217503, -2.58553986582001 ], [ 115.114430350057546, -2.585454835415021 ], [ 115.114452677889972, -2.585369805007474 ], [ 115.114453055837544, -2.585368365144973 ], [ 115.114475006617454, -2.585284773692479 ], [ 115.114479006707484, -2.585269540817478 ], [ 115.114497335335045, -2.58519974418499 ], [ 115.114519663147462, -2.585114712864993 ], [ 115.114541990952489, -2.585029682447498 ], [ 115.114564318755015, -2.584944651122498 ], [ 115.114586648345039, -2.584859620700001 ], [ 115.114608976129944, -2.584774590272502 ], [ 115.11463130390996, -2.584689558939999 ], [ 115.114653631682472, -2.584604527602494 ], [ 115.114675961244984, -2.584519498074997 ], [ 115.114682625937462, -2.584494116569999 ], [ 115.11469828900249, -2.58443446673499 ], [ 115.114720616754994, -2.584349436294985 ], [ 115.114741124307557, -2.584270174782489 ], [ 115.114761631855004, -2.584190914172495 ], [ 115.114782139397448, -2.584111652657498 ], [ 115.114802646034946, -2.584032391137498 ], [ 115.114823152667554, -2.583953129614997 ], [ 115.114843661087548, -2.583873869 ], [ 115.114864167707537, -2.583794608377502 ], [ 115.114890116967445, -2.583712620602512 ], [ 115.114916065322518, -2.583630632822519 ], [ 115.114918838472477, -2.583621870527509 ], [ 115.114942013669975, -2.583548645944973 ], [ 115.114967962012543, -2.583466659064982 ], [ 115.114973189429975, -2.5834501467275 ], [ 115.114993911245051, -2.583384672179989 ], [ 115.115019858672554, -2.58330268438749 ], [ 115.115045807894944, -2.583220696594992 ], [ 115.115076062407525, -2.583137804670002 ], [ 115.115106316914989, -2.583054911835006 ], [ 115.115136571414951, -2.582972019902513 ], [ 115.115166825007464, -2.582889127965018 ], [ 115.115197080392477, -2.582806235120017 ], [ 115.115211372595013, -2.582767076489972 ], [ 115.115227333969983, -2.582723343175019 ], [ 115.115262788159953, -2.582648204547525 ], [ 115.115298241439973, -2.582573067724979 ], [ 115.115333694714991, -2.582497929992485 ], [ 115.115369148882451, -2.582422793162493 ], [ 115.115404603045022, -2.582347655422495 ], [ 115.115440056300031, -2.582272517677495 ], [ 115.115475510447482, -2.582197379929994 ], [ 115.115506284132493, -2.582120868017512 ], [ 115.115537056909943, -2.582044356100027 ], [ 115.115567830582449, -2.581967844179985 ], [ 115.11557821630754, -2.581942024219984 ], [ 115.115598605147511, -2.581891332257499 ], [ 115.115629377904952, -2.581814821232513 ], [ 115.115660151554948, -2.581738309302523 ], [ 115.115690926100001, -2.581661797367474 ], [ 115.115721698840048, -2.581585285429981 ], [ 115.115752473372481, -2.581508772584982 ], [ 115.1157992975875, -2.581432284557479 ], [ 115.11584612269246, -2.581355797429978 ], [ 115.115892947787529, -2.581279310294974 ], [ 115.115939771980038, -2.58120282225002 ], [ 115.115980214324964, -2.581136759420019 ], [ 115.115986597062488, -2.581126334200007 ], [ 115.116033422137548, -2.581049846144992 ], [ 115.116080247204991, -2.580973358082474 ], [ 115.116127072262543, -2.580896870920014 ], [ 115.116173896415035, -2.58082038284499 ], [ 115.116220720560023, -2.58074389476252 ], [ 115.116267545597452, -2.580667406677492 ], [ 115.116317124837451, -2.580600492980011 ], [ 115.116366703172503, -2.580533579277528 ], [ 115.116416282402497, -2.580466663759978 ], [ 115.116465859827485, -2.58039975004499 ], [ 115.116477297442543, -2.580384313907473 ], [ 115.116515439042473, -2.580332836324999 ], [ 115.116555502267488, -2.580265908432523 ], [ 115.116595566387446, -2.580198978727481 ], [ 115.116635628702511, -2.580132050822499 ], [ 115.116675692809963, -2.580065122015014 ], [ 115.116715756012468, -2.579998194102473 ], [ 115.11676912695998, -2.57994085538752 ], [ 115.116822497007547, -2.579883515762504 ], [ 115.116875867945055, -2.579826177939992 ], [ 115.116929237980003, -2.579768839204974 ], [ 115.116982608910007, -2.579711499562507 ], [ 115.117013958624966, -2.579664358430023 ], [ 115.117031351399987, -2.579638205244976 ], [ 115.117080092987521, -2.57956490910999 ], [ 115.117128836365055, -2.579491613875007 ], [ 115.117177577934967, -2.579418318630019 ], [ 115.11722632040005, -2.579345023382473 ], [ 115.117275061954956, -2.57927172812748 ], [ 115.117323805302476, -2.579198432869987 ], [ 115.117372546847491, -2.579125136697485 ], [ 115.117421289279946, -2.579051842329989 ], [ 115.117472532587499, -2.578984930065019 ], [ 115.117522821012471, -2.578919266917524 ], [ 115.117523776787493, -2.578918018702495 ], [ 115.117575020080039, -2.578851107332525 ], [ 115.117626264267528, -2.578784195052492 ], [ 115.117677507549956, -2.578717282765012 ], [ 115.117728751722552, -2.578650372282482 ], [ 115.117779994992475, -2.578583459982497 ], [ 115.117831239152451, -2.57851654768001 ], [ 115.117884349609994, -2.578451006235014 ], [ 115.117937460957478, -2.578385463880011 ], [ 115.117990572299959, -2.57831992242501 ], [ 115.118043681840049, -2.578254380055 ], [ 115.118079925267466, -2.578209654060004 ], [ 115.118096793170025, -2.57818883768249 ], [ 115.118149903595054, -2.578123296204978 ], [ 115.118203014912524, -2.578057753820019 ], [ 115.118246880969991, -2.577992744742517 ], [ 115.118290747920014, -2.577927735662513 ], [ 115.118334613964976, -2.577862726575006 ], [ 115.118378480902493, -2.577797718390002 ], [ 115.11842234693745, -2.577732709292491 ], [ 115.118473192174974, -2.577667392274975 ], [ 115.118524037407497, -2.577602074345009 ], [ 115.118574881732457, -2.577536757314988 ], [ 115.118615693932497, -2.577484326842523 ], [ 115.118625726055029, -2.577471439372516 ], [ 115.118676571267542, -2.577406122332491 ], [ 115.118727415577496, -2.577340804377513 ], [ 115.118782703729948, -2.577273897967473 ], [ 115.118837990974953, -2.577206991549986 ], [ 115.118893279115014, -2.5771400860325 ], [ 115.118948566347512, -2.577073179600006 ], [ 115.119003853572508, -2.577006274067514 ], [ 115.119055595324994, -2.576947564574994 ], [ 115.119107337072478, -2.576888856884977 ], [ 115.119159077912514, -2.576830148285012 ], [ 115.119193124812455, -2.576791516122512 ], [ 115.119210818750048, -2.576771439679987 ], [ 115.119262559582467, -2.576712731067516 ], [ 115.119314302204998, -2.576654023357491 ], [ 115.119366043027526, -2.576595313832513 ], [ 115.119421333017499, -2.576526494010011 ], [ 115.119476623897526, -2.576457674180006 ], [ 115.119531913869992, -2.576388854344998 ], [ 115.119587204737513, -2.576320033597483 ], [ 115.119642494697473, -2.576251213747526 ], [ 115.119711559119992, -2.576198683139978 ], [ 115.11978062263745, -2.57614615161998 ], [ 115.119800834307512, -2.576130779052505 ], [ 115.119849687052465, -2.57609362009498 ], [ 115.119918750562533, -2.576041088557474 ], [ 115.119979113047521, -2.575974191344983 ], [ 115.120039474627447, -2.57590729231498 ], [ 115.120099837100042, -2.575840394182478 ], [ 115.120155097032466, -2.575792627295016 ], [ 115.120210356060056, -2.575744861307498 ], [ 115.120265615982476, -2.575697094407474 ], [ 115.120320875002449, -2.575649328407508 ], [ 115.120376134919979, -2.575601560594976 ], [ 115.120432215789947, -2.575558027575028 ], [ 115.120469109767555, -2.575529390330018 ], [ 115.120488297554971, -2.575514494552522 ], [ 115.120544379317494, -2.575470962427516 ], [ 115.120607914039965, -2.575421644362507 ], [ 115.12067144876255, -2.575372325387491 ], [ 115.120744460829997, -2.575330964075022 ], [ 115.120817472897556, -2.575289603657495 ], [ 115.12089048496, -2.575248243235023 ], [ 115.120963497022444, -2.575206881897486 ], [ 115.121036509077499, -2.575165522362511 ], [ 115.121109521135054, -2.575124161012525 ], [ 115.121177778437527, -2.57508119936 ], [ 115.121228791429985, -2.575049089069978 ], [ 115.121246033939997, -2.57503823589002 ], [ 115.121314291237468, -2.574995274224989 ], [ 115.121382547634994, -2.574952310742503 ], [ 115.121450804025017, -2.574909349060022 ], [ 115.121519061314984, -2.574866385564974 ], [ 115.121591447939977, -2.574818643922526 ], [ 115.121663834559968, -2.574770903177523 ], [ 115.121736222977461, -2.57472316062001 ], [ 115.121808609589948, -2.574675419857499 ], [ 115.121880997099993, -2.574627678184982 ], [ 115.121949572249946, -2.57458375934749 ], [ 115.121985454512469, -2.574560778254977 ], [ 115.122018147400013, -2.574539839599993 ], [ 115.122086723442521, -2.574495919847493 ], [ 115.122155297685026, -2.574452000987492 ], [ 115.122223872822474, -2.574408082122488 ], [ 115.122292447957534, -2.574364163249982 ], [ 115.122361023089979, -2.574320244370028 ], [ 115.122429599119982, -2.574276323677509 ], [ 115.122498174247539, -2.574232404782492 ], [ 115.12256674936998, -2.574188485882473 ], [ 115.122629347342468, -2.574142096820026 ], [ 115.122691945312454, -2.57409570775252 ], [ 115.122735757947453, -2.574063240364978 ], [ 115.122754543280053, -2.57404931867751 ], [ 115.122817140342477, -2.574002929594997 ], [ 115.122879738299957, -2.573956541412485 ], [ 115.122942336257552, -2.573910152320025 ], [ 115.12300493421003, -2.573863763220004 ], [ 115.123067536159965, -2.57381463973752 ], [ 115.123130137204953, -2.573765517152481 ], [ 115.123192739147498, -2.573716393659993 ], [ 115.123255341087543, -2.5736672701575 ], [ 115.12331794301997, -2.573618146650006 ], [ 115.123380544049951, -2.573569024037511 ], [ 115.123443145974989, -2.573519901422515 ], [ 115.123450286330012, -2.573514531837475 ], [ 115.123508465850023, -2.573470781914978 ], [ 115.123573786617499, -2.573421662402495 ], [ 115.123639107379972, -2.57337254288251 ], [ 115.123704428139945, -2.573323424260025 ], [ 115.12376974799497, -2.573274304724976 ], [ 115.123835068747553, -2.573225185184981 ], [ 115.123900388597463, -2.573176065634982 ], [ 115.123976580405042, -2.573129925310013 ], [ 115.124052770412504, -2.573083784067478 ], [ 115.124128961315023, -2.573037642817496 ], [ 115.124189158490026, -2.57300118659748 ], [ 115.124205152217542, -2.572991500657508 ], [ 115.124281342212498, -2.572945360292522 ], [ 115.124357533107514, -2.572899219017472 ], [ 115.124420410102516, -2.572847635402525 ], [ 115.124483287092517, -2.572796050872512 ], [ 115.12454616497746, -2.572744468150006 ], [ 115.124609041959957, -2.572692883607488 ], [ 115.124671918937452, -2.572641299962527 ], [ 115.124743357647503, -2.572591163975005 ], [ 115.124814797252498, -2.572541028884984 ], [ 115.124886235057488, -2.572490892877511 ], [ 115.124915340644975, -2.572470466897528 ], [ 115.124957673755034, -2.572440757769982 ], [ 115.125029113347523, -2.572390621750003 ], [ 115.125100552039953, -2.572340485720019 ], [ 115.125171989825049, -2.57229035058748 ], [ 115.125243429405032, -2.572240215447493 ], [ 115.125318426089962, -2.572197262407485 ], [ 115.125393421872445, -2.572154309359973 ], [ 115.125468418552487, -2.572111356305015 ], [ 115.125543416127471, -2.572068403242497 ], [ 115.125618411902451, -2.572025449265027 ], [ 115.125677061992519, -2.571991857925013 ], [ 115.125693408572488, -2.571982496185001 ], [ 115.125768405240024, -2.571939543097528 ], [ 115.125843401904945, -2.57189659 ], [ 115.125925277727447, -2.571867044997475 ], [ 115.126007152652505, -2.571837499082505 ], [ 115.126089029372451, -2.57180795406498 ], [ 115.126170905194954, -2.571778408135003 ], [ 115.126252781014955, -2.571748863100026 ], [ 115.126334655937512, -2.57171931805749 ], [ 115.126416531757513, -2.571689772102502 ], [ 115.126498407577515, -2.571660227042514 ], [ 115.126509492932541, -2.571656226824985 ], [ 115.126580283400017, -2.57163068107252 ], [ 115.126662159217517, -2.571601135997525 ], [ 115.126744011300048, -2.571587858850023 ], [ 115.126825863382464, -2.571574581697519 ], [ 115.126907714567551, -2.571561305440014 ], [ 115.12698956665497, -2.571548028275004 ], [ 115.127071418745004, -2.571534751099989 ], [ 115.127157061797448, -2.571531687349989 ], [ 115.127242704855007, -2.571528623594986 ], [ 115.127328347914954, -2.57152555983248 ], [ 115.127393561622512, -2.571523227285013 ], [ 115.127413991877461, -2.571522496064972 ], [ 115.127499634942524, -2.571519433195022 ], [ 115.127585278014976, -2.571516369412507 ], [ 115.127669001897516, -2.571524148114975 ], [ 115.127752726682502, -2.571531927717501 ], [ 115.127836450575046, -2.571539707315026 ], [ 115.127920176269981, -2.571547486909992 ], [ 115.12800390017253, -2.571555265592508 ], [ 115.128089507222512, -2.571576924249996 ], [ 115.128175114279998, -2.571598582902482 ], [ 115.128260721347488, -2.57162024065002 ], [ 115.128282083119984, -2.571625645080019 ], [ 115.128346328417479, -2.571641899295003 ], [ 115.128416720245013, -2.571657315310006 ], [ 115.128487112080052, -2.571672730417504 ], [ 115.128557503917477, -2.571688146427505 ], [ 115.12862789576252, -2.571703560624996 ], [ 115.128698287607449, -2.571718976629995 ], [ 115.128770570777533, -2.571742050625005 ], [ 115.128842854852451, -2.571765124620015 ], [ 115.128915138032539, -2.571788198610022 ], [ 115.128987422117461, -2.571811272599973 ], [ 115.129059705310056, -2.57183434658748 ], [ 115.129132003352538, -2.571847851132475 ], [ 115.129151586582452, -2.571851508672523 ], [ 115.12920429960252, -2.57186135476752 ], [ 115.129276597652506, -2.571874860212517 ], [ 115.12934889481005, -2.571888363842504 ], [ 115.129421192870041, -2.571901868374994 ], [ 115.12949727215755, -2.571932283957494 ], [ 115.129573350550004, -2.571962701345001 ], [ 115.12964942985252, -2.571993116922499 ], [ 115.129725510057483, -2.572023533402501 ], [ 115.129801589370004, -2.572053949882502 ], [ 115.12987766778997, -2.572084366357501 ], [ 115.129953734597507, -2.572122757217528 ], [ 115.12999712536498, -2.572144656502473 ], [ 115.13002980321005, -2.572161148982502 ], [ 115.13010587003248, -2.572199539840028 ], [ 115.130181937759971, -2.572237930697497 ], [ 115.13025800459252, -2.572276323359972 ], [ 115.130334073234962, -2.572314714217498 ], [ 115.130401699212484, -2.572340875577481 ], [ 115.13046932519751, -2.572367036937521 ], [ 115.130536952084981, -2.572393199202509 ], [ 115.13060457808001, -2.572419359654987 ], [ 115.130672204077541, -2.572445521914972 ], [ 115.130726625317493, -2.572466575712497 ], [ 115.130781046559946, -2.572487628602516 ], [ 115.130820833859957, -2.572504546592484 ], [ 115.13085331963498, -2.572518358642526 ], [ 115.130925592717517, -2.572549088679978 ], [ 115.130997864907499, -2.572579817812482 ], [ 115.131070138000041, -2.572610547844988 ], [ 115.131142411099972, -2.572641277879995 ], [ 115.131214406602453, -2.572675562032487 ], [ 115.131286402112551, -2.572709846184978 ], [ 115.131358397627537, -2.572744130335025 ], [ 115.131430393152527, -2.572778412675007 ], [ 115.131502388680019, -2.572812696822496 ], [ 115.131574384215014, -2.572846980969985 ], [ 115.131639467802529, -2.572877973482491 ], [ 115.131646379755011, -2.572881265114972 ], [ 115.131731988859997, -2.572901727342526 ], [ 115.131817598872544, -2.572922188660016 ], [ 115.131903207990035, -2.572942650880009 ], [ 115.13198881711503, -2.572963113095 ], [ 115.132074427147472, -2.572983574402485 ], [ 115.132160036284972, -2.573004035707527 ], [ 115.132245646330034, -2.573024497912513 ], [ 115.132331254582482, -2.573044960109996 ], [ 115.132408931724967, -2.573067403555001 ], [ 115.132486608869954, -2.573089847900007 ], [ 115.13251146203504, -2.573097028819973 ], [ 115.132564285125, -2.573112292242513 ], [ 115.132641962284993, -2.573134734772509 ], [ 115.132719638550043, -2.573157179110012 ], [ 115.13279731572004, -2.573179623445014 ], [ 115.13287977643995, -2.573184529109994 ], [ 115.132962236262529, -2.573189435674976 ], [ 115.133044696092497, -2.573194342232512 ], [ 115.133127156825026, -2.573199247884986 ], [ 115.133209616659997, -2.573204155337521 ], [ 115.13329207740253, -2.573209060979991 ], [ 115.133380902149952, -2.573199622207483 ], [ 115.133397542515013, -2.573197853602494 ], [ 115.133469726897488, -2.573190183427528 ], [ 115.133558551652527, -2.573180743735008 ], [ 115.133646579924971, -2.573173696367519 ], [ 115.133734608202531, -2.573166648087522 ], [ 115.133822637385038, -2.573159599802523 ], [ 115.133910664767541, -2.573152552412523 ], [ 115.133993153377446, -2.573138319074985 ], [ 115.134075641092522, -2.573124084822496 ], [ 115.134158128804984, -2.573109852375012 ], [ 115.134240617422506, -2.573095618112518 ], [ 115.134289099032458, -2.573087252930009 ], [ 115.13432310513997, -2.573081384745024 ], [ 115.134405592860048, -2.573067151372527 ], [ 115.134479857729957, -2.573036636952509 ], [ 115.134554122597478, -2.573006123429991 ], [ 115.134628388364945, -2.572975608997524 ], [ 115.134702653232466, -2.572945094557497 ], [ 115.134776918099988, -2.572914581015027 ], [ 115.134850360727455, -2.572888714012493 ], [ 115.134923803357538, -2.572862846097507 ], [ 115.134997245987506, -2.572836979080023 ], [ 115.135070687715029, -2.572811112054978 ], [ 115.135135354252498, -2.572788336357519 ], [ 115.135144131242555, -2.57278524502749 ], [ 115.135217572972465, -2.572759377084992 ], [ 115.135291015600046, -2.572733510044998 ], [ 115.135360848632445, -2.572696927957509 ], [ 115.135430682565016, -2.572660346770022 ], [ 115.135500515595027, -2.572623764670027 ], [ 115.135570348622537, -2.572587182564973 ], [ 115.135640183445048, -2.572550602262481 ], [ 115.135710015569998, -2.572514020139977 ], [ 115.135784302662501, -2.572468194255009 ], [ 115.135858590652447, -2.572422368362481 ], [ 115.135932877742448, -2.572376541555002 ], [ 115.135933124314988, -2.572376390007491 ], [ 115.136007165725005, -2.572330715645023 ], [ 115.136081452805001, -2.572284889727484 ], [ 115.136151305242493, -2.572235548862523 ], [ 115.136221155877479, -2.572186207082495 ], [ 115.136291008304966, -2.572136866200026 ], [ 115.136360859832507, -2.572087524407493 ], [ 115.136430711355047, -2.572038182605013 ], [ 115.13650056287247, -2.571988840794972 ], [ 115.136557740557464, -2.571930309632478 ], [ 115.136614919135013, -2.571871779369985 ], [ 115.136649789414946, -2.571836081699985 ], [ 115.136672095909944, -2.571813247289981 ], [ 115.136729273580045, -2.571754716109979 ], [ 115.136786452139972, -2.571696184924974 ], [ 115.136843629799955, -2.571637653730022 ], [ 115.136900806554991, -2.571579121625007 ], [ 115.136957985100025, -2.571520591324997 ], [ 115.137017542584999, -2.571460867302505 ], [ 115.137077101864975, -2.571401143277512 ], [ 115.137136660240003, -2.571341419245016 ], [ 115.137196218610029, -2.571281695202515 ], [ 115.137255776972552, -2.571221971155012 ], [ 115.137283256512546, -2.571194415167497 ], [ 115.137315335329959, -2.571162247102507 ], [ 115.137374893682477, -2.571102523039997 ], [ 115.137434452029993, -2.571042798972485 ], [ 115.137486209992517, -2.570971784945016 ], [ 115.137537968844981, -2.570900770912488 ], [ 115.137589726792498, -2.570829756872513 ], [ 115.137641484732512, -2.570758741922475 ], [ 115.137693242665023, -2.570687727869995 ], [ 115.137745002390034, -2.570616713812512 ], [ 115.137796760310039, -2.570545699747527 ], [ 115.137835048657507, -2.570483494865016 ], [ 115.137842860434944, -2.570470803639978 ], [ 115.137888959652514, -2.570395908429987 ], [ 115.137935060662471, -2.570321012314992 ], [ 115.13798116076498, -2.570246115284988 ], [ 115.138027260862486, -2.570171219154986 ], [ 115.138073360949988, -2.570096323019982 ], [ 115.138122405900049, -2.570021203327485 ], [ 115.13817145174005, -2.569946083632487 ], [ 115.138220496672488, -2.569870963927485 ], [ 115.138269543397541, -2.569795845124986 ], [ 115.138318341417516, -2.56972110211251 ], [ 115.138318588314974, -2.569720725409979 ], [ 115.138367634124961, -2.569645605690027 ], [ 115.138416679030001, -2.569570485960014 ], [ 115.138446689715011, -2.569498072737474 ], [ 115.138476700395017, -2.569425658607486 ], [ 115.138506711067521, -2.569353246282503 ], [ 115.138536721735022, -2.569280832145012 ], [ 115.138566733297466, -2.569208418910023 ], [ 115.138596743055018, -2.569136004765028 ], [ 115.138626753702511, -2.569063592427483 ], [ 115.138671273202476, -2.568985503760018 ], [ 115.138713248985027, -2.568911873757486 ], [ 115.138715790895048, -2.568907415082492 ], [ 115.138760310377506, -2.568829327307526 ], [ 115.138804828054958, -2.568751238622497 ], [ 115.138849346622465, -2.568673149930021 ], [ 115.138893865182467, -2.56859506213749 ], [ 115.138932033117499, -2.568522148109992 ], [ 115.138970200144968, -2.568449234077491 ], [ 115.139008368067493, -2.568376320042489 ], [ 115.139046535082457, -2.568303406002485 ], [ 115.139084702989976, -2.568230491054976 ], [ 115.139122869992548, -2.568157577005024 ], [ 115.13914354524502, -2.568118081367516 ], [ 115.139161037887447, -2.568084662952515 ], [ 115.139199204877514, -2.568011748895003 ], [ 115.13924144833004, -2.567940720702495 ], [ 115.139283689982449, -2.567869691599981 ], [ 115.139325933422469, -2.567798664302472 ], [ 115.139368175957543, -2.567727635192512 ], [ 115.139410419384944, -2.567656606982496 ], [ 115.139452661009955, -2.567585577859973 ], [ 115.139494904424964, -2.567514549640009 ], [ 115.139533079322518, -2.567436133285014 ], [ 115.139571254214957, -2.567357716022514 ], [ 115.13958441202999, -2.567330687802496 ], [ 115.13960942999995, -2.567279298757512 ], [ 115.139647604874995, -2.567200882390011 ], [ 115.139685779745037, -2.56712246602001 ], [ 115.139723954607462, -2.5670440487375 ], [ 115.139762130360054, -2.566965632359995 ], [ 115.139800306107531, -2.566887215069983 ], [ 115.139838480947446, -2.566808797775025 ], [ 115.139876655779972, -2.566730381380012 ], [ 115.139913457447506, -2.566662078649983 ], [ 115.139950258207477, -2.566593776820014 ], [ 115.139987058959946, -2.566525474984985 ], [ 115.139988376974998, -2.566523029147504 ], [ 115.140023860609972, -2.566457173147512 ], [ 115.140060662249994, -2.566388871307481 ], [ 115.140097462987455, -2.566320568555 ], [ 115.140119137202532, -2.566280342792481 ], [ 115.140134263720029, -2.566252266705021 ], [ 115.140174014817489, -2.566180551155014 ], [ 115.140213766810007, -2.566108834697502 ], [ 115.140253517892461, -2.566037120042495 ], [ 115.140293268972528, -2.565965403574978 ], [ 115.140333020942535, -2.56589368800752 ], [ 115.140368517185038, -2.565829648600015 ], [ 115.140372772007481, -2.565821972435003 ], [ 115.140415706342537, -2.565743083689995 ], [ 115.140422248450022, -2.565731062400005 ], [ 115.140458638869973, -2.565664194937483 ], [ 115.140501573187521, -2.565585307084973 ], [ 115.140544505697449, -2.565506418322514 ], [ 115.140587440002491, -2.565427529554995 ], [ 115.140630373397471, -2.565348640782474 ], [ 115.140673306784947, -2.565269752907511 ], [ 115.140716240165034, -2.565190864122485 ], [ 115.14076133330002, -2.565114371097479 ], [ 115.14080642463, -2.565037878062526 ], [ 115.140851517749979, -2.564961385025015 ], [ 115.140862488414996, -2.564942774702502 ], [ 115.14089660996251, -2.56488489198 ], [ 115.140941703064982, -2.564808399834988 ], [ 115.140986795265007, -2.564731906780025 ], [ 115.141031888354973, -2.564655413717503 ], [ 115.141076979640047, -2.564578920649978 ], [ 115.141122072715007, -2.56450242758001 ], [ 115.141167164880017, -2.564425935404984 ], [ 115.141212257939969, -2.564349442322509 ], [ 115.14125992801246, -2.564285256935023 ], [ 115.141307598077447, -2.56422107244498 ], [ 115.141339869079957, -2.564177620395014 ], [ 115.141355268137545, -2.564156887047488 ], [ 115.14140293729497, -2.56409270073749 ], [ 115.141450607342449, -2.564028516232497 ], [ 115.14149827738504, -2.563964330819999 ], [ 115.141545947422514, -2.563900146302501 ], [ 115.141594981899971, -2.563831862159986 ], [ 115.141644017272483, -2.563763577107522 ], [ 115.141693051740049, -2.563695292952502 ], [ 115.1417420879975, -2.563627007889977 ], [ 115.141791123350004, -2.563558723722508 ], [ 115.141840157797446, -2.563490438647477 ], [ 115.141870731797553, -2.563447863900024 ], [ 115.141889193134944, -2.563422155375008 ], [ 115.141938223624948, -2.56335660469 ], [ 115.141987255010008, -2.563291054002491 ], [ 115.14203628638495, -2.563225504212483 ], [ 115.142085316854946, -2.563159954415028 ], [ 115.142134348222498, -2.563094403712512 ], [ 115.142183378679988, -2.563028853 ], [ 115.142232410032534, -2.562963303187473 ], [ 115.142278495624964, -2.562897976037505 ], [ 115.142324581210005, -2.562832648879976 ], [ 115.142370666787542, -2.562767322622506 ], [ 115.142404058174975, -2.562719989332493 ], [ 115.142416752359964, -2.562701996359976 ], [ 115.142462837927496, -2.562636669189999 ], [ 115.142508922589968, -2.562571342010017 ], [ 115.142560680640031, -2.562500327314979 ], [ 115.142612437785033, -2.56242931170749 ], [ 115.142664195819975, -2.562358296997502 ], [ 115.142715952947469, -2.562287283185015 ], [ 115.142767710972521, -2.562216267560018 ], [ 115.142819468087509, -2.562145252830021 ], [ 115.142871226095053, -2.562074238095022 ], [ 115.142923129232486, -2.562007325184993 ], [ 115.142935828254963, -2.561990953500015 ], [ 115.142975030565026, -2.561940411360013 ], [ 115.143026933689953, -2.561873498434977 ], [ 115.143078836809991, -2.561806583697489 ], [ 115.143130739022467, -2.561739670760005 ], [ 115.14318264213, -2.561672756915016 ], [ 115.143234545227529, -2.561605843967527 ], [ 115.143286447422497, -2.561538930107474 ], [ 115.143338349609962, -2.561472017144979 ], [ 115.143395541322548, -2.561403743772473 ], [ 115.143452732124956, -2.561335472200028 ], [ 115.143495994487466, -2.561283827334989 ], [ 115.143509922924977, -2.561267198812516 ], [ 115.14356711281755, -2.561198926322504 ], [ 115.143624303602451, -2.561130652919985 ], [ 115.143681495277519, -2.561062381322472 ], [ 115.143738686050028, -2.560994107905003 ], [ 115.14379110913751, -2.560933177180004 ], [ 115.143843531322545, -2.560872244637494 ], [ 115.143895954397522, -2.56081131389999 ], [ 115.143948376572553, -2.560750382249978 ], [ 115.144000798739967, -2.560689450595021 ], [ 115.14405322180005, -2.560628518937506 ], [ 115.1440805190025, -2.560596791012472 ], [ 115.144105643954958, -2.56056758817499 ], [ 115.144158067007538, -2.560506655597521 ], [ 115.144211449900013, -2.560439743787526 ], [ 115.144264832784984, -2.560372832874975 ], [ 115.144318214765008, -2.560305921049974 ], [ 115.144371597637473, -2.560239010124974 ], [ 115.144424981402494, -2.560172098290025 ], [ 115.144465535252493, -2.560093205619978 ], [ 115.144506089092488, -2.560014313847489 ], [ 115.14454664292748, -2.559935421164994 ], [ 115.144587196752468, -2.5598565293825 ], [ 115.144587552117514, -2.559855749542521 ], [ 115.144620605552518, -2.559783209057514 ], [ 115.144654016144955, -2.559709887827523 ], [ 115.144687424929998, -2.559636568399981 ], [ 115.144720833710039, -2.559563247159986 ], [ 115.144754244282467, -2.559489926822494 ], [ 115.144787653052504, -2.559416605574995 ], [ 115.144813944075054, -2.559330516077523 ], [ 115.144840235992547, -2.559244424772487 ], [ 115.144866526999976, -2.559158335270013 ], [ 115.144892818005019, -2.559072243957473 ], [ 115.14491334761999, -2.559014909872474 ], [ 115.144923071697463, -2.558987754382485 ], [ 115.144953325382517, -2.558903264804997 ], [ 115.144983579062455, -2.558818775222505 ], [ 115.145013832735003, -2.558734284732509 ], [ 115.145044086397547, -2.558649796047519 ], [ 115.145074340054975, -2.558565305550019 ], [ 115.145083975255034, -2.558482381052499 ], [ 115.145093608654975, -2.558399455644974 ], [ 115.145103243845028, -2.55831653114501 ], [ 115.145112879032467, -2.558233605737485 ], [ 115.145122513312458, -2.558150681232519 ], [ 115.145123542922533, -2.55814182029502 ], [ 115.145132147589948, -2.558067755822492 ], [ 115.145131210985028, -2.557983751662505 ], [ 115.14513027527255, -2.557899749312526 ], [ 115.145129337759954, -2.557815745149981 ], [ 115.145128402042474, -2.557731741894997 ], [ 115.145127465420046, -2.557647737732509 ], [ 115.145126528792503, -2.557563735379972 ], [ 115.145125592164959, -2.557479731219985 ], [ 115.145124656429971, -2.557395727965002 ], [ 115.145123718894979, -2.557311723802513 ], [ 115.145120736155036, -2.557238195880018 ], [ 115.145120273332509, -2.557226786437525 ], [ 115.145116826864978, -2.55714184907248 ], [ 115.145113380394946, -2.557056910804988 ], [ 115.145109933922527, -2.55697197344 ], [ 115.145106488342549, -2.556887036077512 ], [ 115.145103041865013, -2.556802097810021 ], [ 115.145099595377474, -2.55671716134998 ], [ 115.145096148890048, -2.556632223082488 ], [ 115.145090324307489, -2.556547282265001 ], [ 115.145084498822484, -2.556462341445012 ], [ 115.145078674232536, -2.556377399722521 ], [ 115.145075777774991, -2.556335169412478 ], [ 115.145072848740028, -2.556292458904977 ], [ 115.145067023245019, -2.55620751808749 ], [ 115.145061197745008, -2.556122577270003 ], [ 115.145055373142554, -2.556037635550013 ], [ 115.145049547637541, -2.555952694732525 ], [ 115.145041213590048, -2.555866553967519 ], [ 115.145032878639995, -2.555780413200011 ], [ 115.145024544584999, -2.555694272435005 ], [ 115.145016209632445, -2.555608130764995 ], [ 115.145007875572446, -2.555521989999988 ], [ 115.144999540610002, -2.555435849234982 ], [ 115.144999390004955, -2.555434289207483 ], [ 115.144991207444946, -2.555349707569974 ], [ 115.144982871577554, -2.555263566805024 ], [ 115.144974538404995, -2.55517742604502 ], [ 115.144965143049944, -2.55509340960748 ], [ 115.144955747692507, -2.555009394075 ], [ 115.144946354129956, -2.554925379447525 ], [ 115.144936958767516, -2.554841363012486 ], [ 115.144927564300019, -2.554757346577503 ], [ 115.144918168932463, -2.554673331047525 ], [ 115.144908775357521, -2.554589316422494 ], [ 115.144902736362496, -2.55453531380499 ], [ 115.144899379984963, -2.554505299990012 ], [ 115.144889984610018, -2.554421283557474 ], [ 115.144878476372469, -2.554337264962498 ], [ 115.144866966337531, -2.554253246365022 ], [ 115.144855457197536, -2.554169226867486 ], [ 115.144843948055041, -2.554085208272511 ], [ 115.144832438012486, -2.554001189677479 ], [ 115.144820928864988, -2.553917171087505 ], [ 115.144809419714989, -2.553833151590027 ], [ 115.144797909665044, -2.553749133 ], [ 115.144786401409988, -2.553665114412524 ], [ 115.144782398017469, -2.553639249207492 ], [ 115.144773438047537, -2.553581358654981 ], [ 115.144760473785027, -2.553497602897494 ], [ 115.144747511317519, -2.553413848047512 ], [ 115.144734547050007, -2.553330093194973 ], [ 115.144721583680052, -2.553246338344991 ], [ 115.144708620307483, -2.553162581690003 ], [ 115.144695656932527, -2.553078826842523 ], [ 115.144682692657511, -2.552995071994985 ], [ 115.144663772417516, -2.552918486344993 ], [ 115.144644851282465, -2.552841898887493 ], [ 115.14462593104497, -2.552765313240002 ], [ 115.144622200807476, -2.552750215194976 ], [ 115.14460700990503, -2.552688726687506 ], [ 115.144588088767478, -2.552612140137512 ], [ 115.144569167627537, -2.552535553587518 ], [ 115.144545066942555, -2.552451999607513 ], [ 115.144520966259961, -2.552368445627508 ], [ 115.144496864675034, -2.552284892552507 ], [ 115.144472763987551, -2.552201338577504 ], [ 115.144448663302455, -2.552117784605002 ], [ 115.14442456081747, -2.552034230629999 ], [ 115.144400460132488, -2.551950676659999 ], [ 115.144379944262482, -2.551879552114997 ], [ 115.144376359445005, -2.551867122689998 ], [ 115.144352257857463, -2.551783569627503 ], [ 115.144328157167479, -2.551700015662504 ], [ 115.144304055580051, -2.551616461697506 ], [ 115.144276581147551, -2.551533164164994 ], [ 115.144249105814993, -2.551449866634982 ], [ 115.144221631382493, -2.551366569107472 ], [ 115.144194156050048, -2.551283270677516 ], [ 115.144166679820046, -2.551199973150005 ], [ 115.144139205387546, -2.551116675629999 ], [ 115.144111730054988, -2.551033378107491 ], [ 115.144106730387534, -2.551018221259994 ], [ 115.144084254725044, -2.550950079684981 ], [ 115.144056780290043, -2.550866783072479 ], [ 115.144029304959986, -2.550783484652527 ], [ 115.143994521797481, -2.550709001897474 ], [ 115.143959738637477, -2.550634520049982 ], [ 115.143924956377532, -2.550560037299988 ], [ 115.143890173220029, -2.55048555364499 ], [ 115.143855390962472, -2.5504110718025 ], [ 115.143820607809971, -2.550336589057508 ], [ 115.143785824657471, -2.550262106315017 ], [ 115.143751628607447, -2.550188879505015 ], [ 115.143751042405029, -2.550187623575027 ], [ 115.143716259255029, -2.550113140834981 ], [ 115.143678308902508, -2.550035331334982 ], [ 115.143640358552489, -2.549957520029977 ], [ 115.143602410002472, -2.549879709632478 ], [ 115.143564459654954, -2.549801900139983 ], [ 115.143526510207494, -2.549724089747485 ], [ 115.143488559864977, -2.549646279354988 ], [ 115.143450611322464, -2.549568468967493 ], [ 115.14341266098495, -2.549490658579998 ], [ 115.14337062178754, -2.549420874602504 ], [ 115.143347110907484, -2.549381847994994 ], [ 115.143328581692458, -2.549351090625009 ], [ 115.143286543399995, -2.549281306652517 ], [ 115.143244504212475, -2.549211521777522 ], [ 115.143202465027457, -2.549141737807474 ], [ 115.143160424944995, -2.549071953839984 ], [ 115.143118385764978, -2.549002169872495 ], [ 115.143063770702497, -2.548933904875014 ], [ 115.14300915474746, -2.548865640782481 ], [ 115.142954539694983, -2.548797375790002 ], [ 115.14289992374745, -2.548729111700027 ], [ 115.142845308707479, -2.548660846709993 ], [ 115.142831464234973, -2.548643542144987 ], [ 115.142790693670008, -2.54859258262502 ], [ 115.142736077737482, -2.548524317637487 ], [ 115.142681462710016, -2.548456053557516 ], [ 115.142633119567449, -2.548387255127523 ], [ 115.142584777327556, -2.548318455797528 ], [ 115.142536434192493, -2.54824965737248 ], [ 115.142488091062546, -2.548180858042485 ], [ 115.142439747037542, -2.548112058714992 ], [ 115.142391403914985, -2.5480432593925 ], [ 115.142343060797543, -2.547974460067508 ], [ 115.142300670062468, -2.547914131225014 ], [ 115.142294717682489, -2.547905660747517 ], [ 115.14224637457005, -2.547836862332474 ], [ 115.142198032362444, -2.547768063017486 ], [ 115.142149689257508, -2.547699263702498 ], [ 115.142092689025048, -2.547635381732505 ], [ 115.142035687895032, -2.547571500667516 ], [ 115.141978687672463, -2.547507618700024 ], [ 115.141921688352454, -2.547443736737478 ], [ 115.141864687237444, -2.547379855677491 ], [ 115.141807687029996, -2.547315973715001 ], [ 115.14175068682755, -2.547252091755013 ], [ 115.141723924559983, -2.547222099209989 ], [ 115.141693685730047, -2.547188210697527 ], [ 115.141636686435049, -2.547124328742484 ], [ 115.141575881367544, -2.547059166295014 ], [ 115.141515077202484, -2.546994002947486 ], [ 115.141454272149986, -2.54692883869501 ], [ 115.141393467995044, -2.546863676254986 ], [ 115.14133266295255, -2.546798512910016 ], [ 115.141271858812502, -2.546733349567489 ], [ 115.141211053777511, -2.546668187130024 ], [ 115.141150249652469, -2.546603022887496 ], [ 115.141110815349975, -2.546560762287527 ], [ 115.141089444629984, -2.546537859547527 ], [ 115.141028641412504, -2.546472697117508 ], [ 115.140971634975017, -2.546412584927509 ], [ 115.140914630340035, -2.546352473647516 ], [ 115.140857623912552, -2.546292362362522 ], [ 115.140800618390017, -2.546232250180026 ], [ 115.140779214837494, -2.546209681057519 ], [ 115.140743612872484, -2.546172137994972 ], [ 115.140686607359953, -2.546112026717481 ], [ 115.140629600952479, -2.546051915439989 ], [ 115.140572596350012, -2.545991803262496 ], [ 115.140515589952543, -2.545931691082501 ], [ 115.140490992307491, -2.545905752670024 ], [ 115.140458585359966, -2.545871579812513 ], [ 115.140401578975002, -2.545811467635019 ], [ 115.14034880269503, -2.545750781980018 ], [ 115.140296027320005, -2.545690097232523 ], [ 115.140243251949983, -2.54562941067752 ], [ 115.140190475682516, -2.545568725930025 ], [ 115.140137700319997, -2.545508040282527 ], [ 115.140084924065036, -2.545447354634973 ], [ 115.140032148712521, -2.545386668989977 ], [ 115.139979373362507, -2.545325984249985 ], [ 115.139926597120052, -2.545265297702485 ], [ 115.139895001699983, -2.545228875387522 ], [ 115.139869599699978, -2.545199593760003 ], [ 115.13981260228752, -2.545133888917519 ], [ 115.13975560487745, -2.545068184977481 ], [ 115.139698606575053, -2.545002480137498 ], [ 115.139641610075046, -2.544936776202519 ], [ 115.13958461178504, -2.544871071362479 ], [ 115.139527615295037, -2.544805367432502 ], [ 115.139486615762507, -2.544769919960004 ] ] ] } }
]
}
