{
"type": "FeatureCollection",
"name": "public_facilities",
"crs": { "type": "name", "properties": { "name": "urn:ogc:def:crs:OGC:1.3:CRS84" } },
"features": [
{ "type": "Feature", "properties": { "facility_id": "school-69996030", "facility_type": "school", "facility_subtype": "SD", "facility_name": "SD ALAM MUHAMMADIYAH", "facility_code": "69996030", "address": "JLN. SINGAKARSA RT.6 RW.3 KANDANGAN BARAT", "source_village": "Kandangan Kota", "source_district": "Kandangan", "student_total": 77.0, "teacher_total": 2.0, "staff_total": 3.0, "village_id": "63.06.05.1003", "village_name": "Kandangan Barat", "district_id": "63.06.05", "district_name": "Kandangan" }, "geometry": { "type": "Point", "coordinates": [ 115.252, -2.7728 ] } },
{ "type": "Feature", "properties": { "facility_id": "school-69922112", "facility_type": "school", "facility_subtype": "SD", "facility_name": "SD BAJAYAU LESTARI", "facility_code": "69922112", "address": "Jl. Desa Bajayau", "source_village": "Bajayau", "source_district": "Daha Barat", "student_total": 193.0, "teacher_total": 8.0, "staff_total": 0.0, "village_id": "63.06.11.2002", "village_name": "Baru", "district_id": "63.06.11", "district_name": "Daha Barat" }, "geometry": { "type": "Point", "coordinates": [ 114.959084237734373, -2.65002739668079 ] } },
{ "type": "Feature", "properties": { "facility_id": "school-30301871", "facility_type": "school", "facility_subtype": "SD", "facility_name": "SD NEGERI 1 AMAWANG KIRI", "facility_code": "30301871", "address": "Jl. Budi Bhakti", "source_village": "Amawang Kiri", "source_district": "Kandangan", "student_total": 77.0, "teacher_total": 7.0, "staff_total": 4.0, "village_id": "63.06.05.2014", "village_name": "Amawang Kiri", "district_id": "63.06.05", "district_name": "Kandangan" }, "geometry": { "type": "Point", "coordinates": [ 115.2396, -2.7679 ] } },
{ "type": "Feature", "properties": { "facility_id": "school-30301894", "facility_type": "school", "facility_subtype": "SD", "facility_name": "SD NEGERI 1 ANGKINANG", "facility_code": "30301894", "address": "Jl.a.yani Km. 8", "source_village": "Angkinang", "source_district": "Angkinang", "student_total": 55.0, "teacher_total": 9.0, "staff_total": 3.0, "village_id": "63.06.04.2005", "village_name": "Angkinang", "district_id": "63.06.04", "district_name": "Angkinang" }, "geometry": { "type": "Point", "coordinates": [ 115.3039, -2.7332 ] } },
{ "type": "Feature", "properties": { "facility_id": "school-30301877", "facility_type": "school", "facility_subtype": "SD", "facility_name": "SD NEGERI 1 BAJAYAU TENGAH", "facility_code": "30301877", "address": "Jalan Anang Arif", "source_village": "Bajayau Tengah", "source_district": "Daha Barat", "student_total": 69.0, "teacher_total": 7.0, "staff_total": 0.0, "village_id": "63.06.11.2006", "village_name": "Bajayau Tengah", "district_id": "63.06.11", "district_name": "Daha Barat" }, "geometry": { "type": "Point", "coordinates": [ 115.0113, -2.6995 ] } },
{ "type": "Feature", "properties": { "facility_id": "school-30301879", "facility_type": "school", "facility_subtype": "SD", "facility_name": "SD NEGERI 1 BAKARUNG SELATAN", "facility_code": "30301879", "address": "Jl. Rantauan Desa Bakarung", "source_village": "Bakarung", "source_district": "Angkinang", "student_total": 85.0, "teacher_total": 8.0, "staff_total": 2.0, "village_id": "63.06.05.2005", "village_name": "Gambah Luar", "district_id": "63.06.05", "district_name": "Kandangan" }, "geometry": { "type": "Point", "coordinates": [ 115.272340394764711, -2.751562542696216 ] } },
{ "type": "Feature", "properties": { "facility_id": "school-30302004", "facility_type": "school", "facility_subtype": "SD", "facility_name": "SD NEGERI 1 BANUA HANYAR", "facility_code": "30302004", "address": "Jalan Banua Hanyar RT 6 RW 02", "source_village": "Banua Hanyar", "source_district": "Daha Selatan", "student_total": 85.0, "teacher_total": 8.0, "staff_total": 1.0, "village_id": "63.06.07.2013", "village_name": "Banua Hanyar", "district_id": "63.06.07", "district_name": "Daha Selatan" }, "geometry": { "type": "Point", "coordinates": [ 115.07376, -2.6299 ] } },
{ "type": "Feature", "properties": { "facility_id": "school-30301992", "facility_type": "school", "facility_subtype": "SD", "facility_name": "SD NEGERI 1 BARUH JAYA", "facility_code": "30301992", "address": "Jalan Suka Ramai", "source_village": "Baruh Jaya", "source_district": "Daha Selatan", "student_total": 69.0, "teacher_total": 7.0, "staff_total": 3.0, "village_id": "63.06.07.2015", "village_name": "Baruh Jaya", "district_id": "63.06.07", "district_name": "Daha Selatan" }, "geometry": { "type": "Point", "coordinates": [ 115.08172, -2.6336 ] } },
{ "type": "Feature", "properties": { "facility_id": "school-30301995", "facility_type": "school", "facility_subtype": "SD", "facility_name": "SD NEGERI 1 BARUH KEMBANG", "facility_code": "30301995", "address": "Jalan Pertukangan", "source_village": "Baruh Kembang", "source_district": "Daha Utara", "student_total": 81.0, "teacher_total": 8.0, "staff_total": 1.0, "village_id": "63.06.08.2012", "village_name": "Baruh Kembang", "district_id": "63.06.08", "district_name": "Daha Utara" }, "geometry": { "type": "Point", "coordinates": [ 115.108931687803562, -2.623593084913853 ] } },
{ "type": "Feature", "properties": { "facility_id": "school-30302015", "facility_type": "school", "facility_subtype": "SD", "facility_name": "SD NEGERI 1 BATANG KULUR KIRI", "facility_code": "30302015", "address": "Jl. Batang Basar", "source_village": "Batang Kulur Kiri", "source_district": "Sungai Raya", "student_total": 86.0, "teacher_total": 8.0, "staff_total": 3.0, "village_id": "63.06.01.2009", "village_name": "Batang Kulur Kiri", "district_id": "63.06.01", "district_name": "Sungai Raya" }, "geometry": { "type": "Point", "coordinates": [ 115.2406, -2.8378 ] } },
{ "type": "Feature", "properties": { "facility_id": "school-30302033", "facility_type": "school", "facility_subtype": "SD", "facility_name": "SD NEGERI 1 BAYANAN", "facility_code": "30302033", "address": "Jalan Bintara", "source_village": "Bayanan", "source_district": "Daha Selatan", "student_total": 124.0, "teacher_total": 8.0, "staff_total": 3.0, "village_id": "63.06.07.2005", "village_name": "Bayanan", "district_id": "63.06.07", "district_name": "Daha Selatan" }, "geometry": { "type": "Point", "coordinates": [ 115.1086, -2.6338 ] } },
{ "type": "Feature", "properties": { "facility_id": "school-30302038", "facility_type": "school", "facility_subtype": "SD", "facility_name": "SD NEGERI 1 GAMBAH DALAM BARAT", "facility_code": "30302038", "address": "Jalan Negara Km, 5,5 Kandangan", "source_village": "Gambah Dalam Barat", "source_district": "Kandangan", "student_total": 33.0, "teacher_total": 7.0, "staff_total": 3.0, "village_id": "63.06.05.2008", "village_name": "Gambah Dalam Barat", "district_id": "63.06.05", "district_name": "Kandangan" }, "geometry": { "type": "Point", "coordinates": [ 115.2531, -2.7486 ] } },
{ "type": "Feature", "properties": { "facility_id": "school-30302027", "facility_type": "school", "facility_subtype": "SD", "facility_name": "SD NEGERI 1 GAMBAH DALAM TIMUR", "facility_code": "30302027", "address": "Jl.negara Gambah Dalam", "source_village": "Gambah Dalam", "source_district": "Kandangan", "student_total": 71.0, "teacher_total": 8.0, "staff_total": 3.0, "village_id": "63.06.05.2007", "village_name": "Gambah Dalam", "district_id": "63.06.05", "district_name": "Kandangan" }, "geometry": { "type": "Point", "coordinates": [ 115.2618, -2.7587 ] } },
{ "type": "Feature", "properties": { "facility_id": "school-30302025", "facility_type": "school", "facility_subtype": "SD", "facility_name": "SD NEGERI 1 HABIRAU TENGAH", "facility_code": "30302025", "address": "Jl. Harapan", "source_village": "Habirau Tengah", "source_district": "Daha Selatan", "student_total": 79.0, "teacher_total": 8.0, "staff_total": 3.0, "village_id": "63.06.07.2011", "village_name": "Habirau Tengah", "district_id": "63.06.07", "district_name": "Daha Selatan" }, "geometry": { "type": "Point", "coordinates": [ 115.092, -2.6357 ] } },
{ "type": "Feature", "properties": { "facility_id": "school-30301958", "facility_type": "school", "facility_subtype": "SD", "facility_name": "SD NEGERI 1 HAMAK TIMUR", "facility_code": "30301958", "address": "Jalan Hamak", "source_village": "Hamak Timur", "source_district": "Telaga Langsat", "student_total": 71.0, "teacher_total": 8.0, "staff_total": 3.0, "village_id": "63.06.03.2006", "village_name": "Hamak Timur", "district_id": "63.06.03", "district_name": "Telaga Langsat" }, "geometry": { "type": "Point", "coordinates": [ 115.3717, -2.7653 ] } },
{ "type": "Feature", "properties": { "facility_id": "school-30301959", "facility_type": "school", "facility_subtype": "SD", "facility_name": "SD NEGERI 1 HAMAK UTARA", "facility_code": "30301959", "address": "Jalan Hamak Utara", "source_village": "Hamak Utara", "source_district": "Telaga Langsat", "student_total": 48.0, "teacher_total": 8.0, "staff_total": 1.0, "village_id": "63.06.03.2007", "village_name": "Hamak Utara", "district_id": "63.06.03", "district_name": "Telaga Langsat" }, "geometry": { "type": "Point", "coordinates": [ 115.40003, -2.75502 ] } },
{ "type": "Feature", "properties": { "facility_id": "school-30301960", "facility_type": "school", "facility_subtype": "SD", "facility_name": "SD NEGERI 1 HAMALAU", "facility_code": "30301960", "address": "Jl. Keramat", "source_village": "Hamalau", "source_district": "Sungai Raya", "student_total": 91.0, "teacher_total": 8.0, "staff_total": 4.0, "village_id": "63.06.01.2001", "village_name": "Hamalau", "district_id": "63.06.01", "district_name": "Sungai Raya" }, "geometry": { "type": "Point", "coordinates": [ 115.2611, -2.8058 ] } },
{ "type": "Feature", "properties": { "facility_id": "school-30301964", "facility_type": "school", "facility_subtype": "SD", "facility_name": "SD NEGERI 1 HARATAI", "facility_code": "30301964", "address": "Jl Brigjen H Hasan Basry", "source_village": "Haratai", "source_district": "Loksado", "student_total": 35.0, "teacher_total": 8.0, "staff_total": 4.0, "village_id": "63.06.10.2010", "village_name": "Haratai", "district_id": "63.06.10", "district_name": "Loksado" }, "geometry": { "type": "Point", "coordinates": [ 115.53363, -2.76017 ] } },
{ "type": "Feature", "properties": { "facility_id": "school-30301946", "facility_type": "school", "facility_subtype": "SD", "facility_name": "SD NEGERI 1 JAMBU HILIR", "facility_code": "30301946", "address": "Jalan Kapten Piere Tendean", "source_village": "Jambu Hilir", "source_district": "Kandangan", "student_total": 91.0, "teacher_total": 7.0, "staff_total": 1.0, "village_id": "63.06.05.1004", "village_name": "Jambu Hilir", "district_id": "63.06.05", "district_name": "Kandangan" }, "geometry": { "type": "Point", "coordinates": [ 115.28461, -2.7976933 ] } },
{ "type": "Feature", "properties": { "facility_id": "school-30301968", "facility_type": "school", "facility_subtype": "SD", "facility_name": "SD NEGERI 1 KANDANGAN KOTA", "facility_code": "30301968", "address": "Jl. Jend Ahmad Yani RT. 08 LK. IV", "source_village": "Kandangan Kota", "source_district": "Kandangan", "student_total": 284.0, "teacher_total": 14.0, "staff_total": 3.0, "village_id": "63.06.05.1001", "village_name": "Kandangan Kota", "district_id": "63.06.05", "district_name": "Kandangan" }, "geometry": { "type": "Point", "coordinates": [ 115.2652, -2.7847 ] } },
{ "type": "Feature", "properties": { "facility_id": "school-30301720", "facility_type": "school", "facility_subtype": "SD", "facility_name": "SD NEGERI 1 KAPUH TENGAH", "facility_code": "30301720", "address": "Jalan Kapuh", "source_village": "Kapuh", "source_district": "Simpur", "student_total": 94.0, "teacher_total": 7.0, "staff_total": 1.0, "village_id": "63.06.06.2011", "village_name": "Kapuh", "district_id": "63.06.06", "district_name": "Simpur" }, "geometry": { "type": "Point", "coordinates": [ 115.2446, -2.8059 ] } },
{ "type": "Feature", "properties": { "facility_id": "school-30301714", "facility_type": "school", "facility_subtype": "SD", "facility_name": "SD NEGERI 1 MADANG", "facility_code": "30301714", "address": "Madang", "source_village": "Madang", "source_district": "Padang Batung", "student_total": 38.0, "teacher_total": 8.0, "staff_total": 3.0, "village_id": "63.06.02.2012", "village_name": "Madang", "district_id": "63.06.02", "district_name": "Padang Batung" }, "geometry": { "type": "Point", "coordinates": [ 115.3147, -2.7842 ] } },
{ "type": "Feature", "properties": { "facility_id": "school-30301742", "facility_type": "school", "facility_subtype": "SD", "facility_name": "SD NEGERI 1 MANDALA", "facility_code": "30301742", "address": "Jalan Setia Budi No. 62", "source_village": "Mandala", "source_district": "Telaga Langsat", "student_total": 32.0, "teacher_total": 8.0, "staff_total": 4.0, "village_id": "63.06.03.2003", "village_name": "Mandala", "district_id": "63.06.03", "district_name": "Telaga Langsat" }, "geometry": { "type": "Point", "coordinates": [ 115.3369, -2.7364 ] } },
{ "type": "Feature", "properties": { "facility_id": "school-30301747", "facility_type": "school", "facility_subtype": "SD", "facility_name": "SD NEGERI 1 MUARA ULANG", "facility_code": "30301747", "address": "Muara Ulang", "source_village": "Muara Ulang", "source_district": "Loksado", "student_total": 85.0, "teacher_total": 6.0, "staff_total": 1.0, "village_id": "63.06.10.2011", "village_name": "Ulang", "district_id": "63.06.10", "district_name": "Loksado" }, "geometry": { "type": "Point", "coordinates": [ 115.482, -2.7586 ] } },
{ "type": "Feature", "properties": { "facility_id": "school-30301733", "facility_type": "school", "facility_subtype": "SD", "facility_name": "SD NEGERI 1 PAHARANGAN", "facility_code": "30301733", "address": "Jl. Tugu 2 Januari 1949", "source_village": "Paharangan", "source_district": "Daha Utara", "student_total": 69.0, "teacher_total": 8.0, "staff_total": 2.0, "village_id": "63.06.08.2018", "village_name": "Paharangan", "district_id": "63.06.08", "district_name": "Daha Utara" }, "geometry": { "type": "Point", "coordinates": [ 115.1388, -2.5689 ] } },
{ "type": "Feature", "properties": { "facility_id": "school-30301735", "facility_type": "school", "facility_subtype": "SD", "facility_name": "SD NEGERI 1 PAKAN DALAM", "facility_code": "30301735", "address": "Jalan Keramat Gang 2", "source_village": "Pakan Dalam", "source_district": "Daha Utara", "student_total": 98.0, "teacher_total": 8.0, "staff_total": 3.0, "village_id": "63.06.08.2004", "village_name": "Pakan Dalam", "district_id": "63.06.08", "district_name": "Daha Utara" }, "geometry": { "type": "Point", "coordinates": [ 115.0998, -2.61894 ] } },
{ "type": "Feature", "properties": { "facility_id": "school-30301738", "facility_type": "school", "facility_subtype": "SD", "facility_name": "SD NEGERI 1 PAKAPURAN KACIL", "facility_code": "30301738", "address": "Jalan Pakapuran Kecil RT 002 RW 001 No. 56", "source_village": "Pakapuran Kecil", "source_district": "Daha Utara", "student_total": 165.0, "teacher_total": 7.0, "staff_total": 3.0, "village_id": "63.06.08.2001", "village_name": "Pakapuran Kecil", "district_id": "63.06.08", "district_name": "Daha Utara" }, "geometry": { "type": "Point", "coordinates": [ 115.0983, -2.6317 ] } },
{ "type": "Feature", "properties": { "facility_id": "school-30301751", "facility_type": "school", "facility_subtype": "SD", "facility_name": "SD NEGERI 1 PAKUAN", "facility_code": "30301751", "address": "Jalan Pakuan", "source_village": "Pakuan Timur", "source_district": "Telaga Langsat", "student_total": 83.0, "teacher_total": 8.0, "staff_total": 3.0, "village_id": "63.06.03.2008", "village_name": "Pakuan Timur", "district_id": "63.06.03", "district_name": "Telaga Langsat" }, "geometry": { "type": "Point", "coordinates": [ 115.3149, -2.7253 ] } },
{ "type": "Feature", "properties": { "facility_id": "school-30301673", "facility_type": "school", "facility_subtype": "SD", "facility_name": "SD NEGERI 1 PANDULANGAN", "facility_code": "30301673", "address": "Jl.H.Amansyah", "source_village": "Pandulangan", "source_district": "Telaga Langsat", "student_total": 46.0, "teacher_total": 8.0, "staff_total": 1.0, "village_id": "63.06.03.2011", "village_name": "Pandulangan", "district_id": "63.06.03", "district_name": "Telaga Langsat" }, "geometry": { "type": "Point", "coordinates": [ 115.3157, -2.7082 ] } },
{ "type": "Feature", "properties": { "facility_id": "school-30301680", "facility_type": "school", "facility_subtype": "SD", "facility_name": "SD NEGERI 1 PANJAMPANG BAHAGIA", "facility_code": "30301680", "address": "Jalan Panjampang Bahagia", "source_village": "Panjampang Bahagia", "source_district": "Simpur", "student_total": 57.0, "teacher_total": 9.0, "staff_total": 3.0, "village_id": "63.06.06.2005", "village_name": "Panjampang Bahagia", "district_id": "63.06.06", "district_name": "Simpur" }, "geometry": { "type": "Point", "coordinates": [ 115.2046, -2.7873 ] } },
{ "type": "Feature", "properties": { "facility_id": "school-30301659", "facility_type": "school", "facility_subtype": "SD", "facility_name": "SD NEGERI 1 PARIGI", "facility_code": "30301659", "address": "Jalan Teluk Baru No. 100 RT. 05 RK. II", "source_village": "Parigi", "source_district": "Daha Selatan", "student_total": 112.0, "teacher_total": 7.0, "staff_total": 1.0, "village_id": "63.06.07.2012", "village_name": "Parigi", "district_id": "63.06.07", "district_name": "Daha Selatan" }, "geometry": { "type": "Point", "coordinates": [ 115.0802, -2.6349 ] } },
{ "type": "Feature", "properties": { "facility_id": "school-30301662", "facility_type": "school", "facility_subtype": "SD", "facility_name": "SD NEGERI 1 PIHANIN", "facility_code": "30301662", "address": "Jalan Pandan Sari Pihani Raya", "source_village": "Pihanin Raya", "source_district": "Daha Selatan", "student_total": 101.0, "teacher_total": 8.0, "staff_total": 2.0, "village_id": "63.06.07.2007", "village_name": "Pihanin Raya", "district_id": "63.06.07", "district_name": "Daha Selatan" }, "geometry": { "type": "Point", "coordinates": [ 115.1213, -2.6293 ] } },
{ "type": "Feature", "properties": { "facility_id": "school-30301667", "facility_type": "school", "facility_subtype": "SD", "facility_name": "SD NEGERI 1 SAMUDA", "facility_code": "30301667", "address": "Jalan KH Basyar Rt 4", "source_village": "Samuda", "source_district": "Daha Selatan", "student_total": 175.0, "teacher_total": 9.0, "staff_total": 2.0, "village_id": "63.06.07.2016", "village_name": "Samuda", "district_id": "63.06.07", "district_name": "Daha Selatan" }, "geometry": { "type": "Point", "coordinates": [ 115.070117, -2.62845 ] } },
{ "type": "Feature", "properties": { "facility_id": "school-30301699", "facility_type": "school", "facility_subtype": "SD", "facility_name": "SD NEGERI 1 SERANGGAN", "facility_code": "30301699", "address": "Jl. Seranggan", "source_village": "Asam", "source_district": "Sungai Raya", "student_total": 30.0, "teacher_total": 7.0, "staff_total": 2.0, "village_id": "63.06.01.2014", "village_name": "Asam", "district_id": "63.06.01", "district_name": "Sungai Raya" }, "geometry": { "type": "Point", "coordinates": [ 115.1996, -2.8401 ] } },
{ "type": "Feature", "properties": { "facility_id": "school-30301702", "facility_type": "school", "facility_subtype": "SD", "facility_name": "SD NEGERI 1 SIMPANG EMPAT", "facility_code": "30301702", "address": "Jl. GARIS DALAM SIMPANG EMPAT", "source_village": "Lungau", "source_district": "Kandangan", "student_total": 122.0, "teacher_total": 8.0, "staff_total": 3.0, "village_id": "63.06.05.2011", "village_name": "Lungau", "district_id": "63.06.05", "district_name": "Kandangan" }, "geometry": { "type": "Point", "coordinates": [ 115.2226233, -2.7387267 ] } },
{ "type": "Feature", "properties": { "facility_id": "school-30301694", "facility_type": "school", "facility_subtype": "SD", "facility_name": "SD NEGERI 1 SIRIH", "facility_code": "30301694", "address": "Jalan Pacakan", "source_village": "Sirih", "source_district": "Kalumpang", "student_total": 73.0, "teacher_total": 9.0, "staff_total": 3.0, "village_id": "63.06.09.2008", "village_name": "Sirih", "district_id": "63.06.09", "district_name": "Kalumpang" }, "geometry": { "type": "Point", "coordinates": [ 115.17673, -2.82157 ] } },
{ "type": "Feature", "properties": { "facility_id": "school-30301693", "facility_type": "school", "facility_subtype": "SD", "facility_name": "SD NEGERI 1 SIRIH HULU", "facility_code": "30301693", "address": "Jalan Bukhari KM.11", "source_village": "Sirih Hulu", "source_district": "Kalumpang", "student_total": 47.0, "teacher_total": 9.0, "staff_total": 2.0, "village_id": "63.06.09.2009", "village_name": "Sirih Hulu", "district_id": "63.06.09", "district_name": "Kalumpang" }, "geometry": { "type": "Point", "coordinates": [ 115.1851, -2.8203 ] } },
{ "type": "Feature", "properties": { "facility_id": "school-30301688", "facility_type": "school", "facility_subtype": "SD", "facility_name": "SD NEGERI 1 SUNGAI KUPANG", "facility_code": "30301688", "address": "Jalan Kandangan Negara Km 9", "source_village": "Sungai Kupang", "source_district": "Kandangan", "student_total": 68.0, "teacher_total": 8.0, "staff_total": 3.0, "village_id": "63.06.05.2009", "village_name": "Sungai Kupang", "district_id": "63.06.05", "district_name": "Kandangan" }, "geometry": { "type": "Point", "coordinates": [ 115.2299, -2.7301 ] } },
{ "type": "Feature", "properties": { "facility_id": "school-30301801", "facility_type": "school", "facility_subtype": "SD", "facility_name": "SD NEGERI 1 SUNGAI PARING", "facility_code": "30301801", "address": "Jl. Bukhari", "source_village": "Sungai Paring", "source_district": "Kandangan", "student_total": 65.0, "teacher_total": 8.0, "staff_total": 3.0, "village_id": "63.06.05.2012", "village_name": "Sungai Paring", "district_id": "63.06.05", "district_name": "Kandangan" }, "geometry": { "type": "Point", "coordinates": [ 115.246675, -2.7870383 ] } },
{ "type": "Feature", "properties": { "facility_id": "school-30301815", "facility_type": "school", "facility_subtype": "SD", "facility_name": "SD NEGERI 1 SUNGAI PINANG", "facility_code": "30301815", "address": "Jalan Habib Desa Sungai Pinang", "source_village": "Sungai Pinang", "source_district": "Daha Selatan", "student_total": 42.0, "teacher_total": 7.0, "staff_total": 3.0, "village_id": "63.06.07.2009", "village_name": "Sungai Pinang", "district_id": "63.06.07", "district_name": "Daha Selatan" }, "geometry": { "type": "Point", "coordinates": [ 115.1016, -2.6345 ] } },
{ "type": "Feature", "properties": { "facility_id": "school-30301830", "facility_type": "school", "facility_subtype": "SD", "facility_name": "SD NEGERI 1 TALUK LABAK", "facility_code": "30301830", "address": "Jalan Taluk Labak", "source_village": "Teluk Labak", "source_district": "Daha Utara", "student_total": 75.0, "teacher_total": 8.0, "staff_total": 3.0, "village_id": "63.06.08.2015", "village_name": "Teluk Kabak", "district_id": "63.06.08", "district_name": "Daha Utara" }, "geometry": { "type": "Point", "coordinates": [ 115.1086, -2.5973 ] } },
{ "type": "Feature", "properties": { "facility_id": "school-30301811", "facility_type": "school", "facility_subtype": "SD", "facility_name": "SD NEGERI 1 TAMBAK BITIN", "facility_code": "30301811", "address": "Jalan Pasar Jumat Tambak Bitin", "source_village": "Tambak Bitin", "source_district": "Daha Utara", "student_total": 113.0, "teacher_total": 8.0, "staff_total": 3.0, "village_id": "63.06.08.2003", "village_name": "Tambak Bitin", "district_id": "63.06.08", "district_name": "Daha Utara" }, "geometry": { "type": "Point", "coordinates": [ 115.1041, -2.6241 ] } },
{ "type": "Feature", "properties": { "facility_id": "school-30301804", "facility_type": "school", "facility_subtype": "SD", "facility_name": "SD NEGERI 1 TAMBANGAN", "facility_code": "30301804", "address": "Jalan Tukang Garit Rt 12", "source_village": "Tambangan", "source_district": "Daha Selatan", "student_total": 92.0, "teacher_total": 7.0, "staff_total": 2.0, "village_id": "63.06.07.2014", "village_name": "Tambangan", "district_id": "63.06.07", "district_name": "Daha Selatan" }, "geometry": { "type": "Point", "coordinates": [ 115.086, -2.6316 ] } },
{ "type": "Feature", "properties": { "facility_id": "school-30301839", "facility_type": "school", "facility_subtype": "SD", "facility_name": "SD NEGERI 1 TANITI", "facility_code": "30301839", "address": "Jalan Lettu Aliansyah Rt 2 Rw 2", "source_village": "Gumbil", "source_district": "Telaga Langsat", "student_total": 41.0, "teacher_total": 8.0, "staff_total": 4.0, "village_id": "63.06.03.2009", "village_name": "Gumbil", "district_id": "63.06.03", "district_name": "Telaga Langsat" }, "geometry": { "type": "Point", "coordinates": [ 115.3455, -2.7172 ] } },
{ "type": "Feature", "properties": { "facility_id": "school-30301829", "facility_type": "school", "facility_subtype": "SD", "facility_name": "SD NEGERI 1 TIBUNG RAYA", "facility_code": "30301829", "address": "Jalan Bukhari No 9", "source_village": "Tibung Raya", "source_district": "Kandangan", "student_total": 64.0, "teacher_total": 8.0, "staff_total": 3.0, "village_id": "63.06.05.2017", "village_name": "Tibung Raya", "district_id": "63.06.05", "district_name": "Kandangan" }, "geometry": { "type": "Point", "coordinates": [ 115.2584, -2.7888133 ] } },
{ "type": "Feature", "properties": { "facility_id": "school-30301832", "facility_type": "school", "facility_subtype": "SD", "facility_name": "SD NEGERI 1 TUMINGKI", "facility_code": "30301832", "address": "Jl Brigjen H Hasan Basry", "source_village": "Tumingki", "source_district": "Loksado", "student_total": 41.0, "teacher_total": 9.0, "staff_total": 1.0, "village_id": "63.06.10.2006", "village_name": "Tumingki", "district_id": "63.06.10", "district_name": "Loksado" }, "geometry": { "type": "Point", "coordinates": [ 115.4642, -2.8112 ] } },
{ "type": "Feature", "properties": { "facility_id": "school-30301800", "facility_type": "school", "facility_subtype": "SD", "facility_name": "SD NEGERI 1 WASAH HILIR", "facility_code": "30301800", "address": "Jalan Bukhari", "source_village": "Wasah Hilir", "source_district": "Simpur", "student_total": 63.0, "teacher_total": 8.0, "staff_total": 4.0, "village_id": "63.06.06.2010", "village_name": "Wasah Hilir", "district_id": "63.06.06", "district_name": "Simpur" }, "geometry": { "type": "Point", "coordinates": [ 115.219, -2.80888 ] } },
{ "type": "Feature", "properties": { "facility_id": "school-30301891", "facility_type": "school", "facility_subtype": "SD", "facility_name": "SD NEGERI 2 AMBUTUN", "facility_code": "30301891", "address": "Jl.Setia Budi", "source_village": "Ambutun", "source_district": "Telaga Langsat", "student_total": 98.0, "teacher_total": 9.0, "staff_total": 3.0, "village_id": "63.06.03.2004", "village_name": "Ambutun", "district_id": "63.06.03", "district_name": "Telaga Langsat" }, "geometry": { "type": "Point", "coordinates": [ 115.3239, -2.7605 ] } },
{ "type": "Feature", "properties": { "facility_id": "school-30301893", "facility_type": "school", "facility_subtype": "SD", "facility_name": "SD NEGERI 2 AMPARAYA", "facility_code": "30301893", "address": "Jalan Datu Buasan", "source_village": "Amparaya", "source_district": "Simpur", "student_total": 25.0, "teacher_total": 8.0, "staff_total": 1.0, "village_id": "63.06.06.2004", "village_name": "Amparaya", "district_id": "63.06.06", "district_name": "Simpur" }, "geometry": { "type": "Point", "coordinates": [ 115.1846, -2.7851 ] } },
{ "type": "Feature", "properties": { "facility_id": "school-30308178", "facility_type": "school", "facility_subtype": "SD", "facility_name": "SD NEGERI 2 BAJAYAU TENGAH", "facility_code": "30308178", "address": "Jalan Murung Raya Rt 03 Rk 01", "source_village": "Bajayau Tengah", "source_district": "Daha Barat", "student_total": 52.0, "teacher_total": 7.0, "staff_total": 1.0, "village_id": "63.06.11.2006", "village_name": "Bajayau Tengah", "district_id": "63.06.11", "district_name": "Daha Barat" }, "geometry": { "type": "Point", "coordinates": [ 115.0122, -2.7102 ] } },
{ "type": "Feature", "properties": { "facility_id": "school-30301880", "facility_type": "school", "facility_subtype": "SD", "facility_name": "SD NEGERI 2 BAKARUNG SELATAN", "facility_code": "30301880", "address": "Jl. Teluk Yakin", "source_village": "Bakarung", "source_district": "Angkinang", "student_total": 87.0, "teacher_total": 8.0, "staff_total": 3.0, "village_id": "63.06.04.2011", "village_name": "Bakarung", "district_id": "63.06.04", "district_name": "Angkinang" }, "geometry": { "type": "Point", "coordinates": [ 115.2805, -2.7546 ] } },
{ "type": "Feature", "properties": { "facility_id": "school-30302003", "facility_type": "school", "facility_subtype": "SD", "facility_name": "SD NEGERI 2 BANUA HANYAR", "facility_code": "30302003", "address": "Jalan Banua Hanyar", "source_village": "Banua Hanyar", "source_district": "Daha Selatan", "student_total": 64.0, "teacher_total": 7.0, "staff_total": 2.0, "village_id": "63.06.07.2013", "village_name": "Banua Hanyar", "district_id": "63.06.07", "district_name": "Daha Selatan" }, "geometry": { "type": "Point", "coordinates": [ 115.0718, -2.6302 ] } },
{ "type": "Feature", "properties": { "facility_id": "school-30301993", "facility_type": "school", "facility_subtype": "SD", "facility_name": "SD NEGERI 2 BARUH JAYA", "facility_code": "30301993", "address": "JL. PELITA RT.14 RW.VII DESA BARUH JAYA", "source_village": "Baruh Jaya", "source_district": "Daha Selatan", "student_total": 134.0, "teacher_total": 8.0, "staff_total": 2.0, "village_id": "63.06.07.2015", "village_name": "Baruh Jaya", "district_id": "63.06.07", "district_name": "Daha Selatan" }, "geometry": { "type": "Point", "coordinates": [ 115.0783, -2.6284 ] } },
{ "type": "Feature", "properties": { "facility_id": "school-30302034", "facility_type": "school", "facility_subtype": "SD", "facility_name": "SD NEGERI 2 BAYANAN", "facility_code": "30302034", "address": "Jalan Bintara", "source_village": "Bayanan", "source_district": "Daha Selatan", "student_total": 106.0, "teacher_total": 8.0, "staff_total": 3.0, "village_id": "63.06.07.2005", "village_name": "Bayanan", "district_id": "63.06.07", "district_name": "Daha Selatan" }, "geometry": { "type": "Point", "coordinates": [ 115.1108, -2.6346 ] } },
{ "type": "Feature", "properties": { "facility_id": "school-30301955", "facility_type": "school", "facility_subtype": "SD", "facility_name": "SD NEGERI 2 HARATAI", "facility_code": "30301955", "address": "Jalan haratai", "source_village": "Haratai", "source_district": "Loksado", "student_total": 23.0, "teacher_total": 7.0, "staff_total": 1.0, "village_id": "63.06.10.2010", "village_name": "Haratai", "district_id": "63.06.10", "district_name": "Loksado" }, "geometry": { "type": "Point", "coordinates": [ 115.521207996489053, -2.761489361854966 ] } },
{ "type": "Feature", "properties": { "facility_id": "school-30301947", "facility_type": "school", "facility_subtype": "SD", "facility_name": "SD NEGERI 2 JAMBU HILIR", "facility_code": "30301947", "address": "Jl. Kapt. F. Tendean", "source_village": "Jambu Hilir", "source_district": "Kandangan", "student_total": 84.0, "teacher_total": 9.0, "staff_total": 3.0, "village_id": "63.06.05.1004", "village_name": "Jambu Hilir", "district_id": "63.06.05", "district_name": "Kandangan" }, "geometry": { "type": "Point", "coordinates": [ 115.27068, -2.78926 ] } },
{ "type": "Feature", "properties": { "facility_id": "school-30301950", "facility_type": "school", "facility_subtype": "SD", "facility_name": "SD NEGERI 2 JAMBU HILIR BALUTI", "facility_code": "30301950", "address": "Jl. Mayjend. D.I. Panjaitan Rt.04 Rw.II", "source_village": "Baluti", "source_district": "Kandangan", "student_total": 261.0, "teacher_total": 16.0, "staff_total": 3.0, "village_id": "63.06.05.2018", "village_name": "Baluti", "district_id": "63.06.05", "district_name": "Kandangan" }, "geometry": { "type": "Point", "coordinates": [ 115.2639, -2.7904 ] } },
{ "type": "Feature", "properties": { "facility_id": "school-30301978", "facility_type": "school", "facility_subtype": "SD", "facility_name": "SD NEGERI 2 KANDANGAN BARAT", "facility_code": "30301978", "address": "JL SINGAKARSA", "source_village": "Kandangan Barat", "source_district": "Kandangan", "student_total": 186.0, "teacher_total": 10.0, "staff_total": 3.0, "village_id": "63.06.05.1003", "village_name": "Kandangan Barat", "district_id": "63.06.05", "district_name": "Kandangan" }, "geometry": { "type": "Point", "coordinates": [ 115.2586, -2.7802 ] } },
{ "type": "Feature", "properties": { "facility_id": "school-30301975", "facility_type": "school", "facility_subtype": "SD", "facility_name": "SD NEGERI 2 KANDANGAN UTARA", "facility_code": "30301975", "address": "Jl.Pahlawan", "source_village": "Kandangan Utara", "source_district": "Kandangan", "student_total": 319.0, "teacher_total": 17.0, "staff_total": 4.0, "village_id": "63.06.05.1002", "village_name": "Kandangan Utara", "district_id": "63.06.05", "district_name": "Kandangan" }, "geometry": { "type": "Point", "coordinates": [ 115.2657, -2.7816 ] } },
{ "type": "Feature", "properties": { "facility_id": "school-30301721", "facility_type": "school", "facility_subtype": "SD", "facility_name": "SD NEGERI 2 KAPUH TENGAH", "facility_code": "30301721", "address": "Jalan Kapuh", "source_village": "Kapuh", "source_district": "Simpur", "student_total": 88.0, "teacher_total": 8.0, "staff_total": 4.0, "village_id": "63.06.06.2011", "village_name": "Kapuh", "district_id": "63.06.06", "district_name": "Simpur" }, "geometry": { "type": "Point", "coordinates": [ 115.2336, -2.8073 ] } },
{ "type": "Feature", "properties": { "facility_id": "school-30301724", "facility_type": "school", "facility_subtype": "SD", "facility_name": "SD NEGERI 2 KARANG JAWA MUKA", "facility_code": "30301724", "address": "Jl. Gerilya", "source_village": "Karang Jawa Muka", "source_district": "Padang Batung", "student_total": 106.0, "teacher_total": 8.0, "staff_total": 3.0, "village_id": "63.06.02.2001", "village_name": "Karang Jawa Muka", "district_id": "63.06.02", "district_name": "Padang Batung" }, "geometry": { "type": "Point", "coordinates": [ 115.2828, -2.7868 ] } },
{ "type": "Feature", "properties": { "facility_id": "school-30301227", "facility_type": "school", "facility_subtype": "SD", "facility_name": "SD NEGERI 2 KAYU ABANG", "facility_code": "30301227", "address": "Jl. KAYU MANIS", "source_village": "Kayu Abang", "source_district": "Angkinang", "student_total": 92.0, "teacher_total": 8.0, "staff_total": 2.0, "village_id": "63.06.04.2004", "village_name": "Kayu Abang", "district_id": "63.06.04", "district_name": "Angkinang" }, "geometry": { "type": "Point", "coordinates": [ 115.2825, -2.7194 ] } },
{ "type": "Feature", "properties": { "facility_id": "school-30301717", "facility_type": "school", "facility_subtype": "SD", "facility_name": "SD NEGERI 2 KERAMAT RAYA", "facility_code": "30301717", "address": "Jalan Halaban", "source_village": "Amparaya", "source_district": "Simpur", "student_total": 27.0, "teacher_total": 8.0, "staff_total": 4.0, "village_id": "63.06.06.2004", "village_name": "Amparaya", "district_id": "63.06.06", "district_name": "Simpur" }, "geometry": { "type": "Point", "coordinates": [ 115.2023, -2.8028 ] } },
{ "type": "Feature", "properties": { "facility_id": "school-30301707", "facility_type": "school", "facility_subtype": "SD", "facility_name": "SD NEGERI 2 LOKBAHAN", "facility_code": "30301707", "address": "Lokbahan", "source_village": "Malilingin", "source_district": "Padang Batung", "student_total": 34.0, "teacher_total": 8.0, "staff_total": 2.0, "village_id": "63.06.02.2017", "village_name": "Malilingin", "district_id": "63.06.02", "district_name": "Padang Batung" }, "geometry": { "type": "Point", "coordinates": [ 115.3435, -2.881 ] } },
{ "type": "Feature", "properties": { "facility_id": "school-30301713", "facility_type": "school", "facility_subtype": "SD", "facility_name": "SD NEGERI 2 MADANG", "facility_code": "30301713", "address": "Jalan luwau karang jawa", "source_village": "Karang Jawa", "source_district": "Padang Batung", "student_total": 39.0, "teacher_total": 8.0, "staff_total": 3.0, "village_id": "63.06.02.2002", "village_name": "Karang Jawa", "district_id": "63.06.02", "district_name": "Padang Batung" }, "geometry": { "type": "Point", "coordinates": [ 115.3098, -2.7673 ] } },
{ "type": "Feature", "properties": { "facility_id": "school-30301734", "facility_type": "school", "facility_subtype": "SD", "facility_name": "SD NEGERI 2 PAHARANGAN", "facility_code": "30301734", "address": "Jalan Tugu 2 Januari 1949", "source_village": "Paharangan", "source_district": "Daha Utara", "student_total": 42.0, "teacher_total": 7.0, "staff_total": 2.0, "village_id": "63.06.08.2018", "village_name": "Paharangan", "district_id": "63.06.08", "district_name": "Daha Utara" }, "geometry": { "type": "Point", "coordinates": [ 115.1422, -2.5637 ] } },
{ "type": "Feature", "properties": { "facility_id": "school-30301736", "facility_type": "school", "facility_subtype": "SD", "facility_name": "SD NEGERI 2 PAKAN DALAM", "facility_code": "30301736", "address": "Jalan Gang 1", "source_village": "Pakan Dalam", "source_district": "Daha Utara", "student_total": 68.0, "teacher_total": 7.0, "staff_total": 3.0, "village_id": "63.06.08.2004", "village_name": "Pakan Dalam", "district_id": "63.06.08", "district_name": "Daha Utara" }, "geometry": { "type": "Point", "coordinates": [ 115.1032, -2.6215 ] } },
{ "type": "Feature", "properties": { "facility_id": "school-30301737", "facility_type": "school", "facility_subtype": "SD", "facility_name": "SD NEGERI 2 PAKAPURAN KACIL", "facility_code": "30301737", "address": "Pakapuran Kacil", "source_village": "Pakapuran Kecil", "source_district": "Daha Utara", "student_total": 87.0, "teacher_total": 7.0, "staff_total": 2.0, "village_id": "63.06.08.2002", "village_name": "Panggandingan", "district_id": "63.06.08", "district_name": "Daha Utara" }, "geometry": { "type": "Point", "coordinates": [ 115.0988, -2.6289 ] } },
{ "type": "Feature", "properties": { "facility_id": "school-30301674", "facility_type": "school", "facility_subtype": "SD", "facility_name": "SD NEGERI 2 PANDULANGAN", "facility_code": "30301674", "address": "Jln H.Amansyah", "source_village": "Pandulangan", "source_district": "Telaga Langsat", "student_total": 65.0, "teacher_total": 10.0, "staff_total": 1.0, "village_id": "63.06.03.2011", "village_name": "Pandulangan", "district_id": "63.06.03", "district_name": "Telaga Langsat" }, "geometry": { "type": "Point", "coordinates": [ 115.3219, -2.708 ] } },
{ "type": "Feature", "properties": { "facility_id": "school-30301669", "facility_type": "school", "facility_subtype": "SD", "facility_name": "SD NEGERI 2 PANJAMPANG BAHAGIA", "facility_code": "30301669", "address": "Jalan Rawati Rt 4 Rw Xi", "source_village": "Panjampang Bahagia", "source_district": "Simpur", "student_total": 39.0, "teacher_total": 9.0, "staff_total": 2.0, "village_id": "63.06.06.2005", "village_name": "Panjampang Bahagia", "district_id": "63.06.06", "district_name": "Simpur" }, "geometry": { "type": "Point", "coordinates": [ 115.2048, -2.789 ] } },
{ "type": "Feature", "properties": { "facility_id": "school-30301663", "facility_type": "school", "facility_subtype": "SD", "facility_name": "SD NEGERI 2 PIHANIN", "facility_code": "30301663", "address": "Jl.Desa Pihanin Raya RT 05", "source_village": "Pihanin Raya", "source_district": "Daha Selatan", "student_total": 78.0, "teacher_total": 7.0, "staff_total": 2.0, "village_id": "63.06.07.2007", "village_name": "Pihanin Raya", "district_id": "63.06.07", "district_name": "Daha Selatan" }, "geometry": { "type": "Point", "coordinates": [ 115.1251, -2.626 ] } },
{ "type": "Feature", "properties": { "facility_id": "school-30301664", "facility_type": "school", "facility_subtype": "SD", "facility_name": "SD NEGERI 2 RIAM TALO", "facility_code": "30301664", "address": "Jalan Riam Talo", "source_village": "Hamak Utara", "source_district": "Telaga Langsat", "student_total": 28.0, "teacher_total": 8.0, "staff_total": 1.0, "village_id": "63.06.03.2007", "village_name": "Hamak Utara", "district_id": "63.06.03", "district_name": "Telaga Langsat" }, "geometry": { "type": "Point", "coordinates": [ 115.4225, -2.7793 ] } },
{ "type": "Feature", "properties": { "facility_id": "school-30301681", "facility_type": "school", "facility_subtype": "SD", "facility_name": "SD NEGERI 2 SAMUDA", "facility_code": "30301681", "address": "Jalan Jadi Makmur RT.07 RW.4", "source_village": "Samuda", "source_district": "Daha Selatan", "student_total": 131.0, "teacher_total": 7.0, "staff_total": 3.0, "village_id": "63.06.07.2016", "village_name": "Samuda", "district_id": "63.06.07", "district_name": "Daha Selatan" }, "geometry": { "type": "Point", "coordinates": [ 115.06793, -2.63123 ] } },
{ "type": "Feature", "properties": { "facility_id": "school-30301700", "facility_type": "school", "facility_subtype": "SD", "facility_name": "SD NEGERI 2 SERANGGAN", "facility_code": "30301700", "address": "Jl. Seranggan", "source_village": "Asam", "source_district": "Sungai Raya", "student_total": 31.0, "teacher_total": 7.0, "staff_total": 4.0, "village_id": "63.06.01.2014", "village_name": "Asam", "district_id": "63.06.01", "district_name": "Sungai Raya" }, "geometry": { "type": "Point", "coordinates": [ 115.1955, -2.8407 ] } },
{ "type": "Feature", "properties": { "facility_id": "school-30301684", "facility_type": "school", "facility_subtype": "SD", "facility_name": "SD NEGERI 2 SUNGAI JARUM", "facility_code": "30301684", "address": "Jl.Kandangan - Negara KM.18", "source_village": "Bangkau", "source_district": "Kandangan", "student_total": 65.0, "teacher_total": 8.0, "staff_total": 3.0, "village_id": "63.06.05.2010", "village_name": "Bangkau", "district_id": "63.06.05", "district_name": "Kandangan" }, "geometry": { "type": "Point", "coordinates": [ 115.178421700000015, -2.6880617 ] } },
{ "type": "Feature", "properties": { "facility_id": "school-30301689", "facility_type": "school", "facility_subtype": "SD", "facility_name": "SD NEGERI 2 SUNGAI KUPANG", "facility_code": "30301689", "address": "Jalan Negara Km 10,5", "source_village": "Sungai Kupang", "source_district": "Kandangan", "student_total": 47.0, "teacher_total": 9.0, "staff_total": 2.0, "village_id": "63.06.05.2009", "village_name": "Sungai Kupang", "district_id": "63.06.05", "district_name": "Kandangan" }, "geometry": { "type": "Point", "coordinates": [ 115.2242, -2.7187 ] } },
{ "type": "Feature", "properties": { "facility_id": "school-30301697", "facility_type": "school", "facility_subtype": "SD", "facility_name": "SD NEGERI 2 SUNGAI KUPANG PALAS", "facility_code": "30301697", "address": "Jalan Negara Km 8", "source_village": "Sungai Kupang", "source_district": "Kandangan", "student_total": 70.0, "teacher_total": 8.0, "staff_total": 2.0, "village_id": "63.06.05.2009", "village_name": "Sungai Kupang", "district_id": "63.06.05", "district_name": "Kandangan" }, "geometry": { "type": "Point", "coordinates": [ 115.238, -2.7377 ] } },
{ "type": "Feature", "properties": { "facility_id": "school-30301816", "facility_type": "school", "facility_subtype": "SD", "facility_name": "SD NEGERI 2 SUNGAI PINANG", "facility_code": "30301816", "address": "Jalan Mawar", "source_village": "Sungai Pinang", "source_district": "Daha Selatan", "student_total": 79.0, "teacher_total": 7.0, "staff_total": 4.0, "village_id": "63.06.07.2009", "village_name": "Sungai Pinang", "district_id": "63.06.07", "district_name": "Daha Selatan" }, "geometry": { "type": "Point", "coordinates": [ 115.1003, -2.6353 ] } },
{ "type": "Feature", "properties": { "facility_id": "school-30301812", "facility_type": "school", "facility_subtype": "SD", "facility_name": "SD NEGERI 2 TALUK LABAK", "facility_code": "30301812", "address": "Jalan Taluk Labak Rt.003 Rw.002", "source_village": "Teluk Labak", "source_district": "Daha Utara", "student_total": 46.0, "teacher_total": 7.0, "staff_total": 1.0, "village_id": "63.06.08.2015", "village_name": "Teluk Kabak", "district_id": "63.06.08", "district_name": "Daha Utara" }, "geometry": { "type": "Point", "coordinates": [ 115.112, -2.5932 ] } },
{ "type": "Feature", "properties": { "facility_id": "school-30301805", "facility_type": "school", "facility_subtype": "SD", "facility_name": "SD NEGERI 2 TAMBANGAN", "facility_code": "30301805", "address": "Jalan Kaminting Batu", "source_village": "Tambangan", "source_district": "Daha Selatan", "student_total": 138.0, "teacher_total": 7.0, "staff_total": 3.0, "village_id": "63.06.07.2014", "village_name": "Tambangan", "district_id": "63.06.07", "district_name": "Daha Selatan" }, "geometry": { "type": "Point", "coordinates": [ 115.0952, -2.6315 ] } },
{ "type": "Feature", "properties": { "facility_id": "school-30301840", "facility_type": "school", "facility_subtype": "SD", "facility_name": "SD NEGERI 2 TANITI", "facility_code": "30301840", "address": "Jalan Lettu Aliansyah", "source_village": "Gumbil", "source_district": "Telaga Langsat", "student_total": 35.0, "teacher_total": 9.0, "staff_total": 2.0, "village_id": "63.06.03.2009", "village_name": "Gumbil", "district_id": "63.06.03", "district_name": "Telaga Langsat" }, "geometry": { "type": "Point", "coordinates": [ 115.3532, -2.7277 ] } },
{ "type": "Feature", "properties": { "facility_id": "school-30301833", "facility_type": "school", "facility_subtype": "SD", "facility_name": "SD NEGERI 2 TUMINGKI", "facility_code": "30301833", "address": "Jl. Brigjen H. Hasan Basry", "source_village": "Tumingki", "source_district": "Loksado", "student_total": 26.0, "teacher_total": 7.0, "staff_total": 0.0, "village_id": "63.06.10.2006", "village_name": "Tumingki", "district_id": "63.06.10", "district_name": "Loksado" }, "geometry": { "type": "Point", "coordinates": [ 115.4872, -2.8297 ] } },
{ "type": "Feature", "properties": { "facility_id": "school-30301752", "facility_type": "school", "facility_subtype": "SD", "facility_name": "SD NEGERI 2 WASAH HILIR", "facility_code": "30301752", "address": "Jalan Dharma", "source_village": "Wasah Hilir", "source_district": "Simpur", "student_total": 20.0, "teacher_total": 9.0, "staff_total": 3.0, "village_id": "63.06.06.2010", "village_name": "Wasah Hilir", "district_id": "63.06.06", "district_name": "Simpur" }, "geometry": { "type": "Point", "coordinates": [ 115.2177, -2.812 ] } },
{ "type": "Feature", "properties": { "facility_id": "school-30301885", "facility_type": "school", "facility_subtype": "SD", "facility_name": "SD NEGERI 3 AMAWANG KIRI", "facility_code": "30301885", "address": "Jl. Budi Bakti Desa Amawang Kiri", "source_village": "Amawang Kiri", "source_district": "Kandangan", "student_total": 106.0, "teacher_total": 7.0, "staff_total": 3.0, "village_id": "63.06.05.2014", "village_name": "Amawang Kiri", "district_id": "63.06.05", "district_name": "Kandangan" }, "geometry": { "type": "Point", "coordinates": [ 115.2343, -2.7668 ] } },
{ "type": "Feature", "properties": { "facility_id": "school-30301874", "facility_type": "school", "facility_subtype": "SD", "facility_name": "SD NEGERI 3 BAGO TANGGUL", "facility_code": "30301874", "address": "Jalan Bago Tanggul", "source_village": "Bago Tanggul", "source_district": "Kalumpang", "student_total": 37.0, "teacher_total": 8.0, "staff_total": 3.0, "village_id": "63.06.09.2003", "village_name": "Bago Tanggul", "district_id": "63.06.09", "district_name": "Kalumpang" }, "geometry": { "type": "Point", "coordinates": [ 115.1116, -2.7923 ] } },
{ "type": "Feature", "properties": { "facility_id": "school-30302028", "facility_type": "school", "facility_subtype": "SD", "facility_name": "SD NEGERI 3 GAMBAH DALAM BARAT", "facility_code": "30302028", "address": "Jalan Negara Km, 5", "source_village": "Gambah Dalam Barat", "source_district": "Kandangan", "student_total": 74.0, "teacher_total": 8.0, "staff_total": 2.0, "village_id": "63.06.05.2008", "village_name": "Gambah Dalam Barat", "district_id": "63.06.05", "district_name": "Kandangan" }, "geometry": { "type": "Point", "coordinates": [ 115.2557, -2.7465 ] } },
{ "type": "Feature", "properties": { "facility_id": "school-30301954", "facility_type": "school", "facility_subtype": "SD", "facility_name": "SD NEGERI 3 HARATAI", "facility_code": "30301954", "address": "Dusun Kadayang RT. 03", "source_village": "Haratai", "source_district": "Loksado", "student_total": 28.0, "teacher_total": 7.0, "staff_total": 2.0, "village_id": "63.06.10.2010", "village_name": "Haratai", "district_id": "63.06.10", "district_name": "Loksado" }, "geometry": { "type": "Point", "coordinates": [ 115.5532, -2.7468 ] } },
{ "type": "Feature", "properties": { "facility_id": "school-30301948", "facility_type": "school", "facility_subtype": "SD", "facility_name": "SD NEGERI 3 JAMBU HILIR", "facility_code": "30301948", "address": "JL. KAPTEN PIERE TENDEAN", "source_village": "Jambu Hilir", "source_district": "Kandangan", "student_total": 31.0, "teacher_total": 7.0, "staff_total": 4.0, "village_id": "63.06.05.1004", "village_name": "Jambu Hilir", "district_id": "63.06.05", "district_name": "Kandangan" }, "geometry": { "type": "Point", "coordinates": [ 115.273686700000013, -2.790435 ] } },
{ "type": "Feature", "properties": { "facility_id": "school-30301951", "facility_type": "school", "facility_subtype": "SD", "facility_name": "SD NEGERI 3 JAMBU HILIR BALUTI", "facility_code": "30301951", "address": "Jl Di Panjaitan", "source_village": "Baluti", "source_district": "Kandangan", "student_total": 87.0, "teacher_total": 6.0, "staff_total": 3.0, "village_id": "63.06.05.2018", "village_name": "Baluti", "district_id": "63.06.05", "district_name": "Kandangan" }, "geometry": { "type": "Point", "coordinates": [ 115.265165, -2.7909983 ] } },
{ "type": "Feature", "properties": { "facility_id": "school-30301977", "facility_type": "school", "facility_subtype": "SD", "facility_name": "SD NEGERI 3 KANDANGAN BARAT", "facility_code": "30301977", "address": "Jl Jend A Yani", "source_village": "Kandangan Barat", "source_district": "Kandangan", "student_total": 100.0, "teacher_total": 8.0, "staff_total": 4.0, "village_id": "63.06.05.1003", "village_name": "Kandangan Barat", "district_id": "63.06.05", "district_name": "Kandangan" }, "geometry": { "type": "Point", "coordinates": [ 115.2642, -2.7724 ] } },
{ "type": "Feature", "properties": { "facility_id": "school-30301988", "facility_type": "school", "facility_subtype": "SD", "facility_name": "SD NEGERI 3 KANDANGAN UTARA", "facility_code": "30301988", "address": "Jln. Kamboja RT. 14", "source_village": "Kandangan Utara", "source_district": "Kandangan", "student_total": 86.0, "teacher_total": 8.0, "staff_total": 2.0, "village_id": "63.06.05.1002", "village_name": "Kandangan Utara", "district_id": "63.06.05", "district_name": "Kandangan" }, "geometry": { "type": "Point", "coordinates": [ 115.26587, -2.77559 ] } },
{ "type": "Feature", "properties": { "facility_id": "school-30301665", "facility_type": "school", "facility_subtype": "SD", "facility_name": "SD NEGERI 3 RIAM TALO", "facility_code": "30301665", "address": "Jalan Riam Tajam", "source_village": "Hamak Utara", "source_district": "Telaga Langsat", "student_total": 23.0, "teacher_total": 8.0, "staff_total": 1.0, "village_id": "63.06.10.2001", "village_name": "Halunuk", "district_id": "63.06.10", "district_name": "Loksado" }, "geometry": { "type": "Point", "coordinates": [ 115.3855, -2.7863 ] } },
{ "type": "Feature", "properties": { "facility_id": "school-30301802", "facility_type": "school", "facility_subtype": "SD", "facility_name": "SD NEGERI 3 TAMBAK BITIN", "facility_code": "30301802", "address": "TAMBAK BITIN RT 04", "source_village": "Tambak Bitin", "source_district": "Daha Utara", "student_total": 122.0, "teacher_total": 7.0, "staff_total": 3.0, "village_id": "63.06.08.2002", "village_name": "Panggandingan", "district_id": "63.06.08", "district_name": "Daha Utara" }, "geometry": { "type": "Point", "coordinates": [ 115.10678, -2.62938 ] } },
{ "type": "Feature", "properties": { "facility_id": "school-30301806", "facility_type": "school", "facility_subtype": "SD", "facility_name": "SD NEGERI 3 TAMBANGAN", "facility_code": "30301806", "address": "Jalan Kamitinting Batu Rt 1", "source_village": "Tambangan", "source_district": "Daha Selatan", "student_total": 108.0, "teacher_total": 8.0, "staff_total": 1.0, "village_id": "63.06.07.2014", "village_name": "Tambangan", "district_id": "63.06.07", "district_name": "Daha Selatan" }, "geometry": { "type": "Point", "coordinates": [ 115.0931, -2.6298 ] } },
{ "type": "Feature", "properties": { "facility_id": "school-30301813", "facility_type": "school", "facility_subtype": "SD", "facility_name": "SD NEGERI 3 TIBUNG RAYA", "facility_code": "30301813", "address": "Jalan Kerja Bakti", "source_village": "Tibung Raya", "source_district": "Kandangan", "student_total": 52.0, "teacher_total": 8.0, "staff_total": 3.0, "village_id": "63.06.05.2017", "village_name": "Tibung Raya", "district_id": "63.06.05", "district_name": "Kandangan" }, "geometry": { "type": "Point", "coordinates": [ 115.2654, -2.7946 ] } },
{ "type": "Feature", "properties": { "facility_id": "school-30301952", "facility_type": "school", "facility_subtype": "SD", "facility_name": "SD NEGERI 4 JAMBU HILIR BALUTI", "facility_code": "30301952", "address": "Jalan Baluti RT. 06 RW. 03", "source_village": "Baluti", "source_district": "Kandangan", "student_total": 79.0, "teacher_total": 8.0, "staff_total": 4.0, "village_id": "63.06.05.2018", "village_name": "Baluti", "district_id": "63.06.05", "district_name": "Kandangan" }, "geometry": { "type": "Point", "coordinates": [ 115.2668483, -2.794705 ] } },
{ "type": "Feature", "properties": { "facility_id": "school-30301970", "facility_type": "school", "facility_subtype": "SD", "facility_name": "SD NEGERI 4 KANDANGAN KOTA", "facility_code": "30301970", "address": "Jl Aluh Idut Kandangan No.95", "source_village": "Kandangan Kota", "source_district": "Kandangan", "student_total": 154.0, "teacher_total": 10.0, "staff_total": 2.0, "village_id": "63.06.05.1001", "village_name": "Kandangan Kota", "district_id": "63.06.05", "district_name": "Kandangan" }, "geometry": { "type": "Point", "coordinates": [ 115.2678, -2.781 ] } },
{ "type": "Feature", "properties": { "facility_id": "school-30301807", "facility_type": "school", "facility_subtype": "SD", "facility_name": "SD NEGERI 4 TAMBANGAN", "facility_code": "30301807", "address": "Jalan Bunga Tanjung", "source_village": "Tambangan", "source_district": "Daha Selatan", "student_total": 146.0, "teacher_total": 8.0, "staff_total": 2.0, "village_id": "63.06.07.2014", "village_name": "Tambangan", "district_id": "63.06.07", "district_name": "Daha Selatan" }, "geometry": { "type": "Point", "coordinates": [ 115.0905, -2.6335 ] } },
{ "type": "Feature", "properties": { "facility_id": "school-30301967", "facility_type": "school", "facility_subtype": "SD", "facility_name": "SD NEGERI 5 KANDANGAN BARAT", "facility_code": "30301967", "address": "Jalan Harapan", "source_village": "Kandangan Barat", "source_district": "Kandangan", "student_total": 40.0, "teacher_total": 8.0, "staff_total": 3.0, "village_id": "63.06.05.1003", "village_name": "Kandangan Barat", "district_id": "63.06.05", "district_name": "Kandangan" }, "geometry": { "type": "Point", "coordinates": [ 115.2611617, -2.7783933 ] } },
{ "type": "Feature", "properties": { "facility_id": "school-30301973", "facility_type": "school", "facility_subtype": "SD", "facility_name": "SD NEGERI 7 KANDANGAN KOTA", "facility_code": "30301973", "address": "Jl Brigjen H Hasan Basri", "source_village": "Kandangan Kota", "source_district": "Kandangan", "student_total": 80.0, "teacher_total": 8.0, "staff_total": 2.0, "village_id": "63.06.05.1001", "village_name": "Kandangan Kota", "district_id": "63.06.05", "district_name": "Kandangan" }, "geometry": { "type": "Point", "coordinates": [ 115.2757, -2.7862 ] } },
{ "type": "Feature", "properties": { "facility_id": "school-30301886", "facility_type": "school", "facility_subtype": "SD", "facility_name": "SD NEGERI AMAWANG KIRI MUKA", "facility_code": "30301886", "address": "Jl. BUDI BAKTI", "source_village": "Amawang Kiri Muka", "source_district": "Kandangan", "student_total": 117.0, "teacher_total": 7.0, "staff_total": 4.0, "village_id": "63.06.05.2015", "village_name": "Amawang Kiri Muka", "district_id": "63.06.05", "district_name": "Kandangan" }, "geometry": { "type": "Point", "coordinates": [ 115.2491, -2.7733 ] } },
{ "type": "Feature", "properties": { "facility_id": "school-30301887", "facility_type": "school", "facility_subtype": "SD", "facility_name": "SD NEGERI AMBARAI", "facility_code": "30301887", "address": "Jl.Tumenggung Antaludin, Ambarai", "source_village": "Karang Jawa", "source_district": "Padang Batung", "student_total": 72.0, "teacher_total": 7.0, "staff_total": 4.0, "village_id": "63.06.02.2002", "village_name": "Karang Jawa", "district_id": "63.06.02", "district_name": "Padang Batung" }, "geometry": { "type": "Point", "coordinates": [ 115.2969, -2.7854 ] } },
{ "type": "Feature", "properties": { "facility_id": "school-30301883", "facility_type": "school", "facility_subtype": "SD", "facility_name": "SD NEGERI ANJIRAN", "facility_code": "30301883", "address": "Jalan Anjiran", "source_village": "Kayu Abang", "source_district": "Angkinang", "student_total": 50.0, "teacher_total": 8.0, "staff_total": 2.0, "village_id": "63.06.04.2004", "village_name": "Kayu Abang", "district_id": "63.06.04", "district_name": "Angkinang" }, "geometry": { "type": "Point", "coordinates": [ 115.2921, -2.7157 ] } },
{ "type": "Feature", "properties": { "facility_id": "school-30301882", "facility_type": "school", "facility_subtype": "SD", "facility_name": "SD NEGERI ANJIRAN SUNGAI RAYA", "facility_code": "30301882", "address": "Jl. Bina Warga Desa Telaga Bidadari Kecamatan Sungai Raya", "source_village": "Telaga Bidadari", "source_district": "Sungai Raya", "student_total": 64.0, "teacher_total": 8.0, "staff_total": 3.0, "village_id": "63.06.01.2018", "village_name": "Tanah Bangkang", "district_id": "63.06.01", "district_name": "Sungai Raya" }, "geometry": { "type": "Point", "coordinates": [ 115.2721, -2.8333 ] } },
{ "type": "Feature", "properties": { "facility_id": "school-30301881", "facility_type": "school", "facility_subtype": "SD", "facility_name": "SD NEGERI BADAUN", "facility_code": "30301881", "address": "Desa Badaun Rt 2 Rk 1", "source_village": "Badaun", "source_district": "Daha Barat", "student_total": 73.0, "teacher_total": 8.0, "staff_total": 2.0, "village_id": "63.06.11.2004", "village_name": "Badaun", "district_id": "63.06.11", "district_name": "Daha Barat" }, "geometry": { "type": "Point", "coordinates": [ 115.02551, -2.68382 ] } },
{ "type": "Feature", "properties": { "facility_id": "school-30301872", "facility_type": "school", "facility_subtype": "SD", "facility_name": "SD NEGERI BAGAMBIR", "facility_code": "30301872", "address": "Jl.a.yani Km.12,5", "source_village": "Bamban Utara", "source_district": "Angkinang", "student_total": 34.0, "teacher_total": 8.0, "staff_total": 3.0, "village_id": "63.06.04.2001", "village_name": "Bamban Utara", "district_id": "63.06.04", "district_name": "Angkinang" }, "geometry": { "type": "Point", "coordinates": [ 115.3098, -2.704 ] } },
{ "type": "Feature", "properties": { "facility_id": "school-30301875", "facility_type": "school", "facility_subtype": "SD", "facility_name": "SD NEGERI BAJAYAU", "facility_code": "30301875", "address": "Jl. Bajayau", "source_village": "Bajayau", "source_district": "Daha Barat", "student_total": 84.0, "teacher_total": 7.0, "staff_total": 1.0, "village_id": "63.06.11.2005", "village_name": "Bajayau", "district_id": "63.06.11", "district_name": "Daha Barat" }, "geometry": { "type": "Point", "coordinates": [ 115.0164, -2.691 ] } },
{ "type": "Feature", "properties": { "facility_id": "school-30301876", "facility_type": "school", "facility_subtype": "SD", "facility_name": "SD NEGERI BAJAYAU LAMA", "facility_code": "30301876", "address": "Jalan Bailung Rt 2", "source_village": "Bajayau Lama", "source_district": "Daha Barat", "student_total": 84.0, "teacher_total": 7.0, "staff_total": 2.0, "village_id": "63.06.11.2007", "village_name": "Bajayau Lama", "district_id": "63.06.11", "district_name": "Daha Barat" }, "geometry": { "type": "Point", "coordinates": [ 115.009, -2.7192 ] } },
{ "type": "Feature", "properties": { "facility_id": "school-30301895", "facility_type": "school", "facility_subtype": "SD", "facility_name": "SD NEGERI BAKARUNG TENGAH", "facility_code": "30301895", "address": "Jl A Yani Km 5,5", "source_village": "Bakarung", "source_district": "Angkinang", "student_total": 96.0, "teacher_total": 8.0, "staff_total": 3.0, "village_id": "63.06.04.2011", "village_name": "Bakarung", "district_id": "63.06.04", "district_name": "Angkinang" }, "geometry": { "type": "Point", "coordinates": [ 115.281, -2.7451 ] } },
{ "type": "Feature", "properties": { "facility_id": "school-30302005", "facility_type": "school", "facility_subtype": "SD", "facility_name": "SD NEGERI BALAH PAIKAT", "facility_code": "30302005", "address": "Jalan Perwira", "source_village": "Belah Paikat", "source_district": "Daha Utara", "student_total": 106.0, "teacher_total": 8.0, "staff_total": 3.0, "village_id": "63.06.08.2008", "village_name": "Balah Paikat", "district_id": "63.06.08", "district_name": "Daha Utara" }, "geometry": { "type": "Point", "coordinates": [ 115.1194, -2.629 ] } },
{ "type": "Feature", "properties": { "facility_id": "school-30302006", "facility_type": "school", "facility_subtype": "SD", "facility_name": "SD NEGERI BALAI AMAS", "facility_code": "30302006", "address": "Jalan Kamal", "source_village": "Pantai Ulin", "source_district": "Simpur", "student_total": 88.0, "teacher_total": 8.0, "staff_total": 4.0, "village_id": "63.06.06.2007", "village_name": "Pantai Ulin", "district_id": "63.06.06", "district_name": "Simpur" }, "geometry": { "type": "Point", "coordinates": [ 115.2104, -2.779 ] } },
{ "type": "Feature", "properties": { "facility_id": "school-30302007", "facility_type": "school", "facility_subtype": "SD", "facility_name": "SD NEGERI BALIMAU", "facility_code": "30302007", "address": "Desa Balimau", "source_village": "Balimau", "source_district": "Kalumpang", "student_total": 67.0, "teacher_total": 8.0, "staff_total": 1.0, "village_id": "63.06.09.2001", "village_name": "Balimau", "district_id": "63.06.09", "district_name": "Kalumpang" }, "geometry": { "type": "Point", "coordinates": [ 115.125785348420905, -2.831922258653154 ] } },
{ "type": "Feature", "properties": { "facility_id": "school-30302009", "facility_type": "school", "facility_subtype": "SD", "facility_name": "SD NEGERI BAMBAN SELATAN", "facility_code": "30302009", "address": "Jl A.Yani Km 11", "source_village": "Bamban Selatan", "source_district": "Angkinang", "student_total": 116.0, "teacher_total": 8.0, "staff_total": 3.0, "village_id": "63.06.04.2003", "village_name": "Bamban Selatan", "district_id": "63.06.04", "district_name": "Angkinang" }, "geometry": { "type": "Point", "coordinates": [ 115.3008, -2.7104 ] } },
{ "type": "Feature", "properties": { "facility_id": "school-30302010", "facility_type": "school", "facility_subtype": "SD", "facility_name": "SD NEGERI BAMBAN UTARA", "facility_code": "30302010", "address": "Jl. Jend.a.yani Km. 11,5", "source_village": "Bamban Utara", "source_district": "Angkinang", "student_total": 127.0, "teacher_total": 8.0, "staff_total": 2.0, "village_id": "63.06.04.2001", "village_name": "Bamban Utara", "district_id": "63.06.04", "district_name": "Angkinang" }, "geometry": { "type": "Point", "coordinates": [ 115.3063, -2.7072 ] } },
{ "type": "Feature", "properties": { "facility_id": "school-30302011", "facility_type": "school", "facility_subtype": "SD", "facility_name": "SD NEGERI BANGKAU", "facility_code": "30302011", "address": "Jalan Kandangan Negara Km 16", "source_village": "Bangkau", "source_district": "Kandangan", "student_total": 82.0, "teacher_total": 9.0, "staff_total": 4.0, "village_id": "63.06.05.2010", "village_name": "Bangkau", "district_id": "63.06.05", "district_name": "Kandangan" }, "geometry": { "type": "Point", "coordinates": [ 115.196, -2.6804 ] } },
{ "type": "Feature", "properties": { "facility_id": "school-30302013", "facility_type": "school", "facility_subtype": "SD", "facility_name": "SD NEGERI BANJARBARU", "facility_code": "30302013", "address": "Jalan Negara Kandangan Km 1", "source_village": "Banjar Baru", "source_district": "Daha Selatan", "student_total": 175.0, "teacher_total": 9.0, "staff_total": 5.0, "village_id": "63.06.07.2004", "village_name": "Banjarbaru", "district_id": "63.06.07", "district_name": "Daha Selatan" }, "geometry": { "type": "Point", "coordinates": [ 115.117, -2.6373 ] } },
{ "type": "Feature", "properties": { "facility_id": "school-30302014", "facility_type": "school", "facility_subtype": "SD", "facility_name": "SD NEGERI BANUA HANYAR", "facility_code": "30302014", "address": "Jl. Sulaiman Said RT.03/RW.01 Desa Telaga Langsat", "source_village": "Telaga Langsat", "source_district": "Telaga Langsat", "student_total": 46.0, "teacher_total": 8.0, "staff_total": 3.0, "village_id": "63.06.03.2002", "village_name": "Telaga Langsat", "district_id": "63.06.03", "district_name": "Telaga Langsat" }, "geometry": { "type": "Point", "coordinates": [ 115.3248, -2.7293 ] } },
{ "type": "Feature", "properties": { "facility_id": "school-30302002", "facility_type": "school", "facility_subtype": "SD", "facility_name": "SD NEGERI BARIANG", "facility_code": "30302002", "address": "Jl. H. Zafri Zam-zam", "source_village": "Bariang", "source_district": "Kandangan", "student_total": 45.0, "teacher_total": 8.0, "staff_total": 2.0, "village_id": "63.06.05.2013", "village_name": "Bariang", "district_id": "63.06.05", "district_name": "Kandangan" }, "geometry": { "type": "Point", "coordinates": [ 115.245, -2.7808 ] } },
{ "type": "Feature", "properties": { "facility_id": "school-30301991", "facility_type": "school", "facility_subtype": "SD", "facility_name": "SD NEGERI BARU", "facility_code": "30301991", "address": "Jalan Malambun", "source_village": "Baru", "source_district": "Daha Barat", "student_total": 106.0, "teacher_total": 8.0, "staff_total": 2.0, "village_id": "63.06.11.2002", "village_name": "Baru", "district_id": "63.06.11", "district_name": "Daha Barat" }, "geometry": { "type": "Point", "coordinates": [ 115.0529, -2.6827 ] } },
{ "type": "Feature", "properties": { "facility_id": "school-30301998", "facility_type": "school", "facility_subtype": "SD", "facility_name": "SD NEGERI BATANG ALAI", "facility_code": "30301998", "address": "Jalan Sungai Batang Alai No. 59 RT. 06 RW. III", "source_village": "Pihanin Raya", "source_district": "Daha Selatan", "student_total": 63.0, "teacher_total": 8.0, "staff_total": 4.0, "village_id": "63.06.07.2007", "village_name": "Pihanin Raya", "district_id": "63.06.07", "district_name": "Daha Selatan" }, "geometry": { "type": "Point", "coordinates": [ 115.1538, -2.6099 ] } },
{ "type": "Feature", "properties": { "facility_id": "school-30302030", "facility_type": "school", "facility_subtype": "SD", "facility_name": "SD NEGERI BATANG KULUR TENGAH", "facility_code": "30302030", "address": "Jl. Jend. Sudirman Km. 9", "source_village": "Hariti", "source_district": "Sungai Raya", "student_total": 60.0, "teacher_total": 8.0, "staff_total": 3.0, "village_id": "63.06.01.2006", "village_name": "Hariti", "district_id": "63.06.01", "district_name": "Sungai Raya" }, "geometry": { "type": "Point", "coordinates": [ 115.2381, -2.8616 ] } },
{ "type": "Feature", "properties": { "facility_id": "school-30302031", "facility_type": "school", "facility_subtype": "SD", "facility_name": "SD NEGERI BATU BINI", "facility_code": "30302031", "address": "JL.Brigjend H.Hasan Basery RT 001 / RW 001", "source_village": "Batu Bini", "source_district": "Padang Batung", "student_total": 54.0, "teacher_total": 9.0, "staff_total": 4.0, "village_id": "63.06.02.2010", "village_name": "Batu Bini", "district_id": "63.06.02", "district_name": "Padang Batung" }, "geometry": { "type": "Point", "coordinates": [ 115.31791, -2.82811 ] } },
{ "type": "Feature", "properties": { "facility_id": "school-30302032", "facility_type": "school", "facility_subtype": "SD", "facility_name": "SD NEGERI BATU LAKI", "facility_code": "30302032", "address": "Batu Laki", "source_village": "Batu Laki", "source_district": "Padang Batung", "student_total": 20.0, "teacher_total": 7.0, "staff_total": 2.0, "village_id": "63.06.02.2015", "village_name": "Batu Laki", "district_id": "63.06.02", "district_name": "Padang Batung" }, "geometry": { "type": "Point", "coordinates": [ 115.2988, -2.8584 ] } },
{ "type": "Feature", "properties": { "facility_id": "school-30301990", "facility_type": "school", "facility_subtype": "SD", "facility_name": "SD NEGERI BUKUANIN", "facility_code": "30301990", "address": "Jl. Bukuanin", "source_village": "Mawangi", "source_district": "Padang Batung", "student_total": 46.0, "teacher_total": 8.0, "staff_total": 3.0, "village_id": "63.06.02.2011", "village_name": "Mawangi", "district_id": "63.06.02", "district_name": "Padang Batung" }, "geometry": { "type": "Point", "coordinates": [ 115.35799, -2.7958967 ] } },
{ "type": "Feature", "properties": { "facility_id": "school-30302036", "facility_type": "school", "facility_subtype": "SD", "facility_name": "SD NEGERI BUMI BERKAT", "facility_code": "30302036", "address": "Desa Bumi Berkat", "source_village": "Bumi Barkat", "source_district": "Sungai Raya", "student_total": 18.0, "teacher_total": 7.0, "staff_total": 2.0, "village_id": "63.06.01.2008", "village_name": "Bumi Berkat", "district_id": "63.06.01", "district_name": "Sungai Raya" }, "geometry": { "type": "Point", "coordinates": [ 115.1954, -2.8646 ] } },
{ "type": "Feature", "properties": { "facility_id": "school-30302037", "facility_type": "school", "facility_subtype": "SD", "facility_name": "SD NEGERI BUMI THAIBAH", "facility_code": "30302037", "address": "Jl. Asam Bumi Thaibah", "source_village": "Tamiyang", "source_district": "Sungai Raya", "student_total": 44.0, "teacher_total": 7.0, "staff_total": 2.0, "village_id": "63.06.01.2013", "village_name": "Tamiyang", "district_id": "63.06.01", "district_name": "Sungai Raya" }, "geometry": { "type": "Point", "coordinates": [ 115.20229, -2.8461 ] } },
{ "type": "Feature", "properties": { "facility_id": "school-30302017", "facility_type": "school", "facility_subtype": "SD", "facility_name": "SD NEGERI GAMBAH LUAR", "facility_code": "30302017", "address": "Jl. Lukupang", "source_village": "Gambah Luar", "source_district": "Kandangan", "student_total": 39.0, "teacher_total": 7.0, "staff_total": 3.0, "village_id": "63.06.05.2005", "village_name": "Gambah Luar", "district_id": "63.06.05", "district_name": "Kandangan" }, "geometry": { "type": "Point", "coordinates": [ 115.2772, -2.7611 ] } },
{ "type": "Feature", "properties": { "facility_id": "school-30302018", "facility_type": "school", "facility_subtype": "SD", "facility_name": "SD NEGERI GAMBAH LUAR MUKA", "facility_code": "30302018", "address": "Jalan Niwang Sakarti", "source_village": "Gambah Luar Muka", "source_district": "Kandangan", "student_total": 27.0, "teacher_total": 8.0, "staff_total": 3.0, "village_id": "63.06.05.2006", "village_name": "Gambah Luar Muka", "district_id": "63.06.05", "district_name": "Kandangan" }, "geometry": { "type": "Point", "coordinates": [ 115.2713, -2.7657 ] } },
{ "type": "Feature", "properties": { "facility_id": "school-30302019", "facility_type": "school", "facility_subtype": "SD", "facility_name": "SD NEGERI GAMBAH LUAR SELATAN", "facility_code": "30302019", "address": "Jl.A.Yani KM.3,2", "source_village": "Gambah Luar Muka", "source_district": "Kandangan", "student_total": 109.0, "teacher_total": 8.0, "staff_total": 2.0, "village_id": "63.06.05.2006", "village_name": "Gambah Luar Muka", "district_id": "63.06.05", "district_name": "Kandangan" }, "geometry": { "type": "Point", "coordinates": [ 115.27288830000002, -2.76139 ] } },
{ "type": "Feature", "properties": { "facility_id": "school-30302020", "facility_type": "school", "facility_subtype": "SD", "facility_name": "SD NEGERI GAMBAH WALANGKU", "facility_code": "30302020", "address": "Jalan Negara", "source_village": "Gambah Dalam", "source_district": "Kandangan", "student_total": 77.0, "teacher_total": 7.0, "staff_total": 3.0, "village_id": "63.06.05.2007", "village_name": "Gambah Dalam", "district_id": "63.06.05", "district_name": "Kandangan" }, "geometry": { "type": "Point", "coordinates": [ 115.2658717, -2.76248 ] } },
{ "type": "Feature", "properties": { "facility_id": "school-30302022", "facility_type": "school", "facility_subtype": "SD", "facility_name": "SD NEGERI GARUNGGANG", "facility_code": "30302022", "address": "Jalan Haji Ismail", "source_village": "Garunggang", "source_district": "Simpur", "student_total": 42.0, "teacher_total": 8.0, "staff_total": 3.0, "village_id": "63.06.06.2003", "village_name": "Garunggang", "district_id": "63.06.06", "district_name": "Simpur" }, "geometry": { "type": "Point", "coordinates": [ 115.212, -2.8076 ] } },
{ "type": "Feature", "properties": { "facility_id": "school-30302023", "facility_type": "school", "facility_subtype": "SD", "facility_name": "SD NEGERI GUMBIL", "facility_code": "30302023", "address": "Gumbil Rt 2 Rk 1", "source_village": "Gumbil", "source_district": "Telaga Langsat", "student_total": 79.0, "teacher_total": 8.0, "staff_total": 3.0, "village_id": "63.06.03.2009", "village_name": "Gumbil", "district_id": "63.06.03", "district_name": "Telaga Langsat" }, "geometry": { "type": "Point", "coordinates": [ 115.3356, -2.7119 ] } },
{ "type": "Feature", "properties": { "facility_id": "school-30302024", "facility_type": "school", "facility_subtype": "SD", "facility_name": "SD NEGERI HABIRAU", "facility_code": "30302024", "address": "Jalan Inpres Habirau", "source_village": "Habirau", "source_district": "Daha Selatan", "student_total": 48.0, "teacher_total": 7.0, "staff_total": 3.0, "village_id": "63.06.07.2010", "village_name": "Habirau", "district_id": "63.06.07", "district_name": "Daha Selatan" }, "geometry": { "type": "Point", "coordinates": [ 115.0966, -2.6362 ] } },
{ "type": "Feature", "properties": { "facility_id": "school-30301989", "facility_type": "school", "facility_subtype": "SD", "facility_name": "SD NEGERI HAKURUNG", "facility_code": "30301989", "address": "Jalan Tugu 2 Januari Rt.01 / Rw.01", "source_village": "Hamayung", "source_district": "Daha Utara", "student_total": 27.0, "teacher_total": 5.0, "staff_total": 2.0, "village_id": "63.06.08.2016", "village_name": "Hamayung", "district_id": "63.06.08", "district_name": "Daha Utara" }, "geometry": { "type": "Point", "coordinates": [ 115.11519, -2.5821 ] } },
{ "type": "Feature", "properties": { "facility_id": "school-30301943", "facility_type": "school", "facility_subtype": "SD", "facility_name": "SD NEGERI HAKURUNG DALAM", "facility_code": "30301943", "address": "Jalan Sungai Hakurung Dalam", "source_village": "Hakurung", "source_district": "Daha Utara", "student_total": 96.0, "teacher_total": 7.0, "staff_total": 2.0, "village_id": "63.06.08.2019", "village_name": "Hakurung", "district_id": "63.06.08", "district_name": "Daha Utara" }, "geometry": { "type": "Point", "coordinates": [ 115.1228, -2.5566 ] } },
{ "type": "Feature", "properties": { "facility_id": "school-30301956", "facility_type": "school", "facility_subtype": "SD", "facility_name": "SD NEGERI HALUNUK", "facility_code": "30301956", "address": "Jl Brigjen H Hasan Basry", "source_village": "Halunuk", "source_district": "Loksado", "student_total": 53.0, "teacher_total": 8.0, "staff_total": 1.0, "village_id": "63.06.10.2001", "village_name": "Halunuk", "district_id": "63.06.10", "district_name": "Loksado" }, "geometry": { "type": "Point", "coordinates": [ 115.37301, -2.82974 ] } },
{ "type": "Feature", "properties": { "facility_id": "school-30301957", "facility_type": "school", "facility_subtype": "SD", "facility_name": "SD NEGERI HAMAK", "facility_code": "30301957", "address": "Jalan Halat", "source_village": "Hamak", "source_district": "Telaga Langsat", "student_total": 27.0, "teacher_total": 9.0, "staff_total": 0.0, "village_id": "63.06.03.2005", "village_name": "Hamak", "district_id": "63.06.03", "district_name": "Telaga Langsat" }, "geometry": { "type": "Point", "coordinates": [ 115.3657, -2.7486 ] } },
{ "type": "Feature", "properties": { "facility_id": "school-30301962", "facility_type": "school", "facility_subtype": "SD", "facility_name": "SD NEGERI HAMAYUNG UTARA", "facility_code": "30301962", "address": "JL. TUGU 2 JANUARI 1949", "source_village": "Hamayung Utara", "source_district": "Daha Utara", "student_total": 99.0, "teacher_total": 7.0, "staff_total": 4.0, "village_id": "63.06.08.2017", "village_name": "Hamayung Utara", "district_id": "63.06.08", "district_name": "Daha Utara" }, "geometry": { "type": "Point", "coordinates": [ 115.1351, -2.5733 ] } },
{ "type": "Feature", "properties": { "facility_id": "school-30301953", "facility_type": "school", "facility_subtype": "SD", "facility_name": "SD NEGERI HULU BANYU", "facility_code": "30301953", "address": "Jl Brigjen H. Hasan Basry", "source_village": "Hulu Banyu", "source_district": "Loksado", "student_total": 40.0, "teacher_total": 9.0, "staff_total": 1.0, "village_id": "63.06.10.2005", "village_name": "Hulu Banyu", "district_id": "63.06.10", "district_name": "Loksado" }, "geometry": { "type": "Point", "coordinates": [ 115.4299, -2.7904 ] } },
{ "type": "Feature", "properties": { "facility_id": "school-30301944", "facility_type": "school", "facility_subtype": "SD", "facility_name": "SD NEGERI HULU SELATAN", "facility_code": "30301944", "address": "Jl. Gerilya", "source_village": "Tanah Bangkang", "source_district": "Sungai Raya", "student_total": 52.0, "teacher_total": 7.0, "staff_total": 3.0, "village_id": "63.06.01.2018", "village_name": "Tanah Bangkang", "district_id": "63.06.01", "district_name": "Sungai Raya" }, "geometry": { "type": "Point", "coordinates": [ 115.2628, -2.8331 ] } },
{ "type": "Feature", "properties": { "facility_id": "school-30301965", "facility_type": "school", "facility_subtype": "SD", "facility_name": "SD NEGERI JAMBU HULU", "facility_code": "30301965", "address": "Jambu Hulu", "source_village": "Jambu Hulu", "source_district": "Padang Batung", "student_total": 58.0, "teacher_total": 8.0, "staff_total": 2.0, "village_id": "63.06.02.2006", "village_name": "Jambu Hulu", "district_id": "63.06.02", "district_name": "Padang Batung" }, "geometry": { "type": "Point", "coordinates": [ 115.2788, -2.8174 ] } },
{ "type": "Feature", "properties": { "facility_id": "school-30301966", "facility_type": "school", "facility_subtype": "SD", "facility_name": "SD NEGERI JAMBU HULU MUKA", "facility_code": "30301966", "address": "Jambu Hulu", "source_village": "Jambu Hulu", "source_district": "Padang Batung", "student_total": 36.0, "teacher_total": 8.0, "staff_total": 2.0, "village_id": "63.06.02.2006", "village_name": "Jambu Hulu", "district_id": "63.06.02", "district_name": "Padang Batung" }, "geometry": { "type": "Point", "coordinates": [ 115.2881, -2.8104 ] } },
{ "type": "Feature", "properties": { "facility_id": "school-30301979", "facility_type": "school", "facility_subtype": "SD", "facility_name": "SD NEGERI JARAU", "facility_code": "30301979", "address": "Desa Jarau Rt. 02 Rk. I", "source_village": "Ida Manggala", "source_district": "Sungai Raya", "student_total": 34.0, "teacher_total": 9.0, "staff_total": 2.0, "village_id": "63.06.01.2007", "village_name": "Ida Manggala", "district_id": "63.06.01", "district_name": "Sungai Raya" }, "geometry": { "type": "Point", "coordinates": [ 115.2198, -2.8661 ] } },
{ "type": "Feature", "properties": { "facility_id": "school-30301980", "facility_type": "school", "facility_subtype": "SD", "facility_name": "SD NEGERI JEMBATAN MERAH", "facility_code": "30301980", "address": "Jembatan Merah", "source_village": "Jembatan Merah", "source_district": "Padang Batung", "student_total": 115.0, "teacher_total": 8.0, "staff_total": 3.0, "village_id": "63.06.02.2009", "village_name": "Jembatan Merah", "district_id": "63.06.02", "district_name": "Padang Batung" }, "geometry": { "type": "Point", "coordinates": [ 115.2917, -2.8103 ] } },
{ "type": "Feature", "properties": { "facility_id": "school-30301981", "facility_type": "school", "facility_subtype": "SD", "facility_name": "SD NEGERI KALIRING", "facility_code": "30301981", "address": "Kaliring", "source_village": "Kaliring", "source_district": "Padang Batung", "student_total": 35.0, "teacher_total": 7.0, "staff_total": 3.0, "village_id": "63.06.02.2005", "village_name": "Kaliring", "district_id": "63.06.02", "district_name": "Padang Batung" }, "geometry": { "type": "Point", "coordinates": [ 115.2912, -2.7941 ] } },
{ "type": "Feature", "properties": { "facility_id": "school-30301982", "facility_type": "school", "facility_subtype": "SD", "facility_name": "SD NEGERI KALIRING DALAM", "facility_code": "30301982", "address": "Jalan Kegiatan", "source_village": "Kaliring", "source_district": "Padang Batung", "student_total": 46.0, "teacher_total": 9.0, "staff_total": 4.0, "village_id": "63.06.02.2005", "village_name": "Kaliring", "district_id": "63.06.02", "district_name": "Padang Batung" }, "geometry": { "type": "Point", "coordinates": [ 115.2946, -2.7987 ] } },
{ "type": "Feature", "properties": { "facility_id": "school-30301983", "facility_type": "school", "facility_subtype": "SD", "facility_name": "SD NEGERI KALUMPANG", "facility_code": "30301983", "address": "Jalan Bukhari Km 15", "source_village": "Kalumpang", "source_district": "Kalumpang", "student_total": 111.0, "teacher_total": 8.0, "staff_total": 2.0, "village_id": "63.06.09.2006", "village_name": "Kalumpang", "district_id": "63.06.09", "district_name": "Kalumpang" }, "geometry": { "type": "Point", "coordinates": [ 115.1591, -2.8233 ] } },
{ "type": "Feature", "properties": { "facility_id": "school-30301985", "facility_type": "school", "facility_subtype": "SD", "facility_name": "SD NEGERI KAMAWAKAN", "facility_code": "30301985", "address": "Jl. Kamawakan", "source_village": "Kamawakan", "source_district": "Loksado", "student_total": 38.0, "teacher_total": 7.0, "staff_total": 1.0, "village_id": "63.06.10.2007", "village_name": "Kamawakan", "district_id": "63.06.10", "district_name": "Loksado" }, "geometry": { "type": "Point", "coordinates": [ 115.4863, -2.8513 ] } },
{ "type": "Feature", "properties": { "facility_id": "school-30301986", "facility_type": "school", "facility_subtype": "SD", "facility_name": "SD NEGERI KAMBANG BASAR", "facility_code": "30301986", "address": "Kambang Basar", "source_village": "Tabihi", "source_district": "Padang Batung", "student_total": 66.0, "teacher_total": 7.0, "staff_total": 1.0, "village_id": "63.06.02.2003", "village_name": "Tabihi", "district_id": "63.06.02", "district_name": "Padang Batung" }, "geometry": { "type": "Point", "coordinates": [ 115.2801, -2.7651 ] } },
{ "type": "Feature", "properties": { "facility_id": "school-30301847", "facility_type": "school", "facility_subtype": "SD", "facility_name": "SD NEGERI KANDIHIN", "facility_code": "30301847", "address": "Jl. Kandihin", "source_village": "Halunuk", "source_district": "Loksado", "student_total": 41.0, "teacher_total": 8.0, "staff_total": 0.0, "village_id": "63.06.10.2001", "village_name": "Halunuk", "district_id": "63.06.10", "district_name": "Loksado" }, "geometry": { "type": "Point", "coordinates": [ 115.37277, -2.83017 ] } },
{ "type": "Feature", "properties": { "facility_id": "school-30301706", "facility_type": "school", "facility_subtype": "SD", "facility_name": "SD NEGERI KAPUH DARAT", "facility_code": "30301706", "address": "Desa Kapuh", "source_village": "Simpur", "source_district": "Simpur", "student_total": 42.0, "teacher_total": 9.0, "staff_total": 3.0, "village_id": "63.06.01.2016", "village_name": "Sarang Halang", "district_id": "63.06.01", "district_name": "Sungai Raya" }, "geometry": { "type": "Point", "coordinates": [ 115.232105706906665, -2.817358398246106 ] } },
{ "type": "Feature", "properties": { "facility_id": "school-30301722", "facility_type": "school", "facility_subtype": "SD", "facility_name": "SD NEGERI KARANG BULAN", "facility_code": "30301722", "address": "Jalan Bukhari", "source_village": "Karang Bulan", "source_district": "Kalumpang", "student_total": 89.0, "teacher_total": 8.0, "staff_total": 2.0, "village_id": "63.06.09.2004", "village_name": "Karang Bulan", "district_id": "63.06.09", "district_name": "Kalumpang" }, "geometry": { "type": "Point", "coordinates": [ 115.1487, -2.8224 ] } },
{ "type": "Feature", "properties": { "facility_id": "school-30301718", "facility_type": "school", "facility_subtype": "SD", "facility_name": "SD NEGERI KENANGA", "facility_code": "30301718", "address": "Jalan Kenanga", "source_village": "Baruh Kembang", "source_district": "Daha Utara", "student_total": 38.0, "teacher_total": 8.0, "staff_total": 2.0, "village_id": "63.06.08.2012", "village_name": "Baruh Kembang", "district_id": "63.06.08", "district_name": "Daha Utara" }, "geometry": { "type": "Point", "coordinates": [ 115.10555486347107, -2.619784584068804 ] } },
{ "type": "Feature", "properties": { "facility_id": "school-30301708", "facility_type": "school", "facility_subtype": "SD", "facility_name": "SD NEGERI LOKBINUANG", "facility_code": "30301708", "address": "Jalan Sulaiman Said", "source_village": "Lok Binuang", "source_district": "Telaga Langsat", "student_total": 36.0, "teacher_total": 8.0, "staff_total": 4.0, "village_id": "63.06.03.2001", "village_name": "Lok Binuang", "district_id": "63.06.03", "district_name": "Telaga Langsat" }, "geometry": { "type": "Point", "coordinates": [ 115.3148, -2.729 ] } },
{ "type": "Feature", "properties": { "facility_id": "school-30301709", "facility_type": "school", "facility_subtype": "SD", "facility_name": "SD NEGERI LOKLAHUNG", "facility_code": "30301709", "address": "Jalan Brigjen H Hasan Basry", "source_village": "Lok Lahung", "source_district": "Loksado", "student_total": 37.0, "teacher_total": 8.0, "staff_total": 2.0, "village_id": "63.06.10.2008", "village_name": "Lok Lahung", "district_id": "63.06.10", "district_name": "Loksado" }, "geometry": { "type": "Point", "coordinates": [ 115.4978, -2.804 ] } },
{ "type": "Feature", "properties": { "facility_id": "school-30301710", "facility_type": "school", "facility_subtype": "SD", "facility_name": "SD NEGERI LOKSADO", "facility_code": "30301710", "address": "Jl Brigjen H Hasan Basry", "source_village": "Loksado", "source_district": "Loksado", "student_total": 104.0, "teacher_total": 9.0, "staff_total": 3.0, "village_id": "63.06.10.2009", "village_name": "Loksado", "district_id": "63.06.10", "district_name": "Loksado" }, "geometry": { "type": "Point", "coordinates": [ 115.4964, -2.7955 ] } },
{ "type": "Feature", "properties": { "facility_id": "school-30301711", "facility_type": "school", "facility_subtype": "SD", "facility_name": "SD NEGERI LONGAWANG", "facility_code": "30301711", "address": "JALAN H. AMANSYAH", "source_village": "Longawang", "source_district": "Telaga Langsat", "student_total": 40.0, "teacher_total": 8.0, "staff_total": 4.0, "village_id": "63.06.03.2010", "village_name": "Longawang", "district_id": "63.06.03", "district_name": "Telaga Langsat" }, "geometry": { "type": "Point", "coordinates": [ 115.32518, -2.71096 ] } },
{ "type": "Feature", "properties": { "facility_id": "school-30301712", "facility_type": "school", "facility_subtype": "SD", "facility_name": "SD NEGERI LUMPANGI", "facility_code": "30301712", "address": "Jl Brigjen H Hassan Basry Km 24", "source_village": "Lumpangi", "source_district": "Loksado", "student_total": 116.0, "teacher_total": 5.0, "staff_total": 4.0, "village_id": "63.06.10.2003", "village_name": "Lumpangi", "district_id": "63.06.10", "district_name": "Loksado" }, "geometry": { "type": "Point", "coordinates": [ 115.41714, -2.81233 ] } },
{ "type": "Feature", "properties": { "facility_id": "school-30301715", "facility_type": "school", "facility_subtype": "SD", "facility_name": "SD NEGERI MALILINGIN", "facility_code": "30301715", "address": "Malilingin Rt 1 Rk 1", "source_village": "Malilingin", "source_district": "Padang Batung", "student_total": 50.0, "teacher_total": 8.0, "staff_total": 1.0, "village_id": "63.06.02.2017", "village_name": "Malilingin", "district_id": "63.06.02", "district_name": "Padang Batung" }, "geometry": { "type": "Point", "coordinates": [ 115.3179, -2.8633 ] } },
{ "type": "Feature", "properties": { "facility_id": "school-30301728", "facility_type": "school", "facility_subtype": "SD", "facility_name": "SD NEGERI MALINAU", "facility_code": "30301728", "address": "Jl. Lintas Batu Licin", "source_village": "Malinau", "source_district": "Loksado", "student_total": 123.0, "teacher_total": 8.0, "staff_total": 2.0, "village_id": "63.06.10.2004", "village_name": "Malinau", "district_id": "63.06.10", "district_name": "Loksado" }, "geometry": { "type": "Point", "coordinates": [ 115.4126, -2.8586 ] } },
{ "type": "Feature", "properties": { "facility_id": "school-30301729", "facility_type": "school", "facility_subtype": "SD", "facility_name": "SD NEGERI MALUTU", "facility_code": "30301729", "address": "Jl. H. Busra Rt. 02", "source_village": "Malutu", "source_district": "Padang Batung", "student_total": 77.0, "teacher_total": 8.0, "staff_total": 2.0, "village_id": "63.06.02.2016", "village_name": "Malutu", "district_id": "63.06.02", "district_name": "Padang Batung" }, "geometry": { "type": "Point", "coordinates": [ 115.2849, -2.8589 ] } },
{ "type": "Feature", "properties": { "facility_id": "school-30301744", "facility_type": "school", "facility_subtype": "SD", "facility_name": "SD NEGERI MANDAPAI", "facility_code": "30301744", "address": "Jl Penghijauan", "source_village": "Batu Bini", "source_district": "Padang Batung", "student_total": 33.0, "teacher_total": 8.0, "staff_total": 3.0, "village_id": "63.06.02.2010", "village_name": "Batu Bini", "district_id": "63.06.02", "district_name": "Padang Batung" }, "geometry": { "type": "Point", "coordinates": [ 115.3259, -2.8117 ] } },
{ "type": "Feature", "properties": { "facility_id": "school-30301745", "facility_type": "school", "facility_subtype": "SD", "facility_name": "SD NEGERI MASIMPAN", "facility_code": "30301745", "address": "Jalan Masimpan", "source_village": "Mandala", "source_district": "Telaga Langsat", "student_total": 52.0, "teacher_total": 9.0, "staff_total": 2.0, "village_id": "63.06.03.2003", "village_name": "Mandala", "district_id": "63.06.03", "district_name": "Telaga Langsat" }, "geometry": { "type": "Point", "coordinates": [ 115.3367, -2.7316 ] } },
{ "type": "Feature", "properties": { "facility_id": "school-30301746", "facility_type": "school", "facility_subtype": "SD", "facility_name": "SD NEGERI MAWANGI", "facility_code": "30301746", "address": "Jl Brigjen H Hasan Basry", "source_village": "Mawangi", "source_district": "Padang Batung", "student_total": 57.0, "teacher_total": 8.0, "staff_total": 4.0, "village_id": "63.06.02.2011", "village_name": "Mawangi", "district_id": "63.06.02", "district_name": "Padang Batung" }, "geometry": { "type": "Point", "coordinates": [ 115.3397033, -2.82391 ] } },
{ "type": "Feature", "properties": { "facility_id": "school-30301748", "facility_type": "school", "facility_subtype": "SD", "facility_name": "SD NEGERI MUNING BARU", "facility_code": "30301748", "address": "Jalan Negara Kandangan Km 8", "source_village": "Muning Baru", "source_district": "Daha Selatan", "student_total": 42.0, "teacher_total": 9.0, "staff_total": 1.0, "village_id": "63.06.07.2001", "village_name": "Muning Baru", "district_id": "63.06.07", "district_name": "Daha Selatan" }, "geometry": { "type": "Point", "coordinates": [ 115.15932, -2.68031 ] } },
{ "type": "Feature", "properties": { "facility_id": "school-30301749", "facility_type": "school", "facility_subtype": "SD", "facility_name": "SD NEGERI MUNING DALAM", "facility_code": "30301749", "address": "Jalan Printis Raya Km 20", "source_village": "Muning Dalam", "source_district": "Daha Selatan", "student_total": 49.0, "teacher_total": 8.0, "staff_total": 3.0, "village_id": "63.06.07.2002", "village_name": "Muning Dalam", "district_id": "63.06.07", "district_name": "Daha Selatan" }, "geometry": { "type": "Point", "coordinates": [ 115.0424, -2.767 ] } },
{ "type": "Feature", "properties": { "facility_id": "school-30301750", "facility_type": "school", "facility_subtype": "SD", "facility_name": "SD NEGERI MUNING TENGAH", "facility_code": "30301750", "address": "Jalan Negara Kandangan Km 3", "source_village": "Muning Tengah", "source_district": "Daha Selatan", "student_total": 135.0, "teacher_total": 8.0, "staff_total": 1.0, "village_id": "63.06.07.2003", "village_name": "Muning Tengah", "district_id": "63.06.07", "district_name": "Daha Selatan" }, "geometry": { "type": "Point", "coordinates": [ 115.1273, -2.6492 ] } },
{ "type": "Feature", "properties": { "facility_id": "school-30301740", "facility_type": "school", "facility_subtype": "SD", "facility_name": "SD NEGERI MURUNG RAYA", "facility_code": "30301740", "address": "Desa Murung Raya", "source_village": "Murung Raya", "source_district": "Daha Utara", "student_total": 86.0, "teacher_total": 8.0, "staff_total": 2.0, "village_id": "63.06.08.2007", "village_name": "Murung Raya", "district_id": "63.06.08", "district_name": "Daha Utara" }, "geometry": { "type": "Point", "coordinates": [ 115.1241, -2.624 ] } },
{ "type": "Feature", "properties": { "facility_id": "school-30301739", "facility_type": "school", "facility_subtype": "SD", "facility_name": "SD NEGERI PADANG SIMPUR", "facility_code": "30301739", "address": "TEBING TINGGI", "source_village": "Tebing Tinggi", "source_district": "Simpur", "student_total": 43.0, "teacher_total": 9.0, "staff_total": 3.0, "village_id": "63.06.06.2001", "village_name": "Tebing Tinggi", "district_id": "63.06.06", "district_name": "Simpur" }, "geometry": { "type": "Point", "coordinates": [ 115.197314, -2.81859 ] } },
{ "type": "Feature", "properties": { "facility_id": "school-30301732", "facility_type": "school", "facility_subtype": "SD", "facility_name": "SD NEGERI PAGAR HAUR", "facility_code": "30301732", "address": "Desa Jelatang", "source_village": "Jalatang", "source_district": "Padang Batung", "student_total": 36.0, "teacher_total": 8.0, "staff_total": 3.0, "village_id": "63.06.02.2014", "village_name": "Jelatang", "district_id": "63.06.02", "district_name": "Padang Batung" }, "geometry": { "type": "Point", "coordinates": [ 115.2902, -2.8511 ] } },
{ "type": "Feature", "properties": { "facility_id": "school-30301670", "facility_type": "school", "facility_subtype": "SD", "facility_name": "SD NEGERI PAMUJAAN", "facility_code": "30301670", "address": "Jalan Pamujaan", "source_village": "Simpur", "source_district": "Simpur", "student_total": 38.0, "teacher_total": 9.0, "staff_total": 4.0, "village_id": "63.06.06.2002", "village_name": "Simpur", "district_id": "63.06.06", "district_name": "Simpur" }, "geometry": { "type": "Point", "coordinates": [ 115.2112, -2.8272 ] } },
{ "type": "Feature", "properties": { "facility_id": "school-30301671", "facility_type": "school", "facility_subtype": "SD", "facility_name": "SD NEGERI PANDAN SARI", "facility_code": "30301671", "address": "Jalan Pandan Sari", "source_village": "Pandan Sari", "source_district": "Daha Selatan", "student_total": 101.0, "teacher_total": 7.0, "staff_total": 2.0, "village_id": "63.06.07.2006", "village_name": "Pandan Sari", "district_id": "63.06.07", "district_name": "Daha Selatan" }, "geometry": { "type": "Point", "coordinates": [ 115.1132, -2.6321 ] } },
{ "type": "Feature", "properties": { "facility_id": "school-30301672", "facility_type": "school", "facility_subtype": "SD", "facility_name": "SD NEGERI PANDULANGAN", "facility_code": "30301672", "address": "Pandulangan", "source_village": "Pandulangan", "source_district": "Padang Batung", "student_total": 76.0, "teacher_total": 8.0, "staff_total": 3.0, "village_id": "63.06.02.2004", "village_name": "Pandulangan", "district_id": "63.06.02", "district_name": "Padang Batung" }, "geometry": { "type": "Point", "coordinates": [ 115.2922, -2.7728 ] } },
{ "type": "Feature", "properties": { "facility_id": "school-30301675", "facility_type": "school", "facility_subtype": "SD", "facility_name": "SD NEGERI PANGGANDINGAN", "facility_code": "30301675", "address": "Jl. Herman", "source_village": "Panggandingan", "source_district": "Daha Utara", "student_total": 100.0, "teacher_total": 7.0, "staff_total": 3.0, "village_id": "63.06.08.2002", "village_name": "Panggandingan", "district_id": "63.06.08", "district_name": "Daha Utara" }, "geometry": { "type": "Point", "coordinates": [ 115.1009, -2.6292 ] } },
{ "type": "Feature", "properties": { "facility_id": "school-30301676", "facility_type": "school", "facility_subtype": "SD", "facility_name": "SD NEGERI PANGGANG HIJAU", "facility_code": "30301676", "address": "Panggang Hijau", "source_village": "Kayu Abang", "source_district": "Angkinang", "student_total": 50.0, "teacher_total": 9.0, "staff_total": 3.0, "village_id": "63.06.04.2004", "village_name": "Kayu Abang", "district_id": "63.06.04", "district_name": "Angkinang" }, "geometry": { "type": "Point", "coordinates": [ 115.2705, -2.6995 ] } },
{ "type": "Feature", "properties": { "facility_id": "school-30301677", "facility_type": "school", "facility_subtype": "SD", "facility_name": "SD NEGERI PANGGUNGAN", "facility_code": "30301677", "address": "Jln Bregjen H Hasan Basry", "source_village": "Panggungan", "source_district": "Loksado", "student_total": 37.0, "teacher_total": 8.0, "staff_total": 1.0, "village_id": "63.06.10.2002", "village_name": "Panggungan", "district_id": "63.06.10", "district_name": "Loksado" }, "geometry": { "type": "Point", "coordinates": [ 115.40042, -2.81945 ] } },
{ "type": "Feature", "properties": { "facility_id": "school-30301679", "facility_type": "school", "facility_subtype": "SD", "facility_name": "SD NEGERI PANGLIMA DAMBUNG", "facility_code": "30301679", "address": "Jl Brigjen H Hasan Basri", "source_village": "Padang Batung", "source_district": "Padang Batung", "student_total": 48.0, "teacher_total": 8.0, "staff_total": 3.0, "village_id": "63.06.02.2008", "village_name": "Padang Batung", "district_id": "63.06.02", "district_name": "Padang Batung" }, "geometry": { "type": "Point", "coordinates": [ 115.2961, -2.815 ] } },
{ "type": "Feature", "properties": { "facility_id": "school-30301668", "facility_type": "school", "facility_subtype": "SD", "facility_name": "SD NEGERI PANTAI ULIN", "facility_code": "30301668", "address": "Pantai Ulin", "source_village": "Pantai Ulin", "source_district": "Simpur", "student_total": 50.0, "teacher_total": 8.0, "staff_total": 2.0, "village_id": "63.06.06.2007", "village_name": "Pantai Ulin", "district_id": "63.06.06", "district_name": "Simpur" }, "geometry": { "type": "Point", "coordinates": [ 115.2195, -2.769 ] } },
{ "type": "Feature", "properties": { "facility_id": "school-30301657", "facility_type": "school", "facility_subtype": "SD", "facility_name": "SD NEGERI PARAMAIAN", "facility_code": "30301657", "address": "Jalan Lurung Bagus Rt 02 Rw 01", "source_village": "Paramaian", "source_district": "Daha Utara", "student_total": 39.0, "teacher_total": 7.0, "staff_total": 1.0, "village_id": "63.06.08.2005", "village_name": "Paramaian", "district_id": "63.06.08", "district_name": "Daha Utara" }, "geometry": { "type": "Point", "coordinates": [ 115.1001, -2.6141 ] } },
{ "type": "Feature", "properties": { "facility_id": "school-30301658", "facility_type": "school", "facility_subtype": "SD", "facility_name": "SD NEGERI PARIANGAN", "facility_code": "30301658", "address": "Desa Pariangan", "source_village": "Batu Bini", "source_district": "Padang Batung", "student_total": 56.0, "teacher_total": 9.0, "staff_total": 3.0, "village_id": "63.06.02.2010", "village_name": "Batu Bini", "district_id": "63.06.02", "district_name": "Padang Batung" }, "geometry": { "type": "Point", "coordinates": [ 115.342, -2.8375 ] } },
{ "type": "Feature", "properties": { "facility_id": "school-30301661", "facility_type": "school", "facility_subtype": "SD", "facility_name": "SD NEGERI PARING AGUNG", "facility_code": "30301661", "address": "Paring Agung", "source_village": "Paring Agung", "source_district": "Sungai Raya", "student_total": 22.0, "teacher_total": 6.0, "staff_total": 2.0, "village_id": "63.06.01.2017", "village_name": "Paring Agung", "district_id": "63.06.01", "district_name": "Sungai Raya" }, "geometry": { "type": "Point", "coordinates": [ 115.2309, -2.8368 ] } },
{ "type": "Feature", "properties": { "facility_id": "school-30301682", "facility_type": "school", "facility_subtype": "SD", "facility_name": "SD NEGERI SARANG HALANG", "facility_code": "30301682", "address": "Jl. Sarang Halang", "source_village": "Sarang Halang", "source_district": "Sungai Raya", "student_total": 51.0, "teacher_total": 6.0, "staff_total": 1.0, "village_id": "63.06.01.2016", "village_name": "Sarang Halang", "district_id": "63.06.01", "district_name": "Sungai Raya" }, "geometry": { "type": "Point", "coordinates": [ 115.2428, -2.8201 ] } },
{ "type": "Feature", "properties": { "facility_id": "school-30314299", "facility_type": "school", "facility_subtype": "SD", "facility_name": "SD NEGERI SARANG HALANG PADANG", "facility_code": "30314299", "address": "Sarang Halang Padang", "source_village": "Sarang Halang", "source_district": "Sungai Raya", "student_total": 38.0, "teacher_total": 8.0, "staff_total": 0.0, "village_id": "63.06.01.2016", "village_name": "Sarang Halang", "district_id": "63.06.01", "district_name": "Sungai Raya" }, "geometry": { "type": "Point", "coordinates": [ 115.232, -2.8274 ] } },
{ "type": "Feature", "properties": { "facility_id": "school-30301701", "facility_type": "school", "facility_subtype": "SD", "facility_name": "SD NEGERI SIANG GANTUNG", "facility_code": "30301701", "address": "Jalan Desa Siang Gantung", "source_village": "Siang Gantung", "source_district": "Daha Barat", "student_total": 128.0, "teacher_total": 8.0, "staff_total": 3.0, "village_id": "63.06.11.2001", "village_name": "Siang Gantung", "district_id": "63.06.11", "district_name": "Daha Barat" }, "geometry": { "type": "Point", "coordinates": [ 115.0674, -2.6703 ] } },
{ "type": "Feature", "properties": { "facility_id": "school-30301703", "facility_type": "school", "facility_subtype": "SD", "facility_name": "SD NEGERI SIMPUR", "facility_code": "30301703", "address": "Jl. Bukhari", "source_village": "Simpur", "source_district": "Simpur", "student_total": 50.0, "teacher_total": 8.0, "staff_total": 2.0, "village_id": "63.06.06.2002", "village_name": "Simpur", "district_id": "63.06.06", "district_name": "Simpur" }, "geometry": { "type": "Point", "coordinates": [ 115.2065, -2.8152 ] } },
{ "type": "Feature", "properties": { "facility_id": "school-30301695", "facility_type": "school", "facility_subtype": "SD", "facility_name": "SD NEGERI SUNGAI GARUDA", "facility_code": "30301695", "address": "Jalan Garuda", "source_village": "Sungai Garuda", "source_district": "Daha Utara", "student_total": 114.0, "teacher_total": 8.0, "staff_total": 4.0, "village_id": "63.06.08.2009", "village_name": "Sungai Garuda", "district_id": "63.06.08", "district_name": "Daha Utara" }, "geometry": { "type": "Point", "coordinates": [ 115.1112, -2.6309 ] } },
{ "type": "Feature", "properties": { "facility_id": "school-30301692", "facility_type": "school", "facility_subtype": "SD", "facility_name": "SD NEGERI SUNGAI HAJI", "facility_code": "30301692", "address": "Jalan Sungai Haji Dalam RT.05", "source_village": "Hakurung", "source_district": "Daha Utara", "student_total": 71.0, "teacher_total": 7.0, "staff_total": 3.0, "village_id": null, "village_name": null, "district_id": null, "district_name": null }, "geometry": { "type": "Point", "coordinates": [ 115.13058, -2.5392 ] } },
{ "type": "Feature", "properties": { "facility_id": "school-30301683", "facility_type": "school", "facility_subtype": "SD", "facility_name": "SD NEGERI SUNGAI HANYAR", "facility_code": "30301683", "address": "Jln. Pandan Sari", "source_village": "Angkinang", "source_district": "Angkinang", "student_total": 74.0, "teacher_total": 8.0, "staff_total": 4.0, "village_id": "63.06.04.2005", "village_name": "Angkinang", "district_id": "63.06.04", "district_name": "Angkinang" }, "geometry": { "type": "Point", "coordinates": [ 115.2953, -2.7307 ] } },
{ "type": "Feature", "properties": { "facility_id": "school-30301686", "facility_type": "school", "facility_subtype": "SD", "facility_name": "SD NEGERI SUNGAI KALI", "facility_code": "30301686", "address": "Jl. Sungai Kali", "source_village": "Sungai Kali", "source_district": "Sungai Raya", "student_total": 37.0, "teacher_total": 7.0, "staff_total": 4.0, "village_id": "63.06.01.2015", "village_name": "Sungai Kali", "district_id": "63.06.01", "district_name": "Sungai Raya" }, "geometry": { "type": "Point", "coordinates": [ 115.2225, -2.8451 ] } },
{ "type": "Feature", "properties": { "facility_id": "school-30301704", "facility_type": "school", "facility_subtype": "SD", "facility_name": "SD NEGERI SUNGAI MANDALA", "facility_code": "30301704", "address": "Jalan Keramat Habib Iberahim", "source_village": "Sungai Mandala", "source_district": "Daha Utara", "student_total": 87.0, "teacher_total": 7.0, "staff_total": 1.0, "village_id": "63.06.08.2010", "village_name": "Sungai Mandala", "district_id": "63.06.08", "district_name": "Daha Utara" }, "geometry": { "type": "Point", "coordinates": [ 115.1093, -2.6289 ] } },
{ "type": "Feature", "properties": { "facility_id": "school-30301817", "facility_type": "school", "facility_subtype": "SD", "facility_name": "SD NEGERI SUNGAI RAYA TENGAH", "facility_code": "30301817", "address": "Jl Jend Sudirman Km 5.5", "source_village": "Sungai Raya Utara", "source_district": "Sungai Raya", "student_total": 115.0, "teacher_total": 8.0, "staff_total": 4.0, "village_id": "63.06.01.2004", "village_name": "Sungai Raya Utara", "district_id": "63.06.01", "district_name": "Sungai Raya" }, "geometry": { "type": "Point", "coordinates": [ 115.2517, -2.8323 ] } },
{ "type": "Feature", "properties": { "facility_id": "school-30301818", "facility_type": "school", "facility_subtype": "SD", "facility_name": "SD NEGERI SUNGAI RAYA UTARA", "facility_code": "30301818", "address": "Jl Vetran No 12", "source_village": "Sungai Raya Utara", "source_district": "Sungai Raya", "student_total": 33.0, "teacher_total": 8.0, "staff_total": 2.0, "village_id": "63.06.01.2004", "village_name": "Sungai Raya Utara", "district_id": "63.06.01", "district_name": "Sungai Raya" }, "geometry": { "type": "Point", "coordinates": [ 115.2514, -2.8274 ] } },
{ "type": "Feature", "properties": { "facility_id": "school-30301820", "facility_type": "school", "facility_subtype": "SD", "facility_name": "SD NEGERI TABIHI KANAN", "facility_code": "30301820", "address": "Jl. Gerilya", "source_village": "Karang Jawa Muka", "source_district": "Padang Batung", "student_total": 65.0, "teacher_total": 8.0, "staff_total": 4.0, "village_id": "63.06.02.2001", "village_name": "Karang Jawa Muka", "district_id": "63.06.02", "district_name": "Padang Batung" }, "geometry": { "type": "Point", "coordinates": [ 115.2784, -2.7716 ] } },
{ "type": "Feature", "properties": { "facility_id": "school-30301803", "facility_type": "school", "facility_subtype": "SD", "facility_name": "SD NEGERI TAMBAK PIPI.I", "facility_code": "30301803", "address": "Jl.Tambak Pipi,i RT 04/II", "source_village": "Batu Laki", "source_district": "Padang Batung", "student_total": 35.0, "teacher_total": 7.0, "staff_total": 1.0, "village_id": "63.06.02.2015", "village_name": "Batu Laki", "district_id": "63.06.02", "district_name": "Padang Batung" }, "geometry": { "type": "Point", "coordinates": [ 115.3118, -2.90706 ] } },
{ "type": "Feature", "properties": { "facility_id": "school-30301808", "facility_type": "school", "facility_subtype": "SD", "facility_name": "SD NEGERI TAMBINGKAR", "facility_code": "30301808", "address": "Jln.Bukhari.Km 13.5", "source_village": "Tambingkar", "source_district": "Kalumpang", "student_total": 45.0, "teacher_total": 7.0, "staff_total": 4.0, "village_id": "63.06.09.2007", "village_name": "Tambingkar", "district_id": "63.06.09", "district_name": "Kalumpang" }, "geometry": { "type": "Point", "coordinates": [ 115.1666, -2.8205 ] } },
{ "type": "Feature", "properties": { "facility_id": "school-30301810", "facility_type": "school", "facility_subtype": "SD", "facility_name": "SD NEGERI TAMIANG", "facility_code": "30301810", "address": "Jl. Ujung Asam RT.4 RW.2", "source_village": "Tamiyang", "source_district": "Sungai Raya", "student_total": 50.0, "teacher_total": 6.0, "staff_total": 3.0, "village_id": "63.06.01.2013", "village_name": "Tamiyang", "district_id": "63.06.01", "district_name": "Sungai Raya" }, "geometry": { "type": "Point", "coordinates": [ 115.1847, -2.8461 ] } },
{ "type": "Feature", "properties": { "facility_id": "school-30301823", "facility_type": "school", "facility_subtype": "SD", "facility_name": "SD NEGERI TAMPANG", "facility_code": "30301823", "address": "Jl. Tampang", "source_village": "Batang Kulur Kanan", "source_district": "Sungai Raya", "student_total": 48.0, "teacher_total": 8.0, "staff_total": 3.0, "village_id": "63.06.01.2011", "village_name": "Batang Kulur Kanan", "district_id": "63.06.01", "district_name": "Sungai Raya" }, "geometry": { "type": "Point", "coordinates": [ 115.21537, -2.85387 ] } },
{ "type": "Feature", "properties": { "facility_id": "school-30301824", "facility_type": "school", "facility_subtype": "SD", "facility_name": "SD NEGERI TANAH BANGKANG", "facility_code": "30301824", "address": "TANAH BANGKANG", "source_village": "Tanah Bangkang", "source_district": "Sungai Raya", "student_total": 36.0, "teacher_total": 8.0, "staff_total": 1.0, "village_id": "63.06.01.2018", "village_name": "Tanah Bangkang", "district_id": "63.06.01", "district_name": "Sungai Raya" }, "geometry": { "type": "Point", "coordinates": [ 115.2688, -2.8303 ] } },
{ "type": "Feature", "properties": { "facility_id": "school-30301837", "facility_type": "school", "facility_subtype": "SD", "facility_name": "SD NEGERI TANIRAN TENGAH", "facility_code": "30301837", "address": "Jl. Anjir Rantauan", "source_village": "Taniran Selatan", "source_district": "Angkinang", "student_total": 32.0, "teacher_total": 8.0, "staff_total": 2.0, "village_id": "63.06.04.2010", "village_name": "Taniran Selatan", "district_id": "63.06.04", "district_name": "Angkinang" }, "geometry": { "type": "Point", "coordinates": [ 115.2644, -2.7446 ] } },
{ "type": "Feature", "properties": { "facility_id": "school-30301838", "facility_type": "school", "facility_subtype": "SD", "facility_name": "SD NEGERI TANIRAN UTARA", "facility_code": "30301838", "address": "Jl.keramat Desa Taniran Kubah", "source_village": "Taniran Kubah", "source_district": "Angkinang", "student_total": 57.0, "teacher_total": 7.0, "staff_total": 2.0, "village_id": "63.06.04.2009", "village_name": "Taniran Kubah", "district_id": "63.06.04", "district_name": "Angkinang" }, "geometry": { "type": "Point", "coordinates": [ 115.268, -2.7345 ] } },
{ "type": "Feature", "properties": { "facility_id": "school-30301841", "facility_type": "school", "facility_subtype": "SD", "facility_name": "SD NEGERI TANJUNG SELOR", "facility_code": "30301841", "address": "Jalan Pangambang RT.002/RW.001", "source_village": "Tanjung Selor", "source_district": "Daha Barat", "student_total": 160.0, "teacher_total": 9.0, "staff_total": 3.0, "village_id": "63.06.11.2003", "village_name": "Tanjung Selor", "district_id": "63.06.11", "district_name": "Daha Barat" }, "geometry": { "type": "Point", "coordinates": [ 115.0399, -2.6904 ] } },
{ "type": "Feature", "properties": { "facility_id": "school-30301842", "facility_type": "school", "facility_subtype": "SD", "facility_name": "SD NEGERI TANUHI", "facility_code": "30301842", "address": "Jl Brigjen H Hasan Basry", "source_village": "Hulu Banyu", "source_district": "Loksado", "student_total": 75.0, "teacher_total": 7.0, "staff_total": 1.0, "village_id": "63.06.10.2005", "village_name": "Hulu Banyu", "district_id": "63.06.10", "district_name": "Loksado" }, "geometry": { "type": "Point", "coordinates": [ 115.4512, -2.7983 ] } },
{ "type": "Feature", "properties": { "facility_id": "school-30301844", "facility_type": "school", "facility_subtype": "SD", "facility_name": "SD NEGERI TAWIA BARAT", "facility_code": "30301844", "address": "Jalan Tawia", "source_village": "Tawia", "source_district": "Angkinang", "student_total": 66.0, "teacher_total": 9.0, "staff_total": 3.0, "village_id": "63.06.04.2008", "village_name": "Tawia", "district_id": "63.06.04", "district_name": "Angkinang" }, "geometry": { "type": "Point", "coordinates": [ 115.2771, -2.7254 ] } },
{ "type": "Feature", "properties": { "facility_id": "school-30301835", "facility_type": "school", "facility_subtype": "SD", "facility_name": "SD NEGERI TAYUB", "facility_code": "30301835", "address": "Tayub", "source_village": "Madang", "source_district": "Padang Batung", "student_total": 47.0, "teacher_total": 8.0, "staff_total": 2.0, "village_id": "63.06.02.2012", "village_name": "Madang", "district_id": "63.06.02", "district_name": "Padang Batung" }, "geometry": { "type": "Point", "coordinates": [ 115.3323147, -2.7959672 ] } },
{ "type": "Feature", "properties": { "facility_id": "school-30301825", "facility_type": "school", "facility_subtype": "SD", "facility_name": "SD NEGERI TELAGA LANGSAT", "facility_code": "30301825", "address": "Jalan Sulaiman Said", "source_village": "Telaga Langsat", "source_district": "Telaga Langsat", "student_total": 65.0, "teacher_total": 8.0, "staff_total": 4.0, "village_id": "63.06.03.2002", "village_name": "Telaga Langsat", "district_id": "63.06.03", "district_name": "Telaga Langsat" }, "geometry": { "type": "Point", "coordinates": [ 115.3313, -2.7328 ] } },
{ "type": "Feature", "properties": { "facility_id": "school-30301826", "facility_type": "school", "facility_subtype": "SD", "facility_name": "SD NEGERI TELAGA SILI-SILI", "facility_code": "30301826", "address": "Telaga Sili-sili", "source_village": "Telaga Sili Sili", "source_district": "Angkinang", "student_total": 81.0, "teacher_total": 8.0, "staff_total": 3.0, "village_id": "63.06.04.2006", "village_name": "Telaga Sili-Sili", "district_id": "63.06.04", "district_name": "Angkinang" }, "geometry": { "type": "Point", "coordinates": [ 115.3055, -2.7522 ] } },
{ "type": "Feature", "properties": { "facility_id": "school-30301827", "facility_type": "school", "facility_subtype": "SD", "facility_name": "SD NEGERI TELUK PINANG", "facility_code": "30301827", "address": "Jl. Teluk Pinang", "source_village": "Karasikan", "source_district": "Sungai Raya", "student_total": 20.0, "teacher_total": 8.0, "staff_total": 3.0, "village_id": "63.06.01.2003", "village_name": "Karasikan", "district_id": "63.06.01", "district_name": "Sungai Raya" }, "geometry": { "type": "Point", "coordinates": [ 115.265, -2.8151 ] } },
{ "type": "Feature", "properties": { "facility_id": "school-30301828", "facility_type": "school", "facility_subtype": "SD", "facility_name": "SD NEGERI THOBA", "facility_code": "30301828", "address": "Jalan Thoba", "source_village": "Wasah Hulu", "source_district": "Simpur", "student_total": 51.0, "teacher_total": 8.0, "staff_total": 2.0, "village_id": "63.06.06.2008", "village_name": "Wasah Hulu", "district_id": "63.06.06", "district_name": "Simpur" }, "geometry": { "type": "Point", "coordinates": [ 115.241, -2.7943 ] } },
{ "type": "Feature", "properties": { "facility_id": "school-30301831", "facility_type": "school", "facility_subtype": "SD", "facility_name": "SD NEGERI TUMBUKAN BANYU", "facility_code": "30301831", "address": "Jalan Musyawarah", "source_village": "Tumbukan Banyu", "source_district": "Daha Selatan", "student_total": 119.0, "teacher_total": 8.0, "staff_total": 3.0, "village_id": "63.06.07.2008", "village_name": "Tumbukan Banyu", "district_id": "63.06.07", "district_name": "Daha Selatan" }, "geometry": { "type": "Point", "coordinates": [ 115.1053, -2.634 ] } },
{ "type": "Feature", "properties": { "facility_id": "school-30301846", "facility_type": "school", "facility_subtype": "SD", "facility_name": "SD NEGERI ULIN", "facility_code": "30301846", "address": "Jalan Singa Jaya", "source_village": "Ulin", "source_district": "Simpur", "student_total": 42.0, "teacher_total": 9.0, "staff_total": 4.0, "village_id": "63.06.06.2006", "village_name": "Ulin", "district_id": "63.06.06", "district_name": "Simpur" }, "geometry": { "type": "Point", "coordinates": [ 115.2219, -2.7879 ] } },
{ "type": "Feature", "properties": { "facility_id": "school-30301765", "facility_type": "school", "facility_subtype": "SD", "facility_name": "SD NEGERI WASAH HULU", "facility_code": "30301765", "address": "Jalan Bukhari Km 4", "source_village": "Wasah Hulu", "source_district": "Simpur", "student_total": 46.0, "teacher_total": 8.0, "staff_total": 3.0, "village_id": "63.06.06.2008", "village_name": "Wasah Hulu", "district_id": "63.06.06", "district_name": "Simpur" }, "geometry": { "type": "Point", "coordinates": [ 115.2329, -2.7884 ] } },
{ "type": "Feature", "properties": { "facility_id": "school-30301766", "facility_type": "school", "facility_subtype": "SD", "facility_name": "SD NEGERI WASAH TENGAH", "facility_code": "30301766", "address": "Jalan Bukhari", "source_village": "Wasah Tengah", "source_district": "Simpur", "student_total": 42.0, "teacher_total": 9.0, "staff_total": 2.0, "village_id": "63.06.06.2009", "village_name": "Wasah Tengah", "district_id": "63.06.06", "district_name": "Simpur" }, "geometry": { "type": "Point", "coordinates": [ 115.22362, -2.80343 ] } },
{ "type": "Feature", "properties": { "facility_id": "school-30301767", "facility_type": "school", "facility_subtype": "SD", "facility_name": "SD NEGERI WAWARAN", "facility_code": "30301767", "address": "Taniran Kubah", "source_village": "Taniran Kubah", "source_district": "Angkinang", "student_total": 110.0, "teacher_total": 8.0, "staff_total": 4.0, "village_id": "63.06.04.2009", "village_name": "Taniran Kubah", "district_id": "63.06.04", "district_name": "Angkinang" }, "geometry": { "type": "Point", "coordinates": [ 115.2514, -2.7273 ] } },
{ "type": "Feature", "properties": { "facility_id": "school-30314147", "facility_type": "school", "facility_subtype": "SD", "facility_name": "SDIT QURRATA AYUN", "facility_code": "30314147", "address": "Jl.A.Yani RT 09/LK.V", "source_village": "Kandangan Barat", "source_district": "Kandangan", "student_total": 378.0, "teacher_total": 27.0, "staff_total": 4.0, "village_id": "63.06.05.1003", "village_name": "Kandangan Barat", "district_id": "63.06.05", "district_name": "Kandangan" }, "geometry": { "type": "Point", "coordinates": [ 115.265372, -2.768878 ] } },
{ "type": "Feature", "properties": { "facility_id": "school-69867732", "facility_type": "school", "facility_subtype": "SMP", "facility_name": "SMP AL BALADUL AMIN", "facility_code": "69867732", "address": "JL. Mandala Permai", "source_village": "Mandala", "source_district": "Telaga Langsat", "student_total": 300.0, "teacher_total": 11.0, "staff_total": 1.0, "village_id": "63.06.03.2003", "village_name": "Mandala", "district_id": "63.06.03", "district_name": "Telaga Langsat" }, "geometry": { "type": "Point", "coordinates": [ 115.335516699999985, -2.7439533 ] } },
{ "type": "Feature", "properties": { "facility_id": "school-69971809", "facility_type": "school", "facility_subtype": "SMP", "facility_name": "SMP BAJAYAU LESTARI", "facility_code": "69971809", "address": "PT. SAM Desa Bajayau Kec. Daha Barat", "source_village": "Bajayau", "source_district": "Daha Barat", "student_total": 49.0, "teacher_total": 8.0, "staff_total": 1.0, "village_id": "63.06.11.2002", "village_name": "Baru", "district_id": "63.06.11", "district_name": "Daha Barat" }, "geometry": { "type": "Point", "coordinates": [ 114.959, -2.6499 ] } },
{ "type": "Feature", "properties": { "facility_id": "school-30301773", "facility_type": "school", "facility_subtype": "SMP", "facility_name": "SMP IBNU MAS.UD PUTERI", "facility_code": "30301773", "address": "Jalan Jenderal Sudirman KM. 9 Sungai Raya", "source_village": "Hariti", "source_district": "Sungai Raya", "student_total": 68.0, "teacher_total": 6.0, "staff_total": 4.0, "village_id": "63.06.01.2006", "village_name": "Hariti", "district_id": "63.06.01", "district_name": "Sungai Raya" }, "geometry": { "type": "Point", "coordinates": [ 115.2404, -2.8598 ] } },
{ "type": "Feature", "properties": { "facility_id": "school-69955187", "facility_type": "school", "facility_subtype": "SMP", "facility_name": "SMP ISLAM TERPADU TARBIYATUL FURQAN", "facility_code": "69955187", "address": "Jl. Kapten Piere Tendean Komp. Pulalayan", "source_village": "Jambu Hilir", "source_district": "Kandangan", "student_total": 64.0, "teacher_total": 10.0, "staff_total": 1.0, "village_id": "63.06.05.1004", "village_name": "Jambu Hilir", "district_id": "63.06.05", "district_name": "Kandangan" }, "geometry": { "type": "Point", "coordinates": [ 115.2710467, -2.7912183 ] } },
{ "type": "Feature", "properties": { "facility_id": "school-30301755", "facility_type": "school", "facility_subtype": "SMP", "facility_name": "SMP NEGERI 1 ANGKINANG", "facility_code": "30301755", "address": "Jl. Jend. A. Yani Km.8,5 Angkinang", "source_village": "Angkinang", "source_district": "Angkinang", "student_total": 61.0, "teacher_total": 11.0, "staff_total": 4.0, "village_id": "63.06.04.2005", "village_name": "Angkinang", "district_id": "63.06.04", "district_name": "Angkinang" }, "geometry": { "type": "Point", "coordinates": [ 115.2921, -2.7292 ] } },
{ "type": "Feature", "properties": { "facility_id": "school-30301792", "facility_type": "school", "facility_subtype": "SMP", "facility_name": "SMP NEGERI 1 DAHA BARAT", "facility_code": "30301792", "address": "Jalan Bajayau Ds. Bajayau Daha Barat", "source_village": "Bajayau", "source_district": "Daha Barat", "student_total": 175.0, "teacher_total": 10.0, "staff_total": 3.0, "village_id": "63.06.11.2005", "village_name": "Bajayau", "district_id": "63.06.11", "district_name": "Daha Barat" }, "geometry": { "type": "Point", "coordinates": [ 115.0156, -2.6924 ] } },
{ "type": "Feature", "properties": { "facility_id": "school-30301756", "facility_type": "school", "facility_subtype": "SMP", "facility_name": "SMP NEGERI 1 DAHA SELATAN", "facility_code": "30301756", "address": "Jl. Bintara Bayanan", "source_village": "Bayanan", "source_district": "Daha Selatan", "student_total": 253.0, "teacher_total": 17.0, "staff_total": 2.0, "village_id": "63.06.07.2005", "village_name": "Bayanan", "district_id": "63.06.07", "district_name": "Daha Selatan" }, "geometry": { "type": "Point", "coordinates": [ 115.1085, -2.6342 ] } },
{ "type": "Feature", "properties": { "facility_id": "school-30301757", "facility_type": "school", "facility_subtype": "SMP", "facility_name": "SMP NEGERI 1 DAHA UTARA", "facility_code": "30301757", "address": "Jalan Keramat Gang 2 Pakan Dalam", "source_village": "Pakan Dalam", "source_district": "Daha Utara", "student_total": 92.0, "teacher_total": 10.0, "staff_total": 4.0, "village_id": "63.06.08.2004", "village_name": "Pakan Dalam", "district_id": "63.06.08", "district_name": "Daha Utara" }, "geometry": { "type": "Point", "coordinates": [ 115.1004, -2.6193 ] } },
{ "type": "Feature", "properties": { "facility_id": "school-30301758", "facility_type": "school", "facility_subtype": "SMP", "facility_name": "SMP NEGERI 1 KALUMPANG", "facility_code": "30301758", "address": "Jalan Datu Durabo Kec. Kalumpang", "source_village": "Kalumpang", "source_district": "Kalumpang", "student_total": 274.0, "teacher_total": 14.0, "staff_total": 2.0, "village_id": "63.06.09.2006", "village_name": "Kalumpang", "district_id": "63.06.09", "district_name": "Kalumpang" }, "geometry": { "type": "Point", "coordinates": [ 115.160432610450471, -2.823906652441321 ] } },
{ "type": "Feature", "properties": { "facility_id": "school-30301759", "facility_type": "school", "facility_subtype": "SMP", "facility_name": "SMP NEGERI 1 KANDANGAN", "facility_code": "30301759", "address": "Jl. Panglima Batur", "source_village": "Kandangan Kota", "source_district": "Kandangan", "student_total": 465.0, "teacher_total": 33.0, "staff_total": 8.0, "village_id": "63.06.05.1001", "village_name": "Kandangan Kota", "district_id": "63.06.05", "district_name": "Kandangan" }, "geometry": { "type": "Point", "coordinates": [ 115.265516, -2.782352 ] } },
{ "type": "Feature", "properties": { "facility_id": "school-30311739", "facility_type": "school", "facility_subtype": "SMP", "facility_name": "SMP NEGERI 1 LOKSADO", "facility_code": "30311739", "address": "Jl. Brigjend. H. Hasan Basery Km. 38,5 Loksado", "source_village": "Loksado", "source_district": "Loksado", "student_total": 200.0, "teacher_total": 19.0, "staff_total": 6.0, "village_id": "63.06.10.2009", "village_name": "Loksado", "district_id": "63.06.10", "district_name": "Loksado" }, "geometry": { "type": "Point", "coordinates": [ 115.4969, -2.7953 ] } },
{ "type": "Feature", "properties": { "facility_id": "school-30301761", "facility_type": "school", "facility_subtype": "SMP", "facility_name": "SMP NEGERI 1 PADANG BATUNG", "facility_code": "30301761", "address": "Jl.Gerilya Karang Jawa Muka", "source_village": "Karang Jawa", "source_district": "Padang Batung", "student_total": 223.0, "teacher_total": 18.0, "staff_total": 9.0, "village_id": "63.06.02.2017", "village_name": "Malilingin", "district_id": "63.06.02", "district_name": "Padang Batung" }, "geometry": { "type": "Point", "coordinates": [ 115.323, -2.8526 ] } },
{ "type": "Feature", "properties": { "facility_id": "school-30301774", "facility_type": "school", "facility_subtype": "SMP", "facility_name": "SMP NEGERI 1 SIMPUR", "facility_code": "30301774", "address": "Jl. Dharma Desa Wasah Hilir Simpur", "source_village": "Wasah Hilir", "source_district": "Simpur", "student_total": 65.0, "teacher_total": 14.0, "staff_total": 5.0, "village_id": "63.06.06.2010", "village_name": "Wasah Hilir", "district_id": "63.06.06", "district_name": "Simpur" }, "geometry": { "type": "Point", "coordinates": [ 115.2182, -2.8125 ] } },
{ "type": "Feature", "properties": { "facility_id": "school-30301775", "facility_type": "school", "facility_subtype": "SMP", "facility_name": "SMP NEGERI 1 SUNGAI RAYA", "facility_code": "30301775", "address": "Jl.Pembangunan Km 5.5 Sungai Raya", "source_village": "Sungai Raya Utara", "source_district": "Sungai Raya", "student_total": 63.0, "teacher_total": 10.0, "staff_total": 4.0, "village_id": "63.06.01.2010", "village_name": "Batang Kulur Tengah", "district_id": "63.06.01", "district_name": "Sungai Raya" }, "geometry": { "type": "Point", "coordinates": [ 115.241, -2.8502 ] } },
{ "type": "Feature", "properties": { "facility_id": "school-30301790", "facility_type": "school", "facility_subtype": "SMP", "facility_name": "SMP NEGERI 1 TELAGA LANGSAT", "facility_code": "30301790", "address": "Jl. Tugu 17 Mei Kec. Telaga Langsat", "source_village": "Telaga Langsat", "source_district": "Telaga Langsat", "student_total": 663.0, "teacher_total": 18.0, "staff_total": 7.0, "village_id": "63.06.03.2002", "village_name": "Telaga Langsat", "district_id": "63.06.03", "district_name": "Telaga Langsat" }, "geometry": { "type": "Point", "coordinates": [ 115.325134606319949, -2.731225008933129 ] } },
{ "type": "Feature", "properties": { "facility_id": "school-30301791", "facility_type": "school", "facility_subtype": "SMP", "facility_name": "SMP NEGERI 2 ANGKINANG", "facility_code": "30301791", "address": "Jl. Jend. A. Yani, Bamban Selatan, HSS", "source_village": "Bamban", "source_district": "Angkinang", "student_total": 204.0, "teacher_total": 16.0, "staff_total": 5.0, "village_id": "63.06.04.2007", "village_name": "Angkinang Selatan", "district_id": "63.06.04", "district_name": "Angkinang" }, "geometry": { "type": "Point", "coordinates": [ 115.2908, -2.7334 ] } },
{ "type": "Feature", "properties": { "facility_id": "school-30301793", "facility_type": "school", "facility_subtype": "SMP", "facility_name": "SMP NEGERI 2 DAHA UTARA", "facility_code": "30301793", "address": "Jl. KH. M. Thaib Baruh Kembang", "source_village": "Baruh Kembang", "source_district": "Daha Utara", "student_total": 38.0, "teacher_total": 11.0, "staff_total": 6.0, "village_id": "63.06.08.2012", "village_name": "Baruh Kembang", "district_id": "63.06.08", "district_name": "Daha Utara" }, "geometry": { "type": "Point", "coordinates": [ 115.104594035104299, -2.616804623626963 ] } },
{ "type": "Feature", "properties": { "facility_id": "school-30301794", "facility_type": "school", "facility_subtype": "SMP", "facility_name": "SMP NEGERI 2 KANDANGAN", "facility_code": "30301794", "address": "Jl. Aluh Idut No. 48 Kandangan Kota", "source_village": "Kandangan Kota", "source_district": "Kandangan", "student_total": 153.0, "teacher_total": 16.0, "staff_total": 5.0, "village_id": "63.06.05.1001", "village_name": "Kandangan Kota", "district_id": "63.06.05", "district_name": "Kandangan" }, "geometry": { "type": "Point", "coordinates": [ 115.267935, -2.7813383 ] } },
{ "type": "Feature", "properties": { "facility_id": "school-30314209", "facility_type": "school", "facility_subtype": "SMP", "facility_name": "SMP NEGERI 2 LOKSADO", "facility_code": "30314209", "address": "Jl Brigjend. H. Hassan Basry Km 31,5", "source_village": "Malinau", "source_district": "Loksado", "student_total": 52.0, "teacher_total": 10.0, "staff_total": 2.0, "village_id": "63.06.10.2003", "village_name": "Lumpangi", "district_id": "63.06.10", "district_name": "Loksado" }, "geometry": { "type": "Point", "coordinates": [ 115.419, -2.8184 ] } },
{ "type": "Feature", "properties": { "facility_id": "school-30301795", "facility_type": "school", "facility_subtype": "SMP", "facility_name": "SMP NEGERI 2 PADANG BATUNG", "facility_code": "30301795", "address": "Jl. Telaga Raya Padang Batung", "source_village": "Padang Batung", "source_district": "Padang Batung", "student_total": 731.0, "teacher_total": 19.0, "staff_total": 5.0, "village_id": "63.06.02.2008", "village_name": "Padang Batung", "district_id": "63.06.02", "district_name": "Padang Batung" }, "geometry": { "type": "Point", "coordinates": [ 115.3025, -2.8211 ] } },
{ "type": "Feature", "properties": { "facility_id": "school-30301796", "facility_type": "school", "facility_subtype": "SMP", "facility_name": "SMP NEGERI 2 SUNGAI RAYA", "facility_code": "30301796", "address": "JL. Sungai Kali No. 37 RT.2 RK.I Sungai Raya", "source_village": "Sungai Kali", "source_district": "Sungai Raya", "student_total": 51.0, "teacher_total": 10.0, "staff_total": 5.0, "village_id": "63.06.01.2015", "village_name": "Sungai Kali", "district_id": "63.06.01", "district_name": "Sungai Raya" }, "geometry": { "type": "Point", "coordinates": [ 115.2197, -2.8401 ] } },
{ "type": "Feature", "properties": { "facility_id": "school-30301797", "facility_type": "school", "facility_subtype": "SMP", "facility_name": "SMP NEGERI 2 TELAGA LANGSAT", "facility_code": "30301797", "address": "Desa Hamak Timur", "source_village": "Hamak Timur", "source_district": "Telaga Langsat", "student_total": 41.0, "teacher_total": 12.0, "staff_total": 3.0, "village_id": "63.06.03.2006", "village_name": "Hamak Timur", "district_id": "63.06.03", "district_name": "Telaga Langsat" }, "geometry": { "type": "Point", "coordinates": [ 115.370265689460069, -2.770340470994441 ] } },
{ "type": "Feature", "properties": { "facility_id": "school-30313116", "facility_type": "school", "facility_subtype": "SMP", "facility_name": "SMP NEGERI 3 DAHA SELATAN", "facility_code": "30313116", "address": "Daha Selatan", "source_village": "Samuda", "source_district": "Daha Selatan", "student_total": 64.0, "teacher_total": 10.0, "staff_total": 3.0, "village_id": "63.06.07.2016", "village_name": "Samuda", "district_id": "63.06.07", "district_name": "Daha Selatan" }, "geometry": { "type": "Point", "coordinates": [ 115.070187850481034, -2.628597399324057 ] } },
{ "type": "Feature", "properties": { "facility_id": "school-30301798", "facility_type": "school", "facility_subtype": "SMP", "facility_name": "SMP NEGERI 3 DAHA UTARA", "facility_code": "30301798", "address": "Jl. Hakurung Dalam No 78 RT 4 RW 2", "source_village": "Hakurung", "source_district": "Daha Utara", "student_total": 43.0, "teacher_total": 10.0, "staff_total": 4.0, "village_id": "63.06.08.2019", "village_name": "Hakurung", "district_id": "63.06.08", "district_name": "Daha Utara" }, "geometry": { "type": "Point", "coordinates": [ 115.1248, -2.5541 ] } },
{ "type": "Feature", "properties": { "facility_id": "school-30301788", "facility_type": "school", "facility_subtype": "SMP", "facility_name": "SMP NEGERI 3 KANDANGAN", "facility_code": "30301788", "address": "Jl. Brigjend. Katamso No.1 Kandangan Barat", "source_village": "Kandangan Barat", "source_district": "Kandangan", "student_total": 167.0, "teacher_total": 17.0, "staff_total": 8.0, "village_id": "63.06.05.1003", "village_name": "Kandangan Barat", "district_id": "63.06.05", "district_name": "Kandangan" }, "geometry": { "type": "Point", "coordinates": [ 115.260386699999984, -2.7807283 ] } },
{ "type": "Feature", "properties": { "facility_id": "school-30313117", "facility_type": "school", "facility_subtype": "SMP", "facility_name": "SMP NEGERI 3 PADANG BATUNG", "facility_code": "30313117", "address": "Jl. H.Busra RT 02/1 Malutu", "source_village": "Malutu", "source_district": "Padang Batung", "student_total": 50.0, "teacher_total": 11.0, "staff_total": 3.0, "village_id": "63.06.02.2016", "village_name": "Malutu", "district_id": "63.06.02", "district_name": "Padang Batung" }, "geometry": { "type": "Point", "coordinates": [ 115.2846, -2.8587 ] } },
{ "type": "Feature", "properties": { "facility_id": "school-30313119", "facility_type": "school", "facility_subtype": "SMP", "facility_name": "SMP NEGERI 4 DAHA SELATAN", "facility_code": "30313119", "address": "Jl. Kaminting Batu RT.1 Desa Tambangan", "source_village": "Tambangan", "source_district": "Daha Selatan", "student_total": 56.0, "teacher_total": 8.0, "staff_total": 2.0, "village_id": "63.06.07.2014", "village_name": "Tambangan", "district_id": "63.06.07", "district_name": "Daha Selatan" }, "geometry": { "type": "Point", "coordinates": [ 115.092655046394498, -2.630017754301019 ] } },
{ "type": "Feature", "properties": { "facility_id": "school-30313118", "facility_type": "school", "facility_subtype": "SMP", "facility_name": "SMP NEGERI 4 DAHA UTARA", "facility_code": "30313118", "address": "Jl Tugu 2 Januari 1949 Paharangan", "source_village": "Paharangan", "source_district": "Daha Utara", "student_total": 41.0, "teacher_total": 11.0, "staff_total": 4.0, "village_id": "63.06.08.2018", "village_name": "Paharangan", "district_id": "63.06.08", "district_name": "Daha Utara" }, "geometry": { "type": "Point", "coordinates": [ 115.1432, -2.5637 ] } },
{ "type": "Feature", "properties": { "facility_id": "school-30301787", "facility_type": "school", "facility_subtype": "SMP", "facility_name": "SMP NEGERI 4 KANDANGAN", "facility_code": "30301787", "address": "Jl. Batuah Tibung Raya No. 38", "source_village": "Tibung Raya", "source_district": "Kandangan", "student_total": 433.0, "teacher_total": 12.0, "staff_total": 6.0, "village_id": "63.06.05.2017", "village_name": "Tibung Raya", "district_id": "63.06.05", "district_name": "Kandangan" }, "geometry": { "type": "Point", "coordinates": [ 115.260295, -2.7954383 ] } },
{ "type": "Feature", "properties": { "facility_id": "school-69956865", "facility_type": "school", "facility_subtype": "SMP", "facility_name": "SMP NEGERI 4 PADANG BATUNG", "facility_code": "69956865", "address": "Desa Malilingin RT 1 W 1 Kec. Padang Batung", "source_village": "Malilingin", "source_district": "Padang Batung", "student_total": 22.0, "teacher_total": 10.0, "staff_total": 1.0, "village_id": "63.06.02.2017", "village_name": "Malilingin", "district_id": "63.06.02", "district_name": "Padang Batung" }, "geometry": { "type": "Point", "coordinates": [ 115.3197, -2.8618 ] } },
{ "type": "Feature", "properties": { "facility_id": "school-30313120", "facility_type": "school", "facility_subtype": "SMP", "facility_name": "SMP NEGERI 5 DAHA SELATAN", "facility_code": "30313120", "address": "Jl.Teluk Baru Desa Parigi", "source_village": "Parigi", "source_district": "Daha Selatan", "student_total": 43.0, "teacher_total": 10.0, "staff_total": 3.0, "village_id": "63.06.07.2012", "village_name": "Parigi", "district_id": "63.06.07", "district_name": "Daha Selatan" }, "geometry": { "type": "Point", "coordinates": [ 115.08, -2.6357 ] } },
{ "type": "Feature", "properties": { "facility_id": "school-30301776", "facility_type": "school", "facility_subtype": "SMP", "facility_name": "SMP NEGERI 6 KANDANGAN", "facility_code": "30301776", "address": "Jl. Kapten Piere Tendean Jambu Hilir", "source_village": "Jambu Hilir", "source_district": "Kandangan", "student_total": 547.0, "teacher_total": 14.0, "staff_total": 4.0, "village_id": "63.06.05.1004", "village_name": "Jambu Hilir", "district_id": "63.06.05", "district_name": "Kandangan" }, "geometry": { "type": "Point", "coordinates": [ 115.2827283, -2.7973867 ] } },
{ "type": "Feature", "properties": { "facility_id": "school-30301778", "facility_type": "school", "facility_subtype": "SMP", "facility_name": "SMP NEGERI 7 KANDANGAN", "facility_code": "30301778", "address": "Jl. Bugandang Gambah Dalam Kandangan", "source_village": "Gambah Dalam", "source_district": "Kandangan", "student_total": 57.0, "teacher_total": 11.0, "staff_total": 5.0, "village_id": "63.06.05.2007", "village_name": "Gambah Dalam", "district_id": "63.06.05", "district_name": "Kandangan" }, "geometry": { "type": "Point", "coordinates": [ 115.2618, -2.7543 ] } },
{ "type": "Feature", "properties": { "facility_id": "school-30313121", "facility_type": "school", "facility_subtype": "SMP", "facility_name": "SMP NEGERI 8 KANDANGAN", "facility_code": "30313121", "address": "JL. Kandangan-Negara Km.18 Ds. Bangkau", "source_village": "Bangkau", "source_district": "Kandangan", "student_total": 48.0, "teacher_total": 12.0, "staff_total": 2.0, "village_id": "63.06.05.2010", "village_name": "Bangkau", "district_id": "63.06.05", "district_name": "Kandangan" }, "geometry": { "type": "Point", "coordinates": [ 115.1784, -2.6881 ] } },
{ "type": "Feature", "properties": { "facility_id": "school-69894433", "facility_type": "school", "facility_subtype": "SMP", "facility_name": "SMPIT QURRATA AYUN", "facility_code": "69894433", "address": "Jl. Jend. A. Yani RT.09 LK 05 Parincahan", "source_village": "Kandangan Barat", "source_district": "Kandangan", "student_total": 138.0, "teacher_total": 16.0, "staff_total": 2.0, "village_id": "63.06.05.1003", "village_name": "Kandangan Barat", "district_id": "63.06.05", "district_name": "Kandangan" }, "geometry": { "type": "Point", "coordinates": [ 115.265345, -2.769165 ] } },
{ "type": "Feature", "properties": { "facility_id": "school-69867675", "facility_type": "school", "facility_subtype": "SMP", "facility_name": "SMPN 6 DAHA SELATAN SATU ATAP", "facility_code": "69867675", "address": "Sungai Batang Alai Desa Pihanin Raya", "source_village": "Pihanin Raya", "source_district": "Daha Selatan", "student_total": 67.0, "teacher_total": 11.0, "staff_total": 4.0, "village_id": "63.06.07.2007", "village_name": "Pihanin Raya", "district_id": "63.06.07", "district_name": "Daha Selatan" }, "geometry": { "type": "Point", "coordinates": [ 115.1538, -2.6103 ] } },
{ "type": "Feature", "properties": { "facility_id": "school-69867913", "facility_type": "school", "facility_subtype": "SMP", "facility_name": "SMPN 7 DAHA SELATAN SATU ATAP", "facility_code": "69867913", "address": "Jl. Perintis Raya Desa Muning", "source_village": "Muning Dalam", "source_district": "Daha Selatan", "student_total": 24.0, "teacher_total": 9.0, "staff_total": 4.0, "village_id": "63.06.07.2002", "village_name": "Muning Dalam", "district_id": "63.06.07", "district_name": "Daha Selatan" }, "geometry": { "type": "Point", "coordinates": [ 115.042658029016451, -2.767003681177256 ] } },
{ "type": "Feature", "properties": { "facility_id": "market-001", "facility_type": "market", "facility_subtype": null, "facility_name": "Pasar Rakyat Terpadu", "facility_code": null, "address": null, "source_village": null, "source_district": null, "student_total": null, "teacher_total": null, "staff_total": null, "village_id": "63.06.05.1002", "village_name": "Kandangan Utara", "district_id": "63.06.05", "district_name": "Kandangan" }, "geometry": { "type": "Point", "coordinates": [ 115.273089, -2.778496 ] } },
{ "type": "Feature", "properties": { "facility_id": "market-002", "facility_type": "market", "facility_subtype": null, "facility_name": "Pasar Rakyat Wasah Hilir", "facility_code": null, "address": null, "source_village": null, "source_district": null, "student_total": null, "teacher_total": null, "staff_total": null, "village_id": "63.06.06.2010", "village_name": "Wasah Hilir", "district_id": "63.06.06", "district_name": "Simpur" }, "geometry": { "type": "Point", "coordinates": [ 115.216939, -2.810459 ] } },
{ "type": "Feature", "properties": { "facility_id": "market-003", "facility_type": "market", "facility_subtype": "PASAR KABUPATEN", "facility_name": "Pasar Angkinang", "facility_code": null, "address": null, "source_village": null, "source_district": null, "student_total": null, "teacher_total": null, "staff_total": null, "village_id": "63.06.04.2007", "village_name": "Angkinang Selatan", "district_id": "63.06.04", "district_name": "Angkinang" }, "geometry": { "type": "Point", "coordinates": [ 115.290951, -2.732679 ] } },
{ "type": "Feature", "properties": { "facility_id": "market-004", "facility_type": "market", "facility_subtype": "PASAR KABUPATEN", "facility_name": "Pasar Taniran", "facility_code": null, "address": null, "source_village": null, "source_district": null, "student_total": null, "teacher_total": null, "staff_total": null, "village_id": "63.06.04.2011", "village_name": "Bakarung", "district_id": "63.06.04", "district_name": "Angkinang" }, "geometry": { "type": "Point", "coordinates": [ 115.278335, -2.736836 ] } },
{ "type": "Feature", "properties": { "facility_id": "market-005", "facility_type": "market", "facility_subtype": "PASAR KABUPATEN", "facility_name": "Pasar Bajayau", "facility_code": null, "address": null, "source_village": null, "source_district": null, "student_total": null, "teacher_total": null, "staff_total": null, "village_id": "63.06.11.2005", "village_name": "Bajayau", "district_id": "63.06.11", "district_name": "Daha Barat" }, "geometry": { "type": "Point", "coordinates": [ 115.022887, -2.680307 ] } },
{ "type": "Feature", "properties": { "facility_id": "market-006", "facility_type": "market", "facility_subtype": "PASAR KABUPATEN", "facility_name": "Pasar Senin Nagara", "facility_code": null, "address": null, "source_village": null, "source_district": null, "student_total": null, "teacher_total": null, "staff_total": null, "village_id": "63.06.07.2005", "village_name": "Bayanan", "district_id": "63.06.07", "district_name": "Daha Selatan" }, "geometry": { "type": "Point", "coordinates": [ 115.109808, -2.631818 ] } },
{ "type": "Feature", "properties": { "facility_id": "market-007", "facility_type": "market", "facility_subtype": "PASAR KABUPATEN", "facility_name": "Pasar Hamayung", "facility_code": null, "address": null, "source_village": null, "source_district": null, "student_total": null, "teacher_total": null, "staff_total": null, "village_id": "63.06.08.2016", "village_name": "Hamayung", "district_id": "63.06.08", "district_name": "Daha Utara" }, "geometry": { "type": "Point", "coordinates": [ 115.116046, -2.581026 ] } },
{ "type": "Feature", "properties": { "facility_id": "market-008", "facility_type": "market", "facility_subtype": "PASAR KABUPATEN", "facility_name": "Pasar Sirih", "facility_code": null, "address": null, "source_village": null, "source_district": null, "student_total": null, "teacher_total": null, "staff_total": null, "village_id": "63.06.09.2008", "village_name": "Sirih", "district_id": "63.06.09", "district_name": "Kalumpang" }, "geometry": { "type": "Point", "coordinates": [ 115.178835, -2.821031 ] } },
{ "type": "Feature", "properties": { "facility_id": "market-009", "facility_type": "market", "facility_subtype": "PASAR KABUPATEN", "facility_name": "Pasar Kandangan", "facility_code": null, "address": null, "source_village": null, "source_district": null, "student_total": null, "teacher_total": null, "staff_total": null, "village_id": "63.06.05.1001", "village_name": "Kandangan Kota", "district_id": "63.06.05", "district_name": "Kandangan" }, "geometry": { "type": "Point", "coordinates": [ 115.267575, -2.788734 ] } },
{ "type": "Feature", "properties": { "facility_id": "market-010", "facility_type": "market", "facility_subtype": "PASAR KABUPATEN", "facility_name": "Pasar Muara Ambarai", "facility_code": null, "address": null, "source_village": null, "source_district": null, "student_total": null, "teacher_total": null, "staff_total": null, "village_id": "63.06.02.2002", "village_name": "Karang Jawa", "district_id": "63.06.02", "district_name": "Padang Batung" }, "geometry": { "type": "Point", "coordinates": [ 115.288985, -2.790378 ] } },
{ "type": "Feature", "properties": { "facility_id": "market-011", "facility_type": "market", "facility_subtype": "PASAR KABUPATEN", "facility_name": "Pasar Arba Batang Kulur", "facility_code": null, "address": null, "source_village": null, "source_district": null, "student_total": null, "teacher_total": null, "staff_total": null, "village_id": "63.06.01.2010", "village_name": "Batang Kulur Tengah", "district_id": "63.06.01", "district_name": "Sungai Raya" }, "geometry": { "type": "Point", "coordinates": [ 115.227239, -2.848599 ] } },
{ "type": "Feature", "properties": { "facility_id": "rsud-01", "facility_type": "hospital", "facility_subtype": "RSUD", "facility_name": "RSUD HASAN BASRI", "facility_code": null, "address": null, "source_village": null, "source_district": null, "student_total": null, "teacher_total": null, "staff_total": null, "village_id": "63.06.01.2001", "village_name": "Hamalau", "district_id": "63.06.01", "district_name": "Sungai Raya" }, "geometry": { "type": "Point", "coordinates": [ 115.259655277841418, -2.80057291188085 ] } },
{ "type": "Feature", "properties": { "facility_id": "rsud-02", "facility_type": "hospital", "facility_subtype": "RSUD", "facility_name": "RSUD DAHA SEJAHTERA", "facility_code": null, "address": null, "source_village": null, "source_district": null, "student_total": null, "teacher_total": null, "staff_total": null, "village_id": "63.06.07.2004", "village_name": "Banjarbaru", "district_id": "63.06.07", "district_name": "Daha Selatan" }, "geometry": { "type": "Point", "coordinates": [ 115.118548459849407, -2.635777681003166 ] } },
{ "type": "Feature", "properties": { "facility_id": "puskesmas-17090101", "facility_type": "puskesmas", "facility_subtype": "Puskesmas", "facility_name": "Puskesmas Kandangan", "facility_code": "17090101", "address": "JL.KAMBOJA NO.1 KEL.KANDANGAN UTARA", "source_village": null, "source_district": null, "student_total": null, "teacher_total": null, "staff_total": null, "village_id": "63.06.05.1002", "village_name": "Kandangan Utara", "district_id": "63.06.05", "district_name": "Kandangan" }, "geometry": { "type": "Point", "coordinates": [ 115.2648794, -2.7762586 ] } },
{ "type": "Feature", "properties": { "facility_id": "puskesmas-17090102", "facility_type": "puskesmas", "facility_subtype": "Puskesmas", "facility_name": "Puskesmas Jambu Hilir", "facility_code": "17090102", "address": "JL. KAPTEN PIERE TENDEAN NO.61 KEL.JAMBU HILIR", "source_village": null, "source_district": null, "student_total": null, "teacher_total": null, "staff_total": null, "village_id": "63.06.05.1004", "village_name": "Jambu Hilir", "district_id": "63.06.05", "district_name": "Kandangan" }, "geometry": { "type": "Point", "coordinates": [ 115.2709053, -2.7900339 ] } },
{ "type": "Feature", "properties": { "facility_id": "puskesmas-17090103", "facility_type": "puskesmas", "facility_subtype": "Puskesmas", "facility_name": "Puskesmas Gambah", "facility_code": "17090103", "address": "JL. JEND.ACHMAD YANI KM.4 GAMBAH LUAR", "source_village": null, "source_district": null, "student_total": null, "teacher_total": null, "staff_total": null, "village_id": "63.06.05.2005", "village_name": "Gambah Luar", "district_id": "63.06.05", "district_name": "Kandangan" }, "geometry": { "type": "Point", "coordinates": [ 115.278323, -2.7566584 ] } },
{ "type": "Feature", "properties": { "facility_id": "puskesmas-17091003", "facility_type": "puskesmas", "facility_subtype": "Puskesmas", "facility_name": "Puskesmas Bayanan", "facility_code": "17091003", "address": "JL. NEGARA-KANDANGAN KM.1 DESA BANJARBARU KEC.DAHA SELATAN", "source_village": null, "source_district": null, "student_total": null, "teacher_total": null, "staff_total": null, "village_id": "63.06.07.2004", "village_name": "Banjarbaru", "district_id": "63.06.07", "district_name": "Daha Selatan" }, "geometry": { "type": "Point", "coordinates": [ 115.1165211, -2.6378873 ] } },
{ "type": "Feature", "properties": { "facility_id": "puskesmas-2860902", "facility_type": "puskesmas", "facility_subtype": "Puskesmas", "facility_name": "Puskesmas Baruh Jaya", "facility_code": "2860902", "address": "JL.KAMINTING BATU RT.12 DESA TAMBANGAN KEC.DAHA SELATAN", "source_village": null, "source_district": null, "student_total": null, "teacher_total": null, "staff_total": null, "village_id": "63.06.07.2014", "village_name": "Tambangan", "district_id": "63.06.07", "district_name": "Daha Selatan" }, "geometry": { "type": "Point", "coordinates": [ 115.086301, -2.6349034 ] } },
{ "type": "Feature", "properties": { "facility_id": "puskesmas-2860001", "facility_type": "puskesmas", "facility_subtype": "Puskesmas", "facility_name": "Puskesmas Sungai Pinang", "facility_code": "2860001", "address": "JLN. INPRES RT 04 DESA SUNGAI PINANG KECAMATAN DAHA SELATAN", "source_village": null, "source_district": null, "student_total": null, "teacher_total": null, "staff_total": null, "village_id": "63.06.07.2010", "village_name": "Habirau", "district_id": "63.06.07", "district_name": "Daha Selatan" }, "geometry": { "type": "Point", "coordinates": [ 115.099199, -2.6352138 ] } },
{ "type": "Feature", "properties": { "facility_id": "puskesmas-17090202", "facility_type": "puskesmas", "facility_subtype": "Puskesmas", "facility_name": "Puskesmas Bajayau", "facility_code": "17090202", "address": "JL. BAJAYAU RT 02, DESA BAJAYAU KECAMATAN DAHA BARAT", "source_village": null, "source_district": null, "student_total": null, "teacher_total": null, "staff_total": null, "village_id": "63.06.11.2005", "village_name": "Bajayau", "district_id": "63.06.11", "district_name": "Daha Barat" }, "geometry": { "type": "Point", "coordinates": [ 115.0135316, -2.6958101 ] } },
{ "type": "Feature", "properties": { "facility_id": "puskesmas-17090301", "facility_type": "puskesmas", "facility_subtype": "Puskesmas", "facility_name": "Puskesmas Negara", "facility_code": "17090301", "address": "JL. TAMBAK BITIN RT. 04 NO. 18 DESA TAMBAK BITIN KEC. DAHA UTARA", "source_village": null, "source_district": null, "student_total": null, "teacher_total": null, "staff_total": null, "village_id": "63.06.08.2003", "village_name": "Tambak Bitin", "district_id": "63.06.08", "district_name": "Daha Utara" }, "geometry": { "type": "Point", "coordinates": [ 115.1068994, -2.628319 ] } },
{ "type": "Feature", "properties": { "facility_id": "puskesmas-17090302", "facility_type": "puskesmas", "facility_subtype": "Puskesmas", "facility_name": "Puskesmas Pasungkan", "facility_code": "17090302", "address": "DESA PASUNGKAN RT 04 RW II KEC. DAHA UTARA", "source_village": null, "source_district": null, "student_total": null, "teacher_total": null, "staff_total": null, "village_id": "63.06.08.2014", "village_name": "Pasungkan", "district_id": "63.06.08", "district_name": "Daha Utara" }, "geometry": { "type": "Point", "coordinates": [ 115.104849, -2.599122 ] } },
{ "type": "Feature", "properties": { "facility_id": "puskesmas-17090401", "facility_type": "puskesmas", "facility_subtype": "Puskesmas", "facility_name": "Puskesmas Simpur", "facility_code": "17090401", "address": "JL. PAMUJAAN ,KECAMATAN SIMPUR", "source_village": null, "source_district": null, "student_total": null, "teacher_total": null, "staff_total": null, "village_id": "63.06.06.2002", "village_name": "Simpur", "district_id": "63.06.06", "district_name": "Simpur" }, "geometry": { "type": "Point", "coordinates": [ 115.2100163, -2.8179838 ] } },
{ "type": "Feature", "properties": { "facility_id": "puskesmas-17090402", "facility_type": "puskesmas", "facility_subtype": "Puskesmas", "facility_name": "Puskesmas Wasah", "facility_code": "17090402", "address": "JL.BUKHARI KM 4,5 WASAH HULU", "source_village": null, "source_district": null, "student_total": null, "teacher_total": null, "staff_total": null, "village_id": "63.06.06.2008", "village_name": "Wasah Hulu", "district_id": "63.06.06", "district_name": "Simpur" }, "geometry": { "type": "Point", "coordinates": [ 115.2310673, -2.792106 ] } },
{ "type": "Feature", "properties": { "facility_id": "puskesmas-17090501", "facility_type": "puskesmas", "facility_subtype": "Puskesmas", "facility_name": "Puskesmas Sungai Raya", "facility_code": "17090501", "address": "JL.JEND SUDIRMAN KM 6,5 KEC.SUNGAI RAYA", "source_village": null, "source_district": null, "student_total": null, "teacher_total": null, "staff_total": null, "village_id": "63.06.01.2005", "village_name": "Sungai Raya Selatan", "district_id": "63.06.01", "district_name": "Sungai Raya" }, "geometry": { "type": "Point", "coordinates": [ 115.2490034, -2.8390986 ] } },
{ "type": "Feature", "properties": { "facility_id": "puskesmas-17090502", "facility_type": "puskesmas", "facility_subtype": "Puskesmas", "facility_name": "Puskesmas Batang Kulur", "facility_code": "17090502", "address": "DESA BATANG KULUR TENGAH KEC. SUNGAI RAYA", "source_village": null, "source_district": null, "student_total": null, "teacher_total": null, "staff_total": null, "village_id": "63.06.01.2010", "village_name": "Batang Kulur Tengah", "district_id": "63.06.01", "district_name": "Sungai Raya" }, "geometry": { "type": "Point", "coordinates": [ 115.227431, -2.8488329 ] } },
{ "type": "Feature", "properties": { "facility_id": "puskesmas-17090601", "facility_type": "puskesmas", "facility_subtype": "Puskesmas", "facility_name": "Puskesmas Padang Batung", "facility_code": "17090601", "address": "JL. BRIGJEN H.HASAN BASRY PADANG BATUNG RT.001 RW.001", "source_village": null, "source_district": null, "student_total": null, "teacher_total": null, "staff_total": null, "village_id": "63.06.02.2008", "village_name": "Padang Batung", "district_id": "63.06.02", "district_name": "Padang Batung" }, "geometry": { "type": "Point", "coordinates": [ 115.300937, -2.8196696 ] } },
{ "type": "Feature", "properties": { "facility_id": "puskesmas-17090602", "facility_type": "puskesmas", "facility_subtype": "Puskesmas", "facility_name": "Puskesmas Kaliring", "facility_code": "17090602", "address": "JL. BRIGJEND.H.HASAN BASRI KM 3,5 KECAMATAN PADANG BATUNG", "source_village": null, "source_district": null, "student_total": null, "teacher_total": null, "staff_total": null, "village_id": "63.06.02.2005", "village_name": "Kaliring", "district_id": "63.06.02", "district_name": "Padang Batung" }, "geometry": { "type": "Point", "coordinates": [ 115.2910665, -2.7964298 ] } },
{ "type": "Feature", "properties": { "facility_id": "puskesmas-17090701", "facility_type": "puskesmas", "facility_subtype": "Puskesmas", "facility_name": "Puskesmas Angkinang", "facility_code": "17090701", "address": "JL. A.YANI, KM 8,5 KEC. ANGKINANG", "source_village": null, "source_district": null, "student_total": null, "teacher_total": null, "staff_total": null, "village_id": "63.06.04.2005", "village_name": "Angkinang", "district_id": "63.06.04", "district_name": "Angkinang" }, "geometry": { "type": "Point", "coordinates": [ 115.2936848, -2.7294574 ] } },
{ "type": "Feature", "properties": { "facility_id": "puskesmas-17090702", "facility_type": "puskesmas", "facility_subtype": "Puskesmas", "facility_name": "Puskesmas Bamban", "facility_code": "17090702", "address": "JL. A. YANI KM. 12 BAMBAN UTARA KEC. ANGKINANG", "source_village": null, "source_district": null, "student_total": null, "teacher_total": null, "staff_total": null, "village_id": "63.06.04.2001", "village_name": "Bamban Utara", "district_id": "63.06.04", "district_name": "Angkinang" }, "geometry": { "type": "Point", "coordinates": [ 115.3091902, -2.7051519 ] } },
{ "type": "Feature", "properties": { "facility_id": "puskesmas-17090801", "facility_type": "puskesmas", "facility_subtype": "Puskesmas", "facility_name": "Puskesmas Telaga Langsat", "facility_code": "17090801", "address": "JL.SETIA BUDI NO.25 MANDALA.KEC.TELAGA LANGSAT", "source_village": null, "source_district": null, "student_total": null, "teacher_total": null, "staff_total": null, "village_id": "63.06.03.2003", "village_name": "Mandala", "district_id": "63.06.03", "district_name": "Telaga Langsat" }, "geometry": { "type": "Point", "coordinates": [ 115.3359497, -2.7354117 ] } },
{ "type": "Feature", "properties": { "facility_id": "puskesmas-17090901", "facility_type": "puskesmas", "facility_subtype": "Puskesmas", "facility_name": "Puskesmas Kalumpang", "facility_code": "17090901", "address": "JL. BUKHARI KM 14,5 KALUMPANG KECAMATAN KALUMPANG", "source_village": null, "source_district": null, "student_total": null, "teacher_total": null, "staff_total": null, "village_id": "63.06.09.2006", "village_name": "Kalumpang", "district_id": "63.06.09", "district_name": "Kalumpang" }, "geometry": { "type": "Point", "coordinates": [ 115.1610171, -2.8227146 ] } },
{ "type": "Feature", "properties": { "facility_id": "puskesmas-17091001", "facility_type": "puskesmas", "facility_subtype": "Puskesmas", "facility_name": "Puskesmas Loksado", "facility_code": "17091001", "address": "JL. PANTAI KIPAS GG. SEHAT DESA LOKSADO", "source_village": null, "source_district": null, "student_total": null, "teacher_total": null, "staff_total": null, "village_id": "63.06.10.2009", "village_name": "Loksado", "district_id": "63.06.10", "district_name": "Loksado" }, "geometry": { "type": "Point", "coordinates": [ 115.4966855, -2.7937788 ] } },
{ "type": "Feature", "properties": { "facility_id": "puskesmas-17091002", "facility_type": "puskesmas", "facility_subtype": "Puskesmas", "facility_name": "Puskesmas Malinau", "facility_code": "17091002", "address": "JL.TRANS KANDANGAN -BATULICIN KEC.LOKSADO", "source_village": null, "source_district": null, "student_total": null, "teacher_total": null, "staff_total": null, "village_id": "63.06.10.2004", "village_name": "Malinau", "district_id": "63.06.10", "district_name": "Loksado" }, "geometry": { "type": "Point", "coordinates": [ 115.412592, -2.8669679 ] } }
]
}
