{
"type": "FeatureCollection",
"name": "schools",
"crs": { "type": "name", "properties": { "name": "urn:ogc:def:crs:OGC:1.3:CRS84" } },
"features": [
{ "type": "Feature", "properties": { "facility_id": "school-69996030", "facility_type": "school", "facility_subtype": "SD", "facility_name": "SD ALAM MUHAMMADIYAH", "npsn": "69996030", "ownership_status": "Swasta", "address": "JLN. SINGAKARSA RT.6 RW.3 KANDANGAN BARAT", "village": "Kandangan Kota", "district": "Kandangan", "student_total": 77, "teacher_total": 2, "staff_total": 3 }, "geometry": { "type": "Point", "coordinates": [ 115.252, -2.7728 ] } },
{ "type": "Feature", "properties": { "facility_id": "school-69922112", "facility_type": "school", "facility_subtype": "SD", "facility_name": "SD BAJAYAU LESTARI", "npsn": "69922112", "ownership_status": "Swasta", "address": "Jl. Desa Bajayau", "village": "Bajayau", "district": "Daha Barat", "student_total": 193, "teacher_total": 8, "staff_total": 0 }, "geometry": { "type": "Point", "coordinates": [ 114.959084237734373, -2.65002739668079 ] } },
{ "type": "Feature", "properties": { "facility_id": "school-30301871", "facility_type": "school", "facility_subtype": "SD", "facility_name": "SD NEGERI 1 AMAWANG KIRI", "npsn": "30301871", "ownership_status": "Negeri", "address": "Jl. Budi Bhakti", "village": "Amawang Kiri", "district": "Kandangan", "student_total": 77, "teacher_total": 7, "staff_total": 4 }, "geometry": { "type": "Point", "coordinates": [ 115.2396, -2.7679 ] } },
{ "type": "Feature", "properties": { "facility_id": "school-30301894", "facility_type": "school", "facility_subtype": "SD", "facility_name": "SD NEGERI 1 ANGKINANG", "npsn": "30301894", "ownership_status": "Negeri", "address": "Jl.a.yani Km. 8", "village": "Angkinang", "district": "Angkinang", "student_total": 55, "teacher_total": 9, "staff_total": 3 }, "geometry": { "type": "Point", "coordinates": [ 115.3039, -2.7332 ] } },
{ "type": "Feature", "properties": { "facility_id": "school-30301877", "facility_type": "school", "facility_subtype": "SD", "facility_name": "SD NEGERI 1 BAJAYAU TENGAH", "npsn": "30301877", "ownership_status": "Negeri", "address": "Jalan Anang Arif", "village": "Bajayau Tengah", "district": "Daha Barat", "student_total": 69, "teacher_total": 7, "staff_total": 0 }, "geometry": { "type": "Point", "coordinates": [ 115.0113, -2.6995 ] } },
{ "type": "Feature", "properties": { "facility_id": "school-30301879", "facility_type": "school", "facility_subtype": "SD", "facility_name": "SD NEGERI 1 BAKARUNG SELATAN", "npsn": "30301879", "ownership_status": "Negeri", "address": "Jl. Rantauan Desa Bakarung", "village": "Bakarung", "district": "Angkinang", "student_total": 85, "teacher_total": 8, "staff_total": 2 }, "geometry": { "type": "Point", "coordinates": [ 115.272340394764711, -2.751562542696216 ] } },
{ "type": "Feature", "properties": { "facility_id": "school-30302004", "facility_type": "school", "facility_subtype": "SD", "facility_name": "SD NEGERI 1 BANUA HANYAR", "npsn": "30302004", "ownership_status": "Negeri", "address": "Jalan Banua Hanyar RT 6 RW 02", "village": "Banua Hanyar", "district": "Daha Selatan", "student_total": 85, "teacher_total": 8, "staff_total": 1 }, "geometry": { "type": "Point", "coordinates": [ 115.07376, -2.6299 ] } },
{ "type": "Feature", "properties": { "facility_id": "school-30301992", "facility_type": "school", "facility_subtype": "SD", "facility_name": "SD NEGERI 1 BARUH JAYA", "npsn": "30301992", "ownership_status": "Negeri", "address": "Jalan Suka Ramai", "village": "Baruh Jaya", "district": "Daha Selatan", "student_total": 69, "teacher_total": 7, "staff_total": 3 }, "geometry": { "type": "Point", "coordinates": [ 115.08172, -2.6336 ] } },
{ "type": "Feature", "properties": { "facility_id": "school-30301995", "facility_type": "school", "facility_subtype": "SD", "facility_name": "SD NEGERI 1 BARUH KEMBANG", "npsn": "30301995", "ownership_status": "Negeri", "address": "Jalan Pertukangan", "village": "Baruh Kembang", "district": "Daha Utara", "student_total": 81, "teacher_total": 8, "staff_total": 1 }, "geometry": { "type": "Point", "coordinates": [ 115.108931687803562, -2.623593084913853 ] } },
{ "type": "Feature", "properties": { "facility_id": "school-30302015", "facility_type": "school", "facility_subtype": "SD", "facility_name": "SD NEGERI 1 BATANG KULUR KIRI", "npsn": "30302015", "ownership_status": "Negeri", "address": "Jl. Batang Basar", "village": "Batang Kulur Kiri", "district": "Sungai Raya", "student_total": 86, "teacher_total": 8, "staff_total": 3 }, "geometry": { "type": "Point", "coordinates": [ 115.2406, -2.8378 ] } },
{ "type": "Feature", "properties": { "facility_id": "school-30302033", "facility_type": "school", "facility_subtype": "SD", "facility_name": "SD NEGERI 1 BAYANAN", "npsn": "30302033", "ownership_status": "Negeri", "address": "Jalan Bintara", "village": "Bayanan", "district": "Daha Selatan", "student_total": 124, "teacher_total": 8, "staff_total": 3 }, "geometry": { "type": "Point", "coordinates": [ 115.1086, -2.6338 ] } },
{ "type": "Feature", "properties": { "facility_id": "school-30302038", "facility_type": "school", "facility_subtype": "SD", "facility_name": "SD NEGERI 1 GAMBAH DALAM BARAT", "npsn": "30302038", "ownership_status": "Negeri", "address": "Jalan Negara Km, 5,5 Kandangan", "village": "Gambah Dalam Barat", "district": "Kandangan", "student_total": 33, "teacher_total": 7, "staff_total": 3 }, "geometry": { "type": "Point", "coordinates": [ 115.2531, -2.7486 ] } },
{ "type": "Feature", "properties": { "facility_id": "school-30302027", "facility_type": "school", "facility_subtype": "SD", "facility_name": "SD NEGERI 1 GAMBAH DALAM TIMUR", "npsn": "30302027", "ownership_status": "Negeri", "address": "Jl.negara Gambah Dalam", "village": "Gambah Dalam", "district": "Kandangan", "student_total": 71, "teacher_total": 8, "staff_total": 3 }, "geometry": { "type": "Point", "coordinates": [ 115.2618, -2.7587 ] } },
{ "type": "Feature", "properties": { "facility_id": "school-30302025", "facility_type": "school", "facility_subtype": "SD", "facility_name": "SD NEGERI 1 HABIRAU TENGAH", "npsn": "30302025", "ownership_status": "Negeri", "address": "Jl. Harapan", "village": "Habirau Tengah", "district": "Daha Selatan", "student_total": 79, "teacher_total": 8, "staff_total": 3 }, "geometry": { "type": "Point", "coordinates": [ 115.092, -2.6357 ] } },
{ "type": "Feature", "properties": { "facility_id": "school-30301958", "facility_type": "school", "facility_subtype": "SD", "facility_name": "SD NEGERI 1 HAMAK TIMUR", "npsn": "30301958", "ownership_status": "Negeri", "address": "Jalan Hamak", "village": "Hamak Timur", "district": "Telaga Langsat", "student_total": 71, "teacher_total": 8, "staff_total": 3 }, "geometry": { "type": "Point", "coordinates": [ 115.3717, -2.7653 ] } },
{ "type": "Feature", "properties": { "facility_id": "school-30301959", "facility_type": "school", "facility_subtype": "SD", "facility_name": "SD NEGERI 1 HAMAK UTARA", "npsn": "30301959", "ownership_status": "Negeri", "address": "Jalan Hamak Utara", "village": "Hamak Utara", "district": "Telaga Langsat", "student_total": 48, "teacher_total": 8, "staff_total": 1 }, "geometry": { "type": "Point", "coordinates": [ 115.40003, -2.75502 ] } },
{ "type": "Feature", "properties": { "facility_id": "school-30301960", "facility_type": "school", "facility_subtype": "SD", "facility_name": "SD NEGERI 1 HAMALAU", "npsn": "30301960", "ownership_status": "Negeri", "address": "Jl. Keramat", "village": "Hamalau", "district": "Sungai Raya", "student_total": 91, "teacher_total": 8, "staff_total": 4 }, "geometry": { "type": "Point", "coordinates": [ 115.2611, -2.8058 ] } },
{ "type": "Feature", "properties": { "facility_id": "school-30301964", "facility_type": "school", "facility_subtype": "SD", "facility_name": "SD NEGERI 1 HARATAI", "npsn": "30301964", "ownership_status": "Negeri", "address": "Jl Brigjen H Hasan Basry", "village": "Haratai", "district": "Loksado", "student_total": 35, "teacher_total": 8, "staff_total": 4 }, "geometry": { "type": "Point", "coordinates": [ 115.53363, -2.76017 ] } },
{ "type": "Feature", "properties": { "facility_id": "school-30301946", "facility_type": "school", "facility_subtype": "SD", "facility_name": "SD NEGERI 1 JAMBU HILIR", "npsn": "30301946", "ownership_status": "Negeri", "address": "Jalan Kapten Piere Tendean", "village": "Jambu Hilir", "district": "Kandangan", "student_total": 91, "teacher_total": 7, "staff_total": 1 }, "geometry": { "type": "Point", "coordinates": [ 115.28461, -2.7976933 ] } },
{ "type": "Feature", "properties": { "facility_id": "school-30301968", "facility_type": "school", "facility_subtype": "SD", "facility_name": "SD NEGERI 1 KANDANGAN KOTA", "npsn": "30301968", "ownership_status": "Negeri", "address": "Jl. Jend Ahmad Yani RT. 08 LK. IV", "village": "Kandangan Kota", "district": "Kandangan", "student_total": 284, "teacher_total": 14, "staff_total": 3 }, "geometry": { "type": "Point", "coordinates": [ 115.2652, -2.7847 ] } },
{ "type": "Feature", "properties": { "facility_id": "school-30301720", "facility_type": "school", "facility_subtype": "SD", "facility_name": "SD NEGERI 1 KAPUH TENGAH", "npsn": "30301720", "ownership_status": "Negeri", "address": "Jalan Kapuh", "village": "Kapuh", "district": "Simpur", "student_total": 94, "teacher_total": 7, "staff_total": 1 }, "geometry": { "type": "Point", "coordinates": [ 115.2446, -2.8059 ] } },
{ "type": "Feature", "properties": { "facility_id": "school-30301714", "facility_type": "school", "facility_subtype": "SD", "facility_name": "SD NEGERI 1 MADANG", "npsn": "30301714", "ownership_status": "Negeri", "address": "Madang", "village": "Madang", "district": "Padang Batung", "student_total": 38, "teacher_total": 8, "staff_total": 3 }, "geometry": { "type": "Point", "coordinates": [ 115.3147, -2.7842 ] } },
{ "type": "Feature", "properties": { "facility_id": "school-30301742", "facility_type": "school", "facility_subtype": "SD", "facility_name": "SD NEGERI 1 MANDALA", "npsn": "30301742", "ownership_status": "Negeri", "address": "Jalan Setia Budi No. 62", "village": "Mandala", "district": "Telaga Langsat", "student_total": 32, "teacher_total": 8, "staff_total": 4 }, "geometry": { "type": "Point", "coordinates": [ 115.3369, -2.7364 ] } },
{ "type": "Feature", "properties": { "facility_id": "school-30301747", "facility_type": "school", "facility_subtype": "SD", "facility_name": "SD NEGERI 1 MUARA ULANG", "npsn": "30301747", "ownership_status": "Negeri", "address": "Muara Ulang", "village": "Muara Ulang", "district": "Loksado", "student_total": 85, "teacher_total": 6, "staff_total": 1 }, "geometry": { "type": "Point", "coordinates": [ 115.482, -2.7586 ] } },
{ "type": "Feature", "properties": { "facility_id": "school-30301733", "facility_type": "school", "facility_subtype": "SD", "facility_name": "SD NEGERI 1 PAHARANGAN", "npsn": "30301733", "ownership_status": "Negeri", "address": "Jl. Tugu 2 Januari 1949", "village": "Paharangan", "district": "Daha Utara", "student_total": 69, "teacher_total": 8, "staff_total": 2 }, "geometry": { "type": "Point", "coordinates": [ 115.1388, -2.5689 ] } },
{ "type": "Feature", "properties": { "facility_id": "school-30301735", "facility_type": "school", "facility_subtype": "SD", "facility_name": "SD NEGERI 1 PAKAN DALAM", "npsn": "30301735", "ownership_status": "Negeri", "address": "Jalan Keramat Gang 2", "village": "Pakan Dalam", "district": "Daha Utara", "student_total": 98, "teacher_total": 8, "staff_total": 3 }, "geometry": { "type": "Point", "coordinates": [ 115.0998, -2.61894 ] } },
{ "type": "Feature", "properties": { "facility_id": "school-30301738", "facility_type": "school", "facility_subtype": "SD", "facility_name": "SD NEGERI 1 PAKAPURAN KACIL", "npsn": "30301738", "ownership_status": "Negeri", "address": "Jalan Pakapuran Kecil RT 002 RW 001 No. 56", "village": "Pakapuran Kecil", "district": "Daha Utara", "student_total": 165, "teacher_total": 7, "staff_total": 3 }, "geometry": { "type": "Point", "coordinates": [ 115.0983, -2.6317 ] } },
{ "type": "Feature", "properties": { "facility_id": "school-30301751", "facility_type": "school", "facility_subtype": "SD", "facility_name": "SD NEGERI 1 PAKUAN", "npsn": "30301751", "ownership_status": "Negeri", "address": "Jalan Pakuan", "village": "Pakuan Timur", "district": "Telaga Langsat", "student_total": 83, "teacher_total": 8, "staff_total": 3 }, "geometry": { "type": "Point", "coordinates": [ 115.3149, -2.7253 ] } },
{ "type": "Feature", "properties": { "facility_id": "school-30301673", "facility_type": "school", "facility_subtype": "SD", "facility_name": "SD NEGERI 1 PANDULANGAN", "npsn": "30301673", "ownership_status": "Negeri", "address": "Jl.H.Amansyah", "village": "Pandulangan", "district": "Telaga Langsat", "student_total": 46, "teacher_total": 8, "staff_total": 1 }, "geometry": { "type": "Point", "coordinates": [ 115.3157, -2.7082 ] } },
{ "type": "Feature", "properties": { "facility_id": "school-30301680", "facility_type": "school", "facility_subtype": "SD", "facility_name": "SD NEGERI 1 PANJAMPANG BAHAGIA", "npsn": "30301680", "ownership_status": "Negeri", "address": "Jalan Panjampang Bahagia", "village": "Panjampang Bahagia", "district": "Simpur", "student_total": 57, "teacher_total": 9, "staff_total": 3 }, "geometry": { "type": "Point", "coordinates": [ 115.2046, -2.7873 ] } },
{ "type": "Feature", "properties": { "facility_id": "school-30301659", "facility_type": "school", "facility_subtype": "SD", "facility_name": "SD NEGERI 1 PARIGI", "npsn": "30301659", "ownership_status": "Negeri", "address": "Jalan Teluk Baru No. 100 RT. 05 RK. II", "village": "Parigi", "district": "Daha Selatan", "student_total": 112, "teacher_total": 7, "staff_total": 1 }, "geometry": { "type": "Point", "coordinates": [ 115.0802, -2.6349 ] } },
{ "type": "Feature", "properties": { "facility_id": "school-30301662", "facility_type": "school", "facility_subtype": "SD", "facility_name": "SD NEGERI 1 PIHANIN", "npsn": "30301662", "ownership_status": "Negeri", "address": "Jalan Pandan Sari Pihani Raya", "village": "Pihanin Raya", "district": "Daha Selatan", "student_total": 101, "teacher_total": 8, "staff_total": 2 }, "geometry": { "type": "Point", "coordinates": [ 115.1213, -2.6293 ] } },
{ "type": "Feature", "properties": { "facility_id": "school-30301667", "facility_type": "school", "facility_subtype": "SD", "facility_name": "SD NEGERI 1 SAMUDA", "npsn": "30301667", "ownership_status": "Negeri", "address": "Jalan KH Basyar Rt 4", "village": "Samuda", "district": "Daha Selatan", "student_total": 175, "teacher_total": 9, "staff_total": 2 }, "geometry": { "type": "Point", "coordinates": [ 115.070117, -2.62845 ] } },
{ "type": "Feature", "properties": { "facility_id": "school-30301699", "facility_type": "school", "facility_subtype": "SD", "facility_name": "SD NEGERI 1 SERANGGAN", "npsn": "30301699", "ownership_status": "Negeri", "address": "Jl. Seranggan", "village": "Asam", "district": "Sungai Raya", "student_total": 30, "teacher_total": 7, "staff_total": 2 }, "geometry": { "type": "Point", "coordinates": [ 115.1996, -2.8401 ] } },
{ "type": "Feature", "properties": { "facility_id": "school-30301702", "facility_type": "school", "facility_subtype": "SD", "facility_name": "SD NEGERI 1 SIMPANG EMPAT", "npsn": "30301702", "ownership_status": "Negeri", "address": "Jl. GARIS DALAM SIMPANG EMPAT", "village": "Lungau", "district": "Kandangan", "student_total": 122, "teacher_total": 8, "staff_total": 3 }, "geometry": { "type": "Point", "coordinates": [ 115.2226233, -2.7387267 ] } },
{ "type": "Feature", "properties": { "facility_id": "school-30301694", "facility_type": "school", "facility_subtype": "SD", "facility_name": "SD NEGERI 1 SIRIH", "npsn": "30301694", "ownership_status": "Negeri", "address": "Jalan Pacakan", "village": "Sirih", "district": "Kalumpang", "student_total": 73, "teacher_total": 9, "staff_total": 3 }, "geometry": { "type": "Point", "coordinates": [ 115.17673, -2.82157 ] } },
{ "type": "Feature", "properties": { "facility_id": "school-30301693", "facility_type": "school", "facility_subtype": "SD", "facility_name": "SD NEGERI 1 SIRIH HULU", "npsn": "30301693", "ownership_status": "Negeri", "address": "Jalan Bukhari KM.11", "village": "Sirih Hulu", "district": "Kalumpang", "student_total": 47, "teacher_total": 9, "staff_total": 2 }, "geometry": { "type": "Point", "coordinates": [ 115.1851, -2.8203 ] } },
{ "type": "Feature", "properties": { "facility_id": "school-30301688", "facility_type": "school", "facility_subtype": "SD", "facility_name": "SD NEGERI 1 SUNGAI KUPANG", "npsn": "30301688", "ownership_status": "Negeri", "address": "Jalan Kandangan Negara Km 9", "village": "Sungai Kupang", "district": "Kandangan", "student_total": 68, "teacher_total": 8, "staff_total": 3 }, "geometry": { "type": "Point", "coordinates": [ 115.2299, -2.7301 ] } },
{ "type": "Feature", "properties": { "facility_id": "school-30301801", "facility_type": "school", "facility_subtype": "SD", "facility_name": "SD NEGERI 1 SUNGAI PARING", "npsn": "30301801", "ownership_status": "Negeri", "address": "Jl. Bukhari", "village": "Sungai Paring", "district": "Kandangan", "student_total": 65, "teacher_total": 8, "staff_total": 3 }, "geometry": { "type": "Point", "coordinates": [ 115.246675, -2.7870383 ] } },
{ "type": "Feature", "properties": { "facility_id": "school-30301815", "facility_type": "school", "facility_subtype": "SD", "facility_name": "SD NEGERI 1 SUNGAI PINANG", "npsn": "30301815", "ownership_status": "Negeri", "address": "Jalan Habib Desa Sungai Pinang", "village": "Sungai Pinang", "district": "Daha Selatan", "student_total": 42, "teacher_total": 7, "staff_total": 3 }, "geometry": { "type": "Point", "coordinates": [ 115.1016, -2.6345 ] } },
{ "type": "Feature", "properties": { "facility_id": "school-30301830", "facility_type": "school", "facility_subtype": "SD", "facility_name": "SD NEGERI 1 TALUK LABAK", "npsn": "30301830", "ownership_status": "Negeri", "address": "Jalan Taluk Labak", "village": "Teluk Labak", "district": "Daha Utara", "student_total": 75, "teacher_total": 8, "staff_total": 3 }, "geometry": { "type": "Point", "coordinates": [ 115.1086, -2.5973 ] } },
{ "type": "Feature", "properties": { "facility_id": "school-30301811", "facility_type": "school", "facility_subtype": "SD", "facility_name": "SD NEGERI 1 TAMBAK BITIN", "npsn": "30301811", "ownership_status": "Negeri", "address": "Jalan Pasar Jumat Tambak Bitin", "village": "Tambak Bitin", "district": "Daha Utara", "student_total": 113, "teacher_total": 8, "staff_total": 3 }, "geometry": { "type": "Point", "coordinates": [ 115.1041, -2.6241 ] } },
{ "type": "Feature", "properties": { "facility_id": "school-30301804", "facility_type": "school", "facility_subtype": "SD", "facility_name": "SD NEGERI 1 TAMBANGAN", "npsn": "30301804", "ownership_status": "Negeri", "address": "Jalan Tukang Garit Rt 12", "village": "Tambangan", "district": "Daha Selatan", "student_total": 92, "teacher_total": 7, "staff_total": 2 }, "geometry": { "type": "Point", "coordinates": [ 115.086, -2.6316 ] } },
{ "type": "Feature", "properties": { "facility_id": "school-30301839", "facility_type": "school", "facility_subtype": "SD", "facility_name": "SD NEGERI 1 TANITI", "npsn": "30301839", "ownership_status": "Negeri", "address": "Jalan Lettu Aliansyah Rt 2 Rw 2", "village": "Gumbil", "district": "Telaga Langsat", "student_total": 41, "teacher_total": 8, "staff_total": 4 }, "geometry": { "type": "Point", "coordinates": [ 115.3455, -2.7172 ] } },
{ "type": "Feature", "properties": { "facility_id": "school-30301829", "facility_type": "school", "facility_subtype": "SD", "facility_name": "SD NEGERI 1 TIBUNG RAYA", "npsn": "30301829", "ownership_status": "Negeri", "address": "Jalan Bukhari No 9", "village": "Tibung Raya", "district": "Kandangan", "student_total": 64, "teacher_total": 8, "staff_total": 3 }, "geometry": { "type": "Point", "coordinates": [ 115.2584, -2.7888133 ] } },
{ "type": "Feature", "properties": { "facility_id": "school-30301832", "facility_type": "school", "facility_subtype": "SD", "facility_name": "SD NEGERI 1 TUMINGKI", "npsn": "30301832", "ownership_status": "Negeri", "address": "Jl Brigjen H Hasan Basry", "village": "Tumingki", "district": "Loksado", "student_total": 41, "teacher_total": 9, "staff_total": 1 }, "geometry": { "type": "Point", "coordinates": [ 115.4642, -2.8112 ] } },
{ "type": "Feature", "properties": { "facility_id": "school-30301800", "facility_type": "school", "facility_subtype": "SD", "facility_name": "SD NEGERI 1 WASAH HILIR", "npsn": "30301800", "ownership_status": "Negeri", "address": "Jalan Bukhari", "village": "Wasah Hilir", "district": "Simpur", "student_total": 63, "teacher_total": 8, "staff_total": 4 }, "geometry": { "type": "Point", "coordinates": [ 115.219, -2.80888 ] } },
{ "type": "Feature", "properties": { "facility_id": "school-30301891", "facility_type": "school", "facility_subtype": "SD", "facility_name": "SD NEGERI 2 AMBUTUN", "npsn": "30301891", "ownership_status": "Negeri", "address": "Jl.Setia Budi", "village": "Ambutun", "district": "Telaga Langsat", "student_total": 98, "teacher_total": 9, "staff_total": 3 }, "geometry": { "type": "Point", "coordinates": [ 115.3239, -2.7605 ] } },
{ "type": "Feature", "properties": { "facility_id": "school-30301893", "facility_type": "school", "facility_subtype": "SD", "facility_name": "SD NEGERI 2 AMPARAYA", "npsn": "30301893", "ownership_status": "Negeri", "address": "Jalan Datu Buasan", "village": "Amparaya", "district": "Simpur", "student_total": 25, "teacher_total": 8, "staff_total": 1 }, "geometry": { "type": "Point", "coordinates": [ 115.1846, -2.7851 ] } },
{ "type": "Feature", "properties": { "facility_id": "school-30308178", "facility_type": "school", "facility_subtype": "SD", "facility_name": "SD NEGERI 2 BAJAYAU TENGAH", "npsn": "30308178", "ownership_status": "Negeri", "address": "Jalan Murung Raya Rt 03 Rk 01", "village": "Bajayau Tengah", "district": "Daha Barat", "student_total": 52, "teacher_total": 7, "staff_total": 1 }, "geometry": { "type": "Point", "coordinates": [ 115.0122, -2.7102 ] } },
{ "type": "Feature", "properties": { "facility_id": "school-30301880", "facility_type": "school", "facility_subtype": "SD", "facility_name": "SD NEGERI 2 BAKARUNG SELATAN", "npsn": "30301880", "ownership_status": "Negeri", "address": "Jl. Teluk Yakin", "village": "Bakarung", "district": "Angkinang", "student_total": 87, "teacher_total": 8, "staff_total": 3 }, "geometry": { "type": "Point", "coordinates": [ 115.2805, -2.7546 ] } },
{ "type": "Feature", "properties": { "facility_id": "school-30302003", "facility_type": "school", "facility_subtype": "SD", "facility_name": "SD NEGERI 2 BANUA HANYAR", "npsn": "30302003", "ownership_status": "Negeri", "address": "Jalan Banua Hanyar", "village": "Banua Hanyar", "district": "Daha Selatan", "student_total": 64, "teacher_total": 7, "staff_total": 2 }, "geometry": { "type": "Point", "coordinates": [ 115.0718, -2.6302 ] } },
{ "type": "Feature", "properties": { "facility_id": "school-30301993", "facility_type": "school", "facility_subtype": "SD", "facility_name": "SD NEGERI 2 BARUH JAYA", "npsn": "30301993", "ownership_status": "Negeri", "address": "JL. PELITA RT.14 RW.VII DESA BARUH JAYA", "village": "Baruh Jaya", "district": "Daha Selatan", "student_total": 134, "teacher_total": 8, "staff_total": 2 }, "geometry": { "type": "Point", "coordinates": [ 115.0783, -2.6284 ] } },
{ "type": "Feature", "properties": { "facility_id": "school-30302034", "facility_type": "school", "facility_subtype": "SD", "facility_name": "SD NEGERI 2 BAYANAN", "npsn": "30302034", "ownership_status": "Negeri", "address": "Jalan Bintara", "village": "Bayanan", "district": "Daha Selatan", "student_total": 106, "teacher_total": 8, "staff_total": 3 }, "geometry": { "type": "Point", "coordinates": [ 115.1108, -2.6346 ] } },
{ "type": "Feature", "properties": { "facility_id": "school-30301955", "facility_type": "school", "facility_subtype": "SD", "facility_name": "SD NEGERI 2 HARATAI", "npsn": "30301955", "ownership_status": "Negeri", "address": "Jalan haratai", "village": "Haratai", "district": "Loksado", "student_total": 23, "teacher_total": 7, "staff_total": 1 }, "geometry": { "type": "Point", "coordinates": [ 115.521207996489053, -2.761489361854966 ] } },
{ "type": "Feature", "properties": { "facility_id": "school-30301947", "facility_type": "school", "facility_subtype": "SD", "facility_name": "SD NEGERI 2 JAMBU HILIR", "npsn": "30301947", "ownership_status": "Negeri", "address": "Jl. Kapt. F. Tendean", "village": "Jambu Hilir", "district": "Kandangan", "student_total": 84, "teacher_total": 9, "staff_total": 3 }, "geometry": { "type": "Point", "coordinates": [ 115.27068, -2.78926 ] } },
{ "type": "Feature", "properties": { "facility_id": "school-30301950", "facility_type": "school", "facility_subtype": "SD", "facility_name": "SD NEGERI 2 JAMBU HILIR BALUTI", "npsn": "30301950", "ownership_status": "Negeri", "address": "Jl. Mayjend. D.I. Panjaitan Rt.04 Rw.II", "village": "Baluti", "district": "Kandangan", "student_total": 261, "teacher_total": 16, "staff_total": 3 }, "geometry": { "type": "Point", "coordinates": [ 115.2639, -2.7904 ] } },
{ "type": "Feature", "properties": { "facility_id": "school-30301978", "facility_type": "school", "facility_subtype": "SD", "facility_name": "SD NEGERI 2 KANDANGAN BARAT", "npsn": "30301978", "ownership_status": "Negeri", "address": "JL SINGAKARSA", "village": "Kandangan Barat", "district": "Kandangan", "student_total": 186, "teacher_total": 10, "staff_total": 3 }, "geometry": { "type": "Point", "coordinates": [ 115.2586, -2.7802 ] } },
{ "type": "Feature", "properties": { "facility_id": "school-30301975", "facility_type": "school", "facility_subtype": "SD", "facility_name": "SD NEGERI 2 KANDANGAN UTARA", "npsn": "30301975", "ownership_status": "Negeri", "address": "Jl.Pahlawan", "village": "Kandangan Utara", "district": "Kandangan", "student_total": 319, "teacher_total": 17, "staff_total": 4 }, "geometry": { "type": "Point", "coordinates": [ 115.2657, -2.7816 ] } },
{ "type": "Feature", "properties": { "facility_id": "school-30301721", "facility_type": "school", "facility_subtype": "SD", "facility_name": "SD NEGERI 2 KAPUH TENGAH", "npsn": "30301721", "ownership_status": "Negeri", "address": "Jalan Kapuh", "village": "Kapuh", "district": "Simpur", "student_total": 88, "teacher_total": 8, "staff_total": 4 }, "geometry": { "type": "Point", "coordinates": [ 115.2336, -2.8073 ] } },
{ "type": "Feature", "properties": { "facility_id": "school-30301724", "facility_type": "school", "facility_subtype": "SD", "facility_name": "SD NEGERI 2 KARANG JAWA MUKA", "npsn": "30301724", "ownership_status": "Negeri", "address": "Jl. Gerilya", "village": "Karang Jawa Muka", "district": "Padang Batung", "student_total": 106, "teacher_total": 8, "staff_total": 3 }, "geometry": { "type": "Point", "coordinates": [ 115.2828, -2.7868 ] } },
{ "type": "Feature", "properties": { "facility_id": "school-30301227", "facility_type": "school", "facility_subtype": "SD", "facility_name": "SD NEGERI 2 KAYU ABANG", "npsn": "30301227", "ownership_status": "Negeri", "address": "Jl. KAYU MANIS", "village": "Kayu Abang", "district": "Angkinang", "student_total": 92, "teacher_total": 8, "staff_total": 2 }, "geometry": { "type": "Point", "coordinates": [ 115.2825, -2.7194 ] } },
{ "type": "Feature", "properties": { "facility_id": "school-30301717", "facility_type": "school", "facility_subtype": "SD", "facility_name": "SD NEGERI 2 KERAMAT RAYA", "npsn": "30301717", "ownership_status": "Negeri", "address": "Jalan Halaban", "village": "Amparaya", "district": "Simpur", "student_total": 27, "teacher_total": 8, "staff_total": 4 }, "geometry": { "type": "Point", "coordinates": [ 115.2023, -2.8028 ] } },
{ "type": "Feature", "properties": { "facility_id": "school-30301707", "facility_type": "school", "facility_subtype": "SD", "facility_name": "SD NEGERI 2 LOKBAHAN", "npsn": "30301707", "ownership_status": "Negeri", "address": "Lokbahan", "village": "Malilingin", "district": "Padang Batung", "student_total": 34, "teacher_total": 8, "staff_total": 2 }, "geometry": { "type": "Point", "coordinates": [ 115.3435, -2.881 ] } },
{ "type": "Feature", "properties": { "facility_id": "school-30301713", "facility_type": "school", "facility_subtype": "SD", "facility_name": "SD NEGERI 2 MADANG", "npsn": "30301713", "ownership_status": "Negeri", "address": "Jalan luwau karang jawa", "village": "Karang Jawa", "district": "Padang Batung", "student_total": 39, "teacher_total": 8, "staff_total": 3 }, "geometry": { "type": "Point", "coordinates": [ 115.3098, -2.7673 ] } },
{ "type": "Feature", "properties": { "facility_id": "school-30301734", "facility_type": "school", "facility_subtype": "SD", "facility_name": "SD NEGERI 2 PAHARANGAN", "npsn": "30301734", "ownership_status": "Negeri", "address": "Jalan Tugu 2 Januari 1949", "village": "Paharangan", "district": "Daha Utara", "student_total": 42, "teacher_total": 7, "staff_total": 2 }, "geometry": { "type": "Point", "coordinates": [ 115.1422, -2.5637 ] } },
{ "type": "Feature", "properties": { "facility_id": "school-30301736", "facility_type": "school", "facility_subtype": "SD", "facility_name": "SD NEGERI 2 PAKAN DALAM", "npsn": "30301736", "ownership_status": "Negeri", "address": "Jalan Gang 1", "village": "Pakan Dalam", "district": "Daha Utara", "student_total": 68, "teacher_total": 7, "staff_total": 3 }, "geometry": { "type": "Point", "coordinates": [ 115.1032, -2.6215 ] } },
{ "type": "Feature", "properties": { "facility_id": "school-30301737", "facility_type": "school", "facility_subtype": "SD", "facility_name": "SD NEGERI 2 PAKAPURAN KACIL", "npsn": "30301737", "ownership_status": "Negeri", "address": "Pakapuran Kacil", "village": "Pakapuran Kecil", "district": "Daha Utara", "student_total": 87, "teacher_total": 7, "staff_total": 2 }, "geometry": { "type": "Point", "coordinates": [ 115.0988, -2.6289 ] } },
{ "type": "Feature", "properties": { "facility_id": "school-30301674", "facility_type": "school", "facility_subtype": "SD", "facility_name": "SD NEGERI 2 PANDULANGAN", "npsn": "30301674", "ownership_status": "Negeri", "address": "Jln H.Amansyah", "village": "Pandulangan", "district": "Telaga Langsat", "student_total": 65, "teacher_total": 10, "staff_total": 1 }, "geometry": { "type": "Point", "coordinates": [ 115.3219, -2.708 ] } },
{ "type": "Feature", "properties": { "facility_id": "school-30301669", "facility_type": "school", "facility_subtype": "SD", "facility_name": "SD NEGERI 2 PANJAMPANG BAHAGIA", "npsn": "30301669", "ownership_status": "Negeri", "address": "Jalan Rawati Rt 4 Rw Xi", "village": "Panjampang Bahagia", "district": "Simpur", "student_total": 39, "teacher_total": 9, "staff_total": 2 }, "geometry": { "type": "Point", "coordinates": [ 115.2048, -2.789 ] } },
{ "type": "Feature", "properties": { "facility_id": "school-30301663", "facility_type": "school", "facility_subtype": "SD", "facility_name": "SD NEGERI 2 PIHANIN", "npsn": "30301663", "ownership_status": "Negeri", "address": "Jl.Desa Pihanin Raya RT 05", "village": "Pihanin Raya", "district": "Daha Selatan", "student_total": 78, "teacher_total": 7, "staff_total": 2 }, "geometry": { "type": "Point", "coordinates": [ 115.1251, -2.626 ] } },
{ "type": "Feature", "properties": { "facility_id": "school-30301664", "facility_type": "school", "facility_subtype": "SD", "facility_name": "SD NEGERI 2 RIAM TALO", "npsn": "30301664", "ownership_status": "Negeri", "address": "Jalan Riam Talo", "village": "Hamak Utara", "district": "Telaga Langsat", "student_total": 28, "teacher_total": 8, "staff_total": 1 }, "geometry": { "type": "Point", "coordinates": [ 115.4225, -2.7793 ] } },
{ "type": "Feature", "properties": { "facility_id": "school-30301681", "facility_type": "school", "facility_subtype": "SD", "facility_name": "SD NEGERI 2 SAMUDA", "npsn": "30301681", "ownership_status": "Negeri", "address": "Jalan Jadi Makmur RT.07 RW.4", "village": "Samuda", "district": "Daha Selatan", "student_total": 131, "teacher_total": 7, "staff_total": 3 }, "geometry": { "type": "Point", "coordinates": [ 115.06793, -2.63123 ] } },
{ "type": "Feature", "properties": { "facility_id": "school-30301700", "facility_type": "school", "facility_subtype": "SD", "facility_name": "SD NEGERI 2 SERANGGAN", "npsn": "30301700", "ownership_status": "Negeri", "address": "Jl. Seranggan", "village": "Asam", "district": "Sungai Raya", "student_total": 31, "teacher_total": 7, "staff_total": 4 }, "geometry": { "type": "Point", "coordinates": [ 115.1955, -2.8407 ] } },
{ "type": "Feature", "properties": { "facility_id": "school-30301684", "facility_type": "school", "facility_subtype": "SD", "facility_name": "SD NEGERI 2 SUNGAI JARUM", "npsn": "30301684", "ownership_status": "Negeri", "address": "Jl.Kandangan - Negara KM.18", "village": "Bangkau", "district": "Kandangan", "student_total": 65, "teacher_total": 8, "staff_total": 3 }, "geometry": { "type": "Point", "coordinates": [ 115.178421700000015, -2.6880617 ] } },
{ "type": "Feature", "properties": { "facility_id": "school-30301689", "facility_type": "school", "facility_subtype": "SD", "facility_name": "SD NEGERI 2 SUNGAI KUPANG", "npsn": "30301689", "ownership_status": "Negeri", "address": "Jalan Negara Km 10,5", "village": "Sungai Kupang", "district": "Kandangan", "student_total": 47, "teacher_total": 9, "staff_total": 2 }, "geometry": { "type": "Point", "coordinates": [ 115.2242, -2.7187 ] } },
{ "type": "Feature", "properties": { "facility_id": "school-30301697", "facility_type": "school", "facility_subtype": "SD", "facility_name": "SD NEGERI 2 SUNGAI KUPANG PALAS", "npsn": "30301697", "ownership_status": "Negeri", "address": "Jalan Negara Km 8", "village": "Sungai Kupang", "district": "Kandangan", "student_total": 70, "teacher_total": 8, "staff_total": 2 }, "geometry": { "type": "Point", "coordinates": [ 115.238, -2.7377 ] } },
{ "type": "Feature", "properties": { "facility_id": "school-30301816", "facility_type": "school", "facility_subtype": "SD", "facility_name": "SD NEGERI 2 SUNGAI PINANG", "npsn": "30301816", "ownership_status": "Negeri", "address": "Jalan Mawar", "village": "Sungai Pinang", "district": "Daha Selatan", "student_total": 79, "teacher_total": 7, "staff_total": 4 }, "geometry": { "type": "Point", "coordinates": [ 115.1003, -2.6353 ] } },
{ "type": "Feature", "properties": { "facility_id": "school-30301812", "facility_type": "school", "facility_subtype": "SD", "facility_name": "SD NEGERI 2 TALUK LABAK", "npsn": "30301812", "ownership_status": "Negeri", "address": "Jalan Taluk Labak Rt.003 Rw.002", "village": "Teluk Labak", "district": "Daha Utara", "student_total": 46, "teacher_total": 7, "staff_total": 1 }, "geometry": { "type": "Point", "coordinates": [ 115.112, -2.5932 ] } },
{ "type": "Feature", "properties": { "facility_id": "school-30301805", "facility_type": "school", "facility_subtype": "SD", "facility_name": "SD NEGERI 2 TAMBANGAN", "npsn": "30301805", "ownership_status": "Negeri", "address": "Jalan Kaminting Batu", "village": "Tambangan", "district": "Daha Selatan", "student_total": 138, "teacher_total": 7, "staff_total": 3 }, "geometry": { "type": "Point", "coordinates": [ 115.0952, -2.6315 ] } },
{ "type": "Feature", "properties": { "facility_id": "school-30301840", "facility_type": "school", "facility_subtype": "SD", "facility_name": "SD NEGERI 2 TANITI", "npsn": "30301840", "ownership_status": "Negeri", "address": "Jalan Lettu Aliansyah", "village": "Gumbil", "district": "Telaga Langsat", "student_total": 35, "teacher_total": 9, "staff_total": 2 }, "geometry": { "type": "Point", "coordinates": [ 115.3532, -2.7277 ] } },
{ "type": "Feature", "properties": { "facility_id": "school-30301833", "facility_type": "school", "facility_subtype": "SD", "facility_name": "SD NEGERI 2 TUMINGKI", "npsn": "30301833", "ownership_status": "Negeri", "address": "Jl. Brigjen H. Hasan Basry", "village": "Tumingki", "district": "Loksado", "student_total": 26, "teacher_total": 7, "staff_total": 0 }, "geometry": { "type": "Point", "coordinates": [ 115.4872, -2.8297 ] } },
{ "type": "Feature", "properties": { "facility_id": "school-30301752", "facility_type": "school", "facility_subtype": "SD", "facility_name": "SD NEGERI 2 WASAH HILIR", "npsn": "30301752", "ownership_status": "Negeri", "address": "Jalan Dharma", "village": "Wasah Hilir", "district": "Simpur", "student_total": 20, "teacher_total": 9, "staff_total": 3 }, "geometry": { "type": "Point", "coordinates": [ 115.2177, -2.812 ] } },
{ "type": "Feature", "properties": { "facility_id": "school-30301885", "facility_type": "school", "facility_subtype": "SD", "facility_name": "SD NEGERI 3 AMAWANG KIRI", "npsn": "30301885", "ownership_status": "Negeri", "address": "Jl. Budi Bakti Desa Amawang Kiri", "village": "Amawang Kiri", "district": "Kandangan", "student_total": 106, "teacher_total": 7, "staff_total": 3 }, "geometry": { "type": "Point", "coordinates": [ 115.2343, -2.7668 ] } },
{ "type": "Feature", "properties": { "facility_id": "school-30301874", "facility_type": "school", "facility_subtype": "SD", "facility_name": "SD NEGERI 3 BAGO TANGGUL", "npsn": "30301874", "ownership_status": "Negeri", "address": "Jalan Bago Tanggul", "village": "Bago Tanggul", "district": "Kalumpang", "student_total": 37, "teacher_total": 8, "staff_total": 3 }, "geometry": { "type": "Point", "coordinates": [ 115.1116, -2.7923 ] } },
{ "type": "Feature", "properties": { "facility_id": "school-30302028", "facility_type": "school", "facility_subtype": "SD", "facility_name": "SD NEGERI 3 GAMBAH DALAM BARAT", "npsn": "30302028", "ownership_status": "Negeri", "address": "Jalan Negara Km, 5", "village": "Gambah Dalam Barat", "district": "Kandangan", "student_total": 74, "teacher_total": 8, "staff_total": 2 }, "geometry": { "type": "Point", "coordinates": [ 115.2557, -2.7465 ] } },
{ "type": "Feature", "properties": { "facility_id": "school-30301954", "facility_type": "school", "facility_subtype": "SD", "facility_name": "SD NEGERI 3 HARATAI", "npsn": "30301954", "ownership_status": "Negeri", "address": "Dusun Kadayang RT. 03", "village": "Haratai", "district": "Loksado", "student_total": 28, "teacher_total": 7, "staff_total": 2 }, "geometry": { "type": "Point", "coordinates": [ 115.5532, -2.7468 ] } },
{ "type": "Feature", "properties": { "facility_id": "school-30301948", "facility_type": "school", "facility_subtype": "SD", "facility_name": "SD NEGERI 3 JAMBU HILIR", "npsn": "30301948", "ownership_status": "Negeri", "address": "JL. KAPTEN PIERE TENDEAN", "village": "Jambu Hilir", "district": "Kandangan", "student_total": 31, "teacher_total": 7, "staff_total": 4 }, "geometry": { "type": "Point", "coordinates": [ 115.273686700000013, -2.790435 ] } },
{ "type": "Feature", "properties": { "facility_id": "school-30301951", "facility_type": "school", "facility_subtype": "SD", "facility_name": "SD NEGERI 3 JAMBU HILIR BALUTI", "npsn": "30301951", "ownership_status": "Negeri", "address": "Jl Di Panjaitan", "village": "Baluti", "district": "Kandangan", "student_total": 87, "teacher_total": 6, "staff_total": 3 }, "geometry": { "type": "Point", "coordinates": [ 115.265165, -2.7909983 ] } },
{ "type": "Feature", "properties": { "facility_id": "school-30301977", "facility_type": "school", "facility_subtype": "SD", "facility_name": "SD NEGERI 3 KANDANGAN BARAT", "npsn": "30301977", "ownership_status": "Negeri", "address": "Jl Jend A Yani", "village": "Kandangan Barat", "district": "Kandangan", "student_total": 100, "teacher_total": 8, "staff_total": 4 }, "geometry": { "type": "Point", "coordinates": [ 115.2642, -2.7724 ] } },
{ "type": "Feature", "properties": { "facility_id": "school-30301988", "facility_type": "school", "facility_subtype": "SD", "facility_name": "SD NEGERI 3 KANDANGAN UTARA", "npsn": "30301988", "ownership_status": "Negeri", "address": "Jln. Kamboja RT. 14", "village": "Kandangan Utara", "district": "Kandangan", "student_total": 86, "teacher_total": 8, "staff_total": 2 }, "geometry": { "type": "Point", "coordinates": [ 115.26587, -2.77559 ] } },
{ "type": "Feature", "properties": { "facility_id": "school-30301665", "facility_type": "school", "facility_subtype": "SD", "facility_name": "SD NEGERI 3 RIAM TALO", "npsn": "30301665", "ownership_status": "Negeri", "address": "Jalan Riam Tajam", "village": "Hamak Utara", "district": "Telaga Langsat", "student_total": 23, "teacher_total": 8, "staff_total": 1 }, "geometry": { "type": "Point", "coordinates": [ 115.3855, -2.7863 ] } },
{ "type": "Feature", "properties": { "facility_id": "school-30301802", "facility_type": "school", "facility_subtype": "SD", "facility_name": "SD NEGERI 3 TAMBAK BITIN", "npsn": "30301802", "ownership_status": "Negeri", "address": "TAMBAK BITIN RT 04", "village": "Tambak Bitin", "district": "Daha Utara", "student_total": 122, "teacher_total": 7, "staff_total": 3 }, "geometry": { "type": "Point", "coordinates": [ 115.10678, -2.62938 ] } },
{ "type": "Feature", "properties": { "facility_id": "school-30301806", "facility_type": "school", "facility_subtype": "SD", "facility_name": "SD NEGERI 3 TAMBANGAN", "npsn": "30301806", "ownership_status": "Negeri", "address": "Jalan Kamitinting Batu Rt 1", "village": "Tambangan", "district": "Daha Selatan", "student_total": 108, "teacher_total": 8, "staff_total": 1 }, "geometry": { "type": "Point", "coordinates": [ 115.0931, -2.6298 ] } },
{ "type": "Feature", "properties": { "facility_id": "school-30301813", "facility_type": "school", "facility_subtype": "SD", "facility_name": "SD NEGERI 3 TIBUNG RAYA", "npsn": "30301813", "ownership_status": "Negeri", "address": "Jalan Kerja Bakti", "village": "Tibung Raya", "district": "Kandangan", "student_total": 52, "teacher_total": 8, "staff_total": 3 }, "geometry": { "type": "Point", "coordinates": [ 115.2654, -2.7946 ] } },
{ "type": "Feature", "properties": { "facility_id": "school-30301952", "facility_type": "school", "facility_subtype": "SD", "facility_name": "SD NEGERI 4 JAMBU HILIR BALUTI", "npsn": "30301952", "ownership_status": "Negeri", "address": "Jalan Baluti RT. 06 RW. 03", "village": "Baluti", "district": "Kandangan", "student_total": 79, "teacher_total": 8, "staff_total": 4 }, "geometry": { "type": "Point", "coordinates": [ 115.2668483, -2.794705 ] } },
{ "type": "Feature", "properties": { "facility_id": "school-30301970", "facility_type": "school", "facility_subtype": "SD", "facility_name": "SD NEGERI 4 KANDANGAN KOTA", "npsn": "30301970", "ownership_status": "Negeri", "address": "Jl Aluh Idut Kandangan No.95", "village": "Kandangan Kota", "district": "Kandangan", "student_total": 154, "teacher_total": 10, "staff_total": 2 }, "geometry": { "type": "Point", "coordinates": [ 115.2678, -2.781 ] } },
{ "type": "Feature", "properties": { "facility_id": "school-30301807", "facility_type": "school", "facility_subtype": "SD", "facility_name": "SD NEGERI 4 TAMBANGAN", "npsn": "30301807", "ownership_status": "Negeri", "address": "Jalan Bunga Tanjung", "village": "Tambangan", "district": "Daha Selatan", "student_total": 146, "teacher_total": 8, "staff_total": 2 }, "geometry": { "type": "Point", "coordinates": [ 115.0905, -2.6335 ] } },
{ "type": "Feature", "properties": { "facility_id": "school-30301967", "facility_type": "school", "facility_subtype": "SD", "facility_name": "SD NEGERI 5 KANDANGAN BARAT", "npsn": "30301967", "ownership_status": "Negeri", "address": "Jalan Harapan", "village": "Kandangan Barat", "district": "Kandangan", "student_total": 40, "teacher_total": 8, "staff_total": 3 }, "geometry": { "type": "Point", "coordinates": [ 115.2611617, -2.7783933 ] } },
{ "type": "Feature", "properties": { "facility_id": "school-30301973", "facility_type": "school", "facility_subtype": "SD", "facility_name": "SD NEGERI 7 KANDANGAN KOTA", "npsn": "30301973", "ownership_status": "Negeri", "address": "Jl Brigjen H Hasan Basri", "village": "Kandangan Kota", "district": "Kandangan", "student_total": 80, "teacher_total": 8, "staff_total": 2 }, "geometry": { "type": "Point", "coordinates": [ 115.2757, -2.7862 ] } },
{ "type": "Feature", "properties": { "facility_id": "school-30301886", "facility_type": "school", "facility_subtype": "SD", "facility_name": "SD NEGERI AMAWANG KIRI MUKA", "npsn": "30301886", "ownership_status": "Negeri", "address": "Jl. BUDI BAKTI", "village": "Amawang Kiri Muka", "district": "Kandangan", "student_total": 117, "teacher_total": 7, "staff_total": 4 }, "geometry": { "type": "Point", "coordinates": [ 115.2491, -2.7733 ] } },
{ "type": "Feature", "properties": { "facility_id": "school-30301887", "facility_type": "school", "facility_subtype": "SD", "facility_name": "SD NEGERI AMBARAI", "npsn": "30301887", "ownership_status": "Negeri", "address": "Jl.Tumenggung Antaludin, Ambarai", "village": "Karang Jawa", "district": "Padang Batung", "student_total": 72, "teacher_total": 7, "staff_total": 4 }, "geometry": { "type": "Point", "coordinates": [ 115.2969, -2.7854 ] } },
{ "type": "Feature", "properties": { "facility_id": "school-30301883", "facility_type": "school", "facility_subtype": "SD", "facility_name": "SD NEGERI ANJIRAN", "npsn": "30301883", "ownership_status": "Negeri", "address": "Jalan Anjiran", "village": "Kayu Abang", "district": "Angkinang", "student_total": 50, "teacher_total": 8, "staff_total": 2 }, "geometry": { "type": "Point", "coordinates": [ 115.2921, -2.7157 ] } },
{ "type": "Feature", "properties": { "facility_id": "school-30301882", "facility_type": "school", "facility_subtype": "SD", "facility_name": "SD NEGERI ANJIRAN SUNGAI RAYA", "npsn": "30301882", "ownership_status": "Negeri", "address": "Jl. Bina Warga Desa Telaga Bidadari Kecamatan Sungai Raya", "village": "Telaga Bidadari", "district": "Sungai Raya", "student_total": 64, "teacher_total": 8, "staff_total": 3 }, "geometry": { "type": "Point", "coordinates": [ 115.2721, -2.8333 ] } },
{ "type": "Feature", "properties": { "facility_id": "school-30301881", "facility_type": "school", "facility_subtype": "SD", "facility_name": "SD NEGERI BADAUN", "npsn": "30301881", "ownership_status": "Negeri", "address": "Desa Badaun Rt 2 Rk 1", "village": "Badaun", "district": "Daha Barat", "student_total": 73, "teacher_total": 8, "staff_total": 2 }, "geometry": { "type": "Point", "coordinates": [ 115.02551, -2.68382 ] } },
{ "type": "Feature", "properties": { "facility_id": "school-30301872", "facility_type": "school", "facility_subtype": "SD", "facility_name": "SD NEGERI BAGAMBIR", "npsn": "30301872", "ownership_status": "Negeri", "address": "Jl.a.yani Km.12,5", "village": "Bamban Utara", "district": "Angkinang", "student_total": 34, "teacher_total": 8, "staff_total": 3 }, "geometry": { "type": "Point", "coordinates": [ 115.3098, -2.704 ] } },
{ "type": "Feature", "properties": { "facility_id": "school-30301875", "facility_type": "school", "facility_subtype": "SD", "facility_name": "SD NEGERI BAJAYAU", "npsn": "30301875", "ownership_status": "Negeri", "address": "Jl. Bajayau", "village": "Bajayau", "district": "Daha Barat", "student_total": 84, "teacher_total": 7, "staff_total": 1 }, "geometry": { "type": "Point", "coordinates": [ 115.0164, -2.691 ] } },
{ "type": "Feature", "properties": { "facility_id": "school-30301876", "facility_type": "school", "facility_subtype": "SD", "facility_name": "SD NEGERI BAJAYAU LAMA", "npsn": "30301876", "ownership_status": "Negeri", "address": "Jalan Bailung Rt 2", "village": "Bajayau Lama", "district": "Daha Barat", "student_total": 84, "teacher_total": 7, "staff_total": 2 }, "geometry": { "type": "Point", "coordinates": [ 115.009, -2.7192 ] } },
{ "type": "Feature", "properties": { "facility_id": "school-30301895", "facility_type": "school", "facility_subtype": "SD", "facility_name": "SD NEGERI BAKARUNG TENGAH", "npsn": "30301895", "ownership_status": "Negeri", "address": "Jl A Yani Km 5,5", "village": "Bakarung", "district": "Angkinang", "student_total": 96, "teacher_total": 8, "staff_total": 3 }, "geometry": { "type": "Point", "coordinates": [ 115.281, -2.7451 ] } },
{ "type": "Feature", "properties": { "facility_id": "school-30302005", "facility_type": "school", "facility_subtype": "SD", "facility_name": "SD NEGERI BALAH PAIKAT", "npsn": "30302005", "ownership_status": "Negeri", "address": "Jalan Perwira", "village": "Belah Paikat", "district": "Daha Utara", "student_total": 106, "teacher_total": 8, "staff_total": 3 }, "geometry": { "type": "Point", "coordinates": [ 115.1194, -2.629 ] } },
{ "type": "Feature", "properties": { "facility_id": "school-30302006", "facility_type": "school", "facility_subtype": "SD", "facility_name": "SD NEGERI BALAI AMAS", "npsn": "30302006", "ownership_status": "Negeri", "address": "Jalan Kamal", "village": "Pantai Ulin", "district": "Simpur", "student_total": 88, "teacher_total": 8, "staff_total": 4 }, "geometry": { "type": "Point", "coordinates": [ 115.2104, -2.779 ] } },
{ "type": "Feature", "properties": { "facility_id": "school-30302007", "facility_type": "school", "facility_subtype": "SD", "facility_name": "SD NEGERI BALIMAU", "npsn": "30302007", "ownership_status": "Negeri", "address": "Desa Balimau", "village": "Balimau", "district": "Kalumpang", "student_total": 67, "teacher_total": 8, "staff_total": 1 }, "geometry": { "type": "Point", "coordinates": [ 115.125785348420905, -2.831922258653154 ] } },
{ "type": "Feature", "properties": { "facility_id": "school-30302009", "facility_type": "school", "facility_subtype": "SD", "facility_name": "SD NEGERI BAMBAN SELATAN", "npsn": "30302009", "ownership_status": "Negeri", "address": "Jl A.Yani Km 11", "village": "Bamban Selatan", "district": "Angkinang", "student_total": 116, "teacher_total": 8, "staff_total": 3 }, "geometry": { "type": "Point", "coordinates": [ 115.3008, -2.7104 ] } },
{ "type": "Feature", "properties": { "facility_id": "school-30302010", "facility_type": "school", "facility_subtype": "SD", "facility_name": "SD NEGERI BAMBAN UTARA", "npsn": "30302010", "ownership_status": "Negeri", "address": "Jl. Jend.a.yani Km. 11,5", "village": "Bamban Utara", "district": "Angkinang", "student_total": 127, "teacher_total": 8, "staff_total": 2 }, "geometry": { "type": "Point", "coordinates": [ 115.3063, -2.7072 ] } },
{ "type": "Feature", "properties": { "facility_id": "school-30302011", "facility_type": "school", "facility_subtype": "SD", "facility_name": "SD NEGERI BANGKAU", "npsn": "30302011", "ownership_status": "Negeri", "address": "Jalan Kandangan Negara Km 16", "village": "Bangkau", "district": "Kandangan", "student_total": 82, "teacher_total": 9, "staff_total": 4 }, "geometry": { "type": "Point", "coordinates": [ 115.196, -2.6804 ] } },
{ "type": "Feature", "properties": { "facility_id": "school-30302013", "facility_type": "school", "facility_subtype": "SD", "facility_name": "SD NEGERI BANJARBARU", "npsn": "30302013", "ownership_status": "Negeri", "address": "Jalan Negara Kandangan Km 1", "village": "Banjar Baru", "district": "Daha Selatan", "student_total": 175, "teacher_total": 9, "staff_total": 5 }, "geometry": { "type": "Point", "coordinates": [ 115.117, -2.6373 ] } },
{ "type": "Feature", "properties": { "facility_id": "school-30302014", "facility_type": "school", "facility_subtype": "SD", "facility_name": "SD NEGERI BANUA HANYAR", "npsn": "30302014", "ownership_status": "Negeri", "address": "Jl. Sulaiman Said RT.03/RW.01 Desa Telaga Langsat", "village": "Telaga Langsat", "district": "Telaga Langsat", "student_total": 46, "teacher_total": 8, "staff_total": 3 }, "geometry": { "type": "Point", "coordinates": [ 115.3248, -2.7293 ] } },
{ "type": "Feature", "properties": { "facility_id": "school-30302002", "facility_type": "school", "facility_subtype": "SD", "facility_name": "SD NEGERI BARIANG", "npsn": "30302002", "ownership_status": "Negeri", "address": "Jl. H. Zafri Zam-zam", "village": "Bariang", "district": "Kandangan", "student_total": 45, "teacher_total": 8, "staff_total": 2 }, "geometry": { "type": "Point", "coordinates": [ 115.245, -2.7808 ] } },
{ "type": "Feature", "properties": { "facility_id": "school-30301991", "facility_type": "school", "facility_subtype": "SD", "facility_name": "SD NEGERI BARU", "npsn": "30301991", "ownership_status": "Negeri", "address": "Jalan Malambun", "village": "Baru", "district": "Daha Barat", "student_total": 106, "teacher_total": 8, "staff_total": 2 }, "geometry": { "type": "Point", "coordinates": [ 115.0529, -2.6827 ] } },
{ "type": "Feature", "properties": { "facility_id": "school-30301998", "facility_type": "school", "facility_subtype": "SD", "facility_name": "SD NEGERI BATANG ALAI", "npsn": "30301998", "ownership_status": "Negeri", "address": "Jalan Sungai Batang Alai No. 59 RT. 06 RW. III", "village": "Pihanin Raya", "district": "Daha Selatan", "student_total": 63, "teacher_total": 8, "staff_total": 4 }, "geometry": { "type": "Point", "coordinates": [ 115.1538, -2.6099 ] } },
{ "type": "Feature", "properties": { "facility_id": "school-30302030", "facility_type": "school", "facility_subtype": "SD", "facility_name": "SD NEGERI BATANG KULUR TENGAH", "npsn": "30302030", "ownership_status": "Negeri", "address": "Jl. Jend. Sudirman Km. 9", "village": "Hariti", "district": "Sungai Raya", "student_total": 60, "teacher_total": 8, "staff_total": 3 }, "geometry": { "type": "Point", "coordinates": [ 115.2381, -2.8616 ] } },
{ "type": "Feature", "properties": { "facility_id": "school-30302031", "facility_type": "school", "facility_subtype": "SD", "facility_name": "SD NEGERI BATU BINI", "npsn": "30302031", "ownership_status": "Negeri", "address": "JL.Brigjend H.Hasan Basery RT 001 / RW 001", "village": "Batu Bini", "district": "Padang Batung", "student_total": 54, "teacher_total": 9, "staff_total": 4 }, "geometry": { "type": "Point", "coordinates": [ 115.31791, -2.82811 ] } },
{ "type": "Feature", "properties": { "facility_id": "school-30302032", "facility_type": "school", "facility_subtype": "SD", "facility_name": "SD NEGERI BATU LAKI", "npsn": "30302032", "ownership_status": "Negeri", "address": "Batu Laki", "village": "Batu Laki", "district": "Padang Batung", "student_total": 20, "teacher_total": 7, "staff_total": 2 }, "geometry": { "type": "Point", "coordinates": [ 115.2988, -2.8584 ] } },
{ "type": "Feature", "properties": { "facility_id": "school-30301990", "facility_type": "school", "facility_subtype": "SD", "facility_name": "SD NEGERI BUKUANIN", "npsn": "30301990", "ownership_status": "Negeri", "address": "Jl. Bukuanin", "village": "Mawangi", "district": "Padang Batung", "student_total": 46, "teacher_total": 8, "staff_total": 3 }, "geometry": { "type": "Point", "coordinates": [ 115.35799, -2.7958967 ] } },
{ "type": "Feature", "properties": { "facility_id": "school-30302036", "facility_type": "school", "facility_subtype": "SD", "facility_name": "SD NEGERI BUMI BERKAT", "npsn": "30302036", "ownership_status": "Negeri", "address": "Desa Bumi Berkat", "village": "Bumi Barkat", "district": "Sungai Raya", "student_total": 18, "teacher_total": 7, "staff_total": 2 }, "geometry": { "type": "Point", "coordinates": [ 115.1954, -2.8646 ] } },
{ "type": "Feature", "properties": { "facility_id": "school-30302037", "facility_type": "school", "facility_subtype": "SD", "facility_name": "SD NEGERI BUMI THAIBAH", "npsn": "30302037", "ownership_status": "Negeri", "address": "Jl. Asam Bumi Thaibah", "village": "Tamiyang", "district": "Sungai Raya", "student_total": 44, "teacher_total": 7, "staff_total": 2 }, "geometry": { "type": "Point", "coordinates": [ 115.20229, -2.8461 ] } },
{ "type": "Feature", "properties": { "facility_id": "school-30302017", "facility_type": "school", "facility_subtype": "SD", "facility_name": "SD NEGERI GAMBAH LUAR", "npsn": "30302017", "ownership_status": "Negeri", "address": "Jl. Lukupang", "village": "Gambah Luar", "district": "Kandangan", "student_total": 39, "teacher_total": 7, "staff_total": 3 }, "geometry": { "type": "Point", "coordinates": [ 115.2772, -2.7611 ] } },
{ "type": "Feature", "properties": { "facility_id": "school-30302018", "facility_type": "school", "facility_subtype": "SD", "facility_name": "SD NEGERI GAMBAH LUAR MUKA", "npsn": "30302018", "ownership_status": "Negeri", "address": "Jalan Niwang Sakarti", "village": "Gambah Luar Muka", "district": "Kandangan", "student_total": 27, "teacher_total": 8, "staff_total": 3 }, "geometry": { "type": "Point", "coordinates": [ 115.2713, -2.7657 ] } },
{ "type": "Feature", "properties": { "facility_id": "school-30302019", "facility_type": "school", "facility_subtype": "SD", "facility_name": "SD NEGERI GAMBAH LUAR SELATAN", "npsn": "30302019", "ownership_status": "Negeri", "address": "Jl.A.Yani KM.3,2", "village": "Gambah Luar Muka", "district": "Kandangan", "student_total": 109, "teacher_total": 8, "staff_total": 2 }, "geometry": { "type": "Point", "coordinates": [ 115.27288830000002, -2.76139 ] } },
{ "type": "Feature", "properties": { "facility_id": "school-30302020", "facility_type": "school", "facility_subtype": "SD", "facility_name": "SD NEGERI GAMBAH WALANGKU", "npsn": "30302020", "ownership_status": "Negeri", "address": "Jalan Negara", "village": "Gambah Dalam", "district": "Kandangan", "student_total": 77, "teacher_total": 7, "staff_total": 3 }, "geometry": { "type": "Point", "coordinates": [ 115.2658717, -2.76248 ] } },
{ "type": "Feature", "properties": { "facility_id": "school-30302022", "facility_type": "school", "facility_subtype": "SD", "facility_name": "SD NEGERI GARUNGGANG", "npsn": "30302022", "ownership_status": "Negeri", "address": "Jalan Haji Ismail", "village": "Garunggang", "district": "Simpur", "student_total": 42, "teacher_total": 8, "staff_total": 3 }, "geometry": { "type": "Point", "coordinates": [ 115.212, -2.8076 ] } },
{ "type": "Feature", "properties": { "facility_id": "school-30302023", "facility_type": "school", "facility_subtype": "SD", "facility_name": "SD NEGERI GUMBIL", "npsn": "30302023", "ownership_status": "Negeri", "address": "Gumbil Rt 2 Rk 1", "village": "Gumbil", "district": "Telaga Langsat", "student_total": 79, "teacher_total": 8, "staff_total": 3 }, "geometry": { "type": "Point", "coordinates": [ 115.3356, -2.7119 ] } },
{ "type": "Feature", "properties": { "facility_id": "school-30302024", "facility_type": "school", "facility_subtype": "SD", "facility_name": "SD NEGERI HABIRAU", "npsn": "30302024", "ownership_status": "Negeri", "address": "Jalan Inpres Habirau", "village": "Habirau", "district": "Daha Selatan", "student_total": 48, "teacher_total": 7, "staff_total": 3 }, "geometry": { "type": "Point", "coordinates": [ 115.0966, -2.6362 ] } },
{ "type": "Feature", "properties": { "facility_id": "school-30301989", "facility_type": "school", "facility_subtype": "SD", "facility_name": "SD NEGERI HAKURUNG", "npsn": "30301989", "ownership_status": "Negeri", "address": "Jalan Tugu 2 Januari Rt.01 / Rw.01", "village": "Hamayung", "district": "Daha Utara", "student_total": 27, "teacher_total": 5, "staff_total": 2 }, "geometry": { "type": "Point", "coordinates": [ 115.11519, -2.5821 ] } },
{ "type": "Feature", "properties": { "facility_id": "school-30301943", "facility_type": "school", "facility_subtype": "SD", "facility_name": "SD NEGERI HAKURUNG DALAM", "npsn": "30301943", "ownership_status": "Negeri", "address": "Jalan Sungai Hakurung Dalam", "village": "Hakurung", "district": "Daha Utara", "student_total": 96, "teacher_total": 7, "staff_total": 2 }, "geometry": { "type": "Point", "coordinates": [ 115.1228, -2.5566 ] } },
{ "type": "Feature", "properties": { "facility_id": "school-30301956", "facility_type": "school", "facility_subtype": "SD", "facility_name": "SD NEGERI HALUNUK", "npsn": "30301956", "ownership_status": "Negeri", "address": "Jl Brigjen H Hasan Basry", "village": "Halunuk", "district": "Loksado", "student_total": 53, "teacher_total": 8, "staff_total": 1 }, "geometry": { "type": "Point", "coordinates": [ 115.37301, -2.82974 ] } },
{ "type": "Feature", "properties": { "facility_id": "school-30301957", "facility_type": "school", "facility_subtype": "SD", "facility_name": "SD NEGERI HAMAK", "npsn": "30301957", "ownership_status": "Negeri", "address": "Jalan Halat", "village": "Hamak", "district": "Telaga Langsat", "student_total": 27, "teacher_total": 9, "staff_total": 0 }, "geometry": { "type": "Point", "coordinates": [ 115.3657, -2.7486 ] } },
{ "type": "Feature", "properties": { "facility_id": "school-30301962", "facility_type": "school", "facility_subtype": "SD", "facility_name": "SD NEGERI HAMAYUNG UTARA", "npsn": "30301962", "ownership_status": "Negeri", "address": "JL. TUGU 2 JANUARI 1949", "village": "Hamayung Utara", "district": "Daha Utara", "student_total": 99, "teacher_total": 7, "staff_total": 4 }, "geometry": { "type": "Point", "coordinates": [ 115.1351, -2.5733 ] } },
{ "type": "Feature", "properties": { "facility_id": "school-30301953", "facility_type": "school", "facility_subtype": "SD", "facility_name": "SD NEGERI HULU BANYU", "npsn": "30301953", "ownership_status": "Negeri", "address": "Jl Brigjen H. Hasan Basry", "village": "Hulu Banyu", "district": "Loksado", "student_total": 40, "teacher_total": 9, "staff_total": 1 }, "geometry": { "type": "Point", "coordinates": [ 115.4299, -2.7904 ] } },
{ "type": "Feature", "properties": { "facility_id": "school-30301944", "facility_type": "school", "facility_subtype": "SD", "facility_name": "SD NEGERI HULU SELATAN", "npsn": "30301944", "ownership_status": "Negeri", "address": "Jl. Gerilya", "village": "Tanah Bangkang", "district": "Sungai Raya", "student_total": 52, "teacher_total": 7, "staff_total": 3 }, "geometry": { "type": "Point", "coordinates": [ 115.2628, -2.8331 ] } },
{ "type": "Feature", "properties": { "facility_id": "school-30301965", "facility_type": "school", "facility_subtype": "SD", "facility_name": "SD NEGERI JAMBU HULU", "npsn": "30301965", "ownership_status": "Negeri", "address": "Jambu Hulu", "village": "Jambu Hulu", "district": "Padang Batung", "student_total": 58, "teacher_total": 8, "staff_total": 2 }, "geometry": { "type": "Point", "coordinates": [ 115.2788, -2.8174 ] } },
{ "type": "Feature", "properties": { "facility_id": "school-30301966", "facility_type": "school", "facility_subtype": "SD", "facility_name": "SD NEGERI JAMBU HULU MUKA", "npsn": "30301966", "ownership_status": "Negeri", "address": "Jambu Hulu", "village": "Jambu Hulu", "district": "Padang Batung", "student_total": 36, "teacher_total": 8, "staff_total": 2 }, "geometry": { "type": "Point", "coordinates": [ 115.2881, -2.8104 ] } },
{ "type": "Feature", "properties": { "facility_id": "school-30301979", "facility_type": "school", "facility_subtype": "SD", "facility_name": "SD NEGERI JARAU", "npsn": "30301979", "ownership_status": "Negeri", "address": "Desa Jarau Rt. 02 Rk. I", "village": "Ida Manggala", "district": "Sungai Raya", "student_total": 34, "teacher_total": 9, "staff_total": 2 }, "geometry": { "type": "Point", "coordinates": [ 115.2198, -2.8661 ] } },
{ "type": "Feature", "properties": { "facility_id": "school-30301980", "facility_type": "school", "facility_subtype": "SD", "facility_name": "SD NEGERI JEMBATAN MERAH", "npsn": "30301980", "ownership_status": "Negeri", "address": "Jembatan Merah", "village": "Jembatan Merah", "district": "Padang Batung", "student_total": 115, "teacher_total": 8, "staff_total": 3 }, "geometry": { "type": "Point", "coordinates": [ 115.2917, -2.8103 ] } },
{ "type": "Feature", "properties": { "facility_id": "school-30301981", "facility_type": "school", "facility_subtype": "SD", "facility_name": "SD NEGERI KALIRING", "npsn": "30301981", "ownership_status": "Negeri", "address": "Kaliring", "village": "Kaliring", "district": "Padang Batung", "student_total": 35, "teacher_total": 7, "staff_total": 3 }, "geometry": { "type": "Point", "coordinates": [ 115.2912, -2.7941 ] } },
{ "type": "Feature", "properties": { "facility_id": "school-30301982", "facility_type": "school", "facility_subtype": "SD", "facility_name": "SD NEGERI KALIRING DALAM", "npsn": "30301982", "ownership_status": "Negeri", "address": "Jalan Kegiatan", "village": "Kaliring", "district": "Padang Batung", "student_total": 46, "teacher_total": 9, "staff_total": 4 }, "geometry": { "type": "Point", "coordinates": [ 115.2946, -2.7987 ] } },
{ "type": "Feature", "properties": { "facility_id": "school-30301983", "facility_type": "school", "facility_subtype": "SD", "facility_name": "SD NEGERI KALUMPANG", "npsn": "30301983", "ownership_status": "Negeri", "address": "Jalan Bukhari Km 15", "village": "Kalumpang", "district": "Kalumpang", "student_total": 111, "teacher_total": 8, "staff_total": 2 }, "geometry": { "type": "Point", "coordinates": [ 115.1591, -2.8233 ] } },
{ "type": "Feature", "properties": { "facility_id": "school-30301985", "facility_type": "school", "facility_subtype": "SD", "facility_name": "SD NEGERI KAMAWAKAN", "npsn": "30301985", "ownership_status": "Negeri", "address": "Jl. Kamawakan", "village": "Kamawakan", "district": "Loksado", "student_total": 38, "teacher_total": 7, "staff_total": 1 }, "geometry": { "type": "Point", "coordinates": [ 115.4863, -2.8513 ] } },
{ "type": "Feature", "properties": { "facility_id": "school-30301986", "facility_type": "school", "facility_subtype": "SD", "facility_name": "SD NEGERI KAMBANG BASAR", "npsn": "30301986", "ownership_status": "Negeri", "address": "Kambang Basar", "village": "Tabihi", "district": "Padang Batung", "student_total": 66, "teacher_total": 7, "staff_total": 1 }, "geometry": { "type": "Point", "coordinates": [ 115.2801, -2.7651 ] } },
{ "type": "Feature", "properties": { "facility_id": "school-30301847", "facility_type": "school", "facility_subtype": "SD", "facility_name": "SD NEGERI KANDIHIN", "npsn": "30301847", "ownership_status": "Negeri", "address": "Jl. Kandihin", "village": "Halunuk", "district": "Loksado", "student_total": 41, "teacher_total": 8, "staff_total": 0 }, "geometry": { "type": "Point", "coordinates": [ 115.37277, -2.83017 ] } },
{ "type": "Feature", "properties": { "facility_id": "school-30301706", "facility_type": "school", "facility_subtype": "SD", "facility_name": "SD NEGERI KAPUH DARAT", "npsn": "30301706", "ownership_status": "Negeri", "address": "Desa Kapuh", "village": "Simpur", "district": "Simpur", "student_total": 42, "teacher_total": 9, "staff_total": 3 }, "geometry": { "type": "Point", "coordinates": [ 115.232105706906665, -2.817358398246106 ] } },
{ "type": "Feature", "properties": { "facility_id": "school-30301722", "facility_type": "school", "facility_subtype": "SD", "facility_name": "SD NEGERI KARANG BULAN", "npsn": "30301722", "ownership_status": "Negeri", "address": "Jalan Bukhari", "village": "Karang Bulan", "district": "Kalumpang", "student_total": 89, "teacher_total": 8, "staff_total": 2 }, "geometry": { "type": "Point", "coordinates": [ 115.1487, -2.8224 ] } },
{ "type": "Feature", "properties": { "facility_id": "school-30301718", "facility_type": "school", "facility_subtype": "SD", "facility_name": "SD NEGERI KENANGA", "npsn": "30301718", "ownership_status": "Negeri", "address": "Jalan Kenanga", "village": "Baruh Kembang", "district": "Daha Utara", "student_total": 38, "teacher_total": 8, "staff_total": 2 }, "geometry": { "type": "Point", "coordinates": [ 115.10555486347107, -2.619784584068804 ] } },
{ "type": "Feature", "properties": { "facility_id": "school-30301708", "facility_type": "school", "facility_subtype": "SD", "facility_name": "SD NEGERI LOKBINUANG", "npsn": "30301708", "ownership_status": "Negeri", "address": "Jalan Sulaiman Said", "village": "Lok Binuang", "district": "Telaga Langsat", "student_total": 36, "teacher_total": 8, "staff_total": 4 }, "geometry": { "type": "Point", "coordinates": [ 115.3148, -2.729 ] } },
{ "type": "Feature", "properties": { "facility_id": "school-30301709", "facility_type": "school", "facility_subtype": "SD", "facility_name": "SD NEGERI LOKLAHUNG", "npsn": "30301709", "ownership_status": "Negeri", "address": "Jalan Brigjen H Hasan Basry", "village": "Lok Lahung", "district": "Loksado", "student_total": 37, "teacher_total": 8, "staff_total": 2 }, "geometry": { "type": "Point", "coordinates": [ 115.4978, -2.804 ] } },
{ "type": "Feature", "properties": { "facility_id": "school-30301710", "facility_type": "school", "facility_subtype": "SD", "facility_name": "SD NEGERI LOKSADO", "npsn": "30301710", "ownership_status": "Negeri", "address": "Jl Brigjen H Hasan Basry", "village": "Loksado", "district": "Loksado", "student_total": 104, "teacher_total": 9, "staff_total": 3 }, "geometry": { "type": "Point", "coordinates": [ 115.4964, -2.7955 ] } },
{ "type": "Feature", "properties": { "facility_id": "school-30301711", "facility_type": "school", "facility_subtype": "SD", "facility_name": "SD NEGERI LONGAWANG", "npsn": "30301711", "ownership_status": "Negeri", "address": "JALAN H. AMANSYAH", "village": "Longawang", "district": "Telaga Langsat", "student_total": 40, "teacher_total": 8, "staff_total": 4 }, "geometry": { "type": "Point", "coordinates": [ 115.32518, -2.71096 ] } },
{ "type": "Feature", "properties": { "facility_id": "school-30301712", "facility_type": "school", "facility_subtype": "SD", "facility_name": "SD NEGERI LUMPANGI", "npsn": "30301712", "ownership_status": "Negeri", "address": "Jl Brigjen H Hassan Basry Km 24", "village": "Lumpangi", "district": "Loksado", "student_total": 116, "teacher_total": 5, "staff_total": 4 }, "geometry": { "type": "Point", "coordinates": [ 115.41714, -2.81233 ] } },
{ "type": "Feature", "properties": { "facility_id": "school-30301715", "facility_type": "school", "facility_subtype": "SD", "facility_name": "SD NEGERI MALILINGIN", "npsn": "30301715", "ownership_status": "Negeri", "address": "Malilingin Rt 1 Rk 1", "village": "Malilingin", "district": "Padang Batung", "student_total": 50, "teacher_total": 8, "staff_total": 1 }, "geometry": { "type": "Point", "coordinates": [ 115.3179, -2.8633 ] } },
{ "type": "Feature", "properties": { "facility_id": "school-30301728", "facility_type": "school", "facility_subtype": "SD", "facility_name": "SD NEGERI MALINAU", "npsn": "30301728", "ownership_status": "Negeri", "address": "Jl. Lintas Batu Licin", "village": "Malinau", "district": "Loksado", "student_total": 123, "teacher_total": 8, "staff_total": 2 }, "geometry": { "type": "Point", "coordinates": [ 115.4126, -2.8586 ] } },
{ "type": "Feature", "properties": { "facility_id": "school-30301729", "facility_type": "school", "facility_subtype": "SD", "facility_name": "SD NEGERI MALUTU", "npsn": "30301729", "ownership_status": "Negeri", "address": "Jl. H. Busra Rt. 02", "village": "Malutu", "district": "Padang Batung", "student_total": 77, "teacher_total": 8, "staff_total": 2 }, "geometry": { "type": "Point", "coordinates": [ 115.2849, -2.8589 ] } },
{ "type": "Feature", "properties": { "facility_id": "school-30301744", "facility_type": "school", "facility_subtype": "SD", "facility_name": "SD NEGERI MANDAPAI", "npsn": "30301744", "ownership_status": "Negeri", "address": "Jl Penghijauan", "village": "Batu Bini", "district": "Padang Batung", "student_total": 33, "teacher_total": 8, "staff_total": 3 }, "geometry": { "type": "Point", "coordinates": [ 115.3259, -2.8117 ] } },
{ "type": "Feature", "properties": { "facility_id": "school-30301745", "facility_type": "school", "facility_subtype": "SD", "facility_name": "SD NEGERI MASIMPAN", "npsn": "30301745", "ownership_status": "Negeri", "address": "Jalan Masimpan", "village": "Mandala", "district": "Telaga Langsat", "student_total": 52, "teacher_total": 9, "staff_total": 2 }, "geometry": { "type": "Point", "coordinates": [ 115.3367, -2.7316 ] } },
{ "type": "Feature", "properties": { "facility_id": "school-30301746", "facility_type": "school", "facility_subtype": "SD", "facility_name": "SD NEGERI MAWANGI", "npsn": "30301746", "ownership_status": "Negeri", "address": "Jl Brigjen H Hasan Basry", "village": "Mawangi", "district": "Padang Batung", "student_total": 57, "teacher_total": 8, "staff_total": 4 }, "geometry": { "type": "Point", "coordinates": [ 115.3397033, -2.82391 ] } },
{ "type": "Feature", "properties": { "facility_id": "school-30301748", "facility_type": "school", "facility_subtype": "SD", "facility_name": "SD NEGERI MUNING BARU", "npsn": "30301748", "ownership_status": "Negeri", "address": "Jalan Negara Kandangan Km 8", "village": "Muning Baru", "district": "Daha Selatan", "student_total": 42, "teacher_total": 9, "staff_total": 1 }, "geometry": { "type": "Point", "coordinates": [ 115.15932, -2.68031 ] } },
{ "type": "Feature", "properties": { "facility_id": "school-30301749", "facility_type": "school", "facility_subtype": "SD", "facility_name": "SD NEGERI MUNING DALAM", "npsn": "30301749", "ownership_status": "Negeri", "address": "Jalan Printis Raya Km 20", "village": "Muning Dalam", "district": "Daha Selatan", "student_total": 49, "teacher_total": 8, "staff_total": 3 }, "geometry": { "type": "Point", "coordinates": [ 115.0424, -2.767 ] } },
{ "type": "Feature", "properties": { "facility_id": "school-30301750", "facility_type": "school", "facility_subtype": "SD", "facility_name": "SD NEGERI MUNING TENGAH", "npsn": "30301750", "ownership_status": "Negeri", "address": "Jalan Negara Kandangan Km 3", "village": "Muning Tengah", "district": "Daha Selatan", "student_total": 135, "teacher_total": 8, "staff_total": 1 }, "geometry": { "type": "Point", "coordinates": [ 115.1273, -2.6492 ] } },
{ "type": "Feature", "properties": { "facility_id": "school-30301740", "facility_type": "school", "facility_subtype": "SD", "facility_name": "SD NEGERI MURUNG RAYA", "npsn": "30301740", "ownership_status": "Negeri", "address": "Desa Murung Raya", "village": "Murung Raya", "district": "Daha Utara", "student_total": 86, "teacher_total": 8, "staff_total": 2 }, "geometry": { "type": "Point", "coordinates": [ 115.1241, -2.624 ] } },
{ "type": "Feature", "properties": { "facility_id": "school-30301739", "facility_type": "school", "facility_subtype": "SD", "facility_name": "SD NEGERI PADANG SIMPUR", "npsn": "30301739", "ownership_status": "Negeri", "address": "TEBING TINGGI", "village": "Tebing Tinggi", "district": "Simpur", "student_total": 43, "teacher_total": 9, "staff_total": 3 }, "geometry": { "type": "Point", "coordinates": [ 115.197314, -2.81859 ] } },
{ "type": "Feature", "properties": { "facility_id": "school-30301732", "facility_type": "school", "facility_subtype": "SD", "facility_name": "SD NEGERI PAGAR HAUR", "npsn": "30301732", "ownership_status": "Negeri", "address": "Desa Jelatang", "village": "Jalatang", "district": "Padang Batung", "student_total": 36, "teacher_total": 8, "staff_total": 3 }, "geometry": { "type": "Point", "coordinates": [ 115.2902, -2.8511 ] } },
{ "type": "Feature", "properties": { "facility_id": "school-30301670", "facility_type": "school", "facility_subtype": "SD", "facility_name": "SD NEGERI PAMUJAAN", "npsn": "30301670", "ownership_status": "Negeri", "address": "Jalan Pamujaan", "village": "Simpur", "district": "Simpur", "student_total": 38, "teacher_total": 9, "staff_total": 4 }, "geometry": { "type": "Point", "coordinates": [ 115.2112, -2.8272 ] } },
{ "type": "Feature", "properties": { "facility_id": "school-30301671", "facility_type": "school", "facility_subtype": "SD", "facility_name": "SD NEGERI PANDAN SARI", "npsn": "30301671", "ownership_status": "Negeri", "address": "Jalan Pandan Sari", "village": "Pandan Sari", "district": "Daha Selatan", "student_total": 101, "teacher_total": 7, "staff_total": 2 }, "geometry": { "type": "Point", "coordinates": [ 115.1132, -2.6321 ] } },
{ "type": "Feature", "properties": { "facility_id": "school-30301672", "facility_type": "school", "facility_subtype": "SD", "facility_name": "SD NEGERI PANDULANGAN", "npsn": "30301672", "ownership_status": "Negeri", "address": "Pandulangan", "village": "Pandulangan", "district": "Padang Batung", "student_total": 76, "teacher_total": 8, "staff_total": 3 }, "geometry": { "type": "Point", "coordinates": [ 115.2922, -2.7728 ] } },
{ "type": "Feature", "properties": { "facility_id": "school-30301675", "facility_type": "school", "facility_subtype": "SD", "facility_name": "SD NEGERI PANGGANDINGAN", "npsn": "30301675", "ownership_status": "Negeri", "address": "Jl. Herman", "village": "Panggandingan", "district": "Daha Utara", "student_total": 100, "teacher_total": 7, "staff_total": 3 }, "geometry": { "type": "Point", "coordinates": [ 115.1009, -2.6292 ] } },
{ "type": "Feature", "properties": { "facility_id": "school-30301676", "facility_type": "school", "facility_subtype": "SD", "facility_name": "SD NEGERI PANGGANG HIJAU", "npsn": "30301676", "ownership_status": "Negeri", "address": "Panggang Hijau", "village": "Kayu Abang", "district": "Angkinang", "student_total": 50, "teacher_total": 9, "staff_total": 3 }, "geometry": { "type": "Point", "coordinates": [ 115.2705, -2.6995 ] } },
{ "type": "Feature", "properties": { "facility_id": "school-30301677", "facility_type": "school", "facility_subtype": "SD", "facility_name": "SD NEGERI PANGGUNGAN", "npsn": "30301677", "ownership_status": "Negeri", "address": "Jln Bregjen H Hasan Basry", "village": "Panggungan", "district": "Loksado", "student_total": 37, "teacher_total": 8, "staff_total": 1 }, "geometry": { "type": "Point", "coordinates": [ 115.40042, -2.81945 ] } },
{ "type": "Feature", "properties": { "facility_id": "school-30301679", "facility_type": "school", "facility_subtype": "SD", "facility_name": "SD NEGERI PANGLIMA DAMBUNG", "npsn": "30301679", "ownership_status": "Negeri", "address": "Jl Brigjen H Hasan Basri", "village": "Padang Batung", "district": "Padang Batung", "student_total": 48, "teacher_total": 8, "staff_total": 3 }, "geometry": { "type": "Point", "coordinates": [ 115.2961, -2.815 ] } },
{ "type": "Feature", "properties": { "facility_id": "school-30301668", "facility_type": "school", "facility_subtype": "SD", "facility_name": "SD NEGERI PANTAI ULIN", "npsn": "30301668", "ownership_status": "Negeri", "address": "Pantai Ulin", "village": "Pantai Ulin", "district": "Simpur", "student_total": 50, "teacher_total": 8, "staff_total": 2 }, "geometry": { "type": "Point", "coordinates": [ 115.2195, -2.769 ] } },
{ "type": "Feature", "properties": { "facility_id": "school-30301657", "facility_type": "school", "facility_subtype": "SD", "facility_name": "SD NEGERI PARAMAIAN", "npsn": "30301657", "ownership_status": "Negeri", "address": "Jalan Lurung Bagus Rt 02 Rw 01", "village": "Paramaian", "district": "Daha Utara", "student_total": 39, "teacher_total": 7, "staff_total": 1 }, "geometry": { "type": "Point", "coordinates": [ 115.1001, -2.6141 ] } },
{ "type": "Feature", "properties": { "facility_id": "school-30301658", "facility_type": "school", "facility_subtype": "SD", "facility_name": "SD NEGERI PARIANGAN", "npsn": "30301658", "ownership_status": "Negeri", "address": "Desa Pariangan", "village": "Batu Bini", "district": "Padang Batung", "student_total": 56, "teacher_total": 9, "staff_total": 3 }, "geometry": { "type": "Point", "coordinates": [ 115.342, -2.8375 ] } },
{ "type": "Feature", "properties": { "facility_id": "school-30301661", "facility_type": "school", "facility_subtype": "SD", "facility_name": "SD NEGERI PARING AGUNG", "npsn": "30301661", "ownership_status": "Negeri", "address": "Paring Agung", "village": "Paring Agung", "district": "Sungai Raya", "student_total": 22, "teacher_total": 6, "staff_total": 2 }, "geometry": { "type": "Point", "coordinates": [ 115.2309, -2.8368 ] } },
{ "type": "Feature", "properties": { "facility_id": "school-30301682", "facility_type": "school", "facility_subtype": "SD", "facility_name": "SD NEGERI SARANG HALANG", "npsn": "30301682", "ownership_status": "Negeri", "address": "Jl. Sarang Halang", "village": "Sarang Halang", "district": "Sungai Raya", "student_total": 51, "teacher_total": 6, "staff_total": 1 }, "geometry": { "type": "Point", "coordinates": [ 115.2428, -2.8201 ] } },
{ "type": "Feature", "properties": { "facility_id": "school-30314299", "facility_type": "school", "facility_subtype": "SD", "facility_name": "SD NEGERI SARANG HALANG PADANG", "npsn": "30314299", "ownership_status": "Negeri", "address": "Sarang Halang Padang", "village": "Sarang Halang", "district": "Sungai Raya", "student_total": 38, "teacher_total": 8, "staff_total": 0 }, "geometry": { "type": "Point", "coordinates": [ 115.232, -2.8274 ] } },
{ "type": "Feature", "properties": { "facility_id": "school-30301701", "facility_type": "school", "facility_subtype": "SD", "facility_name": "SD NEGERI SIANG GANTUNG", "npsn": "30301701", "ownership_status": "Negeri", "address": "Jalan Desa Siang Gantung", "village": "Siang Gantung", "district": "Daha Barat", "student_total": 128, "teacher_total": 8, "staff_total": 3 }, "geometry": { "type": "Point", "coordinates": [ 115.0674, -2.6703 ] } },
{ "type": "Feature", "properties": { "facility_id": "school-30301703", "facility_type": "school", "facility_subtype": "SD", "facility_name": "SD NEGERI SIMPUR", "npsn": "30301703", "ownership_status": "Negeri", "address": "Jl. Bukhari", "village": "Simpur", "district": "Simpur", "student_total": 50, "teacher_total": 8, "staff_total": 2 }, "geometry": { "type": "Point", "coordinates": [ 115.2065, -2.8152 ] } },
{ "type": "Feature", "properties": { "facility_id": "school-30301695", "facility_type": "school", "facility_subtype": "SD", "facility_name": "SD NEGERI SUNGAI GARUDA", "npsn": "30301695", "ownership_status": "Negeri", "address": "Jalan Garuda", "village": "Sungai Garuda", "district": "Daha Utara", "student_total": 114, "teacher_total": 8, "staff_total": 4 }, "geometry": { "type": "Point", "coordinates": [ 115.1112, -2.6309 ] } },
{ "type": "Feature", "properties": { "facility_id": "school-30301692", "facility_type": "school", "facility_subtype": "SD", "facility_name": "SD NEGERI SUNGAI HAJI", "npsn": "30301692", "ownership_status": "Negeri", "address": "Jalan Sungai Haji Dalam RT.05", "village": "Hakurung", "district": "Daha Utara", "student_total": 71, "teacher_total": 7, "staff_total": 3 }, "geometry": { "type": "Point", "coordinates": [ 115.13058, -2.5392 ] } },
{ "type": "Feature", "properties": { "facility_id": "school-30301683", "facility_type": "school", "facility_subtype": "SD", "facility_name": "SD NEGERI SUNGAI HANYAR", "npsn": "30301683", "ownership_status": "Negeri", "address": "Jln. Pandan Sari", "village": "Angkinang", "district": "Angkinang", "student_total": 74, "teacher_total": 8, "staff_total": 4 }, "geometry": { "type": "Point", "coordinates": [ 115.2953, -2.7307 ] } },
{ "type": "Feature", "properties": { "facility_id": "school-30301686", "facility_type": "school", "facility_subtype": "SD", "facility_name": "SD NEGERI SUNGAI KALI", "npsn": "30301686", "ownership_status": "Negeri", "address": "Jl. Sungai Kali", "village": "Sungai Kali", "district": "Sungai Raya", "student_total": 37, "teacher_total": 7, "staff_total": 4 }, "geometry": { "type": "Point", "coordinates": [ 115.2225, -2.8451 ] } },
{ "type": "Feature", "properties": { "facility_id": "school-30301704", "facility_type": "school", "facility_subtype": "SD", "facility_name": "SD NEGERI SUNGAI MANDALA", "npsn": "30301704", "ownership_status": "Negeri", "address": "Jalan Keramat Habib Iberahim", "village": "Sungai Mandala", "district": "Daha Utara", "student_total": 87, "teacher_total": 7, "staff_total": 1 }, "geometry": { "type": "Point", "coordinates": [ 115.1093, -2.6289 ] } },
{ "type": "Feature", "properties": { "facility_id": "school-30301817", "facility_type": "school", "facility_subtype": "SD", "facility_name": "SD NEGERI SUNGAI RAYA TENGAH", "npsn": "30301817", "ownership_status": "Negeri", "address": "Jl Jend Sudirman Km 5.5", "village": "Sungai Raya Utara", "district": "Sungai Raya", "student_total": 115, "teacher_total": 8, "staff_total": 4 }, "geometry": { "type": "Point", "coordinates": [ 115.2517, -2.8323 ] } },
{ "type": "Feature", "properties": { "facility_id": "school-30301818", "facility_type": "school", "facility_subtype": "SD", "facility_name": "SD NEGERI SUNGAI RAYA UTARA", "npsn": "30301818", "ownership_status": "Negeri", "address": "Jl Vetran No 12", "village": "Sungai Raya Utara", "district": "Sungai Raya", "student_total": 33, "teacher_total": 8, "staff_total": 2 }, "geometry": { "type": "Point", "coordinates": [ 115.2514, -2.8274 ] } },
{ "type": "Feature", "properties": { "facility_id": "school-30301820", "facility_type": "school", "facility_subtype": "SD", "facility_name": "SD NEGERI TABIHI KANAN", "npsn": "30301820", "ownership_status": "Negeri", "address": "Jl. Gerilya", "village": "Karang Jawa Muka", "district": "Padang Batung", "student_total": 65, "teacher_total": 8, "staff_total": 4 }, "geometry": { "type": "Point", "coordinates": [ 115.2784, -2.7716 ] } },
{ "type": "Feature", "properties": { "facility_id": "school-30301803", "facility_type": "school", "facility_subtype": "SD", "facility_name": "SD NEGERI TAMBAK PIPI.I", "npsn": "30301803", "ownership_status": "Negeri", "address": "Jl.Tambak Pipi,i RT 04/II", "village": "Batu Laki", "district": "Padang Batung", "student_total": 35, "teacher_total": 7, "staff_total": 1 }, "geometry": { "type": "Point", "coordinates": [ 115.3118, -2.90706 ] } },
{ "type": "Feature", "properties": { "facility_id": "school-30301808", "facility_type": "school", "facility_subtype": "SD", "facility_name": "SD NEGERI TAMBINGKAR", "npsn": "30301808", "ownership_status": "Negeri", "address": "Jln.Bukhari.Km 13.5", "village": "Tambingkar", "district": "Kalumpang", "student_total": 45, "teacher_total": 7, "staff_total": 4 }, "geometry": { "type": "Point", "coordinates": [ 115.1666, -2.8205 ] } },
{ "type": "Feature", "properties": { "facility_id": "school-30301810", "facility_type": "school", "facility_subtype": "SD", "facility_name": "SD NEGERI TAMIANG", "npsn": "30301810", "ownership_status": "Negeri", "address": "Jl. Ujung Asam RT.4 RW.2", "village": "Tamiyang", "district": "Sungai Raya", "student_total": 50, "teacher_total": 6, "staff_total": 3 }, "geometry": { "type": "Point", "coordinates": [ 115.1847, -2.8461 ] } },
{ "type": "Feature", "properties": { "facility_id": "school-30301823", "facility_type": "school", "facility_subtype": "SD", "facility_name": "SD NEGERI TAMPANG", "npsn": "30301823", "ownership_status": "Negeri", "address": "Jl. Tampang", "village": "Batang Kulur Kanan", "district": "Sungai Raya", "student_total": 48, "teacher_total": 8, "staff_total": 3 }, "geometry": { "type": "Point", "coordinates": [ 115.21537, -2.85387 ] } },
{ "type": "Feature", "properties": { "facility_id": "school-30301824", "facility_type": "school", "facility_subtype": "SD", "facility_name": "SD NEGERI TANAH BANGKANG", "npsn": "30301824", "ownership_status": "Negeri", "address": "TANAH BANGKANG", "village": "Tanah Bangkang", "district": "Sungai Raya", "student_total": 36, "teacher_total": 8, "staff_total": 1 }, "geometry": { "type": "Point", "coordinates": [ 115.2688, -2.8303 ] } },
{ "type": "Feature", "properties": { "facility_id": "school-30301837", "facility_type": "school", "facility_subtype": "SD", "facility_name": "SD NEGERI TANIRAN TENGAH", "npsn": "30301837", "ownership_status": "Negeri", "address": "Jl. Anjir Rantauan", "village": "Taniran Selatan", "district": "Angkinang", "student_total": 32, "teacher_total": 8, "staff_total": 2 }, "geometry": { "type": "Point", "coordinates": [ 115.2644, -2.7446 ] } },
{ "type": "Feature", "properties": { "facility_id": "school-30301838", "facility_type": "school", "facility_subtype": "SD", "facility_name": "SD NEGERI TANIRAN UTARA", "npsn": "30301838", "ownership_status": "Negeri", "address": "Jl.keramat Desa Taniran Kubah", "village": "Taniran Kubah", "district": "Angkinang", "student_total": 57, "teacher_total": 7, "staff_total": 2 }, "geometry": { "type": "Point", "coordinates": [ 115.268, -2.7345 ] } },
{ "type": "Feature", "properties": { "facility_id": "school-30301841", "facility_type": "school", "facility_subtype": "SD", "facility_name": "SD NEGERI TANJUNG SELOR", "npsn": "30301841", "ownership_status": "Negeri", "address": "Jalan Pangambang RT.002/RW.001", "village": "Tanjung Selor", "district": "Daha Barat", "student_total": 160, "teacher_total": 9, "staff_total": 3 }, "geometry": { "type": "Point", "coordinates": [ 115.0399, -2.6904 ] } },
{ "type": "Feature", "properties": { "facility_id": "school-30301842", "facility_type": "school", "facility_subtype": "SD", "facility_name": "SD NEGERI TANUHI", "npsn": "30301842", "ownership_status": "Negeri", "address": "Jl Brigjen H Hasan Basry", "village": "Hulu Banyu", "district": "Loksado", "student_total": 75, "teacher_total": 7, "staff_total": 1 }, "geometry": { "type": "Point", "coordinates": [ 115.4512, -2.7983 ] } },
{ "type": "Feature", "properties": { "facility_id": "school-30301844", "facility_type": "school", "facility_subtype": "SD", "facility_name": "SD NEGERI TAWIA BARAT", "npsn": "30301844", "ownership_status": "Negeri", "address": "Jalan Tawia", "village": "Tawia", "district": "Angkinang", "student_total": 66, "teacher_total": 9, "staff_total": 3 }, "geometry": { "type": "Point", "coordinates": [ 115.2771, -2.7254 ] } },
{ "type": "Feature", "properties": { "facility_id": "school-30301835", "facility_type": "school", "facility_subtype": "SD", "facility_name": "SD NEGERI TAYUB", "npsn": "30301835", "ownership_status": "Negeri", "address": "Tayub", "village": "Madang", "district": "Padang Batung", "student_total": 47, "teacher_total": 8, "staff_total": 2 }, "geometry": { "type": "Point", "coordinates": [ 115.3323147, -2.7959672 ] } },
{ "type": "Feature", "properties": { "facility_id": "school-30301825", "facility_type": "school", "facility_subtype": "SD", "facility_name": "SD NEGERI TELAGA LANGSAT", "npsn": "30301825", "ownership_status": "Negeri", "address": "Jalan Sulaiman Said", "village": "Telaga Langsat", "district": "Telaga Langsat", "student_total": 65, "teacher_total": 8, "staff_total": 4 }, "geometry": { "type": "Point", "coordinates": [ 115.3313, -2.7328 ] } },
{ "type": "Feature", "properties": { "facility_id": "school-30301826", "facility_type": "school", "facility_subtype": "SD", "facility_name": "SD NEGERI TELAGA SILI-SILI", "npsn": "30301826", "ownership_status": "Negeri", "address": "Telaga Sili-sili", "village": "Telaga Sili Sili", "district": "Angkinang", "student_total": 81, "teacher_total": 8, "staff_total": 3 }, "geometry": { "type": "Point", "coordinates": [ 115.3055, -2.7522 ] } },
{ "type": "Feature", "properties": { "facility_id": "school-30301827", "facility_type": "school", "facility_subtype": "SD", "facility_name": "SD NEGERI TELUK PINANG", "npsn": "30301827", "ownership_status": "Negeri", "address": "Jl. Teluk Pinang", "village": "Karasikan", "district": "Sungai Raya", "student_total": 20, "teacher_total": 8, "staff_total": 3 }, "geometry": { "type": "Point", "coordinates": [ 115.265, -2.8151 ] } },
{ "type": "Feature", "properties": { "facility_id": "school-30301828", "facility_type": "school", "facility_subtype": "SD", "facility_name": "SD NEGERI THOBA", "npsn": "30301828", "ownership_status": "Negeri", "address": "Jalan Thoba", "village": "Wasah Hulu", "district": "Simpur", "student_total": 51, "teacher_total": 8, "staff_total": 2 }, "geometry": { "type": "Point", "coordinates": [ 115.241, -2.7943 ] } },
{ "type": "Feature", "properties": { "facility_id": "school-30301831", "facility_type": "school", "facility_subtype": "SD", "facility_name": "SD NEGERI TUMBUKAN BANYU", "npsn": "30301831", "ownership_status": "Negeri", "address": "Jalan Musyawarah", "village": "Tumbukan Banyu", "district": "Daha Selatan", "student_total": 119, "teacher_total": 8, "staff_total": 3 }, "geometry": { "type": "Point", "coordinates": [ 115.1053, -2.634 ] } },
{ "type": "Feature", "properties": { "facility_id": "school-30301846", "facility_type": "school", "facility_subtype": "SD", "facility_name": "SD NEGERI ULIN", "npsn": "30301846", "ownership_status": "Negeri", "address": "Jalan Singa Jaya", "village": "Ulin", "district": "Simpur", "student_total": 42, "teacher_total": 9, "staff_total": 4 }, "geometry": { "type": "Point", "coordinates": [ 115.2219, -2.7879 ] } },
{ "type": "Feature", "properties": { "facility_id": "school-30301765", "facility_type": "school", "facility_subtype": "SD", "facility_name": "SD NEGERI WASAH HULU", "npsn": "30301765", "ownership_status": "Negeri", "address": "Jalan Bukhari Km 4", "village": "Wasah Hulu", "district": "Simpur", "student_total": 46, "teacher_total": 8, "staff_total": 3 }, "geometry": { "type": "Point", "coordinates": [ 115.2329, -2.7884 ] } },
{ "type": "Feature", "properties": { "facility_id": "school-30301766", "facility_type": "school", "facility_subtype": "SD", "facility_name": "SD NEGERI WASAH TENGAH", "npsn": "30301766", "ownership_status": "Negeri", "address": "Jalan Bukhari", "village": "Wasah Tengah", "district": "Simpur", "student_total": 42, "teacher_total": 9, "staff_total": 2 }, "geometry": { "type": "Point", "coordinates": [ 115.22362, -2.80343 ] } },
{ "type": "Feature", "properties": { "facility_id": "school-30301767", "facility_type": "school", "facility_subtype": "SD", "facility_name": "SD NEGERI WAWARAN", "npsn": "30301767", "ownership_status": "Negeri", "address": "Taniran Kubah", "village": "Taniran Kubah", "district": "Angkinang", "student_total": 110, "teacher_total": 8, "staff_total": 4 }, "geometry": { "type": "Point", "coordinates": [ 115.2514, -2.7273 ] } },
{ "type": "Feature", "properties": { "facility_id": "school-30314147", "facility_type": "school", "facility_subtype": "SD", "facility_name": "SDIT QURRATA AYUN", "npsn": "30314147", "ownership_status": "Swasta", "address": "Jl.A.Yani RT 09/LK.V", "village": "Kandangan Barat", "district": "Kandangan", "student_total": 378, "teacher_total": 27, "staff_total": 4 }, "geometry": { "type": "Point", "coordinates": [ 115.265372, -2.768878 ] } },
{ "type": "Feature", "properties": { "facility_id": "school-69867732", "facility_type": "school", "facility_subtype": "SMP", "facility_name": "SMP AL BALADUL AMIN", "npsn": "69867732", "ownership_status": "Swasta", "address": "JL. Mandala Permai", "village": "Mandala", "district": "Telaga Langsat", "student_total": 300, "teacher_total": 11, "staff_total": 1 }, "geometry": { "type": "Point", "coordinates": [ 115.335516699999985, -2.7439533 ] } },
{ "type": "Feature", "properties": { "facility_id": "school-69971809", "facility_type": "school", "facility_subtype": "SMP", "facility_name": "SMP BAJAYAU LESTARI", "npsn": "69971809", "ownership_status": "Swasta", "address": "PT. SAM Desa Bajayau Kec. Daha Barat", "village": "Bajayau", "district": "Daha Barat", "student_total": 49, "teacher_total": 8, "staff_total": 1 }, "geometry": { "type": "Point", "coordinates": [ 114.959, -2.6499 ] } },
{ "type": "Feature", "properties": { "facility_id": "school-30301773", "facility_type": "school", "facility_subtype": "SMP", "facility_name": "SMP IBNU MAS.UD PUTERI", "npsn": "30301773", "ownership_status": "Swasta", "address": "Jalan Jenderal Sudirman KM. 9 Sungai Raya", "village": "Hariti", "district": "Sungai Raya", "student_total": 68, "teacher_total": 6, "staff_total": 4 }, "geometry": { "type": "Point", "coordinates": [ 115.2404, -2.8598 ] } },
{ "type": "Feature", "properties": { "facility_id": "school-69955187", "facility_type": "school", "facility_subtype": "SMP", "facility_name": "SMP ISLAM TERPADU TARBIYATUL FURQAN", "npsn": "69955187", "ownership_status": "Swasta", "address": "Jl. Kapten Piere Tendean Komp. Pulalayan", "village": "Jambu Hilir", "district": "Kandangan", "student_total": 64, "teacher_total": 10, "staff_total": 1 }, "geometry": { "type": "Point", "coordinates": [ 115.2710467, -2.7912183 ] } },
{ "type": "Feature", "properties": { "facility_id": "school-30301755", "facility_type": "school", "facility_subtype": "SMP", "facility_name": "SMP NEGERI 1 ANGKINANG", "npsn": "30301755", "ownership_status": "Negeri", "address": "Jl. Jend. A. Yani Km.8,5 Angkinang", "village": "Angkinang", "district": "Angkinang", "student_total": 61, "teacher_total": 11, "staff_total": 4 }, "geometry": { "type": "Point", "coordinates": [ 115.2921, -2.7292 ] } },
{ "type": "Feature", "properties": { "facility_id": "school-30301792", "facility_type": "school", "facility_subtype": "SMP", "facility_name": "SMP NEGERI 1 DAHA BARAT", "npsn": "30301792", "ownership_status": "Negeri", "address": "Jalan Bajayau Ds. Bajayau Daha Barat", "village": "Bajayau", "district": "Daha Barat", "student_total": 175, "teacher_total": 10, "staff_total": 3 }, "geometry": { "type": "Point", "coordinates": [ 115.0156, -2.6924 ] } },
{ "type": "Feature", "properties": { "facility_id": "school-30301756", "facility_type": "school", "facility_subtype": "SMP", "facility_name": "SMP NEGERI 1 DAHA SELATAN", "npsn": "30301756", "ownership_status": "Negeri", "address": "Jl. Bintara Bayanan", "village": "Bayanan", "district": "Daha Selatan", "student_total": 253, "teacher_total": 17, "staff_total": 2 }, "geometry": { "type": "Point", "coordinates": [ 115.1085, -2.6342 ] } },
{ "type": "Feature", "properties": { "facility_id": "school-30301757", "facility_type": "school", "facility_subtype": "SMP", "facility_name": "SMP NEGERI 1 DAHA UTARA", "npsn": "30301757", "ownership_status": "Negeri", "address": "Jalan Keramat Gang 2 Pakan Dalam", "village": "Pakan Dalam", "district": "Daha Utara", "student_total": 92, "teacher_total": 10, "staff_total": 4 }, "geometry": { "type": "Point", "coordinates": [ 115.1004, -2.6193 ] } },
{ "type": "Feature", "properties": { "facility_id": "school-30301758", "facility_type": "school", "facility_subtype": "SMP", "facility_name": "SMP NEGERI 1 KALUMPANG", "npsn": "30301758", "ownership_status": "Negeri", "address": "Jalan Datu Durabo Kec. Kalumpang", "village": "Kalumpang", "district": "Kalumpang", "student_total": 274, "teacher_total": 14, "staff_total": 2 }, "geometry": { "type": "Point", "coordinates": [ 115.160432610450471, -2.823906652441321 ] } },
{ "type": "Feature", "properties": { "facility_id": "school-30301759", "facility_type": "school", "facility_subtype": "SMP", "facility_name": "SMP NEGERI 1 KANDANGAN", "npsn": "30301759", "ownership_status": "Negeri", "address": "Jl. Panglima Batur", "village": "Kandangan Kota", "district": "Kandangan", "student_total": 465, "teacher_total": 33, "staff_total": 8 }, "geometry": { "type": "Point", "coordinates": [ 115.265516, -2.782352 ] } },
{ "type": "Feature", "properties": { "facility_id": "school-30311739", "facility_type": "school", "facility_subtype": "SMP", "facility_name": "SMP NEGERI 1 LOKSADO", "npsn": "30311739", "ownership_status": "Negeri", "address": "Jl. Brigjend. H. Hasan Basery Km. 38,5 Loksado", "village": "Loksado", "district": "Loksado", "student_total": 200, "teacher_total": 19, "staff_total": 6 }, "geometry": { "type": "Point", "coordinates": [ 115.4969, -2.7953 ] } },
{ "type": "Feature", "properties": { "facility_id": "school-30301761", "facility_type": "school", "facility_subtype": "SMP", "facility_name": "SMP NEGERI 1 PADANG BATUNG", "npsn": "30301761", "ownership_status": "Negeri", "address": "Jl.Gerilya Karang Jawa Muka", "village": "Karang Jawa", "district": "Padang Batung", "student_total": 223, "teacher_total": 18, "staff_total": 9 }, "geometry": { "type": "Point", "coordinates": [ 115.323, -2.8526 ] } },
{ "type": "Feature", "properties": { "facility_id": "school-30301774", "facility_type": "school", "facility_subtype": "SMP", "facility_name": "SMP NEGERI 1 SIMPUR", "npsn": "30301774", "ownership_status": "Negeri", "address": "Jl. Dharma Desa Wasah Hilir Simpur", "village": "Wasah Hilir", "district": "Simpur", "student_total": 65, "teacher_total": 14, "staff_total": 5 }, "geometry": { "type": "Point", "coordinates": [ 115.2182, -2.8125 ] } },
{ "type": "Feature", "properties": { "facility_id": "school-30301775", "facility_type": "school", "facility_subtype": "SMP", "facility_name": "SMP NEGERI 1 SUNGAI RAYA", "npsn": "30301775", "ownership_status": "Negeri", "address": "Jl.Pembangunan Km 5.5 Sungai Raya", "village": "Sungai Raya Utara", "district": "Sungai Raya", "student_total": 63, "teacher_total": 10, "staff_total": 4 }, "geometry": { "type": "Point", "coordinates": [ 115.241, -2.8502 ] } },
{ "type": "Feature", "properties": { "facility_id": "school-30301790", "facility_type": "school", "facility_subtype": "SMP", "facility_name": "SMP NEGERI 1 TELAGA LANGSAT", "npsn": "30301790", "ownership_status": "Negeri", "address": "Jl. Tugu 17 Mei Kec. Telaga Langsat", "village": "Telaga Langsat", "district": "Telaga Langsat", "student_total": 663, "teacher_total": 18, "staff_total": 7 }, "geometry": { "type": "Point", "coordinates": [ 115.325134606319949, -2.731225008933129 ] } },
{ "type": "Feature", "properties": { "facility_id": "school-30301791", "facility_type": "school", "facility_subtype": "SMP", "facility_name": "SMP NEGERI 2 ANGKINANG", "npsn": "30301791", "ownership_status": "Negeri", "address": "Jl. Jend. A. Yani, Bamban Selatan, HSS", "village": "Bamban", "district": "Angkinang", "student_total": 204, "teacher_total": 16, "staff_total": 5 }, "geometry": { "type": "Point", "coordinates": [ 115.2908, -2.7334 ] } },
{ "type": "Feature", "properties": { "facility_id": "school-30301793", "facility_type": "school", "facility_subtype": "SMP", "facility_name": "SMP NEGERI 2 DAHA UTARA", "npsn": "30301793", "ownership_status": "Negeri", "address": "Jl. KH. M. Thaib Baruh Kembang", "village": "Baruh Kembang", "district": "Daha Utara", "student_total": 38, "teacher_total": 11, "staff_total": 6 }, "geometry": { "type": "Point", "coordinates": [ 115.104594035104299, -2.616804623626963 ] } },
{ "type": "Feature", "properties": { "facility_id": "school-30301794", "facility_type": "school", "facility_subtype": "SMP", "facility_name": "SMP NEGERI 2 KANDANGAN", "npsn": "30301794", "ownership_status": "Negeri", "address": "Jl. Aluh Idut No. 48 Kandangan Kota", "village": "Kandangan Kota", "district": "Kandangan", "student_total": 153, "teacher_total": 16, "staff_total": 5 }, "geometry": { "type": "Point", "coordinates": [ 115.267935, -2.7813383 ] } },
{ "type": "Feature", "properties": { "facility_id": "school-30314209", "facility_type": "school", "facility_subtype": "SMP", "facility_name": "SMP NEGERI 2 LOKSADO", "npsn": "30314209", "ownership_status": "Negeri", "address": "Jl Brigjend. H. Hassan Basry Km 31,5", "village": "Malinau", "district": "Loksado", "student_total": 52, "teacher_total": 10, "staff_total": 2 }, "geometry": { "type": "Point", "coordinates": [ 115.419, -2.8184 ] } },
{ "type": "Feature", "properties": { "facility_id": "school-30301795", "facility_type": "school", "facility_subtype": "SMP", "facility_name": "SMP NEGERI 2 PADANG BATUNG", "npsn": "30301795", "ownership_status": "Negeri", "address": "Jl. Telaga Raya Padang Batung", "village": "Padang Batung", "district": "Padang Batung", "student_total": 731, "teacher_total": 19, "staff_total": 5 }, "geometry": { "type": "Point", "coordinates": [ 115.3025, -2.8211 ] } },
{ "type": "Feature", "properties": { "facility_id": "school-30301796", "facility_type": "school", "facility_subtype": "SMP", "facility_name": "SMP NEGERI 2 SUNGAI RAYA", "npsn": "30301796", "ownership_status": "Negeri", "address": "JL. Sungai Kali No. 37 RT.2 RK.I Sungai Raya", "village": "Sungai Kali", "district": "Sungai Raya", "student_total": 51, "teacher_total": 10, "staff_total": 5 }, "geometry": { "type": "Point", "coordinates": [ 115.2197, -2.8401 ] } },
{ "type": "Feature", "properties": { "facility_id": "school-30301797", "facility_type": "school", "facility_subtype": "SMP", "facility_name": "SMP NEGERI 2 TELAGA LANGSAT", "npsn": "30301797", "ownership_status": "Negeri", "address": "Desa Hamak Timur", "village": "Hamak Timur", "district": "Telaga Langsat", "student_total": 41, "teacher_total": 12, "staff_total": 3 }, "geometry": { "type": "Point", "coordinates": [ 115.370265689460069, -2.770340470994441 ] } },
{ "type": "Feature", "properties": { "facility_id": "school-30313116", "facility_type": "school", "facility_subtype": "SMP", "facility_name": "SMP NEGERI 3 DAHA SELATAN", "npsn": "30313116", "ownership_status": "Negeri", "address": "Daha Selatan", "village": "Samuda", "district": "Daha Selatan", "student_total": 64, "teacher_total": 10, "staff_total": 3 }, "geometry": { "type": "Point", "coordinates": [ 115.070187850481034, -2.628597399324057 ] } },
{ "type": "Feature", "properties": { "facility_id": "school-30301798", "facility_type": "school", "facility_subtype": "SMP", "facility_name": "SMP NEGERI 3 DAHA UTARA", "npsn": "30301798", "ownership_status": "Negeri", "address": "Jl. Hakurung Dalam No 78 RT 4 RW 2", "village": "Hakurung", "district": "Daha Utara", "student_total": 43, "teacher_total": 10, "staff_total": 4 }, "geometry": { "type": "Point", "coordinates": [ 115.1248, -2.5541 ] } },
{ "type": "Feature", "properties": { "facility_id": "school-30301788", "facility_type": "school", "facility_subtype": "SMP", "facility_name": "SMP NEGERI 3 KANDANGAN", "npsn": "30301788", "ownership_status": "Negeri", "address": "Jl. Brigjend. Katamso No.1 Kandangan Barat", "village": "Kandangan Barat", "district": "Kandangan", "student_total": 167, "teacher_total": 17, "staff_total": 8 }, "geometry": { "type": "Point", "coordinates": [ 115.260386699999984, -2.7807283 ] } },
{ "type": "Feature", "properties": { "facility_id": "school-30313117", "facility_type": "school", "facility_subtype": "SMP", "facility_name": "SMP NEGERI 3 PADANG BATUNG", "npsn": "30313117", "ownership_status": "Negeri", "address": "Jl. H.Busra RT 02/1 Malutu", "village": "Malutu", "district": "Padang Batung", "student_total": 50, "teacher_total": 11, "staff_total": 3 }, "geometry": { "type": "Point", "coordinates": [ 115.2846, -2.8587 ] } },
{ "type": "Feature", "properties": { "facility_id": "school-30313119", "facility_type": "school", "facility_subtype": "SMP", "facility_name": "SMP NEGERI 4 DAHA SELATAN", "npsn": "30313119", "ownership_status": "Negeri", "address": "Jl. Kaminting Batu RT.1 Desa Tambangan", "village": "Tambangan", "district": "Daha Selatan", "student_total": 56, "teacher_total": 8, "staff_total": 2 }, "geometry": { "type": "Point", "coordinates": [ 115.092655046394498, -2.630017754301019 ] } },
{ "type": "Feature", "properties": { "facility_id": "school-30313118", "facility_type": "school", "facility_subtype": "SMP", "facility_name": "SMP NEGERI 4 DAHA UTARA", "npsn": "30313118", "ownership_status": "Negeri", "address": "Jl Tugu 2 Januari 1949 Paharangan", "village": "Paharangan", "district": "Daha Utara", "student_total": 41, "teacher_total": 11, "staff_total": 4 }, "geometry": { "type": "Point", "coordinates": [ 115.1432, -2.5637 ] } },
{ "type": "Feature", "properties": { "facility_id": "school-30301787", "facility_type": "school", "facility_subtype": "SMP", "facility_name": "SMP NEGERI 4 KANDANGAN", "npsn": "30301787", "ownership_status": "Negeri", "address": "Jl. Batuah Tibung Raya No. 38", "village": "Tibung Raya", "district": "Kandangan", "student_total": 433, "teacher_total": 12, "staff_total": 6 }, "geometry": { "type": "Point", "coordinates": [ 115.260295, -2.7954383 ] } },
{ "type": "Feature", "properties": { "facility_id": "school-69956865", "facility_type": "school", "facility_subtype": "SMP", "facility_name": "SMP NEGERI 4 PADANG BATUNG", "npsn": "69956865", "ownership_status": "Negeri", "address": "Desa Malilingin RT 1 W 1 Kec. Padang Batung", "village": "Malilingin", "district": "Padang Batung", "student_total": 22, "teacher_total": 10, "staff_total": 1 }, "geometry": { "type": "Point", "coordinates": [ 115.3197, -2.8618 ] } },
{ "type": "Feature", "properties": { "facility_id": "school-30313120", "facility_type": "school", "facility_subtype": "SMP", "facility_name": "SMP NEGERI 5 DAHA SELATAN", "npsn": "30313120", "ownership_status": "Negeri", "address": "Jl.Teluk Baru Desa Parigi", "village": "Parigi", "district": "Daha Selatan", "student_total": 43, "teacher_total": 10, "staff_total": 3 }, "geometry": { "type": "Point", "coordinates": [ 115.08, -2.6357 ] } },
{ "type": "Feature", "properties": { "facility_id": "school-30301776", "facility_type": "school", "facility_subtype": "SMP", "facility_name": "SMP NEGERI 6 KANDANGAN", "npsn": "30301776", "ownership_status": "Negeri", "address": "Jl. Kapten Piere Tendean Jambu Hilir", "village": "Jambu Hilir", "district": "Kandangan", "student_total": 547, "teacher_total": 14, "staff_total": 4 }, "geometry": { "type": "Point", "coordinates": [ 115.2827283, -2.7973867 ] } },
{ "type": "Feature", "properties": { "facility_id": "school-30301778", "facility_type": "school", "facility_subtype": "SMP", "facility_name": "SMP NEGERI 7 KANDANGAN", "npsn": "30301778", "ownership_status": "Negeri", "address": "Jl. Bugandang Gambah Dalam Kandangan", "village": "Gambah Dalam", "district": "Kandangan", "student_total": 57, "teacher_total": 11, "staff_total": 5 }, "geometry": { "type": "Point", "coordinates": [ 115.2618, -2.7543 ] } },
{ "type": "Feature", "properties": { "facility_id": "school-30313121", "facility_type": "school", "facility_subtype": "SMP", "facility_name": "SMP NEGERI 8 KANDANGAN", "npsn": "30313121", "ownership_status": "Negeri", "address": "JL. Kandangan-Negara Km.18 Ds. Bangkau", "village": "Bangkau", "district": "Kandangan", "student_total": 48, "teacher_total": 12, "staff_total": 2 }, "geometry": { "type": "Point", "coordinates": [ 115.1784, -2.6881 ] } },
{ "type": "Feature", "properties": { "facility_id": "school-69894433", "facility_type": "school", "facility_subtype": "SMP", "facility_name": "SMPIT QURRATA AYUN", "npsn": "69894433", "ownership_status": "Swasta", "address": "Jl. Jend. A. Yani RT.09 LK 05 Parincahan", "village": "Kandangan Barat", "district": "Kandangan", "student_total": 138, "teacher_total": 16, "staff_total": 2 }, "geometry": { "type": "Point", "coordinates": [ 115.265345, -2.769165 ] } },
{ "type": "Feature", "properties": { "facility_id": "school-69867675", "facility_type": "school", "facility_subtype": "SMP", "facility_name": "SMPN 6 DAHA SELATAN SATU ATAP", "npsn": "69867675", "ownership_status": "Negeri", "address": "Sungai Batang Alai Desa Pihanin Raya", "village": "Pihanin Raya", "district": "Daha Selatan", "student_total": 67, "teacher_total": 11, "staff_total": 4 }, "geometry": { "type": "Point", "coordinates": [ 115.1538, -2.6103 ] } },
{ "type": "Feature", "properties": { "facility_id": "school-69867913", "facility_type": "school", "facility_subtype": "SMP", "facility_name": "SMPN 7 DAHA SELATAN SATU ATAP", "npsn": "69867913", "ownership_status": "Negeri", "address": "Jl. Perintis Raya Desa Muning", "village": "Muning Dalam", "district": "Daha Selatan", "student_total": 24, "teacher_total": 9, "staff_total": 4 }, "geometry": { "type": "Point", "coordinates": [ 115.042658029016451, -2.767003681177256 ] } }
]
}
