{
"type": "FeatureCollection",
"name": "districts",
"crs": { "type": "name", "properties": { "name": "urn:ogc:def:crs:OGC:1.3:CRS84" } },
"features": [
{ "type": "Feature", "properties": { "district_id": "63.06.01", "district_name": "Sungai Raya", "village_count": 18, "area_ha_source": 6356.7499034729999, "regency_name": "Hulu Sungai Selatan", "province_name": "Kalimantan Selatan" }, "geometry": { "type": "Polygon", "coordinates": [ [ [ 115.257634670000016, -2.887682767999934 ], [ 115.256961663000084, -2.88896978899993 ], [ 115.258434671000032, -2.891149638999934 ], [ 115.258694860000105, -2.891534683999964 ], [ 115.259070202000089, -2.892090137999958 ], [ 115.259261578000064, -2.892380762999949 ], [ 115.258855997000069, -2.892320809999944 ], [ 115.253382543000043, -2.894662350999965 ], [ 115.253292110000075, -2.89461883499996 ], [ 115.252393115000018, -2.894186238999964 ], [ 115.24860091700009, -2.892361429999937 ], [ 115.247638846000086, -2.891898478999963 ], [ 115.247638848000065, -2.891277808999973 ], [ 115.2471110890001, -2.891277801999934 ], [ 115.247111128000029, -2.890027805999978 ], [ 115.246527772000036, -2.890027800999974 ], [ 115.246527776000107, -2.888972243999945 ], [ 115.244500024000104, -2.888972257999967 ], [ 115.244499996000059, -2.889916685999935 ], [ 115.243723041000067, -2.889809463999939 ], [ 115.24264, -2.88966 ], [ 115.23823, -2.88386 ], [ 115.237397055000088, -2.88242839399993 ], [ 115.236257136000063, -2.880469183999935 ], [ 115.232169890000023, -2.87344431799994 ], [ 115.231782256000088, -2.872778080999979 ], [ 115.23152, -2.87197 ], [ 115.231527997000057, -2.869601271999954 ], [ 115.23168, -2.86832 ], [ 115.230730739000023, -2.868119031999925 ], [ 115.229759816000069, -2.868155803999969 ], [ 115.229093655000042, -2.86807820599995 ], [ 115.228616658000078, -2.868163595999931 ], [ 115.228295538000111, -2.86808414199993 ], [ 115.228059895000115, -2.868126840999935 ], [ 115.227759948000084, -2.868205328999977 ], [ 115.227388847000043, -2.868132973999934 ], [ 115.227146341000093, -2.867996219999952 ], [ 115.226910842000052, -2.867945609999936 ], [ 115.226718009000024, -2.868002730999933 ], [ 115.226425467000013, -2.86790896499997 ], [ 115.226225561000092, -2.867971520999959 ], [ 115.226117260000024, -2.868031723999934 ], [ 115.225942888000077, -2.86805560099998 ], [ 115.225804577000076, -2.868085570999938 ], [ 115.225690236000105, -2.868163875999926 ], [ 115.225666032000049, -2.86826646999998 ], [ 115.225689938000073, -2.868357064999941 ], [ 115.225719913000034, -2.868411445999925 ], [ 115.225731833000054, -2.868477872999961 ], [ 115.225677590000032, -2.868568345999961 ], [ 115.225553884000078, -2.868586770999968 ], [ 115.225480571000048, -2.868629565999925 ], [ 115.225419391000059, -2.868721419999929 ], [ 115.225407022000013, -2.868825607999952 ], [ 115.225406804000045, -2.86896659599995 ], [ 115.225430974, -2.869126010999935 ], [ 115.225473474000069, -2.869273194999948 ], [ 115.225497721000011, -2.869383570999958 ], [ 115.225491446000092, -2.869493898999963 ], [ 115.225460804000022, -2.869573539999976 ], [ 115.225269153000113, -2.869811952999953 ], [ 115.22516349600005, -2.870004733999963 ], [ 115.22509504300001, -2.870185124999978 ], [ 115.225076230000013, -2.870328248999954 ], [ 115.225134750000052, -2.870468327999959 ], [ 115.225134586000081, -2.87057451499993 ], [ 115.225092150000023, -2.870666477999976 ], [ 115.22500745100001, -2.870737136999935 ], [ 115.224852304000024, -2.87077936999998 ], [ 115.224718359, -2.870786239999973 ], [ 115.224464624, -2.870764605999966 ], [ 115.224302549000072, -2.870728957999972 ], [ 115.224182769000095, -2.870693374999973 ], [ 115.224034814000106, -2.870643589999929 ], [ 115.223922137000045, -2.87057262299993 ], [ 115.223795319000033, -2.870529948999945 ], [ 115.223682576000101, -2.870501456999932 ], [ 115.223457049000103, -2.870472787999972 ], [ 115.223273760000097, -2.870479580999927 ], [ 115.22320318200002, -2.870536103999939 ], [ 115.223139598000103, -2.870628033999935 ], [ 115.2230266360001, -2.870741123999949 ], [ 115.222829119000039, -2.870832843999949 ], [ 115.222610466000106, -2.870917451999958 ], [ 115.22240604000001, -2.870917131999931 ], [ 115.221910402000049, -2.87087035299993 ], [ 115.221775576000027, -2.870870141999944 ], [ 115.221674413000073, -2.87089819299996 ], [ 115.221584372000052, -2.870999601999927 ], [ 115.221511132000046, -2.871134886999926 ], [ 115.221522211000092, -2.871236454999973 ], [ 115.221550151000088, -2.871332406999954 ], [ 115.221538749000047, -2.871439580999947 ], [ 115.221425126000099, -2.871585295999978 ], [ 115.221380257000078, -2.871648170999947 ], [ 115.221366708, -2.871724582999946 ], [ 115.221380035000038, -2.87179204499995 ], [ 115.221402351000052, -2.871837040999935 ], [ 115.221411201000024, -2.871904495999956 ], [ 115.221406627000079, -2.871967433999941 ], [ 115.221361005000063, -2.87204904999993 ], [ 115.221335914000065, -2.87212425599995 ], [ 115.221335797000052, -2.872199500999955 ], [ 115.22139276200005, -2.87227841999993 ], [ 115.221435494000048, -2.872332232999952 ], [ 115.221474614000044, -2.872414705999972 ], [ 115.221474509000018, -2.872482918999935 ], [ 115.221474481000087, -2.872500700999979 ], [ 115.221460070000035, -2.872590255999967 ], [ 115.221420678000072, -2.872683355999925 ], [ 115.221367049000037, -2.872754934999932 ], [ 115.221334832000025, -2.872822963999965 ], [ 115.221327563000045, -2.872908946999928 ], [ 115.221329966000098, -2.872999247999928 ], [ 115.221142752000105, -2.872971894999978 ], [ 115.220999688, -2.872978853999939 ], [ 115.220835145000024, -2.873000146999971 ], [ 115.220455875000084, -2.873114480999959 ], [ 115.220169537000061, -2.87326487699994 ], [ 115.220062125000027, -2.873343721999959 ], [ 115.219926112000053, -2.873415338999962 ], [ 115.219825942000057, -2.87343673099997 ], [ 115.219532640000011, -2.873465003999968 ], [ 115.219389587000023, -2.873464779999949 ], [ 115.219246523000038, -2.873471738999967 ], [ 115.219132013000035, -2.873514657999976 ], [ 115.219017471000029, -2.873579124999935 ], [ 115.218910014000016, -2.873686701999929 ], [ 115.218802580000101, -2.873779912999964 ], [ 115.218723746000023, -2.873880352999947 ], [ 115.218630560000065, -2.874009500999932 ], [ 115.218537408000088, -2.874117100999968 ], [ 115.21840850600006, -2.874217460999944 ], [ 115.218183557000089, -2.87430496199994 ], [ 115.218122123000057, -2.874322484999936 ], [ 115.218041558000095, -2.874345464999976 ], [ 115.217940112000065, -2.874386030999972 ], [ 115.217813257000103, -2.874467282999944 ], [ 115.21771168500004, -2.874589298999979 ], [ 115.217605014000014, -2.87473166999996 ], [ 115.217554085000074, -2.87488430999997 ], [ 115.217523401000108, -2.87505734399997 ], [ 115.217500173000076, -2.875246082999979 ], [ 115.21745485100007, -2.875314123999942 ], [ 115.217409573000054, -2.875353785999948 ], [ 115.217347360000076, -2.875379229999965 ], [ 115.217254097000023, -2.875381921999974 ], [ 115.217160841, -2.875378937999926 ], [ 115.217095887000028, -2.875350454999932 ], [ 115.216997032000108, -2.875313405999975 ], [ 115.216872748000014, -2.87527347799994 ], [ 115.216760598000064, -2.875221894999925 ], [ 115.216701139000065, -2.875209091999977 ], [ 115.216644190000011, -2.875210273999926 ], [ 115.216593544000034, -2.875225444999955 ], [ 115.216547959000081, -2.875243165999962 ], [ 115.216508727000019, -2.875244374999966 ], [ 115.216463175000058, -2.875239219999969 ], [ 115.216422705000014, -2.875222634999943 ], [ 115.216379699000072, -2.875208586999975 ], [ 115.216327803000013, -2.875214860999961 ], [ 115.216303733000018, -2.875231344999975 ], [ 115.216276655000115, -2.875250449999953 ], [ 115.216201863000038, -2.875283589999981 ], [ 115.216127236000034, -2.87529283899994 ], [ 115.216071278000072, -2.875292750999961 ], [ 115.215912824000043, -2.875231622999934 ], [ 115.215819640000063, -2.875179962999937 ], [ 115.215735767000069, -2.875137683999981 ], [ 115.215595965000034, -2.875076585999977 ], [ 115.215479443000049, -2.875038937999932 ], [ 115.215297645000078, -2.874996505999945 ], [ 115.215059415000042, -2.874981816999934 ], [ 115.214925948000086, -2.874996497999973 ], [ 115.214811016000112, -2.875011206999943 ], [ 115.214703485000086, -2.875033372999951 ], [ 115.214603408000016, -2.875029493999932 ], [ 115.214514451000014, -2.875025630999971 ], [ 115.214406996000093, -2.874999403999936 ], [ 115.214287818000116, -2.874990389999937 ], [ 115.214123994000033, -2.874979516999929 ], [ 115.213941029000011, -2.874971405999929 ], [ 115.213607988000035, -2.874936573999946 ], [ 115.213479888000052, -2.874927794999962 ], [ 115.213334721000024, -2.874910412999952 ], [ 115.213155455000106, -2.874850090999928 ], [ 115.212984744000096, -2.874781204999977 ], [ 115.21284821100005, -2.874703795999949 ], [ 115.212677621000012, -2.87455771599997 ], [ 115.212532612000018, -2.874437406999959 ], [ 115.212461707000102, -2.874357571999951 ], [ 115.212445340000045, -2.874339143999975 ], [ 115.212387672000091, -2.874274212999978 ], [ 115.212268273000063, -2.874162521999949 ], [ 115.211918939000043, -2.873883297999953 ], [ 115.211803662000079, -2.873794482999926 ], [ 115.211681586000054, -2.87371247599998 ], [ 115.211573033000036, -2.873664578999978 ], [ 115.211520836000091, -2.873657942999955 ], [ 115.211355824000066, -2.873636965999935 ], [ 115.211159016000011, -2.873588929999926 ], [ 115.210845576000111, -2.873561341999959 ], [ 115.210689091000063, -2.87355025599993 ], [ 115.210413946000017, -2.873495626999954 ], [ 115.210295263000035, -2.873468342999956 ], [ 115.210025592000079, -2.873364945999981 ], [ 115.209901563000017, -2.873305135999942 ], [ 115.209894857000108, -2.873300309999934 ], [ 115.209788360000061, -2.873223663999966 ], [ 115.209729125000081, -2.873142277999932 ], [ 115.2096267820001, -2.873017465999965 ], [ 115.209583702000032, -2.872957782999947 ], [ 115.209529847000113, -2.872887243999969 ], [ 115.209459859000049, -2.872778742999969 ], [ 115.209405993000018, -2.872713623999971 ], [ 115.209341337000069, -2.872648486999935 ], [ 115.209249736000061, -2.872556209999971 ], [ 115.209114957000111, -2.872469284999966 ], [ 115.209001771000089, -2.872376973999963 ], [ 115.208883148000041, -2.872311752999963 ], [ 115.20872677300008, -2.872230212999966 ], [ 115.208511034000026, -2.87214857999993 ], [ 115.208249556000055, -2.872056874999942 ], [ 115.208127258000104, -2.871999069999958 ], [ 115.207924620000085, -2.871956500999943 ], [ 115.207829608000111, -2.871948171999975 ], [ 115.207790777000014, -2.871944767999935 ], [ 115.207503943, -2.871936633999951 ], [ 115.207308871, -2.87194784899998 ], [ 115.20714823000003, -2.871951435999961 ], [ 115.207029704000092, -2.871928203999971 ], [ 115.206793626000035, -2.871879651999961 ], [ 115.206591917000083, -2.871840998999971 ], [ 115.206390241, -2.871780439999952 ], [ 115.206112248000068, -2.871703331999925 ], [ 115.205845152000052, -2.871631717999946 ], [ 115.205762769000103, -2.871618 ], [ 115.205552109000109, -2.87158292099997 ], [ 115.205446421000033, -2.871569144999967 ], [ 115.205319036000105, -2.871563498999933 ], [ 115.205210614000066, -2.871563327999979 ], [ 115.205096773000037, -2.87156314799995 ], [ 115.204982945000097, -2.871554802999981 ], [ 115.204844754000078, -2.87152464199994 ], [ 115.204752779000046, -2.871497069999975 ], [ 115.204687105000062, -2.87145845799995 ], [ 115.204635138000071, -2.871411615999932 ], [ 115.204580407000094, -2.87138127299994 ], [ 115.20452018900005, -2.871356422999952 ], [ 115.204468157000065, -2.871350838999945 ], [ 115.204391458000032, -2.871356219999939 ], [ 115.204325679000021, -2.871383621999939 ], [ 115.204246203000025, -2.871413752999956 ], [ 115.204169509000053, -2.87141638199995 ], [ 115.204095561000031, -2.871413514999972 ], [ 115.203986021000105, -2.871402339999975 ], [ 115.203905917000043, -2.871348873999978 ], [ 115.203834569000037, -2.871317586999965 ], [ 115.203753917000085, -2.871280049999939 ], [ 115.203701179000063, -2.871258144999956 ], [ 115.203695983000102, -2.871256613999947 ], [ 115.203626708000115, -2.871236203999956 ], [ 115.203580155000054, -2.871229895999932 ], [ 115.203527373000043, -2.871236046999968 ], [ 115.203508717000091, -2.871254722999936 ], [ 115.203490034000083, -2.871292102999973 ], [ 115.203465127000072, -2.871338824999953 ], [ 115.203421619000096, -2.871369931999936 ], [ 115.203291175000118, -2.871410251999976 ], [ 115.203146859000071, -2.871442453999975 ], [ 115.203030796, -2.871442270999978 ], [ 115.202917884000044, -2.871432641999945 ], [ 115.202839478000101, -2.871423066999967 ], [ 115.202757966000036, -2.871394586999941 ], [ 115.202667114000064, -2.871318839999958 ], [ 115.202617014000111, -2.871262057999957 ], [ 115.202563772000076, -2.871208420999949 ], [ 115.202513638000028, -2.871173688999932 ], [ 115.202460349000035, -2.87114840299995 ], [ 115.202360006000049, -2.871126193999942 ], [ 115.202231372000028, -2.871141740999974 ], [ 115.202206242000102, -2.871163752999962 ], [ 115.202181083000028, -2.871204665999926 ], [ 115.202152778000027, -2.871251872999949 ], [ 115.202115092000099, -2.871280164999973 ], [ 115.202030396000055, -2.871280030999969 ], [ 115.201964539000073, -2.87127047599995 ], [ 115.201908135000053, -2.871232585999962 ], [ 115.201854878000063, -2.871188398999948 ], [ 115.201765732000013, -2.87112594499996 ], [ 115.201690176000056, -2.871083296999927 ], [ 115.201686559000109, -2.871081254999979 ], [ 115.201628958000015, -2.871050407999974 ], [ 115.201585211000065, -2.871026979999954 ], [ 115.201492842000107, -2.870982424999966 ], [ 115.201432036000028, -2.870950162999975 ], [ 115.201339250000046, -2.870885683999973 ], [ 115.20123042900002, -2.87083404699996 ], [ 115.201102350000042, -2.870808111999963 ], [ 115.20100629600006, -2.870785442999932 ], [ 115.200884694000024, -2.87071448599994 ], [ 115.200775873000111, -2.870662847999938 ], [ 115.200663905000056, -2.870575822999967 ], [ 115.200530889000106, -2.870468235999965 ], [ 115.200447895000025, -2.870421759999942 ], [ 115.20029110300004, -2.870351995999954 ], [ 115.200180406000072, -2.870314744999973 ], [ 115.20006963600008, -2.87032383899998 ], [ 115.199880380000081, -2.870355980999932 ], [ 115.199837063000018, -2.87035591199998 ], [ 115.199774238000032, -2.870355812999946 ], [ 115.199557438000056, -2.870295221999925 ], [ 115.199465187000101, -2.870267268999953 ], [ 115.199359125000115, -2.870216123999967 ], [ 115.199257695000028, -2.870155715999942 ], [ 115.199183952000112, -2.870095351999964 ], [ 115.199137905000043, -2.870030396999937 ], [ 115.199082593000071, -2.869988599999942 ], [ 115.199022690000106, -2.869932891999952 ], [ 115.198925837000047, -2.869895662999966 ], [ 115.198792087000015, -2.869844472999944 ], [ 115.198667553000064, -2.869802565999976 ], [ 115.198556834000101, -2.869779217999962 ], [ 115.198459960000037, -2.869755892999933 ], [ 115.198363108000081, -2.869718663999947 ], [ 115.198225241000046, -2.869641870999942 ], [ 115.198177117000114, -2.869600846999958 ], [ 115.198084542000061, -2.869541139999967 ], [ 115.198014172000057, -2.86950380299993 ], [ 115.197910440000101, -2.86946641399993 ], [ 115.197836323000047, -2.869455128999959 ], [ 115.19775109200009, -2.869440103999978 ], [ 115.197695508000038, -2.869428848999974 ], [ 115.19760657900008, -2.869406371999958 ], [ 115.197551020000105, -2.869380226999965 ], [ 115.197488017000069, -2.869372681999948 ], [ 115.19738049700004, -2.869387401999973 ], [ 115.197291478000011, -2.869424485999957 ], [ 115.197147377000078, -2.869504956999947 ], [ 115.197131946000013, -2.869513573999939 ], [ 115.196968704000028, -2.869606377999958 ], [ 115.196851234000064, -2.869649472999924 ], [ 115.196657922000099, -2.869687137999961 ], [ 115.196540208000101, -2.869737579999935 ], [ 115.196388834000118, -2.869821720999937 ], [ 115.196287888000029, -2.869897503999937 ], [ 115.196165854000014, -2.870023880999952 ], [ 115.196069029000114, -2.870150298999931 ], [ 115.195921703000067, -2.870331482999973 ], [ 115.195760418000077, -2.870528933999935 ], [ 115.195577852000042, -2.870662725999978 ], [ 115.195482530000049, -2.870719955999959 ], [ 115.195382426000037, -2.870791523999969 ], [ 115.195272844000101, -2.870834385999956 ], [ 115.195125197000038, -2.870858060999979 ], [ 115.194939461000104, -2.870881674999964 ], [ 115.194791764000115, -2.870938820999925 ], [ 115.194624826000108, -2.871016984999926 ], [ 115.194560799000101, -2.871038304999956 ], [ 115.194543835000104, -2.871043953999958 ], [ 115.194430479000061, -2.871060032999935 ], [ 115.194327952000094, -2.871054450999964 ], [ 115.194112139000026, -2.871021590999931 ], [ 115.193971860000033, -2.870999689999962 ], [ 115.193754216000116, -2.870988504999957 ], [ 115.193654980000019, -2.870987174999925 ], [ 115.19357, -2.87098 ], [ 115.19347498400009, -2.870993479999925 ], [ 115.19345832700003, -2.870993453999972 ], [ 115.193351255000039, -2.870993283999951 ], [ 115.193200150000052, -2.870993043999931 ], [ 115.19304911200004, -2.870949447999976 ], [ 115.192858154000078, -2.870853647999979 ], [ 115.192701329000101, -2.87075705999996 ], [ 115.192588148000027, -2.870634267999947 ], [ 115.192518518000043, -2.870546576999971 ], [ 115.192265816000031, -2.870414804999939 ], [ 115.192108934000089, -2.870353248999947 ], [ 115.191856193000035, -2.870247749999976 ], [ 115.191524947000062, -2.870150885999976 ], [ 115.191228517000013, -2.870097865999981 ], [ 115.191057856000043, -2.87013763799996 ], [ 115.19103968200011, -2.870143493999933 ], [ 115.1910218270001, -2.870149246999972 ], [ 115.190842847000113, -2.870206913999937 ], [ 115.190697203000013, -2.870248452999931 ], [ 115.190447643000084, -2.87024805599998 ], [ 115.190281324000011, -2.870212981999941 ], [ 115.190179396000076, -2.870199465999974 ], [ 115.190121914000088, -2.870191843999976 ], [ 115.189941751000106, -2.870142824999959 ], [ 115.18971298800011, -2.870142460999944 ], [ 115.18943566400003, -2.870162903999926 ], [ 115.189348971000072, -2.870181088999971 ], [ 115.189172150000104, -2.870218178999949 ], [ 115.188924137000072, -2.87034313099997 ], [ 115.188841456000091, -2.870359600999961 ], [ 115.188753280000014, -2.870364993999942 ], [ 115.188723279000101, -2.870361178999929 ], [ 115.188665130000118, -2.870353785999953 ], [ 115.18858251000006, -2.870331518999933 ], [ 115.188444835000041, -2.870275961999937 ], [ 115.188340217000018, -2.870225990999927 ], [ 115.188301678000016, -2.870203792999973 ], [ 115.188202612000055, -2.870126161999963 ], [ 115.188076029000058, -2.870026350999979 ], [ 115.187993496000104, -2.869948745999977 ], [ 115.187872416, -2.869854476999933 ], [ 115.18775681000011, -2.869782352999948 ], [ 115.187580580000031, -2.869715665999934 ], [ 115.187459430000104, -2.869665668999971 ], [ 115.187365848000013, -2.86960464699996 ], [ 115.187294353000084, -2.869515991999947 ], [ 115.187222961000089, -2.869360929999971 ], [ 115.187123285000098, -2.869177401999934 ], [ 115.187073260000034, -2.869121403999941 ], [ 115.187012098000082, -2.869065387999967 ], [ 115.186973198000032, -2.869014998999944 ], [ 115.186956556000041, -2.868975828999965 ], [ 115.18693441500011, -2.868891914999949 ], [ 115.186917791000042, -2.868841560999954 ], [ 115.186895579000065, -2.868802381999956 ], [ 115.186867826000025, -2.868746419999979 ], [ 115.18686582700002, -2.868741985999975 ], [ 115.186840081000014, -2.868684863999931 ], [ 115.186823484000115, -2.86861773499993 ], [ 115.186812565000082, -2.86856617199993 ], [ 115.186806901000068, -2.868539421999969 ], [ 115.186806998000066, -2.868477910999957 ], [ 115.186795968000069, -2.868410790999974 ], [ 115.186751527000069, -2.868343617999926 ], [ 115.186690791000046, -2.86829279899996 ], [ 115.186642168000049, -2.868252716999962 ], [ 115.186580244000083, -2.868225947999974 ], [ 115.186531619000107, -2.86818586499993 ], [ 115.186496293, -2.868132469999978 ], [ 115.186474219000047, -2.868096874999935 ], [ 115.186443307000104, -2.86805237599998 ], [ 115.186403554000094, -2.867998971999953 ], [ 115.18636820100005, -2.867963355999962 ], [ 115.186306319000096, -2.867909917999953 ], [ 115.186248870000099, -2.867852041999924 ], [ 115.186191435000069, -2.86778527499996 ], [ 115.18616496900006, -2.867727448999972 ], [ 115.18610759, -2.867625121999936 ], [ 115.186048913000036, -2.867479312999933 ], [ 115.186011147000045, -2.867415874999949 ], [ 115.185979691000057, -2.867352446999973 ], [ 115.185935645000086, -2.86726998599994 ], [ 115.185872645000018, -2.867200169999933 ], [ 115.185778112000094, -2.867117628999949 ], [ 115.185689880000041, -2.867041434999976 ], [ 115.185515011, -2.866929067999934 ], [ 115.185466025000096, -2.866897472999938 ], [ 115.185417075000032, -2.866842239999926 ], [ 115.185399465000046, -2.866814634999969 ], [ 115.185395607000032, -2.86677326299997 ], [ 115.185401551000041, -2.866735844999937 ], [ 115.185413379000011, -2.866698437999958 ], [ 115.185423266000043, -2.866647237999928 ], [ 115.18541940800003, -2.866605865999929 ], [ 115.185397876000025, -2.866559719999941 ], [ 115.185278713000116, -2.866411073999927 ], [ 115.18516425200005, -2.866280262999965 ], [ 115.185128090000035, -2.866215459999978 ], [ 115.185075816000108, -2.866146584999967 ], [ 115.185047673000099, -2.866106074999948 ], [ 115.185015522000072, -2.866053417999979 ], [ 115.184999448000099, -2.866025065999963 ], [ 115.184959237000044, -2.865972395999961 ], [ 115.184898870000097, -2.86592374199995 ], [ 115.18486267000003, -2.865883217999965 ], [ 115.18481440000005, -2.865830535999976 ], [ 115.184774255000093, -2.865740723999977 ], [ 115.184747479000066, -2.865690891999975 ], [ 115.18471080900008, -2.865622646999952 ], [ 115.184668075000104, -2.865543115999969 ], [ 115.184463774000051, -2.865230180999959 ], [ 115.184161447000065, -2.864744329999951 ], [ 115.183928231000095, -2.864421660999938 ], [ 115.183479193000039, -2.863756235999972 ], [ 115.183153469000104, -2.863340384999958 ], [ 115.183061519000034, -2.863234512999952 ], [ 115.18296298700011, -2.863128628999959 ], [ 115.18284471700008, -2.863022714999943 ], [ 115.182706675000077, -2.862936592999972 ], [ 115.18256206500007, -2.862843852999958 ], [ 115.182397829000024, -2.862678393999943 ], [ 115.182200715000022, -2.862499667999941 ], [ 115.181924757000047, -2.862248128999966 ], [ 115.181563119000089, -2.86186119599995 ], [ 115.181213127000092, -2.861538601999939 ], [ 115.180870054000025, -2.861188521999964 ], [ 115.180774540000016, -2.861070907999931 ], [ 115.180583415000115, -2.86089974999993 ], [ 115.180215493000105, -2.860591087999978 ], [ 115.179675503000112, -2.860155842999973 ], [ 115.17925510300006, -2.85975200799993 ], [ 115.179095155000027, -2.859598362999975 ], [ 115.178667664000045, -2.85914233699998 ], [ 115.178106271000047, -2.858493793999969 ], [ 115.177698729000099, -2.858018370999957 ], [ 115.1773051240001, -2.857554533999974 ], [ 115.177168810000012, -2.857339886999966 ], [ 115.176981239000042, -2.857133734999934 ], [ 115.176836369000057, -2.856927651999968 ], [ 115.176691488000074, -2.856730144999972 ], [ 115.176472580000109, -2.856483513999933 ], [ 115.176301455000043, -2.856301533999954 ], [ 115.176149291000115, -2.856172183999945 ], [ 115.176009134000083, -2.856106761999968 ], [ 115.175883129000113, -2.856056634999959 ], [ 115.175732828000037, -2.855996842999957 ], [ 115.174636015000033, -2.855648998999925 ], [ 115.174043815000118, -2.855461206999962 ], [ 115.172605617000045, -2.855025674999979 ], [ 115.17088998700001, -2.854479184999946 ], [ 115.171424931000047, -2.853519952999932 ], [ 115.171638679000012, -2.853289077999932 ], [ 115.171625325000036, -2.853283142999942 ], [ 115.173140506000095, -2.851655324999967 ], [ 115.175143322000054, -2.849503609999942 ], [ 115.17626465, -2.848298900999964 ], [ 115.178910487000053, -2.84545632499993 ], [ 115.180158921000043, -2.844115046999946 ], [ 115.1801939610001, -2.844118571999957 ], [ 115.180209382000044, -2.844098230999975 ], [ 115.180239803000063, -2.844058101999963 ], [ 115.180256627000063, -2.844035909999945 ], [ 115.181064975000027, -2.842969640999968 ], [ 115.188030487000105, -2.837106909999932 ], [ 115.188318953000021, -2.836864108999976 ], [ 115.18981364800004, -2.83545978099994 ], [ 115.189824226000042, -2.834423180999977 ], [ 115.189831797000011, -2.833681178999939 ], [ 115.190619060000017, -2.833880389999933 ], [ 115.191128586000104, -2.83400932099994 ], [ 115.191785380000056, -2.834175517999938 ], [ 115.19195412900001, -2.834147510999969 ], [ 115.192095799000072, -2.834123997999939 ], [ 115.192967527000064, -2.833979317999933 ], [ 115.194155643000045, -2.834379602999945 ], [ 115.194296406000035, -2.834427026999947 ], [ 115.194710099000076, -2.834449569999947 ], [ 115.194879949000097, -2.834458825999945 ], [ 115.194937638000056, -2.83446196999995 ], [ 115.195231956000043, -2.834478006999973 ], [ 115.195444680000037, -2.834461888999954 ], [ 115.195665130000066, -2.834445185999925 ], [ 115.197266243000058, -2.833886968999934 ], [ 115.197533518000114, -2.833793785999944 ], [ 115.199954449000074, -2.832949734999943 ], [ 115.200197694000053, -2.832864927999935 ], [ 115.20034298500002, -2.832859311999925 ], [ 115.20229542200002, -2.83210504699997 ], [ 115.202396091000082, -2.832066155999939 ], [ 115.203499029000113, -2.831640064999931 ], [ 115.205848988000071, -2.830732219999959 ], [ 115.206796798000028, -2.83028195199995 ], [ 115.209925195000096, -2.828795759999934 ], [ 115.210074178000013, -2.828724983999962 ], [ 115.211451839, -2.828263375999938 ], [ 115.217196409000053, -2.82598743099993 ], [ 115.219094006000091, -2.825116967999975 ], [ 115.219855928000015, -2.82476745799994 ], [ 115.221394392000093, -2.824061729999926 ], [ 115.222848782000028, -2.823300777999975 ], [ 115.225285505000102, -2.822025850999978 ], [ 115.225646954000013, -2.821836735999966 ], [ 115.229590224000049, -2.818894213999954 ], [ 115.231797618000087, -2.817247010999949 ], [ 115.236514744000033, -2.816200527999968 ], [ 115.238620244000117, -2.815733420999948 ], [ 115.238688303000117, -2.815647412999965 ], [ 115.240617358, -2.813209623999967 ], [ 115.240828056000055, -2.812943355999948 ], [ 115.245522656000048, -2.807010593999962 ], [ 115.245589096000117, -2.806926630999953 ], [ 115.245945791000054, -2.806080306999945 ], [ 115.24683849500002, -2.803962178999939 ], [ 115.247314619, -2.80353467499998 ], [ 115.248635790000094, -2.802348409999979 ], [ 115.249955102000058, -2.80116381299996 ], [ 115.249932763000061, -2.801148502999979 ], [ 115.251177885000061, -2.799677737999957 ], [ 115.251204949000112, -2.799645769999927 ], [ 115.253282330000047, -2.797191903999931 ], [ 115.256086115000016, -2.797157629999958 ], [ 115.258197154000072, -2.797131818999958 ], [ 115.258263470000088, -2.797131007999951 ], [ 115.261122521000061, -2.797347588999969 ], [ 115.261536275000026, -2.797378931999958 ], [ 115.261750664000033, -2.797395171999938 ], [ 115.262939520000032, -2.797946105999927 ], [ 115.263049013000114, -2.797996844999943 ], [ 115.26365153800009, -2.798276063999936 ], [ 115.266550071000097, -2.799619278999955 ], [ 115.267068351000034, -2.799859455999979 ], [ 115.266413957000054, -2.802553846999956 ], [ 115.265942321000011, -2.804495724999924 ], [ 115.265810879000014, -2.805036915999949 ], [ 115.265810639000051, -2.805198833999953 ], [ 115.26580802, -2.806961745999956 ], [ 115.265805210000053, -2.808853644999942 ], [ 115.265805189000048, -2.808868 ], [ 115.265803455000082, -2.810035035999931 ], [ 115.265802622000024, -2.810595482999929 ], [ 115.265715404000048, -2.81226559199996 ], [ 115.265583427000024, -2.814792778999959 ], [ 115.265524537000033, -2.815920410999979 ], [ 115.265488733000097, -2.816605982999931 ], [ 115.265386817000035, -2.818879046999939 ], [ 115.264502679000088, -2.821847376999926 ], [ 115.264243111000042, -2.822718823999935 ], [ 115.263796493000086, -2.82421824599993 ], [ 115.263637331000041, -2.82475259499995 ], [ 115.263636159000043, -2.825541121999947 ], [ 115.263632788000109, -2.827807643999961 ], [ 115.263632684000072, -2.827878209999938 ], [ 115.264791589000083, -2.828963501999965 ], [ 115.269052504000115, -2.829617459999952 ], [ 115.270447286000035, -2.830127673999925 ], [ 115.273984351000081, -2.834728463999966 ], [ 115.27713097100002, -2.837025314999948 ], [ 115.278621113000099, -2.838361153999927 ], [ 115.279771108000091, -2.838838485999929 ], [ 115.279861524000012, -2.840405099999941 ], [ 115.279175132000091, -2.842878552999935 ], [ 115.276843138000118, -2.844299025999931 ], [ 115.276061199000083, -2.844775320999929 ], [ 115.273567975000105, -2.84711170099996 ], [ 115.273251175000041, -2.847408572999939 ], [ 115.269955042000106, -2.848753005999924 ], [ 115.268101978000118, -2.850884128999951 ], [ 115.267480394000017, -2.851714835999928 ], [ 115.266355441000087, -2.853218263999963 ], [ 115.265112676000058, -2.85539737199997 ], [ 115.26448503000006, -2.857536816999925 ], [ 115.264256136000085, -2.858317041999953 ], [ 115.264246034000053, -2.858700144999943 ], [ 115.264215058000104, -2.859874828999978 ], [ 115.264830356000061, -2.862835680999979 ], [ 115.266957003000016, -2.865331478999963 ], [ 115.26841497800001, -2.867442757999925 ], [ 115.268737224, -2.867612133999955 ], [ 115.271542357000044, -2.868291097999929 ], [ 115.274632412000074, -2.870002970999963 ], [ 115.274641681000048, -2.870008106999933 ], [ 115.274650950000023, -2.870013240999981 ], [ 115.274214106000045, -2.871561172999975 ], [ 115.272147966000034, -2.871236173999932 ], [ 115.269888900000069, -2.872520803999976 ], [ 115.270129033000103, -2.875097302999961 ], [ 115.268524809000041, -2.877271304999965 ], [ 115.26615722300005, -2.879446128999973 ], [ 115.265278009000099, -2.88061573799996 ], [ 115.264476230000014, -2.881682331999968 ], [ 115.263740744000074, -2.883950647999939 ], [ 115.260015127000088, -2.886827727999957 ], [ 115.259516758000018, -2.887006737999968 ], [ 115.257634670000016, -2.887682767999934 ] ] ] } },
{ "type": "Feature", "properties": { "district_id": "63.06.02", "district_name": "Padang Batung", "village_count": 17, "area_ha_source": 20784.680099098001, "regency_name": "Hulu Sungai Selatan", "province_name": "Kalimantan Selatan" }, "geometry": { "type": "Polygon", "coordinates": [ [ [ 115.280877335000014, -2.927716439999926 ], [ 115.265996857, -2.930280536999931 ], [ 115.263619282000036, -2.920591870999942 ], [ 115.261724400000048, -2.91870800199996 ], [ 115.261278835000098, -2.917961348999938 ], [ 115.259611111000027, -2.915166666999937 ], [ 115.257555556000057, -2.91172222199998 ], [ 115.256186134000018, -2.909380312999929 ], [ 115.255638889000011, -2.90844444399994 ], [ 115.253525961000037, -2.904982556999926 ], [ 115.250655018000089, -2.900278711999931 ], [ 115.250663881000037, -2.89765998699994 ], [ 115.248927768000044, -2.89766388399994 ], [ 115.24892779400011, -2.893666660999941 ], [ 115.248388879000117, -2.893666636999967 ], [ 115.24838889800003, -2.892944480999972 ], [ 115.248027806000096, -2.892944467999939 ], [ 115.24802775, -2.892405937999968 ], [ 115.24802774300008, -2.89233335199998 ], [ 115.247638844000107, -2.892333383999926 ], [ 115.247638846000086, -2.891898478999963 ], [ 115.24860091700009, -2.892361429999937 ], [ 115.252393115000018, -2.894186238999964 ], [ 115.253292110000075, -2.89461883499996 ], [ 115.253382543000043, -2.894662350999965 ], [ 115.258855997000069, -2.892320809999944 ], [ 115.259261578000064, -2.892380762999949 ], [ 115.259070202000089, -2.892090137999958 ], [ 115.258694860000105, -2.891534683999964 ], [ 115.258434671000032, -2.891149638999934 ], [ 115.256961663000084, -2.88896978899993 ], [ 115.257634670000016, -2.887682767999934 ], [ 115.259516758000018, -2.887006737999968 ], [ 115.260015127000088, -2.886827727999957 ], [ 115.263740744000074, -2.883950647999939 ], [ 115.264476230000014, -2.881682331999968 ], [ 115.265278009000099, -2.88061573799996 ], [ 115.26615722300005, -2.879446128999973 ], [ 115.268524809000041, -2.877271304999965 ], [ 115.270129033000103, -2.875097302999961 ], [ 115.269888900000069, -2.872520803999976 ], [ 115.272147966000034, -2.871236173999932 ], [ 115.274214106000045, -2.871561172999975 ], [ 115.274650950000023, -2.870013240999981 ], [ 115.274641681000048, -2.870008106999933 ], [ 115.274632412000074, -2.870002970999963 ], [ 115.271542357000044, -2.868291097999929 ], [ 115.268737224, -2.867612133999955 ], [ 115.26841497800001, -2.867442757999925 ], [ 115.266957003000016, -2.865331478999963 ], [ 115.264830356000061, -2.862835680999979 ], [ 115.264215058000104, -2.859874828999978 ], [ 115.264246034000053, -2.858700144999943 ], [ 115.264256136000085, -2.858317041999953 ], [ 115.26448503000006, -2.857536816999925 ], [ 115.265112676000058, -2.85539737199997 ], [ 115.266355441000087, -2.853218263999963 ], [ 115.267480394000017, -2.851714835999928 ], [ 115.268101978000118, -2.850884128999951 ], [ 115.269955042000106, -2.848753005999924 ], [ 115.273251175000041, -2.847408572999939 ], [ 115.273567975000105, -2.84711170099996 ], [ 115.276061199000083, -2.844775320999929 ], [ 115.276843138000118, -2.844299025999931 ], [ 115.279175132000091, -2.842878552999935 ], [ 115.279861524000012, -2.840405099999941 ], [ 115.279771108000091, -2.838838485999929 ], [ 115.278621113000099, -2.838361153999927 ], [ 115.27713097100002, -2.837025314999948 ], [ 115.273984351000081, -2.834728463999966 ], [ 115.270447286000035, -2.830127673999925 ], [ 115.269052504000115, -2.829617459999952 ], [ 115.264791589000083, -2.828963501999965 ], [ 115.263632684000072, -2.827878209999938 ], [ 115.263632788000109, -2.827807643999961 ], [ 115.263636159000043, -2.825541121999947 ], [ 115.263637331000041, -2.82475259499995 ], [ 115.263796493000086, -2.82421824599993 ], [ 115.264243111000042, -2.822718823999935 ], [ 115.264502679000088, -2.821847376999926 ], [ 115.265386817000035, -2.818879046999939 ], [ 115.265488733000097, -2.816605982999931 ], [ 115.265524537000033, -2.815920410999979 ], [ 115.265583427000024, -2.814792778999959 ], [ 115.265715404000048, -2.81226559199996 ], [ 115.265802622000024, -2.810595482999929 ], [ 115.265803455000082, -2.810035035999931 ], [ 115.265805189000048, -2.808868 ], [ 115.265805210000053, -2.808853644999942 ], [ 115.26580802, -2.806961745999956 ], [ 115.265810639000051, -2.805198833999953 ], [ 115.265810879000014, -2.805036915999949 ], [ 115.266519043000017, -2.806380407999939 ], [ 115.267293756000072, -2.807543102999944 ], [ 115.267633980000028, -2.807981568999935 ], [ 115.268011798000089, -2.808610506999969 ], [ 115.268200236000098, -2.808903568999938 ], [ 115.268465253000045, -2.809315724999976 ], [ 115.268880693000028, -2.810116093999966 ], [ 115.26964218, -2.811503923999965 ], [ 115.270096959000057, -2.812332770999944 ], [ 115.270206978000033, -2.812319057999957 ], [ 115.277185822000092, -2.811208078999925 ], [ 115.279342477000114, -2.810864745999936 ], [ 115.281733808000013, -2.810232589999941 ], [ 115.282346221000012, -2.810070694999979 ], [ 115.289225060000035, -2.808511453999927 ], [ 115.28914924500009, -2.808272253999974 ], [ 115.288197904000072, -2.805047024999965 ], [ 115.288236948000076, -2.804510271999959 ], [ 115.28830085900006, -2.804215462999935 ], [ 115.288783183000078, -2.802975524999965 ], [ 115.288430075000065, -2.801960368999971 ], [ 115.288588387000118, -2.801309861999925 ], [ 115.289371558000084, -2.799895926999966 ], [ 115.28910204400006, -2.799692056999959 ], [ 115.288582420000012, -2.799680843999965 ], [ 115.288061989000084, -2.799669613999924 ], [ 115.287936286000104, -2.799666900999966 ], [ 115.287208372, -2.799651192999931 ], [ 115.287142499000083, -2.799565772999927 ], [ 115.286811438000086, -2.799136479999959 ], [ 115.286851823, -2.798070935999931 ], [ 115.286878709, -2.797361580999961 ], [ 115.286907498, -2.797297897999954 ], [ 115.28746804900004, -2.796880982999937 ], [ 115.289039673000048, -2.79699753899996 ], [ 115.290194706000079, -2.797094440999956 ], [ 115.290763817000084, -2.796409765999954 ], [ 115.290763104, -2.796406464999961 ], [ 115.290632138000092, -2.795800232999966 ], [ 115.28976190800006, -2.795189617999938 ], [ 115.289497228000073, -2.794884559999957 ], [ 115.288968945000079, -2.793531811999969 ], [ 115.288666724000109, -2.792998197999964 ], [ 115.288401737000072, -2.792720146999955 ], [ 115.288088474, -2.792590566999934 ], [ 115.287713539000038, -2.792580342999941 ], [ 115.287299242000017, -2.792614751999963 ], [ 115.286875602, -2.792779139999936 ], [ 115.286456912000062, -2.792995463999944 ], [ 115.286138064000056, -2.793081125999947 ], [ 115.28570825700001, -2.793157564999944 ], [ 115.285463346000029, -2.792840461999958 ], [ 115.285447627000053, -2.792841143999965 ], [ 115.285444023000082, -2.792844087999924 ], [ 115.285442222000029, -2.792845559999932 ], [ 115.285440269000105, -2.792842245999964 ], [ 115.285361679000061, -2.792708826999956 ], [ 115.285127136000028, -2.792310653999948 ], [ 115.284464628000023, -2.791185943999949 ], [ 115.284408999000107, -2.790657597999939 ], [ 115.280707183000118, -2.788300978999928 ], [ 115.279125303000114, -2.785074192999957 ], [ 115.278389600000082, -2.783882885999958 ], [ 115.278134381000086, -2.78346961699998 ], [ 115.276967626000101, -2.781580315999975 ], [ 115.276824587000078, -2.781348694999963 ], [ 115.276227014000028, -2.780381057999932 ], [ 115.275565615, -2.779310066999926 ], [ 115.275394506000112, -2.778860238999926 ], [ 115.275123969000106, -2.775769023999942 ], [ 115.274854553000068, -2.772690627999964 ], [ 115.274685003000059, -2.770753333999949 ], [ 115.27468336000004, -2.770734566999977 ], [ 115.274635506000095, -2.770187789999966 ], [ 115.27468181200004, -2.770188268999959 ], [ 115.276042620000112, -2.770202352999945 ], [ 115.27722528400011, -2.770214590999956 ], [ 115.278054295000061, -2.770223168999962 ], [ 115.278727872000104, -2.770230137999931 ], [ 115.280324645000064, -2.769481843999927 ], [ 115.280557049000095, -2.769372931999953 ], [ 115.280824689000042, -2.769247508999968 ], [ 115.28076318, -2.769107366999947 ], [ 115.280723240000043, -2.769016363999981 ], [ 115.280270277000113, -2.767984311999953 ], [ 115.278906465000091, -2.764876935999951 ], [ 115.27882653100005, -2.763909513999977 ], [ 115.278792377000059, -2.76349616899995 ], [ 115.278591069000072, -2.761059842999941 ], [ 115.278759760000071, -2.760683176999976 ], [ 115.279502956000101, -2.759023697999964 ], [ 115.279561253000111, -2.758377953999968 ], [ 115.279560350000111, -2.75837783299994 ], [ 115.279559444000029, -2.75837771199997 ], [ 115.279671272000087, -2.757098863999943 ], [ 115.279791403000104, -2.755725070999972 ], [ 115.279852904000109, -2.755021734999957 ], [ 115.279878388000043, -2.75473031599995 ], [ 115.279890288000047, -2.75473332599995 ], [ 115.27989409700001, -2.754691131999948 ], [ 115.279913374000103, -2.754698387999952 ], [ 115.280226690000063, -2.754818413999942 ], [ 115.280552225000065, -2.754969554999946 ], [ 115.28068238600008, -2.755029987999933 ], [ 115.281159890000026, -2.755032364999977 ], [ 115.282138616000111, -2.754944328999954 ], [ 115.283111606000034, -2.754667830999949 ], [ 115.283254111000019, -2.754627334999952 ], [ 115.283459949000076, -2.754539526999963 ], [ 115.28454638300002, -2.75407606999994 ], [ 115.287228338000091, -2.752931983999929 ], [ 115.28729290900003, -2.75293109699993 ], [ 115.28785515200002, -2.752972672999931 ], [ 115.289411168000015, -2.753073680999933 ], [ 115.29091909400006, -2.753171564999946 ], [ 115.291306915000064, -2.753196738999975 ], [ 115.293591044000095, -2.753710599999977 ], [ 115.294168316000082, -2.753598590999957 ], [ 115.295419442000025, -2.753355830999965 ], [ 115.297146072000032, -2.75315408299997 ], [ 115.298617960000115, -2.753564652999955 ], [ 115.300292662000061, -2.754179743999941 ], [ 115.301863571000013, -2.756377462999978 ], [ 115.303368528000078, -2.759627370999965 ], [ 115.30356207300008, -2.760045325999954 ], [ 115.304244527000037, -2.761793712999975 ], [ 115.308611681000116, -2.760895674999972 ], [ 115.309128061000024, -2.760787764999975 ], [ 115.311832001000084, -2.76015057799998 ], [ 115.313040697000019, -2.759865742999978 ], [ 115.315329134000081, -2.759386647999975 ], [ 115.31775631000005, -2.758964409999976 ], [ 115.317876559000069, -2.758998685999927 ], [ 115.317916886000035, -2.759010179999962 ], [ 115.318316593000077, -2.759124110999949 ], [ 115.318656643000054, -2.759221036999975 ], [ 115.318804382000053, -2.759263147999945 ], [ 115.31948551000005, -2.759457293999958 ], [ 115.319760300000098, -2.759535618999962 ], [ 115.319881566000049, -2.759557315999928 ], [ 115.320068163000087, -2.759590700999979 ], [ 115.321076029000096, -2.760125932999927 ], [ 115.321287471, -2.760766795999928 ], [ 115.321329792000029, -2.760923711999965 ], [ 115.32144590200005, -2.76135420199995 ], [ 115.321655918000033, -2.763009284999953 ], [ 115.321422817000098, -2.763863972999957 ], [ 115.323617150000018, -2.765093897999975 ], [ 115.324544001000049, -2.765437123999959 ], [ 115.32520888900001, -2.765683339999953 ], [ 115.329506725000101, -2.767184080999925 ], [ 115.332004914000095, -2.767421326999965 ], [ 115.336353891000044, -2.767834323999978 ], [ 115.342402711000091, -2.770055749999926 ], [ 115.344046932000083, -2.77065958399993 ], [ 115.34685959, -2.771692514999927 ], [ 115.348816157000101, -2.773123464999969 ], [ 115.349950938, -2.77647669199996 ], [ 115.35291087600001, -2.783445446999963 ], [ 115.352944853000054, -2.783525440999938 ], [ 115.353802550000069, -2.783791110999971 ], [ 115.358797312000092, -2.783863100999952 ], [ 115.359844439000085, -2.783731460999945 ], [ 115.359847473000059, -2.783731079999939 ], [ 115.359850507000033, -2.783730697999943 ], [ 115.361029998000049, -2.78319615099997 ], [ 115.36112128100001, -2.783154780999951 ], [ 115.362946201000113, -2.782327718999966 ], [ 115.363555483000027, -2.782255271999929 ], [ 115.366534028000046, -2.781901098999981 ], [ 115.369028194000066, -2.781604518999927 ], [ 115.371565947000022, -2.781302747999973 ], [ 115.372751343000118, -2.781572058999927 ], [ 115.378782507000096, -2.782942262999939 ], [ 115.374928870000076, -2.793350270999952 ], [ 115.373658663000015, -2.796487122999963 ], [ 115.372701636000102, -2.798850505999951 ], [ 115.372678707000091, -2.798907129999975 ], [ 115.369723615000112, -2.806204743999956 ], [ 115.368712798000047, -2.809318840999936 ], [ 115.368446100000028, -2.810140480999962 ], [ 115.367211231000056, -2.813944753999976 ], [ 115.366083848000017, -2.817417895999938 ], [ 115.365854333000016, -2.817931816999931 ], [ 115.365593054000101, -2.818516862999957 ], [ 115.364871994000055, -2.820131430999936 ], [ 115.362278008000089, -2.824253610999961 ], [ 115.361951925000085, -2.824771792999968 ], [ 115.361053724000044, -2.826544504999958 ], [ 115.359600330000035, -2.829412941999976 ], [ 115.358707463000087, -2.831321168999978 ], [ 115.358070521000059, -2.837011633999964 ], [ 115.357932755000093, -2.838242408999974 ], [ 115.35799957800009, -2.838335842999925 ], [ 115.358154816000024, -2.838552900999957 ], [ 115.363508205000016, -2.846038138999972 ], [ 115.36543357000005, -2.847437612999954 ], [ 115.366542603000084, -2.85079881799993 ], [ 115.367394834000038, -2.853381724999963 ], [ 115.367817499000012, -2.85466271599995 ], [ 115.374296215000072, -2.857412498999963 ], [ 115.374546678000115, -2.857638924999947 ], [ 115.37642981700003, -2.85934132899996 ], [ 115.380250881000052, -2.866161123999973 ], [ 115.380446175000088, -2.868234804999929 ], [ 115.380133762000014, -2.870864354999981 ], [ 115.380403074000014, -2.87151683999997 ], [ 115.38247444000001, -2.876535257999933 ], [ 115.383437510000022, -2.878868543999943 ], [ 115.383351379000032, -2.879195741999979 ], [ 115.382696864000081, -2.881682121999972 ], [ 115.382648095000036, -2.881758928999943 ], [ 115.382622004000041, -2.881800022999926 ], [ 115.38240582100002, -2.881720331999929 ], [ 115.381386165000094, -2.883446177999929 ], [ 115.376688680000029, -2.891407587999936 ], [ 115.37535631500009, -2.893665674999966 ], [ 115.375218973000074, -2.895564598999954 ], [ 115.376073088000112, -2.897402922999959 ], [ 115.376127513000029, -2.897520060999966 ], [ 115.376164996000057, -2.897600736999948 ], [ 115.3766790520001, -2.898171195999964 ], [ 115.37734002000002, -2.898904684999934 ], [ 115.377996424000116, -2.899313460999963 ], [ 115.379392337000013, -2.900182766999933 ], [ 115.381337697000049, -2.901370258999975 ], [ 115.382837104000032, -2.902504686999976 ], [ 115.383229871000026, -2.902801847999967 ], [ 115.384438468000099, -2.904203397999936 ], [ 115.384565060000114, -2.904350200999943 ], [ 115.384479385000077, -2.905509467999934 ], [ 115.384420043000091, -2.906312426999932 ], [ 115.383855481000069, -2.908192657999962 ], [ 115.383573189000117, -2.910028076999936 ], [ 115.382734012000014, -2.912097822999954 ], [ 115.382177106000086, -2.913692854999965 ], [ 115.382039705000011, -2.914086383999972 ], [ 115.381346315000087, -2.915657898999939 ], [ 115.381246162000025, -2.915884886999947 ], [ 115.380280085000095, -2.916916473999947 ], [ 115.379689945000109, -2.917546631999926 ], [ 115.377934958000083, -2.918647390999979 ], [ 115.376363582000067, -2.919887517999939 ], [ 115.376356977000114, -2.919892929999946 ], [ 115.37441788000001, -2.921481923999977 ], [ 115.374156518000063, -2.921644325999978 ], [ 115.371602536000069, -2.923232249999955 ], [ 115.37014097000008, -2.923620063999977 ], [ 115.370140805, -2.923620107999966 ], [ 115.3696481610001, -2.923750825999946 ], [ 115.369229828000016, -2.923861826999939 ], [ 115.364907480000056, -2.926321152999947 ], [ 115.364347008000095, -2.926640049999946 ], [ 115.363182815000073, -2.927553969999963 ], [ 115.361874854, -2.928580748999934 ], [ 115.360150704000034, -2.930106542999965 ], [ 115.358312113000011, -2.931849203999946 ], [ 115.356755655000029, -2.932678897999949 ], [ 115.355099863000078, -2.934159560999944 ], [ 115.353024880000021, -2.935124128999973 ], [ 115.351311329000055, -2.935926446999929 ], [ 115.351033431000019, -2.936052641999936 ], [ 115.348591985000098, -2.936582574999932 ], [ 115.346623534000059, -2.936588692999976 ], [ 115.344434063000108, -2.937227509999957 ], [ 115.342602838000062, -2.937197651999952 ], [ 115.338292212000056, -2.936567231999959 ], [ 115.336255079000011, -2.935506124999961 ], [ 115.334691027000076, -2.933677048999925 ], [ 115.333096449000095, -2.932725121999965 ], [ 115.331280915000093, -2.93255058099993 ], [ 115.329190415000085, -2.933370379999928 ], [ 115.32865657100001, -2.933967127999949 ], [ 115.328621000000112, -2.933963 ], [ 115.328442030000019, -2.933932751999976 ], [ 115.328424, -2.93391 ], [ 115.328411, -2.933887 ], [ 115.328221, -2.933673 ], [ 115.32812, -2.933617 ], [ 115.327864, -2.933458 ], [ 115.327655, -2.933237 ], [ 115.327627, -2.933197 ], [ 115.327505, -2.933013 ], [ 115.327474, -2.932998 ], [ 115.327470730000073, -2.932967929999961 ], [ 115.327470667000057, -2.932967332999965 ], [ 115.327470497000036, -2.932965767999974 ], [ 115.327470427000094, -2.932965130999946 ], [ 115.327470410000046, -2.932964971999979 ], [ 115.327470301000062, -2.932963970999936 ], [ 115.327469, -2.932952 ], [ 115.327461965000111, -2.932938411999942 ], [ 115.327424, -2.932856 ], [ 115.327323, -2.932649 ], [ 115.327252, -2.932487 ], [ 115.327204, -2.932262 ], [ 115.327183000000105, -2.932157 ], [ 115.327148, -2.932005 ], [ 115.327138000000105, -2.93196 ], [ 115.327096, -2.931836 ], [ 115.327088000000117, -2.931818 ], [ 115.327023, -2.931695 ], [ 115.326985, -2.931617 ], [ 115.32698, -2.931603 ], [ 115.32693, -2.931522 ], [ 115.326841, -2.931416 ], [ 115.326825, -2.931396 ], [ 115.326775000000112, -2.931338 ], [ 115.326709, -2.931275 ], [ 115.326677, -2.931281 ], [ 115.326642000000106, -2.931245 ], [ 115.326552000000106, -2.931169 ], [ 115.326398, -2.931013 ], [ 115.326345, -2.930869 ], [ 115.326302, -2.930805 ], [ 115.326177, -2.930712 ], [ 115.326162349000015, -2.930685782999944 ], [ 115.326151593000077, -2.930653531999951 ], [ 115.32615144600004, -2.930653 ], [ 115.326136878000057, -2.930600391999974 ], [ 115.326134, -2.93059 ], [ 115.326026, -2.930216 ], [ 115.325848, -2.929727 ], [ 115.325685, -2.929401 ], [ 115.325592, -2.929269 ], [ 115.325441, -2.929005 ], [ 115.325442, -2.928957 ], [ 115.325243000000114, -2.928752 ], [ 115.32523, -2.928698 ], [ 115.325211, -2.928676 ], [ 115.325186, -2.928705 ], [ 115.325126, -2.928634 ], [ 115.32513, -2.92859 ], [ 115.325135, -2.928577 ], [ 115.325114, -2.928601 ], [ 115.32509, -2.928538 ], [ 115.325023000000101, -2.928416 ], [ 115.324876, -2.928294 ], [ 115.324673, -2.928145 ], [ 115.324517, -2.928022 ], [ 115.324351, -2.927895 ], [ 115.32405, -2.927747 ], [ 115.323835, -2.927634 ], [ 115.323628, -2.927555 ], [ 115.323569, -2.927599 ], [ 115.323459, -2.927544 ], [ 115.323279, -2.927652 ], [ 115.322915, -2.927866 ], [ 115.322693, -2.927951 ], [ 115.322577, -2.927964 ], [ 115.322451000000115, -2.92797 ], [ 115.322217, -2.927964 ], [ 115.321906, -2.927926 ], [ 115.321879, -2.927912 ], [ 115.321845, -2.927915 ], [ 115.32177, -2.927882 ], [ 115.321631, -2.927877 ], [ 115.321551000000113, -2.927867 ], [ 115.321523, -2.927861 ], [ 115.321384, -2.927836 ], [ 115.32132, -2.92782 ], [ 115.321139, -2.927766 ], [ 115.321018, -2.927678 ], [ 115.320995, -2.927654 ], [ 115.320955, -2.92756 ], [ 115.32085, -2.927435 ], [ 115.320753, -2.927359 ], [ 115.320638, -2.927264 ], [ 115.32059, -2.927219 ], [ 115.320569, -2.927173 ], [ 115.320504, -2.927104 ], [ 115.320339000000104, -2.927014 ], [ 115.320160000000101, -2.926936 ], [ 115.319779, -2.926774 ], [ 115.319725, -2.926727 ], [ 115.319351, -2.926612 ], [ 115.31902, -2.926573 ], [ 115.31877, -2.926559 ], [ 115.318708, -2.926522 ], [ 115.318695, -2.926497 ], [ 115.318421, -2.926349 ], [ 115.318362, -2.926291 ], [ 115.318312000000105, -2.926181 ], [ 115.318155, -2.925765 ], [ 115.318003, -2.925247 ], [ 115.317865, -2.924961 ], [ 115.317822, -2.92484 ], [ 115.317785, -2.924781 ], [ 115.317799, -2.924709 ], [ 115.317676, -2.924463 ], [ 115.31733, -2.924361 ], [ 115.316932, -2.924373 ], [ 115.316683, -2.924443 ], [ 115.31628400000011, -2.92454 ], [ 115.315825, -2.924326 ], [ 115.315700000000106, -2.924257 ], [ 115.315295000000106, -2.924096 ], [ 115.31497800000011, -2.924075 ], [ 115.314710000000105, -2.924062 ], [ 115.314446, -2.923986 ], [ 115.314104, -2.923802 ], [ 115.314039, -2.923779 ], [ 115.313972, -2.923753 ], [ 115.313877, -2.923748 ], [ 115.313786, -2.923676 ], [ 115.313454, -2.923697 ], [ 115.313045000000102, -2.923723 ], [ 115.312821, -2.923731 ], [ 115.312685000000101, -2.923744 ], [ 115.312489, -2.923775 ], [ 115.312459000000104, -2.923761 ], [ 115.312394, -2.923762 ], [ 115.312235000000101, -2.923788 ], [ 115.312092, -2.923802 ], [ 115.311959000000115, -2.923816 ], [ 115.311709, -2.9238 ], [ 115.311534, -2.923777 ], [ 115.311444, -2.923752 ], [ 115.310872, -2.923657 ], [ 115.310713, -2.923649 ], [ 115.310668, -2.923651 ], [ 115.310479134000047, -2.923771833999979 ], [ 115.310296000000108, -2.923889 ], [ 115.310192, -2.923888 ], [ 115.3101190000001, -2.923873 ], [ 115.310071000000107, -2.923899 ], [ 115.309959, -2.923929 ], [ 115.309676, -2.923979 ], [ 115.309485000000109, -2.924 ], [ 115.3094, -2.924015 ], [ 115.309363, -2.924023 ], [ 115.309347000000116, -2.924029 ], [ 115.309077000000116, -2.924312 ], [ 115.309042, -2.92434 ], [ 115.308887, -2.924412 ], [ 115.308812637000074, -2.92446115499996 ], [ 115.30871, -2.924529 ], [ 115.308614, -2.924567 ], [ 115.308416, -2.92458 ], [ 115.308329, -2.924576 ], [ 115.308288, -2.924575 ], [ 115.308227000000102, -2.92456 ], [ 115.308202, -2.924551 ], [ 115.308051, -2.924501 ], [ 115.307902, -2.924432 ], [ 115.307572, -2.924256 ], [ 115.307386, -2.924133 ], [ 115.307280000000105, -2.924103 ], [ 115.307259, -2.924103 ], [ 115.307173, -2.924035 ], [ 115.306754, -2.923827 ], [ 115.3067, -2.923795 ], [ 115.306477928000049, -2.923701211999969 ], [ 115.306288000000109, -2.923621 ], [ 115.306099, -2.923547 ], [ 115.305898, -2.923466 ], [ 115.305826, -2.923438 ], [ 115.30542, -2.92331 ], [ 115.305197, -2.923246 ], [ 115.305146, -2.923243 ], [ 115.304908, -2.923264 ], [ 115.304580000000101, -2.923282 ], [ 115.304234, -2.923303 ], [ 115.304148, -2.92329 ], [ 115.303793, -2.92314 ], [ 115.303596, -2.923007 ], [ 115.303339, -2.922819 ], [ 115.302815, -2.922421 ], [ 115.302572, -2.922266 ], [ 115.302384, -2.92217 ], [ 115.302333, -2.922149 ], [ 115.302158, -2.922113 ], [ 115.302112, -2.922135 ], [ 115.301961, -2.922104 ], [ 115.301874000000112, -2.92212 ], [ 115.301783000000114, -2.922176 ], [ 115.301749, -2.922158 ], [ 115.301568, -2.922176 ], [ 115.301441, -2.922236 ], [ 115.300691, -2.922765 ], [ 115.299383, -2.925371 ], [ 115.299367, -2.925401 ], [ 115.299336, -2.925559 ], [ 115.29933, -2.92563 ], [ 115.299317, -2.92578 ], [ 115.29930800000011, -2.925867 ], [ 115.299302, -2.92602 ], [ 115.299299, -2.926048 ], [ 115.299279, -2.926288 ], [ 115.299276119000069, -2.926505008999925 ], [ 115.299276, -2.926514 ], [ 115.299293, -2.92674 ], [ 115.299296, -2.926794 ], [ 115.299282, -2.927027 ], [ 115.299238345000049, -2.927228437999929 ], [ 115.299204, -2.927445 ], [ 115.299158, -2.927684 ], [ 115.29912800000011, -2.92774 ], [ 115.298981, -2.927968 ], [ 115.298875, -2.928288 ], [ 115.298632065000106, -2.928800212999931 ], [ 115.298626, -2.928813 ], [ 115.298622573000102, -2.92883403999997 ], [ 115.298590000000104, -2.929034 ], [ 115.298562, -2.929114 ], [ 115.298497000000111, -2.92939 ], [ 115.298468, -2.929559 ], [ 115.298419, -2.929857 ], [ 115.29836440400004, -2.929921379999939 ], [ 115.298140000000103, -2.930186 ], [ 115.297915000000103, -2.930413 ], [ 115.297829, -2.930507 ], [ 115.297528, -2.930913 ], [ 115.297379, -2.93122 ], [ 115.297356, -2.931262 ], [ 115.297218, -2.931555 ], [ 115.296931357000062, -2.932165587999975 ], [ 115.296762, -2.932454 ], [ 115.296683, -2.932465 ], [ 115.296659, -2.932475 ], [ 115.296394, -2.932514 ], [ 115.296244000000115, -2.932548 ], [ 115.296218, -2.932553 ], [ 115.296039804000088, -2.932599444999937 ], [ 115.29603, -2.932602 ], [ 115.295891909000034, -2.93278038699998 ], [ 115.295829439000045, -2.932830507999938 ], [ 115.295769957000061, -2.93287823199995 ], [ 115.295769, -2.932879 ], [ 115.295758, -2.932887 ], [ 115.295741, -2.932891 ], [ 115.295699540000101, -2.932908505999933 ], [ 115.295696, -2.93291 ], [ 115.295488, -2.932927 ], [ 115.295373, -2.932829 ], [ 115.295288, -2.932731 ], [ 115.294713000000115, -2.932515 ], [ 115.294161, -2.932258 ], [ 115.294131000000107, -2.932232 ], [ 115.293919, -2.932064 ], [ 115.293792, -2.931992 ], [ 115.293776, -2.931976 ], [ 115.293645, -2.931904 ], [ 115.293507, -2.931794 ], [ 115.293344, -2.931717 ], [ 115.293191, -2.931698 ], [ 115.293079, -2.931683 ], [ 115.292969, -2.931682 ], [ 115.292784, -2.931693 ], [ 115.292652, -2.931714 ], [ 115.292583, -2.93174 ], [ 115.292579989000046, -2.931740828999978 ], [ 115.292376000000104, -2.931797 ], [ 115.29219, -2.931893 ], [ 115.291998, -2.932043 ], [ 115.291708, -2.932308 ], [ 115.291662, -2.932329 ], [ 115.291326, -2.932541 ], [ 115.29108, -2.932586 ], [ 115.290964, -2.932537 ], [ 115.290812, -2.932382 ], [ 115.290727, -2.93223 ], [ 115.290658, -2.932045 ], [ 115.290653, -2.931971 ], [ 115.290722, -2.931672 ], [ 115.290802, -2.931481 ], [ 115.290715, -2.931189 ], [ 115.290641, -2.931137 ], [ 115.290551654000069, -2.931080744999974 ], [ 115.290506, -2.931052 ], [ 115.290476, -2.931023 ], [ 115.290347000000111, -2.930879 ], [ 115.290287, -2.930825 ], [ 115.290263267000114, -2.930801411999937 ], [ 115.290124000000105, -2.930663 ], [ 115.289751, -2.930367 ], [ 115.289720000000102, -2.93034 ], [ 115.289706, -2.930325 ], [ 115.289706, -2.930319 ], [ 115.289668, -2.930312 ], [ 115.289651, -2.930302 ], [ 115.289622, -2.930292 ], [ 115.289489000000117, -2.930277 ], [ 115.289406, -2.930239 ], [ 115.289343, -2.930211 ], [ 115.289314000000104, -2.930196 ], [ 115.289276, -2.930149 ], [ 115.289006, -2.929918 ], [ 115.28863600000011, -2.929667 ], [ 115.28845, -2.929508 ], [ 115.288075, -2.929233 ], [ 115.287907, -2.929088 ], [ 115.287922, -2.929087 ], [ 115.287814, -2.928992 ], [ 115.287598000000116, -2.928801 ], [ 115.287407886000096, -2.928537576999929 ], [ 115.287209, -2.928262 ], [ 115.287016000000108, -2.928075 ], [ 115.286771005000105, -2.927875134999965 ], [ 115.286712, -2.927827 ], [ 115.286382000000117, -2.927673 ], [ 115.286017, -2.927556 ], [ 115.285802000000103, -2.92749 ], [ 115.285662000000116, -2.927417 ], [ 115.285436000000118, -2.927358 ], [ 115.285195, -2.927387 ], [ 115.284748, -2.927399 ], [ 115.284704, -2.927386 ], [ 115.284508, -2.927435 ], [ 115.284374, -2.927485 ], [ 115.284360000000106, -2.927487 ], [ 115.284297, -2.927509 ], [ 115.283986, -2.927411 ], [ 115.283794, -2.927314 ], [ 115.283557, -2.927324 ], [ 115.283375, -2.927357 ], [ 115.283250803000101, -2.927348566999967 ], [ 115.283213, -2.927346 ], [ 115.28312, -2.92733 ], [ 115.282172538000054, -2.927493259999949 ], [ 115.28163637900002, -2.927585646999944 ], [ 115.280877335000014, -2.927716439999926 ] ] ] } },
{ "type": "Feature", "properties": { "district_id": "63.06.03", "district_name": "Telaga Langsat", "village_count": 11, "area_ha_source": 6221.2262703030001, "regency_name": "Hulu Sungai Selatan", "province_name": "Kalimantan Selatan" }, "geometry": { "type": "Polygon", "coordinates": [ [ [ 115.336353891000044, -2.767834323999978 ], [ 115.332004914000095, -2.767421326999965 ], [ 115.329506725000101, -2.767184080999925 ], [ 115.32520888900001, -2.765683339999953 ], [ 115.324544001000049, -2.765437123999959 ], [ 115.323617150000018, -2.765093897999975 ], [ 115.321422817000098, -2.763863972999957 ], [ 115.321655918000033, -2.763009284999953 ], [ 115.32144590200005, -2.76135420199995 ], [ 115.321329792000029, -2.760923711999965 ], [ 115.321287471, -2.760766795999928 ], [ 115.321076029000096, -2.760125932999927 ], [ 115.320068163000087, -2.759590700999979 ], [ 115.319881566000049, -2.759557315999928 ], [ 115.319760300000098, -2.759535618999962 ], [ 115.31948551000005, -2.759457293999958 ], [ 115.318804382000053, -2.759263147999945 ], [ 115.318656643000054, -2.759221036999975 ], [ 115.318316593000077, -2.759124110999949 ], [ 115.317916886000035, -2.759010179999962 ], [ 115.319412982000017, -2.75875145699996 ], [ 115.319393814000023, -2.758088164999947 ], [ 115.319203457000071, -2.757326736999971 ], [ 115.318729401000041, -2.755458407999924 ], [ 115.317664790000094, -2.751560924999978 ], [ 115.317189810000059, -2.750614926999958 ], [ 115.316615060000117, -2.74947022799995 ], [ 115.314952555000104, -2.746159088999946 ], [ 115.314911075000055, -2.74152864499996 ], [ 115.314908646000049, -2.741257485999938 ], [ 115.314863203000073, -2.741221204999931 ], [ 115.312474180000095, -2.739313847999938 ], [ 115.307176780000077, -2.735303044999966 ], [ 115.30679856900008, -2.734672684999964 ], [ 115.30597448900005, -2.733527641999956 ], [ 115.305359771000099, -2.73267350499998 ], [ 115.305264149000095, -2.73074530599996 ], [ 115.305205270000101, -2.72955802499996 ], [ 115.305685714000106, -2.728224959999977 ], [ 115.306251920000022, -2.726653926999973 ], [ 115.306449816000054, -2.726164258999972 ], [ 115.306929462000085, -2.724977435999961 ], [ 115.307745425, -2.723720500999946 ], [ 115.308262893, -2.722902475999945 ], [ 115.308899290000113, -2.722244374999946 ], [ 115.309696711000015, -2.721178320999968 ], [ 115.310144883000021, -2.720957512999973 ], [ 115.310867608000081, -2.720403578999935 ], [ 115.311494038000092, -2.719308546999969 ], [ 115.312190971000064, -2.713556779999976 ], [ 115.312199047000036, -2.713490129999968 ], [ 115.312209117000066, -2.713267655999971 ], [ 115.312329578000117, -2.710606214999927 ], [ 115.312416805000112, -2.710121394999931 ], [ 115.312449735000087, -2.709938373999933 ], [ 115.312459980000085, -2.709881432999964 ], [ 115.312506560000088, -2.709622537999962 ], [ 115.312631504000024, -2.708928087999936 ], [ 115.313147782000101, -2.70717985999994 ], [ 115.313190525000095, -2.707035121999979 ], [ 115.31332321900004, -2.706814398999938 ], [ 115.313922172000048, -2.705818100999977 ], [ 115.314300149000019, -2.705189374999975 ], [ 115.315479814000014, -2.703227105999929 ], [ 115.316802307000103, -2.701027241999952 ], [ 115.317094284000063, -2.700541559999976 ], [ 115.320183939000117, -2.695145701999934 ], [ 115.32049681, -2.695106530999965 ], [ 115.320528427000113, -2.695105531999957 ], [ 115.320533876000013, -2.695105183999942 ], [ 115.320577077000053, -2.695095581999965 ], [ 115.320637766000118, -2.695084898999937 ], [ 115.320691283000087, -2.695097534999945 ], [ 115.320747745000062, -2.695131707999963 ], [ 115.320897524000088, -2.69521924999998 ], [ 115.320974195000076, -2.695265415999927 ], [ 115.32110839500001, -2.695347749999939 ], [ 115.32112931100005, -2.695364048999977 ], [ 115.321144490000052, -2.695399481999971 ], [ 115.321139687000027, -2.695432015999927 ], [ 115.321128124000097, -2.695449107999934 ], [ 115.321118119000062, -2.695457707999935 ], [ 115.321104548000108, -2.695463789999963 ], [ 115.321096338000075, -2.695464854999955 ], [ 115.32108741400009, -2.695465920999936 ], [ 115.32107243300004, -2.695459439999979 ], [ 115.321041414000092, -2.69543678499997 ], [ 115.321013960000073, -2.695416791999946 ], [ 115.321001078000108, -2.695413300999974 ], [ 115.320961247000014, -2.695424375999949 ], [ 115.320826104000048, -2.695507931999941 ], [ 115.320785078000085, -2.695539606999944 ], [ 115.320773084000052, -2.695566000999975 ], [ 115.32077370200011, -2.695600041999967 ], [ 115.32077397, -2.695614812999963 ], [ 115.320813828000041, -2.69569813499993 ], [ 115.320865126000058, -2.695768071999964 ], [ 115.32091076100005, -2.695803546999969 ], [ 115.320974486000068, -2.695833303999962 ], [ 115.321027473000072, -2.695838368999944 ], [ 115.321080442000039, -2.695836521999979 ], [ 115.32113378400004, -2.695804055999929 ], [ 115.321153459000016, -2.695775240999978 ], [ 115.321199500000034, -2.69577064899994 ], [ 115.321258506000049, -2.695771687999979 ], [ 115.32132325200007, -2.695750721999957 ], [ 115.321380398000088, -2.69572113199996 ], [ 115.32141278600011, -2.695699163999961 ], [ 115.321429030000104, -2.69568667599998 ], [ 115.321441368000023, -2.695677190999959 ], [ 115.32147279600008, -2.695661920999953 ], [ 115.321517513000117, -2.695673467999939 ], [ 115.321535578000066, -2.695685934999972 ], [ 115.321558207000066, -2.69572154399998 ], [ 115.32154970900001, -2.695792189999963 ], [ 115.321556304000069, -2.695841009999981 ], [ 115.321581912000056, -2.695906126999944 ], [ 115.321604720000096, -2.695930085999976 ], [ 115.321638795000013, -2.695974864999926 ], [ 115.321668419000048, -2.695978984999954 ], [ 115.321696984000027, -2.695970410999962 ], [ 115.321737046000067, -2.695905384999946 ], [ 115.321760929000106, -2.695839379999939 ], [ 115.321772406000036, -2.695799197999975 ], [ 115.321782963000032, -2.695767070999977 ], [ 115.321845766000024, -2.695742831999951 ], [ 115.32188859200005, -2.695744805999936 ], [ 115.321930440000074, -2.695765918999939 ], [ 115.321956098000101, -2.695793709999975 ], [ 115.321956038000053, -2.69583773599993 ], [ 115.321942640000088, -2.695891312999947 ], [ 115.321947370000089, -2.695912375999967 ], [ 115.321980636000035, -2.695944962999931 ], [ 115.322024385000077, -2.695967992999954 ], [ 115.322052461000112, -2.695975437999948 ], [ 115.322246886000016, -2.696002053999962 ], [ 115.322391116000063, -2.695970669999951 ], [ 115.322496813000043, -2.695932054999957 ], [ 115.322608201000094, -2.695906367999953 ], [ 115.32274957300001, -2.695877851999967 ], [ 115.322869508000053, -2.695866532999958 ], [ 115.322952316000055, -2.695860904999961 ], [ 115.323077759000057, -2.695886425999959 ], [ 115.323163211000065, -2.695924605999949 ], [ 115.323194902000068, -2.695938764999937 ], [ 115.323287666000056, -2.695961861999933 ], [ 115.32348459800005, -2.696018123999977 ], [ 115.32357021700011, -2.696045519999927 ], [ 115.323611533000076, -2.696107307999966 ], [ 115.32362858800002, -2.696163320999972 ], [ 115.323667052000019, -2.696222233999947 ], [ 115.32371574900003, -2.696249038999952 ], [ 115.323846895000088, -2.696248324999942 ], [ 115.323925374000055, -2.696277144999954 ], [ 115.323972406000053, -2.696318991999931 ], [ 115.323998093000114, -2.696341848999964 ], [ 115.324080764000087, -2.696436713999958 ], [ 115.324146388000031, -2.696471259999953 ], [ 115.324227714000017, -2.696505826999953 ], [ 115.324279070000102, -2.696533174999956 ], [ 115.324309022000079, -2.69655331499996 ], [ 115.324344749000034, -2.696611638999968 ], [ 115.324437363000015, -2.696658291999938 ], [ 115.32451155800004, -2.696688541999947 ], [ 115.324614363000023, -2.696675764999952 ], [ 115.32469009700003, -2.696624186999941 ], [ 115.324752963000037, -2.696586947999947 ], [ 115.324794390000079, -2.696566907999966 ], [ 115.324821535000069, -2.696552588999964 ], [ 115.324866428000064, -2.696540014999925 ], [ 115.324954265000088, -2.696580048999976 ], [ 115.325007017000075, -2.696630367999944 ], [ 115.325066855000046, -2.696719458999951 ], [ 115.325108218000082, -2.696746793999978 ], [ 115.325196695000045, -2.696772756999962 ], [ 115.325289483, -2.696777191999956 ], [ 115.325304726000013, -2.696773836999967 ], [ 115.325373737000064, -2.696758645999978 ], [ 115.325490917000025, -2.696674105999932 ], [ 115.325599578000038, -2.696555099999955 ], [ 115.325675353000065, -2.696473374999925 ], [ 115.325711910000109, -2.69642362299993 ], [ 115.325785504, -2.696384186999978 ], [ 115.325858222000079, -2.696374569999932 ], [ 115.325902466000116, -2.696383244999936 ], [ 115.325963719000015, -2.696414926999978 ], [ 115.326087890000053, -2.696504093999977 ], [ 115.326169197000013, -2.696553015999939 ], [ 115.32632035000006, -2.69667955999995 ], [ 115.326376979000088, -2.696713925999973 ], [ 115.326437265000095, -2.696788828999956 ], [ 115.326477179000108, -2.696831952999958 ], [ 115.32654849100004, -2.696882296999945 ], [ 115.326625572000012, -2.696889581999926 ], [ 115.326709502000085, -2.696868119999976 ], [ 115.326799822000112, -2.696829526999977 ], [ 115.326852720000034, -2.696773611999959 ], [ 115.326927064000074, -2.696694754999953 ], [ 115.326952806, -2.696661770999981 ], [ 115.32698568, -2.696633103999943 ], [ 115.327024221000102, -2.696636028999933 ], [ 115.327072703000113, -2.696677727999941 ], [ 115.327089716000046, -2.696763889999943 ], [ 115.327086779000069, -2.696824180999954 ], [ 115.327081011000018, -2.696865805999948 ], [ 115.327072389000023, -2.696907426999928 ], [ 115.327069115000086, -2.696940962999975 ], [ 115.32707718000006, -2.69704571699998 ], [ 115.327085711000109, -2.697224118999941 ], [ 115.327125963000071, -2.697367735999933 ], [ 115.327147377000074, -2.697484608999957 ], [ 115.327186423000057, -2.697583531999953 ], [ 115.327249810000012, -2.697744119999925 ], [ 115.327279268000098, -2.69777765799995 ], [ 115.327310759000056, -2.697791361999975 ], [ 115.327365895000071, -2.697648013999981 ], [ 115.327415989000087, -2.697554767999975 ], [ 115.327482765000013, -2.697442402999968 ], [ 115.327528063000045, -2.69737547099993 ], [ 115.327581148000036, -2.697348616999932 ], [ 115.327669909000065, -2.697382006999931 ], [ 115.327775563000046, -2.697374973999956 ], [ 115.327880027000106, -2.697366983999927 ], [ 115.327960945000086, -2.697351543999957 ], [ 115.328040703000056, -2.69731576199996 ], [ 115.32809425500011, -2.697303873999942 ], [ 115.328147768, -2.697320695999963 ], [ 115.328194121000024, -2.697351864999973 ], [ 115.328246553000099, -2.697394752999969 ], [ 115.328263311000114, -2.697453580999934 ], [ 115.328226793000113, -2.697537513999976 ], [ 115.328201770000078, -2.697566909999978 ], [ 115.328184611000097, -2.69758698399994 ], [ 115.328168660000074, -2.697604715999944 ], [ 115.328148801000111, -2.697627116999968 ], [ 115.328148150000061, -2.697627849999947 ], [ 115.328129289000117, -2.697656845999973 ], [ 115.328156807000028, -2.697700838999936 ], [ 115.328240537000056, -2.69771818199996 ], [ 115.328389407000031, -2.69771776999994 ], [ 115.328475058000095, -2.697761635999939 ], [ 115.328588669000055, -2.697867966999979 ], [ 115.328693204000047, -2.69798296099998 ], [ 115.328794199000072, -2.698064709999926 ], [ 115.328820486000041, -2.698166895999975 ], [ 115.328850783, -2.698283701999969 ], [ 115.32887159500001, -2.698375609999971 ], [ 115.328883596000082, -2.698453692999976 ], [ 115.328920907000111, -2.698505840999928 ], [ 115.329016089000106, -2.698500230999969 ], [ 115.329099882000037, -2.69847163299994 ], [ 115.329191294000111, -2.698439218999965 ], [ 115.329273138000076, -2.698443159999954 ], [ 115.32934926900009, -2.698449007999955 ], [ 115.329432095000016, -2.698499666999965 ], [ 115.329602435000083, -2.698528452999938 ], [ 115.329709474000083, -2.698552526999947 ], [ 115.329779546000054, -2.69858874099998 ], [ 115.329806959000052, -2.698602907999941 ], [ 115.329899666000074, -2.69866763899995 ], [ 115.329998297000088, -2.698753660999955 ], [ 115.329982724000047, -2.69882806499993 ], [ 115.329911277000065, -2.698875820999945 ], [ 115.329816039000093, -2.698923542999978 ], [ 115.329751747000046, -2.698959344999935 ], [ 115.329704137000022, -2.698976026999958 ], [ 115.329658920000043, -2.698983143999953 ], [ 115.329602280000017, -2.698997280999947 ], [ 115.329601732000015, -2.699042881999958 ], [ 115.329694459000052, -2.699093256999959 ], [ 115.329787198000076, -2.699134060999938 ], [ 115.329910909000091, -2.699146194999969 ], [ 115.329923260000101, -2.699147821999929 ], [ 115.330039371000112, -2.69916312099997 ], [ 115.330098839000016, -2.699175166999964 ], [ 115.33021348300008, -2.699224206999929 ], [ 115.330230974000074, -2.699289719999967 ], [ 115.330233725000085, -2.69936581199994 ], [ 115.330233635000013, -2.699431850999929 ], [ 115.330240675000027, -2.699503640999978 ], [ 115.330320890000053, -2.699595128999931 ], [ 115.330431690000069, -2.699713504999977 ], [ 115.330515787000081, -2.699809807999941 ], [ 115.33058991900009, -2.699885998999946 ], [ 115.330680109000014, -2.69995735599997 ], [ 115.330724384000064, -2.700037785999939 ], [ 115.330722799000114, -2.700152632999959 ], [ 115.33071127900007, -2.700225834999969 ], [ 115.330709759000115, -2.700293305999935 ], [ 115.330706544, -2.700355294999952 ], [ 115.330738195000094, -2.700378046999958 ], [ 115.330808177000108, -2.700356608999925 ], [ 115.330879662000029, -2.700280619999944 ], [ 115.33097121000003, -2.700148669999976 ], [ 115.331059854000046, -2.700052604999939 ], [ 115.331095591, -2.700018198999942 ], [ 115.331138706000047, -2.699985117999972 ], [ 115.33123128200009, -2.699968139999953 ], [ 115.331302665000067, -2.699966802999938 ], [ 115.331375421000075, -2.700005664999935 ], [ 115.331523720000064, -2.700132204999932 ], [ 115.33158073300001, -2.70019975699995 ], [ 115.331612154000027, -2.700276991999942 ], [ 115.331613459000096, -2.700280196999927 ], [ 115.331651882000074, -2.700369258999956 ], [ 115.331670324000015, -2.700455421999948 ], [ 115.33170446500003, -2.70056466799997 ], [ 115.331822793000015, -2.700665231999949 ], [ 115.331902660000083, -2.700724203999926 ], [ 115.332011114000011, -2.70075593699994 ], [ 115.332083913000019, -2.700763214999938 ], [ 115.332171808000112, -2.700773307999953 ], [ 115.332330427000102, -2.700798518999932 ], [ 115.33254596200004, -2.700882719999925 ], [ 115.332552410000062, -2.700887397999963 ], [ 115.33257398, -2.700976802999946 ], [ 115.332576091000078, -2.701063249999947 ], [ 115.333098545000098, -2.701274607999949 ], [ 115.336741136000114, -2.702748214999929 ], [ 115.337690219000024, -2.703132165999932 ], [ 115.337702695000075, -2.703143380999961 ], [ 115.337718215000109, -2.703157330999943 ], [ 115.337754105000045, -2.703189591999944 ], [ 115.337807004000069, -2.70322275999996 ], [ 115.33783746000006, -2.703240919999928 ], [ 115.337920288000078, -2.703221892999977 ], [ 115.337944078000078, -2.703224796999962 ], [ 115.338000194000074, -2.703252628999962 ], [ 115.338042037000037, -2.703277570999944 ], [ 115.338103671000113, -2.703295514999979 ], [ 115.338107787000013, -2.703312818999962 ], [ 115.338115704000074, -2.70334610499998 ], [ 115.338122762000012, -2.703404973999966 ], [ 115.338159781000059, -2.70347824199996 ], [ 115.338175597000031, -2.703561590999925 ], [ 115.338177172000087, -2.703569886999958 ], [ 115.338179940000032, -2.703601080999931 ], [ 115.338182417000098, -2.703629013999944 ], [ 115.338183786000059, -2.703672084999937 ], [ 115.338232242000117, -2.703733882999927 ], [ 115.338283561000026, -2.703788508999935 ], [ 115.33837776300004, -2.703804428999945 ], [ 115.338426688000027, -2.703829513999949 ], [ 115.338456180000094, -2.703880624999954 ], [ 115.338464728000076, -2.703892598999971 ], [ 115.338481828000113, -2.703916550999963 ], [ 115.338530309000021, -2.703959686999951 ], [ 115.338561995000077, -2.703987634999976 ], [ 115.338594096000065, -2.70400323299998 ], [ 115.33863929100005, -2.704012865999971 ], [ 115.338693999000043, -2.704026100999954 ], [ 115.338734424000108, -2.704044101999955 ], [ 115.338770058000023, -2.704084826999974 ], [ 115.338792414000068, -2.704122925999968 ], [ 115.338793741000018, -2.704166211999961 ], [ 115.338797509000074, -2.704195048999964 ], [ 115.33880389, -2.704227358999958 ], [ 115.338815265000108, -2.704261111999926 ], [ 115.338822359, -2.704293423999957 ], [ 115.338812322000081, -2.704325710999967 ], [ 115.338809030000107, -2.704344474999971 ], [ 115.33880728500003, -2.704354416999934 ], [ 115.338811530000044, -2.704383134999944 ], [ 115.338830593000012, -2.704399796999951 ], [ 115.338850741000101, -2.704418361999956 ], [ 115.338882133000084, -2.704430607999939 ], [ 115.338922827000033, -2.704425639999954 ], [ 115.338964242000088, -2.704415646999962 ], [ 115.33898066200004, -2.704413515999931 ], [ 115.338994155000023, -2.704412490999971 ], [ 115.338999224000077, -2.70441210599995 ], [ 115.339013493000039, -2.704417149999927 ], [ 115.339017770000055, -2.70442146299996 ], [ 115.339022746000069, -2.704436543999975 ], [ 115.339011296000081, -2.704458062999947 ], [ 115.339009818000022, -2.704495387999941 ], [ 115.339011912000046, -2.704529127999933 ], [ 115.339024095000013, -2.704581304999977 ], [ 115.339032352000117, -2.704633955999952 ], [ 115.339052508, -2.704684230999931 ], [ 115.339072682000051, -2.704721344999939 ], [ 115.339113094000027, -2.704748916999961 ], [ 115.339180866000106, -2.704778919999967 ], [ 115.339221304000034, -2.704787349999947 ], [ 115.339247456000066, -2.704802937999943 ], [ 115.339252183000099, -2.704825675999928 ], [ 115.339252644000112, -2.704852542999959 ], [ 115.339269590000072, -2.704885755999953 ], [ 115.339291696000032, -2.704902296999933 ], [ 115.33934522800007, -2.704905241999938 ], [ 115.339438047000044, -2.704888141999959 ], [ 115.339493028000106, -2.704876013999979 ], [ 115.339543013000025, -2.70486172699998 ], [ 115.339594440000042, -2.704838826999946 ], [ 115.339715080000019, -2.704833969999925 ], [ 115.339797884000063, -2.704833364999956 ], [ 115.339896397000075, -2.704829192999966 ], [ 115.340033941000115, -2.704817179999964 ], [ 115.340075570000067, -2.704824414999962 ], [ 115.340115986000114, -2.704849593999938 ], [ 115.340150443000084, -2.704881942999975 ], [ 115.340178827000045, -2.704917119999948 ], [ 115.340228093000064, -2.704995623999935 ], [ 115.340239434000068, -2.705054978999954 ], [ 115.340235533000055, -2.705123883999931 ], [ 115.340244910000024, -2.705227261999937 ], [ 115.340277158000049, -2.705309615999965 ], [ 115.340303713000026, -2.705378561999964 ], [ 115.340331030000016, -2.705414710999946 ], [ 115.340339738000011, -2.705482933999974 ], [ 115.34032963300001, -2.70556475199993 ], [ 115.340342376000081, -2.705642291999936 ], [ 115.340372261000084, -2.705712679999976 ], [ 115.340420480000034, -2.705767522999963 ], [ 115.340564810000046, -2.705845021999949 ], [ 115.340663249000045, -2.705895404999978 ], [ 115.340751713000031, -2.705931416999931 ], [ 115.34083389500006, -2.705958001999932 ], [ 115.340869651000048, -2.705995743999949 ], [ 115.340897197000118, -2.706030674999965 ], [ 115.340937104000091, -2.706079541999941 ], [ 115.340951323000013, -2.706121193999934 ], [ 115.340952688000016, -2.706167135999976 ], [ 115.340949759000068, -2.706221685999935 ], [ 115.340941367000028, -2.706283707999944 ], [ 115.340925304000052, -2.706358037999962 ], [ 115.340902409000023, -2.706396767999934 ], [ 115.340898087000028, -2.706425474999946 ], [ 115.340903747000084, -2.706462808999959 ], [ 115.340936533000104, -2.70649874399993 ], [ 115.34097646400005, -2.706530382999972 ], [ 115.340994981000108, -2.706536994999965 ], [ 115.341139197000075, -2.706543686999964 ], [ 115.341280802000028, -2.70651995399993 ], [ 115.341353431000016, -2.706476984999938 ], [ 115.341392714000108, -2.706460290999928 ], [ 115.341462711000077, -2.706465291999962 ], [ 115.341493765000109, -2.706514265999942 ], [ 115.341525841000021, -2.706547807999925 ], [ 115.341526948000023, -2.706608822999954 ], [ 115.341518585000017, -2.706633935999946 ], [ 115.341493548000017, -2.706673380999973 ], [ 115.341472081, -2.706712830999948 ], [ 115.341466056000058, -2.706769050999981 ], [ 115.341487407000045, -2.706815738999978 ], [ 115.341509981000058, -2.706837304999965 ], [ 115.341543258000115, -2.706862472999944 ], [ 115.341562965000094, -2.70689181399996 ], [ 115.341568191000079, -2.706899594999925 ], [ 115.341602643000101, -2.706935532999978 ], [ 115.341623907000098, -2.706962895999936 ], [ 115.341664384000069, -2.707026541999937 ], [ 115.341671449000046, -2.707080386999962 ], [ 115.3417011250001, -2.707129477999956 ], [ 115.341720083000041, -2.70718573299996 ], [ 115.341740446000017, -2.707234354999969 ], [ 115.341759264000075, -2.707244407999951 ], [ 115.34180569800003, -2.707216955999968 ], [ 115.341862915000092, -2.707135681999944 ], [ 115.341948678000108, -2.707058036999967 ], [ 115.341991583000095, -2.707001866999974 ], [ 115.342018985000095, -2.706973191999964 ], [ 115.342046599000014, -2.70694538999993 ], [ 115.342068984000093, -2.706950331999963 ], [ 115.342086799000072, -2.706971889999977 ], [ 115.34210577500005, -2.707016180999972 ], [ 115.342097368000054, -2.70707359499994 ], [ 115.342072295000094, -2.707139359999928 ], [ 115.342059103000111, -2.707217104999927 ], [ 115.342059027, -2.707273333999979 ], [ 115.342063709000058, -2.707329569999956 ], [ 115.342070782000064, -2.707377432999976 ], [ 115.342092156000035, -2.707407371999977 ], [ 115.342117866000081, -2.707442869999966 ], [ 115.342118238000012, -2.707474403999925 ], [ 115.342106280000053, -2.707518651999976 ], [ 115.34210147500005, -2.707553339999947 ], [ 115.342101556000102, -2.707553921999931 ], [ 115.34210736700004, -2.707595219999973 ], [ 115.342121617000089, -2.707614381999974 ], [ 115.342172751000021, -2.707631201999959 ], [ 115.342238163000047, -2.707646843999953 ], [ 115.342270251000059, -2.707670814999972 ], [ 115.342286838000064, -2.707722281999963 ], [ 115.342309386000011, -2.707762988999946 ], [ 115.342360524000014, -2.707777414999953 ], [ 115.342425966000064, -2.707770325999945 ], [ 115.34248664900008, -2.707764427999962 ], [ 115.342521122000107, -2.707784813999979 ], [ 115.342532972000072, -2.707819524999934 ], [ 115.342535671000064, -2.707847044999937 ], [ 115.342535637000083, -2.707872167999938 ], [ 115.342541323000091, -2.707890120999934 ], [ 115.34255986300002, -2.707904502999952 ], [ 115.342584859000112, -2.707913764999944 ], [ 115.342626214, -2.707929 ], [ 115.342691860000059, -2.707947753999974 ], [ 115.34272326100006, -2.707953539999949 ], [ 115.342764656000099, -2.707959227999936 ], [ 115.342789603000028, -2.707984735999958 ], [ 115.342838323000024, -2.708026674999928 ], [ 115.342889411000101, -2.708078188999934 ], [ 115.342928638000103, -2.708102169999961 ], [ 115.342944087000092, -2.708114154999976 ], [ 115.342953263000027, -2.708140353999966 ], [ 115.343021781000061, -2.708197049999967 ], [ 115.343074523000041, -2.708255981999969 ], [ 115.343101521000108, -2.708349335999969 ], [ 115.343104232000087, -2.708455575999949 ], [ 115.343119785000113, -2.70856757699994 ], [ 115.343161642000041, -2.708669683999972 ], [ 115.343172088000074, -2.708685926999976 ], [ 115.343218627000056, -2.70875829199997 ], [ 115.34329936000006, -2.708880431999944 ], [ 115.343365753000057, -2.709050404999971 ], [ 115.343425049000075, -2.709189264999964 ], [ 115.343422549000024, -2.709277791999966 ], [ 115.343431949000092, -2.709363942999971 ], [ 115.343429429000025, -2.709466826999972 ], [ 115.343454999000073, -2.709515627999963 ], [ 115.343448288000104, -2.709596058999978 ], [ 115.343448178000017, -2.709677410999973 ], [ 115.343450386000086, -2.709804227999939 ], [ 115.343425790000083, -2.709925013999964 ], [ 115.343414977000066, -2.710008907999963 ], [ 115.343409600000086, -2.710050621999926 ], [ 115.343395242000042, -2.710110419999978 ], [ 115.343364219000023, -2.710177373999954 ], [ 115.343292179000059, -2.710211740999966 ], [ 115.343221759000016, -2.710304230999952 ], [ 115.343224640000017, -2.710373025999957 ], [ 115.34328989800008, -2.710501722999936 ], [ 115.343337356, -2.71059749799997 ], [ 115.343405411000049, -2.710684674999925 ], [ 115.343447211000012, -2.710738220999929 ], [ 115.343554171000051, -2.710822112999949 ], [ 115.343646274000093, -2.710894020999945 ], [ 115.343726356000047, -2.71095977899995 ], [ 115.343854239000052, -2.711064787999931 ], [ 115.343916568000054, -2.71116058299998 ], [ 115.343943169000113, -2.711283245999937 ], [ 115.343947030000095, -2.711415401999943 ], [ 115.343945935000079, -2.711421018999943 ], [ 115.34392499, -2.711528473999977 ], [ 115.343957614000033, -2.711597309999945 ], [ 115.344016973000066, -2.71169010999995 ], [ 115.344094169000073, -2.711788914999943 ], [ 115.344141606000107, -2.711899642999924 ], [ 115.34418309900002, -2.712007372999949 ], [ 115.344206953000025, -2.712057835999929 ], [ 115.344269145000112, -2.712160026999925 ], [ 115.344319602000041, -2.71223785899997 ], [ 115.344390873000066, -2.712318712999945 ], [ 115.344447298000091, -2.712381598999968 ], [ 115.344533491000107, -2.712426580999932 ], [ 115.344612289000111, -2.712483754999937 ], [ 115.344636485000024, -2.712538341999959 ], [ 115.344636421000018, -2.712585718999946 ], [ 115.344619781, -2.712682393999955 ], [ 115.344579034000049, -2.712792370999978 ], [ 115.34454324, -2.712868409999942 ], [ 115.344529556000111, -2.712899308999965 ], [ 115.3445030580001, -2.713021427999934 ], [ 115.344517243000041, -2.713088443999936 ], [ 115.344531582000059, -2.713119313999925 ], [ 115.344552830000111, -2.713165059999938 ], [ 115.344623243000115, -2.71322794699995 ], [ 115.344636008000066, -2.713239347999945 ], [ 115.344704887000034, -2.71333036599998 ], [ 115.344802325000046, -2.713416637999956 ], [ 115.344880764000095, -2.713476563999961 ], [ 115.344997273000104, -2.713536542999975 ], [ 115.345063259000085, -2.713560670999925 ], [ 115.34513521000008, -2.713586979999945 ], [ 115.345249379000052, -2.713618240999949 ], [ 115.345375487000069, -2.713618414999928 ], [ 115.345501693000074, -2.713546806999943 ], [ 115.345601678000094, -2.713509378999959 ], [ 115.345678865000082, -2.713440573999947 ], [ 115.345706936000056, -2.713416398999925 ], [ 115.345716489000097, -2.713383069999963 ], [ 115.345721798000113, -2.71336454599998 ], [ 115.345716039000081, -2.713335019999931 ], [ 115.345737553000049, -2.713327240999945 ], [ 115.345788925000079, -2.713344537999944 ], [ 115.34583679900004, -2.71341380299998 ], [ 115.345888160000072, -2.713438756999949 ], [ 115.345988065000029, -2.713460907999945 ], [ 115.346090829000104, -2.713480189999927 ], [ 115.346125082000071, -2.713487893999968 ], [ 115.3461565, -2.713480318999927 ], [ 115.346234767000055, -2.71347114799994 ], [ 115.346276045000081, -2.71346631199998 ], [ 115.346302144000106, -2.713463253999976 ], [ 115.346308150000027, -2.713461827999936 ], [ 115.346378309000102, -2.713445172999968 ], [ 115.346426851000047, -2.713443325999947 ], [ 115.346488695000062, -2.713458723999963 ], [ 115.346549578, -2.713479863999964 ], [ 115.346580977000031, -2.713487562999944 ], [ 115.346615117000056, -2.713499035999973 ], [ 115.34669602200006, -2.713574815999948 ], [ 115.346737826000094, -2.713628470999936 ], [ 115.346772963000035, -2.713685944999952 ], [ 115.346814786000095, -2.71372619899995 ], [ 115.346884221000096, -2.713758835999954 ], [ 115.346927028000096, -2.713774208999951 ], [ 115.346956459000012, -2.713788891999968 ], [ 115.346975481000072, -2.713839356999927 ], [ 115.346997333000104, -2.713867142999959 ], [ 115.347047743000076, -2.713892095999938 ], [ 115.347099119000063, -2.713905565999937 ], [ 115.347153356000035, -2.713916167999969 ], [ 115.347160629000086, -2.713919154999928 ], [ 115.347265601000117, -2.713962262999928 ], [ 115.347330292000038, -2.713983407999933 ], [ 115.347396911000033, -2.713986370999976 ], [ 115.347454976000108, -2.713980707999951 ], [ 115.347504787000048, -2.713970511999946 ], [ 115.347532528000102, -2.713985204999972 ], [ 115.347549599000104, -2.714029732999961 ], [ 115.347515200000089, -2.714128744999925 ], [ 115.347455164000053, -2.714184651999972 ], [ 115.347395112000072, -2.714252043999977 ], [ 115.347343647000116, -2.714302219999979 ], [ 115.347316458000023, -2.71434955899997 ], [ 115.347296393000079, -2.714406956999937 ], [ 115.347294908000094, -2.714448587999925 ], [ 115.347300561000111, -2.714491664999969 ], [ 115.347324177000019, -2.714521907999938 ], [ 115.347374751000075, -2.714526221999961 ], [ 115.347470473000044, -2.714474669999959 ], [ 115.34755476700002, -2.714428845999976 ], [ 115.347644706000096, -2.714430404999973 ], [ 115.347716075000108, -2.714440551999928 ], [ 115.347761738000031, -2.714456407999933 ], [ 115.347825976000081, -2.714460802999952 ], [ 115.347888762000025, -2.714483858999927 ], [ 115.347969848000048, -2.714652926999975 ], [ 115.348022621000041, -2.714690325999925 ], [ 115.34807030200011, -2.714739972999951 ], [ 115.348112347000097, -2.714848367999934 ], [ 115.348109381000086, -2.714930194999965 ], [ 115.348104982000109, -2.715014891999942 ], [ 115.348117709, -2.715105353999945 ], [ 115.348137597000118, -2.715178598999955 ], [ 115.348193177000098, -2.715250456999968 ], [ 115.348241621000057, -2.715320868999925 ], [ 115.348285781000072, -2.715392711999925 ], [ 115.348328530000117, -2.715451630999951 ], [ 115.348366026, -2.715509063999946 ], [ 115.348390137000024, -2.715591282999981 ], [ 115.348392573000069, -2.715599589999954 ], [ 115.348359291000065, -2.715687167999931 ], [ 115.348318754000047, -2.715751714999953 ], [ 115.348303896000061, -2.715887580999947 ], [ 115.34830140400004, -2.715970126999935 ], [ 115.348292986000047, -2.716037110999935 ], [ 115.348242889000062, -2.716131555999937 ], [ 115.348213049000037, -2.716203296999936 ], [ 115.348192727000082, -2.716275049999979 ], [ 115.348179524000102, -2.716359973999943 ], [ 115.348141343000066, -2.716441273999976 ], [ 115.348113932000047, -2.716477125999972 ], [ 115.348093501000108, -2.716540685999973 ], [ 115.348075620000031, -2.716566501999978 ], [ 115.348040815000104, -2.716584773999955 ], [ 115.348025788000086, -2.71661993999993 ], [ 115.348040006000019, -2.71666302899996 ], [ 115.34803876400008, -2.716701309999962 ], [ 115.347992278000106, -2.716765850999934 ], [ 115.34795767300011, -2.716842369999938 ], [ 115.347929042000032, -2.716899755999975 ], [ 115.347943253000039, -2.716947629999936 ], [ 115.347976486000107, -2.717005101999973 ], [ 115.347970491000069, -2.717039786999976 ], [ 115.347919288000071, -2.717073214999971 ], [ 115.347870466000018, -2.717105448999973 ], [ 115.347814444000051, -2.71718313599996 ], [ 115.347777492000091, -2.717235724999966 ], [ 115.347763156000042, -2.717278774999954 ], [ 115.34774763300004, -2.717320625999946 ], [ 115.347732125000107, -2.717351709999946 ], [ 115.347715960000073, -2.717398227999979 ], [ 115.347720119000087, -2.717431849999969 ], [ 115.347753365000017, -2.717480945999966 ], [ 115.347784192000063, -2.717557555999974 ], [ 115.347797205, -2.717611409999961 ], [ 115.347773262000032, -2.71772144199997 ], [ 115.347757734000083, -2.717766881999978 ], [ 115.347738593000031, -2.717844618999948 ], [ 115.347739659000013, -2.717935543999943 ], [ 115.347752634000017, -2.718018110999935 ], [ 115.347775168000112, -2.718069584999967 ], [ 115.347795962000077, -2.718085631999941 ], [ 115.347858164000058, -2.718164199999933 ], [ 115.34793804800006, -2.718211685999961 ], [ 115.348010809000016, -2.718247675999976 ], [ 115.348109286000067, -2.718270781999934 ], [ 115.348223521000023, -2.718253711999978 ], [ 115.348282041000061, -2.718263840999953 ], [ 115.348333407000041, -2.718285446999971 ], [ 115.348397588000012, -2.718331474999957 ], [ 115.348443167000028, -2.718409061999978 ], [ 115.348503058, -2.718460826999944 ], [ 115.348572949000072, -2.718508299999939 ], [ 115.348672836000105, -2.718544326999961 ], [ 115.348744191000037, -2.718564524999977 ], [ 115.348805563000042, -2.718577529999948 ], [ 115.348847484000089, -2.718575417999944 ], [ 115.349001399000031, -2.718503743999975 ], [ 115.349081431000059, -2.718442600999936 ], [ 115.349153805000014, -2.718413986999963 ], [ 115.349309894000044, -2.718414201999963 ], [ 115.349395524000101, -2.718435374999956 ], [ 115.349494440000058, -2.718485279999925 ], [ 115.349648590000015, -2.718512289999978 ], [ 115.349819952000075, -2.718479984999931 ], [ 115.350004667, -2.71842664199994 ], [ 115.350134167000078, -2.718382793999979 ], [ 115.350197016000038, -2.718359908999957 ], [ 115.350268717000063, -2.71833320199994 ], [ 115.350391269000056, -2.718291265999937 ], [ 115.350459797000099, -2.718291360999956 ], [ 115.350518780000016, -2.718310582999948 ], [ 115.350553005000052, -2.718339342999968 ], [ 115.350583401000108, -2.718387892999942 ], [ 115.350625169000068, -2.718463863999943 ], [ 115.350655515000085, -2.718546214999947 ], [ 115.350659204000067, -2.718632357999979 ], [ 115.350647698000103, -2.718695509999975 ], [ 115.350643828000102, -2.718741444999978 ], [ 115.350643761000015, -2.718791213999964 ], [ 115.350666550000028, -2.718829527999958 ], [ 115.350712191000071, -2.718862132999959 ], [ 115.350762598000074, -2.718876479999949 ], [ 115.350870125000029, -2.71890637599995 ], [ 115.35098047800011, -2.718944810999972 ], [ 115.351052771000013, -2.718975536999949 ], [ 115.3511580710001, -2.719039804999966 ], [ 115.351241031000086, -2.719115530999943 ], [ 115.351318985000034, -2.719182633999935 ], [ 115.351396933000046, -2.719253565999963 ], [ 115.35146730200006, -2.719299602999968 ], [ 115.351508433000049, -2.719311585999947 ], [ 115.351726230000054, -2.719265502999974 ], [ 115.351893826000037, -2.719202564999932 ], [ 115.352025213000047, -2.71917211899995 ], [ 115.352091717, -2.719169498999975 ], [ 115.352166081000064, -2.719166568999981 ], [ 115.35227645100008, -2.71919351899993 ], [ 115.352345784000022, -2.719220969999981 ], [ 115.352373478000118, -2.719231935999971 ], [ 115.352497136000011, -2.719285701999979 ], [ 115.352607512000077, -2.719306909999943 ], [ 115.352676042000098, -2.719305089999978 ], [ 115.352731513000094, -2.719295177999925 ], [ 115.352900748000025, -2.719240315999969 ], [ 115.353093129000058, -2.719148698999959 ], [ 115.353174939000041, -2.719121401999928 ], [ 115.353207394000037, -2.719110571999977 ], [ 115.353350208000052, -2.719074398999965 ], [ 115.353502569000057, -2.719017181999959 ], [ 115.353565466000077, -2.718957928999941 ], [ 115.353612174000091, -2.718905352999968 ], [ 115.353651247000016, -2.718868079999936 ], [ 115.35369438500004, -2.718844330999957 ], [ 115.353749802000038, -2.718851385999926 ], [ 115.353812829000049, -2.718871810999929 ], [ 115.353881790000059, -2.718903010999952 ], [ 115.353956717000074, -2.718921057999978 ], [ 115.353991205000057, -2.718931873999963 ], [ 115.354029282000056, -2.718927139999948 ], [ 115.354049547000045, -2.718897258999959 ], [ 115.354069859000106, -2.718833878999931 ], [ 115.354075877000014, -2.718782443999942 ], [ 115.354115210000032, -2.718728660999943 ], [ 115.354154524000023, -2.718689234999943 ], [ 115.354190320000043, -2.718612716999928 ], [ 115.354204659000061, -2.718566077999981 ], [ 115.354209474000072, -2.718524211999977 ], [ 115.354235140000014, -2.718459692999943 ], [ 115.354256013000054, -2.71842143899994 ], [ 115.354268545000082, -2.718391545999964 ], [ 115.354263822, -2.718365219999953 ], [ 115.354256708000094, -2.718347264999977 ], [ 115.354259121000041, -2.718322742999931 ], [ 115.35428867600001, -2.718293498999969 ], [ 115.35431363400005, -2.718269714999963 ], [ 115.354340051, -2.718244537999965 ], [ 115.354352635000055, -2.718232545999967 ], [ 115.354369712000107, -2.718221263999965 ], [ 115.354375910000044, -2.718225916999927 ], [ 115.35960108300003, -2.722148730999947 ], [ 115.363832245000026, -2.731294719999937 ], [ 115.367251340000053, -2.735638396999946 ], [ 115.37543916900006, -2.739782124999977 ], [ 115.375798133000103, -2.73996379099998 ], [ 115.376038704000052, -2.740387803999965 ], [ 115.378217640000116, -2.744228230999965 ], [ 115.378247502000022, -2.744280863999961 ], [ 115.378236143000095, -2.74603528199998 ], [ 115.379943911000055, -2.746761088999961 ], [ 115.381616878000045, -2.746618671999954 ], [ 115.384233072000029, -2.747282406999943 ], [ 115.387550845000078, -2.747883784999942 ], [ 115.394051164000075, -2.749348598999973 ], [ 115.399489017000064, -2.751761528999964 ], [ 115.399854976000029, -2.753842042999963 ], [ 115.400619342000027, -2.753906379999933 ], [ 115.401165438000021, -2.755788179999968 ], [ 115.402639722000117, -2.756329514999948 ], [ 115.403439701000025, -2.756623255999955 ], [ 115.404428028000098, -2.756533177999927 ], [ 115.406470910000053, -2.756346986999972 ], [ 115.407152796000105, -2.756664106999949 ], [ 115.407504535000044, -2.75682768799993 ], [ 115.408501790000059, -2.757606777999968 ], [ 115.407913067000095, -2.760716986999967 ], [ 115.407864590000031, -2.763432491999936 ], [ 115.407864473000018, -2.763439045999974 ], [ 115.408544470000038, -2.766080693999925 ], [ 115.409793916000012, -2.766588820999971 ], [ 115.409893563000082, -2.766604614999949 ], [ 115.410418373000084, -2.766687794999939 ], [ 115.411287784000024, -2.766825593999954 ], [ 115.411904891000063, -2.766923402999964 ], [ 115.412562656000091, -2.767027655999925 ], [ 115.413090226, -2.767111273999944 ], [ 115.413520264000113, -2.767179432999967 ], [ 115.413534507, -2.767181689999973 ], [ 115.413799128000051, -2.767133563999948 ], [ 115.414360824000028, -2.767031410999948 ], [ 115.414546574000042, -2.766997628999945 ], [ 115.414674892000107, -2.766974291999929 ], [ 115.415459627000018, -2.766831575999959 ], [ 115.416700014000071, -2.76739394599997 ], [ 115.418773503000011, -2.767266105999965 ], [ 115.418926963000104, -2.767347002999941 ], [ 115.41977850100011, -2.767795891999981 ], [ 115.420377930000086, -2.768212804999962 ], [ 115.421321899000077, -2.768839220999951 ], [ 115.422002967000026, -2.769291175999967 ], [ 115.422519314000056, -2.769808079999962 ], [ 115.423269411000092, -2.770558983999933 ], [ 115.423424682000018, -2.77080308099994 ], [ 115.423675270000103, -2.771197021999967 ], [ 115.42402206700001, -2.771742210999946 ], [ 115.424106925000046, -2.771875612999963 ], [ 115.424127019000025, -2.771907201999966 ], [ 115.424184873000058, -2.77199815299997 ], [ 115.424143779000019, -2.77208722599994 ], [ 115.424126731000115, -2.772124177999956 ], [ 115.424002188000031, -2.772394132999978 ], [ 115.423559415000113, -2.773353865999979 ], [ 115.423476243000096, -2.773528977999945 ], [ 115.422666537000055, -2.775233752999952 ], [ 115.422979583000028, -2.77612045199993 ], [ 115.423780623000084, -2.77631144299994 ], [ 115.426296666000098, -2.776845136999953 ], [ 115.426413373000059, -2.776869891999979 ], [ 115.428114155000117, -2.777230654999926 ], [ 115.429633573000046, -2.777128782999966 ], [ 115.42954669300002, -2.777162429999976 ], [ 115.429458151000063, -2.77719671899996 ], [ 115.428695980000043, -2.777491890999954 ], [ 115.428496553000059, -2.777608205999968 ], [ 115.426135648000013, -2.778186951999942 ], [ 115.424052406000101, -2.778697627999975 ], [ 115.420942715000024, -2.779985200999931 ], [ 115.418719804000034, -2.780905589999975 ], [ 115.414454077000073, -2.782400404999976 ], [ 115.406374766000113, -2.782981637999967 ], [ 115.405642291000049, -2.783034330999953 ], [ 115.402353874000028, -2.783270883999933 ], [ 115.391413570000054, -2.783118416999969 ], [ 115.388179306000097, -2.783073323999929 ], [ 115.386922555000069, -2.783055800999932 ], [ 115.383935559000065, -2.783014143999935 ], [ 115.380150554000011, -2.782961347999958 ], [ 115.378782507000096, -2.782942262999939 ], [ 115.372751343000118, -2.781572058999927 ], [ 115.371565947000022, -2.781302747999973 ], [ 115.369028194000066, -2.781604518999927 ], [ 115.366534028000046, -2.781901098999981 ], [ 115.363555483000027, -2.782255271999929 ], [ 115.362946201000113, -2.782327718999966 ], [ 115.36112128100001, -2.783154780999951 ], [ 115.361029998000049, -2.78319615099997 ], [ 115.359850507000033, -2.783730697999943 ], [ 115.359847473000059, -2.783731079999939 ], [ 115.359844439000085, -2.783731460999945 ], [ 115.358797312000092, -2.783863100999952 ], [ 115.353802550000069, -2.783791110999971 ], [ 115.352944853000054, -2.783525440999938 ], [ 115.35291087600001, -2.783445446999963 ], [ 115.349950938, -2.77647669199996 ], [ 115.348816157000101, -2.773123464999969 ], [ 115.34685959, -2.771692514999927 ], [ 115.344046932000083, -2.77065958399993 ], [ 115.342402711000091, -2.770055749999926 ], [ 115.336353891000044, -2.767834323999978 ] ] ] } },
{ "type": "Feature", "properties": { "district_id": "63.06.04", "district_name": "Angkinang", "village_count": 11, "area_ha_source": 5632.9933816900002, "regency_name": "Hulu Sungai Selatan", "province_name": "Kalimantan Selatan" }, "geometry": { "type": "Polygon", "coordinates": [ [ [ 115.295419442000025, -2.753355830999965 ], [ 115.294168316000082, -2.753598590999957 ], [ 115.293591044000095, -2.753710599999977 ], [ 115.291306915000064, -2.753196738999975 ], [ 115.29091909400006, -2.753171564999946 ], [ 115.289411168000015, -2.753073680999933 ], [ 115.28785515200002, -2.752972672999931 ], [ 115.28729290900003, -2.75293109699993 ], [ 115.287228338000091, -2.752931983999929 ], [ 115.28454638300002, -2.75407606999994 ], [ 115.283459949000076, -2.754539526999963 ], [ 115.283254111000019, -2.754627334999952 ], [ 115.283111606000034, -2.754667830999949 ], [ 115.282138616000111, -2.754944328999954 ], [ 115.281159890000026, -2.755032364999977 ], [ 115.28068238600008, -2.755029987999933 ], [ 115.280552225000065, -2.754969554999946 ], [ 115.280226690000063, -2.754818413999942 ], [ 115.279913374000103, -2.754698387999952 ], [ 115.27989409700001, -2.754691131999948 ], [ 115.279897434000077, -2.754654177999953 ], [ 115.279934203000039, -2.754368376999935 ], [ 115.280108084000062, -2.753016886999944 ], [ 115.279659350000088, -2.752876638999965 ], [ 115.279388967000045, -2.752792133999947 ], [ 115.278646846000015, -2.752813840999977 ], [ 115.276812044000053, -2.752867508999941 ], [ 115.275951525000096, -2.752892677999967 ], [ 115.274853660000076, -2.752829743999939 ], [ 115.273268347000112, -2.752398079999978 ], [ 115.272476531000052, -2.75159954999998 ], [ 115.272121161000086, -2.75068241799994 ], [ 115.271929589000024, -2.750188008999942 ], [ 115.271625927000059, -2.749267516999964 ], [ 115.271566166000071, -2.748408716999961 ], [ 115.271523216000105, -2.748331674999974 ], [ 115.271495264, -2.748281535999979 ], [ 115.27099949, -2.746558016999927 ], [ 115.270736918000011, -2.746429527999965 ], [ 115.27037503300005, -2.746252440999967 ], [ 115.269447569000022, -2.745965465999973 ], [ 115.266891838000106, -2.74550474199998 ], [ 115.265280558000086, -2.746682974999942 ], [ 115.264619110000012, -2.745768009999949 ], [ 115.26354776300002, -2.74644116199994 ], [ 115.26334923200011, -2.746565904999954 ], [ 115.263479886000027, -2.747879968999939 ], [ 115.263473702000056, -2.747880083999974 ], [ 115.262116937000087, -2.747630434999962 ], [ 115.260299175000114, -2.747551607999981 ], [ 115.259125216000029, -2.747492762999968 ], [ 115.258478494000087, -2.746189713999968 ], [ 115.258291626000073, -2.745813201999965 ], [ 115.257134560000054, -2.74452344599996 ], [ 115.255856126000026, -2.742804158999945 ], [ 115.254934087000038, -2.74166629299998 ], [ 115.254689984000038, -2.741365050999946 ], [ 115.25416765600005, -2.740720457999942 ], [ 115.254145662000042, -2.740693315999977 ], [ 115.254048040000043, -2.740615047999938 ], [ 115.253949143000114, -2.740536983999959 ], [ 115.252852817000075, -2.739671612999928 ], [ 115.251513486000022, -2.737890904999972 ], [ 115.249866439000016, -2.736364500999969 ], [ 115.249259667000047, -2.735802173999957 ], [ 115.246894666000117, -2.73437460599996 ], [ 115.242532737000033, -2.731741631999967 ], [ 115.242129437000017, -2.731498188999979 ], [ 115.235911133000059, -2.729070524999941 ], [ 115.234875138, -2.728666062999935 ], [ 115.232223253000029, -2.72771144799998 ], [ 115.230873265000014, -2.725365555999929 ], [ 115.230033004, -2.723905419999937 ], [ 115.229429417, -2.719549721999954 ], [ 115.229324986000051, -2.718967285999952 ], [ 115.22918740800003, -2.718199986999934 ], [ 115.229436172000078, -2.715709320999963 ], [ 115.229678651000086, -2.713281570999925 ], [ 115.229889440000079, -2.711171084999933 ], [ 115.230363424000075, -2.706425331999981 ], [ 115.232430594000107, -2.689898462999963 ], [ 115.232474109, -2.68948454599996 ], [ 115.23253136400001, -2.689416402999939 ], [ 115.232588616000044, -2.689348260999964 ], [ 115.232645871000045, -2.689280118999932 ], [ 115.232703124000068, -2.689211976999957 ], [ 115.232760379000069, -2.689143834999925 ], [ 115.232817631000103, -2.68907569299995 ], [ 115.232874886000104, -2.689007550999975 ], [ 115.232932139000013, -2.688939407999953 ], [ 115.232989393000025, -2.688871265999978 ], [ 115.233007711000027, -2.688849463999929 ], [ 115.233046646000048, -2.688803123999946 ], [ 115.23310390100005, -2.688734981999971 ], [ 115.233161154000072, -2.688666839999939 ], [ 115.233218408000084, -2.688598697999964 ], [ 115.233275661000107, -2.688530555999932 ], [ 115.233332916000109, -2.688462413999957 ], [ 115.233390169000018, -2.688394270999936 ], [ 115.233447424000019, -2.688326128999961 ], [ 115.233504676000052, -2.688257986999929 ], [ 115.233561930000064, -2.688189844999954 ], [ 115.233619183000087, -2.688121702999979 ], [ 115.23367643600011, -2.688053560999947 ], [ 115.233733691000111, -2.687985417999926 ], [ 115.233790943000031, -2.687917275999951 ], [ 115.233848197000043, -2.687849133999975 ], [ 115.233905451000055, -2.687780990999954 ], [ 115.233962704000078, -2.687712848999979 ], [ 115.23401995800009, -2.687644705999958 ], [ 115.234077211000113, -2.687576563999926 ], [ 115.234134465000011, -2.687508421999951 ], [ 115.234191718000034, -2.687440279999976 ], [ 115.234248972000046, -2.687372136999954 ], [ 115.234306225000068, -2.687303994999979 ], [ 115.234363479000081, -2.687235852999947 ], [ 115.234415880000029, -2.687173485999949 ], [ 115.234420733000093, -2.687167710999972 ], [ 115.234477987000105, -2.68709956899994 ], [ 115.234535240000014, -2.687031426999965 ], [ 115.234592494000026, -2.686963284999933 ], [ 115.234649747000049, -2.686895141999969 ], [ 115.234707001000061, -2.686826998999948 ], [ 115.234727743, -2.686739414999977 ], [ 115.234748484000079, -2.68665182999996 ], [ 115.234769226000026, -2.686564244999943 ], [ 115.234789967000097, -2.686476659999926 ], [ 115.234810709000044, -2.686389074999965 ], [ 115.234831451000105, -2.686301489999948 ], [ 115.234852192000062, -2.686213904999931 ], [ 115.234872934, -2.686126319999971 ], [ 115.23489367500008, -2.686038734999954 ], [ 115.234914417000027, -2.685951149999937 ], [ 115.234935159000088, -2.685863564999977 ], [ 115.234955900000045, -2.68577597999996 ], [ 115.234976642000106, -2.685688394999943 ], [ 115.234997382000074, -2.685600809999926 ], [ 115.235018125000011, -2.685513224999966 ], [ 115.235038865000092, -2.685425639999949 ], [ 115.235059608000029, -2.685338054999932 ], [ 115.23508034800011, -2.685250469999971 ], [ 115.235101090000057, -2.685162884999954 ], [ 115.235121831000015, -2.685075299999937 ], [ 115.235142573000076, -2.684987714999977 ], [ 115.235163314000033, -2.68490012999996 ], [ 115.235184056000094, -2.684812544999943 ], [ 115.235204797000051, -2.684724959999926 ], [ 115.235225539000112, -2.684637374999966 ], [ 115.235246280000069, -2.684549789999949 ], [ 115.235267022000016, -2.684462204999932 ], [ 115.235287763000088, -2.684374619999971 ], [ 115.235308505000035, -2.684287034999954 ], [ 115.235329246000106, -2.684199449999937 ], [ 115.235329333000095, -2.684138752999957 ], [ 115.235405301000014, -2.684118552999962 ], [ 115.235490050000067, -2.684084221999967 ], [ 115.235566213000084, -2.684064234999937 ], [ 115.235678531000076, -2.684051 ], [ 115.235907012000098, -2.68399773699997 ], [ 115.236076480000065, -2.68395013099996 ], [ 115.236201677000054, -2.683920632999957 ], [ 115.236394158000053, -2.683875282999963 ], [ 115.23648554500005, -2.683858188999977 ], [ 115.236659748000079, -2.683826859999954 ], [ 115.236849197000083, -2.683782153999971 ], [ 115.237048173000062, -2.683730761999925 ], [ 115.237154396000051, -2.683709391999969 ], [ 115.237271292000059, -2.683733382999947 ], [ 115.239332387000104, -2.684156384999937 ], [ 115.239688291000107, -2.684229427999981 ], [ 115.239836006000019, -2.684571902999949 ], [ 115.240392755000016, -2.685862719999932 ], [ 115.241011415000116, -2.686029282999925 ], [ 115.241951302000075, -2.68632671499995 ], [ 115.2435812330001, -2.68683829899993 ], [ 115.244937526000058, -2.687111936999941 ], [ 115.245187681000061, -2.68715991199997 ], [ 115.24580602900005, -2.687278499999934 ], [ 115.246507970000039, -2.687421266999934 ], [ 115.246924375000049, -2.687397472999976 ], [ 115.247420188000092, -2.687273518999973 ], [ 115.247447857000111, -2.687266601999966 ], [ 115.248304463000068, -2.686992963999955 ], [ 115.248430687000109, -2.686956899999927 ], [ 115.249053993000075, -2.686778812999933 ], [ 115.249434707000091, -2.686671736999926 ], [ 115.249767831000099, -2.686731223999971 ], [ 115.249898372000075, -2.686762805999933 ], [ 115.250505464000071, -2.686909682999953 ], [ 115.252207572000088, -2.687427613999944 ], [ 115.252225815000088, -2.687433164999959 ], [ 115.2532180500001, -2.68774725399993 ], [ 115.253889058000027, -2.688068480999959 ], [ 115.255145413000037, -2.688653827999929 ], [ 115.256192594000026, -2.689326519999952 ], [ 115.256223309, -2.689346250999961 ], [ 115.256288045000019, -2.689373994999926 ], [ 115.256872902000055, -2.689624647999949 ], [ 115.257472526000015, -2.689667478999979 ], [ 115.258243471000014, -2.68967461699998 ], [ 115.258570397000085, -2.689597692999939 ], [ 115.258581719000063, -2.689595028999975 ], [ 115.258728881000025, -2.689560402999973 ], [ 115.259178600000041, -2.689510433999942 ], [ 115.259935268000049, -2.689353389999951 ], [ 115.26139149800008, -2.689017885999931 ], [ 115.263033326000027, -2.688568167999961 ], [ 115.26328417600007, -2.688690376999944 ], [ 115.263311723000015, -2.68870379699996 ], [ 115.263594879000038, -2.688746626999944 ], [ 115.264232575000051, -2.688651448999963 ], [ 115.264717985000061, -2.688584823999975 ], [ 115.265698323000038, -2.688584823999975 ], [ 115.266383704000077, -2.688628340999969 ], [ 115.266400342000111, -2.688629396999943 ], [ 115.266845549000095, -2.688657663999948 ], [ 115.266897571000072, -2.688660966999976 ], [ 115.267639963000079, -2.688917947999926 ], [ 115.268903250000108, -2.689242793999938 ], [ 115.268972461000089, -2.689260590999936 ], [ 115.269048891000011, -2.689247488999968 ], [ 115.269172999000034, -2.689226212999927 ], [ 115.26922391700009, -2.689217483999926 ], [ 115.269305586000087, -2.689203483999961 ], [ 115.270038460000023, -2.689079751999941 ], [ 115.270194238000045, -2.689055258999929 ], [ 115.2710370100001, -2.688922746999935 ], [ 115.271551797000029, -2.688841805999971 ], [ 115.272075278000102, -2.688727590999974 ], [ 115.272313224000072, -2.688727590999974 ], [ 115.27277008100009, -2.688794215999962 ], [ 115.273279288000026, -2.688819258999956 ], [ 115.273294168, -2.688819990999946 ], [ 115.273350669000024, -2.688822769999945 ], [ 115.273588336000103, -2.688838613999962 ], [ 115.273840104000101, -2.688855398999976 ], [ 115.274064508000038, -2.688870358999964 ], [ 115.274892560000012, -2.689013126999953 ], [ 115.276526655000112, -2.689290333999963 ], [ 115.277222744000028, -2.689402099999938 ], [ 115.277793718000112, -2.689493777999928 ], [ 115.278218669000012, -2.689553629999978 ], [ 115.279060781000112, -2.689672236999968 ], [ 115.27934523700003, -2.689734359999932 ], [ 115.279371301000083, -2.689740051999934 ], [ 115.27944927100009, -2.689754068999946 ], [ 115.279640406000112, -2.689788429999965 ], [ 115.279688959000055, -2.689797158999966 ], [ 115.279788896000014, -2.689775743999974 ], [ 115.28022790700004, -2.689590145999944 ], [ 115.280448153000066, -2.689492910999945 ], [ 115.280497025000045, -2.689471333999961 ], [ 115.280513889000076, -2.689463888999967 ], [ 115.280647540000018, -2.689421863999939 ], [ 115.280702609000059, -2.68940454799997 ], [ 115.280802862000087, -2.689385750999975 ], [ 115.280963161000045, -2.689355693999971 ], [ 115.280988144000048, -2.689351009999939 ], [ 115.281238766000115, -2.689310447999958 ], [ 115.281359611000084, -2.689290889999938 ], [ 115.28145595400008, -2.689275296999938 ], [ 115.281561626000098, -2.689258194999979 ], [ 115.281713004000039, -2.689233694999928 ], [ 115.282123147000107, -2.689167315999953 ], [ 115.282361093000077, -2.689129243999957 ], [ 115.282755180000095, -2.689210139999943 ], [ 115.28299284000002, -2.689258924999933 ], [ 115.283400542000095, -2.68938437199995 ], [ 115.28354963400011, -2.689430245999972 ], [ 115.28430731800006, -2.68963635199998 ], [ 115.28492734200006, -2.689805010999976 ], [ 115.285036607000052, -2.689827109999953 ], [ 115.285102686000073, -2.689840473999936 ], [ 115.285856457000023, -2.689992922999977 ], [ 115.285880316000089, -2.689997747999939 ], [ 115.285960358000011, -2.69000895299996 ], [ 115.28664204100005, -2.690104376999955 ], [ 115.287227983000093, -2.690148991999934 ], [ 115.287678809000113, -2.690151728999979 ], [ 115.288260075000039, -2.690244170999961 ], [ 115.288506944, -2.690270939999948 ], [ 115.288682429, -2.690342322999925 ], [ 115.289015553000013, -2.690455347999944 ], [ 115.289271346000078, -2.690505910999946 ], [ 115.289455424000039, -2.690550007999946 ], [ 115.289484902000027, -2.690557069999954 ], [ 115.289743350000094, -2.690582512999924 ], [ 115.289920835000089, -2.690599985999938 ], [ 115.28994413800001, -2.69060227999995 ], [ 115.290262986000016, -2.69060227999995 ], [ 115.29043668700001, -2.690578484999946 ], [ 115.290812518000052, -2.690499820999946 ], [ 115.290862532, -2.690490061999981 ], [ 115.290885995000053, -2.690485483999964 ], [ 115.29094383000006, -2.690474198999937 ], [ 115.290959472000054, -2.690471146999926 ], [ 115.291025128000115, -2.69045833499996 ], [ 115.291032949000055, -2.690456808999954 ], [ 115.29121715000008, -2.69047854799993 ], [ 115.291261808000058, -2.690487723999979 ], [ 115.291390850000084, -2.690514238999981 ], [ 115.291574069000035, -2.690585622999947 ], [ 115.291773944000056, -2.690659386999926 ], [ 115.29177612, -2.690673170999958 ], [ 115.291781082000057, -2.690704595999932 ], [ 115.291771564000101, -2.690761702999964 ], [ 115.291792979000093, -2.690828327999952 ], [ 115.291807256000084, -2.690892573999975 ], [ 115.291819291000024, -2.690932287999942 ], [ 115.291831051000031, -2.690971095999942 ], [ 115.291831817000116, -2.690976582999951 ], [ 115.291845327000033, -2.69107341299997 ], [ 115.291859604000024, -2.691166211999928 ], [ 115.291895296, -2.691239974999974 ], [ 115.291932355000085, -2.691284444999951 ], [ 115.291942885000026, -2.691297081999949 ], [ 115.291944609000097, -2.691302252999947 ], [ 115.291957162000017, -2.691339911999933 ], [ 115.291972834000035, -2.691378219999933 ], [ 115.291992699000048, -2.691426779999972 ], [ 115.291999992000115, -2.691444608999973 ], [ 115.292026167000017, -2.69149695699997 ], [ 115.292073756000036, -2.691556442999968 ], [ 115.292104689000098, -2.691606411999942 ], [ 115.29211658600002, -2.691677795999965 ], [ 115.292114207000054, -2.691706348999958 ], [ 115.292130863000011, -2.691749179999931 ], [ 115.292157037000038, -2.691792009999972 ], [ 115.292190349000066, -2.691839598999934 ], [ 115.292195108000101, -2.691889567999965 ], [ 115.292166555000108, -2.691925259999948 ], [ 115.292097550000108, -2.691949053999963 ], [ 115.292054274000066, -2.691972856999939 ], [ 115.292049961000089, -2.691975228999979 ], [ 115.292038064000053, -2.692013299999928 ], [ 115.292052341000044, -2.692053750999946 ], [ 115.292070751000097, -2.69207584399993 ], [ 115.292076135000116, -2.692082303999939 ], [ 115.292084973000101, -2.692092500999934 ], [ 115.292107068000064, -2.692117995999979 ], [ 115.292102309000029, -2.692151308999939 ], [ 115.29206423800008, -2.692184620999967 ], [ 115.292023787000062, -2.692217933999927 ], [ 115.291995234000069, -2.692251245999955 ], [ 115.291995234000069, -2.692284557999926 ], [ 115.292027125000118, -2.692316449999964 ], [ 115.292030925000063, -2.692320249999966 ], [ 115.292033305000018, -2.692360700999927 ], [ 115.292014269000106, -2.692391633999932 ], [ 115.292011764000108, -2.692397477999975 ], [ 115.291999992000115, -2.692424946999949 ], [ 115.29200452200007, -2.69244759299994 ], [ 115.292007131000105, -2.692460638999933 ], [ 115.292007131000105, -2.692467747999956 ], [ 115.292007131000105, -2.692505847999939 ], [ 115.291988095000079, -2.692539160999956 ], [ 115.291973818000088, -2.692584370999953 ], [ 115.291973818000088, -2.692612923999945 ], [ 115.291997613000035, -2.692646236999963 ], [ 115.291999992000115, -2.692689066999947 ], [ 115.291980957000078, -2.692739035999978 ], [ 115.291966680000087, -2.692784244999928 ], [ 115.291970329000037, -2.692799753999964 ], [ 115.291973241000051, -2.692812129999936 ], [ 115.291976198000043, -2.692824695999946 ], [ 115.291992854000114, -2.692860387999929 ], [ 115.292011890000026, -2.692891320999934 ], [ 115.29206423800008, -2.692938909999953 ], [ 115.292090412000107, -2.692993637999962 ], [ 115.292107068000064, -2.693074539999941 ], [ 115.292107068000064, -2.693134025999939 ], [ 115.292114207000054, -2.693224445999931 ], [ 115.29211658600002, -2.693295828999965 ], [ 115.292123724000021, -2.693386248999957 ], [ 115.292133242000091, -2.69347666799996 ], [ 115.292130863000011, -2.693548051999926 ], [ 115.292136225000036, -2.693671379999955 ], [ 115.292138001000012, -2.693712234999964 ], [ 115.292142760000047, -2.693755064999948 ], [ 115.292127100000016, -2.693780689999926 ], [ 115.29211658600002, -2.693797895999978 ], [ 115.292083274000106, -2.693826448999971 ], [ 115.292078515000071, -2.693869279999944 ], [ 115.292082016000109, -2.693881184999952 ], [ 115.292090412000107, -2.693909729999973 ], [ 115.292091673000073, -2.693922320999945 ], [ 115.292094444000099, -2.69395 ], [ 115.292103268, -2.693978403999949 ], [ 115.292103282000085, -2.693978447999939 ], [ 115.292107068000064, -2.693990631999952 ], [ 115.292104008000024, -2.693996751999975 ], [ 115.292088033000027, -2.694028702999958 ], [ 115.292057100000079, -2.694059635999963 ], [ 115.292054302000111, -2.694071526999949 ], [ 115.292047582, -2.694100086999924 ], [ 115.292049961000089, -2.694147675999943 ], [ 115.29205472000001, -2.694190506999973 ], [ 115.292031901000087, -2.694221623999965 ], [ 115.292028546000097, -2.694226198999957 ], [ 115.292007131000105, -2.694264269999962 ], [ 115.292007131000105, -2.694278212999961 ], [ 115.292007131000105, -2.694307099999946 ], [ 115.292023787000062, -2.694378483999969 ], [ 115.292026167000017, -2.694418934999931 ], [ 115.292018789000053, -2.69443664299996 ], [ 115.29200237200007, -2.694476041999962 ], [ 115.291973818000088, -2.694521251999959 ], [ 115.291978577, -2.694566461999955 ], [ 115.291978577, -2.69461642999994 ], [ 115.291961921000052, -2.694656880999958 ], [ 115.291950024000016, -2.694716367999945 ], [ 115.291961921000052, -2.694780612999978 ], [ 115.291952403000096, -2.694849616999932 ], [ 115.291949543000101, -2.694864236999933 ], [ 115.291931154000054, -2.694958225999926 ], [ 115.291930988000104, -2.69495907299995 ], [ 115.291931271000067, -2.694961408999973 ], [ 115.29193548, -2.694996132999961 ], [ 115.29194050600006, -2.695037594999974 ], [ 115.291971439, -2.69510897899994 ], [ 115.291997613000035, -2.695194638999965 ], [ 115.292016649000061, -2.695270781999966 ], [ 115.292016649000061, -2.695351683999945 ], [ 115.291997613000035, -2.695430205999969 ], [ 115.291959542000086, -2.695515866999926 ], [ 115.291928609000024, -2.695599147999928 ], [ 115.291913098, -2.695643093999934 ], [ 115.291905431000032, -2.695664817999955 ], [ 115.291900055000042, -2.695680048999975 ], [ 115.291886111000053, -2.695744443999956 ], [ 115.291842948000067, -2.695818057999929 ], [ 115.291842897000038, -2.69581907099996 ], [ 115.291840569000101, -2.695865646999948 ], [ 115.291829601000018, -2.695916828999941 ], [ 115.29182629200011, -2.695932271999936 ], [ 115.291802497000049, -2.695963204999941 ], [ 115.291795795000098, -2.695978843999967 ], [ 115.291788220000058, -2.695996517999959 ], [ 115.291785841000092, -2.696070280999947 ], [ 115.291767239000023, -2.696095858999968 ], [ 115.291747770000029, -2.696122628999944 ], [ 115.291745775000095, -2.69613725499994 ], [ 115.291740631000039, -2.696174976999941 ], [ 115.291752529000064, -2.696236842999951 ], [ 115.291752529000064, -2.696308226999975 ], [ 115.291728734000117, -2.696353436999971 ], [ 115.291714457000012, -2.696398646999967 ], [ 115.291706766000061, -2.696419315999947 ], [ 115.291676386000063, -2.696500962999949 ], [ 115.291657350000037, -2.696567587999937 ], [ 115.29163117600001, -2.696624694999969 ], [ 115.291612140000097, -2.696722252999962 ], [ 115.291597222000064, -2.696775 ], [ 115.291593105000061, -2.696800774999929 ], [ 115.291676386000063, -2.696803154999941 ], [ 115.291783461000023, -2.696798395999963 ], [ 115.291788627000074, -2.696797990999926 ], [ 115.291904814000077, -2.69678887799995 ], [ 115.291966680000087, -2.696782929999927 ], [ 115.29206483300004, -2.696765083999935 ], [ 115.292192729000021, -2.696714519999944 ], [ 115.292350368000029, -2.696690724999939 ], [ 115.292496110000116, -2.696687750999956 ], [ 115.29254667400005, -2.696729391999952 ], [ 115.292580348000115, -2.696784111999932 ], [ 115.292594263000069, -2.696806723999941 ], [ 115.292610780000018, -2.696821739999962 ], [ 115.29265969800008, -2.696866210999929 ], [ 115.292740005000041, -2.696869184999969 ], [ 115.292796517000056, -2.696851338999977 ], [ 115.29280952900001, -2.696851338999977 ], [ 115.292873850000092, -2.696851338999977 ], [ 115.292932489, -2.696886522999932 ], [ 115.292933336000033, -2.69688703099996 ], [ 115.29293361100008, -2.696887602999936 ], [ 115.292972002000056, -2.696967337999979 ], [ 115.292983900000081, -2.697080361999951 ], [ 115.293016617000035, -2.69716066899997 ], [ 115.293077611000058, -2.697198678999939 ], [ 115.29313744600006, -2.697235967999973 ], [ 115.293221846000051, -2.697288564999951 ], [ 115.293388889000084, -2.697383332999948 ], [ 115.293465711000067, -2.697419732999947 ], [ 115.293477638000013, -2.697425383999928 ], [ 115.293677571000103, -2.697560473999943 ], [ 115.293697738000105, -2.69757409999994 ], [ 115.293778045000067, -2.697648457999946 ], [ 115.293879172000061, -2.697779328999957 ], [ 115.293885203000059, -2.697789071999978 ], [ 115.293900805000021, -2.697814274999928 ], [ 115.293917838000084, -2.697841789999927 ], [ 115.294002430000091, -2.697948535999956 ], [ 115.294042760000025, -2.697999428999935 ], [ 115.294043594000073, -2.698000976999936 ], [ 115.294084400000088, -2.698076760999925 ], [ 115.294051683000021, -2.698163016999956 ], [ 115.293977325000014, -2.698228451999967 ], [ 115.293905941000048, -2.698276040999929 ], [ 115.293911889000015, -2.698344450999969 ], [ 115.29392081200001, -2.698436654999966 ], [ 115.293923582000048, -2.698503122999966 ], [ 115.29392676100008, -2.698579422999956 ], [ 115.29392924900003, -2.698696367999958 ], [ 115.293929735, -2.698719215999972 ], [ 115.293947581000111, -2.698900649999928 ], [ 115.293983440000034, -2.698923061999949 ], [ 115.294018965000078, -2.698945264999963 ], [ 115.294060861000048, -2.698968117999925 ], [ 115.294117118000031, -2.698998802999938 ], [ 115.294185527000081, -2.699031519999949 ], [ 115.294203373000073, -2.699120749999963 ], [ 115.29423014200006, -2.699218902999974 ], [ 115.294274757000039, -2.699278388999971 ], [ 115.294325321000088, -2.699352746999978 ], [ 115.294355064000115, -2.699421156999961 ], [ 115.294356391000065, -2.699454291999928 ], [ 115.294356774000107, -2.69946385399993 ], [ 115.294358333000105, -2.699502777999953 ], [ 115.294364148000113, -2.699516264999943 ], [ 115.294385262000105, -2.699565231999941 ], [ 115.29440265300002, -2.699605564999956 ], [ 115.294444294000073, -2.699715614999946 ], [ 115.294503780000014, -2.699831613999947 ], [ 115.294572190000054, -2.699989252999956 ], [ 115.294631676000108, -2.700069559999974 ], [ 115.294786341000076, -2.700132020999945 ], [ 115.294881520000104, -2.700221250999959 ], [ 115.29495290400007, -2.70028371199993 ], [ 115.295009416000084, -2.700304531999961 ], [ 115.2950549520001, -2.700289353999949 ], [ 115.295098646000042, -2.700274788999934 ], [ 115.295194691, -2.700250776999951 ], [ 115.295217619000027, -2.700245044999974 ], [ 115.295313651000015, -2.700216234999971 ], [ 115.29536633500004, -2.700200429999938 ], [ 115.295464488000107, -2.700221250999959 ], [ 115.295553717000075, -2.700227198999926 ], [ 115.295671525000103, -2.700221963999979 ], [ 115.295687562000012, -2.700221250999959 ], [ 115.295755972000052, -2.700185558999976 ], [ 115.29585115000009, -2.700167712999928 ], [ 115.295928483000012, -2.700170686999968 ], [ 115.29594523600008, -2.700172044999931 ], [ 115.296038533000115, -2.700179609999964 ], [ 115.296106942000051, -2.700212327999964 ], [ 115.296133333000057, -2.70025 ], [ 115.296143670000106, -2.700257630999943 ], [ 115.296199146000049, -2.700298582999949 ], [ 115.296341914000095, -2.700322377999953 ], [ 115.296577393, -2.700340038999968 ], [ 115.296579860000065, -2.700340223999945 ], [ 115.2966963450001, -2.70034299699995 ], [ 115.296704782, -2.700343197999928 ], [ 115.296831772000019, -2.700257617999966 ], [ 115.296841601000096, -2.70025099399993 ], [ 115.297058727000035, -2.700117148999936 ], [ 115.297073768000018, -2.700109787999963 ], [ 115.297198520000052, -2.700048739999943 ], [ 115.297199401000057, -2.700048479999964 ], [ 115.297329390000073, -2.70001007299993 ], [ 115.29742507200001, -2.699977267999941 ], [ 115.297510675000012, -2.699947918999953 ], [ 115.297537593000015, -2.699938689999954 ], [ 115.297549473000117, -2.699939349999966 ], [ 115.297751745000028, -2.699950586999933 ], [ 115.297882471000094, -2.699983117999977 ], [ 115.297883333000073, -2.699983332999977 ], [ 115.297981899000092, -2.699967174999927 ], [ 115.29801051100003, -2.699962483999968 ], [ 115.298084869000036, -2.699914894999949 ], [ 115.298236560000078, -2.699870279999971 ], [ 115.298238862000062, -2.699869557999932 ], [ 115.298388250000016, -2.699822690999952 ], [ 115.298485170000049, -2.699752692999937 ], [ 115.298495326000079, -2.699745357999973 ], [ 115.298614299000064, -2.699641256999939 ], [ 115.298807630000056, -2.699504437999963 ], [ 115.299006910000116, -2.699424130999944 ], [ 115.299185370000032, -2.699409259999925 ], [ 115.299334086000044, -2.699364644999946 ], [ 115.299408444000051, -2.699275414999931 ], [ 115.299494700000082, -2.699183210999934 ], [ 115.299622596000063, -2.699156441999946 ], [ 115.29967349900005, -2.699136946999943 ], [ 115.299742459000072, -2.699110536999967 ], [ 115.29976238900008, -2.699102903999972 ], [ 115.299875414000098, -2.69901664899993 ], [ 115.300018181000041, -2.698957161999942 ], [ 115.300112468000066, -2.698929429999964 ], [ 115.300147401000117, -2.698919155999931 ], [ 115.300220435000028, -2.698897674999955 ], [ 115.30030371600003, -2.698850085999936 ], [ 115.30043888900002, -2.698772221999945 ], [ 115.300454239000032, -2.698767757999974 ], [ 115.300743917000091, -2.698683523999932 ], [ 115.300949081000113, -2.69860766499994 ], [ 115.301097862, -2.698552653999968 ], [ 115.301258475000054, -2.698478294999973 ], [ 115.301546998000049, -2.698397284999942 ], [ 115.301547222000067, -2.698397221999926 ], [ 115.301547406000054, -2.698397205999925 ], [ 115.30164216300011, -2.698389065999947 ], [ 115.301712823000116, -2.698371830999974 ], [ 115.301736575000064, -2.698366037999961 ], [ 115.301764111000011, -2.698359321999931 ], [ 115.301768932000073, -2.698357656999974 ], [ 115.301927699000089, -2.698302809999973 ], [ 115.30199161400003, -2.698263836999956 ], [ 115.302032939000014, -2.698238638999953 ], [ 115.302049646000114, -2.698228451999967 ], [ 115.302165645000059, -2.698192759999927 ], [ 115.302281643000015, -2.698180862999948 ], [ 115.302439283000012, -2.698145170999965 ], [ 115.30253743600008, -2.698067837999929 ], [ 115.302635588000044, -2.697978608999961 ], [ 115.302703998000084, -2.697945890999961 ], [ 115.30277538200005, -2.697898301999942 ], [ 115.30277538200005, -2.697838814999955 ], [ 115.302781330000016, -2.697779328999957 ], [ 115.302787279000086, -2.69771984199997 ], [ 115.302819997000029, -2.697678201999963 ], [ 115.302900303000115, -2.697645483999963 ], [ 115.302912201000026, -2.697612766999953 ], [ 115.302944444000104, -2.697555555999941 ], [ 115.303046045000087, -2.697535433999974 ], [ 115.303099583000062, -2.697571125999957 ], [ 115.303159070000106, -2.69757707499997 ], [ 115.303221531000077, -2.69757707499997 ], [ 115.303269120000095, -2.697603843999957 ], [ 115.303328606000036, -2.697660355999972 ], [ 115.303408913000112, -2.697734713999978 ], [ 115.303525172000036, -2.697769735999941 ], [ 115.303691474000061, -2.697797174999948 ], [ 115.303747986000076, -2.69781502099994 ], [ 115.303884805000052, -2.697844763999967 ], [ 115.304081111000073, -2.697862609999959 ], [ 115.30421793000005, -2.697841789999927 ], [ 115.304309087000092, -2.697829358999968 ], [ 115.304348800000071, -2.697823943999936 ], [ 115.30445885000006, -2.69784773799995 ], [ 115.304485619000047, -2.697895327999959 ], [ 115.304476696000052, -2.697954813999957 ], [ 115.304461825000089, -2.698014300999944 ], [ 115.304467773000056, -2.698085683999977 ], [ 115.304518337000104, -2.698133273999929 ], [ 115.304571875000079, -2.698133273999929 ], [ 115.304675976000112, -2.698136247999969 ], [ 115.304744386000039, -2.698171939999952 ], [ 115.304789, -2.698234400999979 ], [ 115.304866333000064, -2.698258194999937 ], [ 115.304916897000112, -2.698252246999971 ], [ 115.304964486000017, -2.698216554999931 ], [ 115.305029921000028, -2.698186810999971 ], [ 115.305118346000086, -2.698143064999954 ], [ 115.305226226000059, -2.698183836999931 ], [ 115.305288687000029, -2.698258194999937 ], [ 115.305368994000105, -2.698395013999971 ], [ 115.305446327000027, -2.698478294999973 ], [ 115.305568274000052, -2.69850506399996 ], [ 115.305654529000094, -2.698564550999947 ], [ 115.305711042000098, -2.698656754999945 ], [ 115.305803246000096, -2.698731112999951 ], [ 115.305943039000113, -2.698763830999951 ], [ 115.306076884000049, -2.698769778999974 ], [ 115.30613934500002, -2.698793573999978 ], [ 115.306201805000114, -2.698861983999961 ], [ 115.306240472000013, -2.69905233999998 ], [ 115.306246420000093, -2.699215927999944 ], [ 115.306338624000091, -2.69935572199995 ], [ 115.30651411000008, -2.69949848899995 ], [ 115.306647954000027, -2.699516334999942 ], [ 115.306723020000049, -2.69949404099998 ], [ 115.306817281, -2.699466045999941 ], [ 115.306859506000023, -2.69944566099997 ], [ 115.306886285000019, -2.699432732999981 ], [ 115.306955290000019, -2.699399420999953 ], [ 115.30702429400003, -2.699366107999936 ], [ 115.307093298000041, -2.699332795999965 ], [ 115.307176579000043, -2.699338744999977 ], [ 115.307224974000064, -2.699459822999927 ], [ 115.30728446, -2.699602590999973 ], [ 115.307373690000077, -2.699769152999977 ], [ 115.307433177, -2.699947612999949 ], [ 115.307489689000022, -2.700057662999939 ], [ 115.30758189300002, -2.700137969999957 ], [ 115.307736558000101, -2.700167712999928 ], [ 115.307906094000032, -2.700143917999981 ], [ 115.308007302000078, -2.700098027999957 ], [ 115.308046405000027, -2.700092906999942 ], [ 115.30804854400003, -2.700092626999947 ], [ 115.308123078000108, -2.700082865999946 ], [ 115.308170186000098, -2.70007669599994 ], [ 115.308199749000096, -2.70007282399996 ], [ 115.308276420000084, -2.700062782999964 ], [ 115.30842791200007, -2.700039773999947 ], [ 115.308444447000056, -2.700081456999953 ], [ 115.308536652000043, -2.700191506999943 ], [ 115.308694291000052, -2.700274788999934 ], [ 115.308771623000098, -2.700267649999944 ], [ 115.308832538000047, -2.700210542999969 ], [ 115.30885640200006, -2.70013497399998 ], [ 115.308866802000011, -2.700102039999933 ], [ 115.308868705, -2.70003922199993 ], [ 115.308876320000081, -2.699980210999968 ], [ 115.308929620000072, -2.699911682999925 ], [ 115.309060192000061, -2.699836377999929 ], [ 115.309240302000035, -2.699711807999961 ], [ 115.30938465700001, -2.69966874399995 ], [ 115.309494742000084, -2.699635902999944 ], [ 115.30967320100001, -2.699639471999944 ], [ 115.309826676000057, -2.699682302999975 ], [ 115.309916132000012, -2.699741269999947 ], [ 115.310030120000079, -2.699846485999956 ], [ 115.310122919000037, -2.699839346999966 ], [ 115.310292990000107, -2.699786284999959 ], [ 115.310436861000085, -2.699766563999958 ], [ 115.310437593000074, -2.699766463999936 ], [ 115.310492459000102, -2.699709130999963 ], [ 115.310543672000108, -2.699655613999937 ], [ 115.310610297000039, -2.699546158999965 ], [ 115.310581743000057, -2.699412908999932 ], [ 115.310576984000022, -2.699293935999947 ], [ 115.310615056000074, -2.699217792999946 ], [ 115.310695957, -2.699165444999949 ], [ 115.310872037000081, -2.699141649999945 ], [ 115.311114743000076, -2.699094060999926 ], [ 115.311267028000088, -2.699079783999935 ], [ 115.311390760000108, -2.699041712999929 ], [ 115.311462144000075, -2.698965569999928 ], [ 115.311657260000061, -2.698913221999931 ], [ 115.311871411000084, -2.698884667999948 ], [ 115.312076045000026, -2.698865632999969 ], [ 115.312261643000056, -2.69881804299996 ], [ 115.312409169000034, -2.698770453999941 ], [ 115.312556696000115, -2.698703828999953 ], [ 115.312742294000032, -2.698632445999976 ], [ 115.312885062000078, -2.698665757999947 ], [ 115.313046865000047, -2.698594373999924 ], [ 115.313132525000015, -2.69851823099998 ], [ 115.313146802, -2.698461123999948 ], [ 115.31316107900011, -2.69833263299995 ], [ 115.31331336400001, -2.698170829999981 ], [ 115.313570346, -2.698004267999977 ], [ 115.313770221000027, -2.697842463999962 ], [ 115.313893953000047, -2.697752044999959 ], [ 115.314036721000093, -2.697571205999964 ], [ 115.314117622000026, -2.697476026999936 ], [ 115.314274667000063, -2.697385607999934 ], [ 115.314536407000105, -2.697276152999962 ], [ 115.314702970000099, -2.697204768999939 ], [ 115.314864773000068, -2.697185732999969 ], [ 115.315007541000114, -2.69720000999996 ], [ 115.315169344000083, -2.697228563999943 ], [ 115.315283558000033, -2.697238080999966 ], [ 115.315407290000053, -2.697166697999933 ], [ 115.315511986000047, -2.697090554999932 ], [ 115.31561668300003, -2.697071518999962 ], [ 115.315835593000088, -2.69707627799994 ], [ 115.316059262000067, -2.697004893999974 ], [ 115.316168718000085, -2.696885920999932 ], [ 115.316249619000018, -2.696785983999973 ], [ 115.316439976000083, -2.696690804999946 ], [ 115.316706476000036, -2.696567072999926 ], [ 115.31699677000006, -2.696448099999941 ], [ 115.317210922000072, -2.696338644999969 ], [ 115.317410796000104, -2.696200635999958 ], [ 115.317653501000109, -2.69605310999998 ], [ 115.317767715000059, -2.69599124399997 ], [ 115.31798531700008, -2.695880955999939 ], [ 115.318135223000013, -2.695823848999964 ], [ 115.318338667000035, -2.695766741999932 ], [ 115.31858494100004, -2.695770310999933 ], [ 115.31888475300002, -2.695763171999943 ], [ 115.319291641000063, -2.695741756999951 ], [ 115.319612869000025, -2.695559728999967 ], [ 115.31973779000009, -2.695384837999939 ], [ 115.319937665000111, -2.69525277799994 ], [ 115.320107725000071, -2.695178838999936 ], [ 115.320183939000117, -2.695145701999934 ], [ 115.317094284000063, -2.700541559999976 ], [ 115.316802307000103, -2.701027241999952 ], [ 115.315479814000014, -2.703227105999929 ], [ 115.314300149000019, -2.705189374999975 ], [ 115.313922172000048, -2.705818100999977 ], [ 115.31332321900004, -2.706814398999938 ], [ 115.313190525000095, -2.707035121999979 ], [ 115.313147782000101, -2.70717985999994 ], [ 115.312631504000024, -2.708928087999936 ], [ 115.312506560000088, -2.709622537999962 ], [ 115.312459980000085, -2.709881432999964 ], [ 115.312449735000087, -2.709938373999933 ], [ 115.312416805000112, -2.710121394999931 ], [ 115.312329578000117, -2.710606214999927 ], [ 115.312209117000066, -2.713267655999971 ], [ 115.312199047000036, -2.713490129999968 ], [ 115.312190971000064, -2.713556779999976 ], [ 115.311494038000092, -2.719308546999969 ], [ 115.310867608000081, -2.720403578999935 ], [ 115.310144883000021, -2.720957512999973 ], [ 115.309696711000015, -2.721178320999968 ], [ 115.308899290000113, -2.722244374999946 ], [ 115.308262893, -2.722902475999945 ], [ 115.307745425, -2.723720500999946 ], [ 115.306929462000085, -2.724977435999961 ], [ 115.306449816000054, -2.726164258999972 ], [ 115.306251920000022, -2.726653926999973 ], [ 115.305685714000106, -2.728224959999977 ], [ 115.305205270000101, -2.72955802499996 ], [ 115.305264149000095, -2.73074530599996 ], [ 115.305359771000099, -2.73267350499998 ], [ 115.30597448900005, -2.733527641999956 ], [ 115.30679856900008, -2.734672684999964 ], [ 115.307176780000077, -2.735303044999966 ], [ 115.312474180000095, -2.739313847999938 ], [ 115.314863203000073, -2.741221204999931 ], [ 115.314908646000049, -2.741257485999938 ], [ 115.314911075000055, -2.74152864499996 ], [ 115.314952555000104, -2.746159088999946 ], [ 115.316615060000117, -2.74947022799995 ], [ 115.317189810000059, -2.750614926999958 ], [ 115.317664790000094, -2.751560924999978 ], [ 115.318729401000041, -2.755458407999924 ], [ 115.319203457000071, -2.757326736999971 ], [ 115.319393814000023, -2.758088164999947 ], [ 115.319412982000017, -2.75875145699996 ], [ 115.317916886000035, -2.759010179999962 ], [ 115.317876559000069, -2.758998685999927 ], [ 115.31775631000005, -2.758964409999976 ], [ 115.315329134000081, -2.759386647999975 ], [ 115.313040697000019, -2.759865742999978 ], [ 115.311832001000084, -2.76015057799998 ], [ 115.309128061000024, -2.760787764999975 ], [ 115.308611681000116, -2.760895674999972 ], [ 115.304244527000037, -2.761793712999975 ], [ 115.30356207300008, -2.760045325999954 ], [ 115.303368528000078, -2.759627370999965 ], [ 115.301863571000013, -2.756377462999978 ], [ 115.300292662000061, -2.754179743999941 ], [ 115.298617960000115, -2.753564652999955 ], [ 115.297146072000032, -2.75315408299997 ], [ 115.295419442000025, -2.753355830999965 ] ] ] } },
{ "type": "Feature", "properties": { "district_id": "63.06.05", "district_name": "Kandangan", "village_count": 18, "area_ha_source": 9606.0720191300006, "regency_name": "Hulu Sungai Selatan", "province_name": "Kalimantan Selatan" }, "geometry": { "type": "Polygon", "coordinates": [ [ [ 115.251204949000112, -2.799645769999927 ], [ 115.251177885000061, -2.799677737999957 ], [ 115.249932763000061, -2.801148502999979 ], [ 115.247197311000036, -2.797694157999956 ], [ 115.245412849000104, -2.795759475999944 ], [ 115.244888266000089, -2.795244714999967 ], [ 115.244217450000065, -2.79458645699998 ], [ 115.243761974000108, -2.794139507999944 ], [ 115.242243952000081, -2.793328482999925 ], [ 115.241310738000038, -2.792180626999937 ], [ 115.240711687000044, -2.791443792999928 ], [ 115.240593696000019, -2.791298663999953 ], [ 115.239003210000078, -2.789655464999953 ], [ 115.237669958000083, -2.788278021999929 ], [ 115.237377809, -2.787976188999949 ], [ 115.237277335000044, -2.787872384999957 ], [ 115.23722835600006, -2.787684088999924 ], [ 115.236926537000045, -2.786523777999946 ], [ 115.236853606000068, -2.786243399999933 ], [ 115.236847885000088, -2.78622140899995 ], [ 115.236608101000115, -2.786003691999952 ], [ 115.231107665000081, -2.781009431999962 ], [ 115.229236323, -2.779310290999945 ], [ 115.225098139000011, -2.775552884999968 ], [ 115.225127031000056, -2.775531398999931 ], [ 115.227488771000026, -2.773775106999949 ], [ 115.227335798000013, -2.773668556999951 ], [ 115.226052167000034, -2.772774466999977 ], [ 115.221636519000072, -2.771872621999933 ], [ 115.220987035, -2.771148608999965 ], [ 115.220749360000013, -2.769805476999977 ], [ 115.22092220400009, -2.768703974999937 ], [ 115.221197357000051, -2.76787806699997 ], [ 115.221459299000117, -2.767152074999956 ], [ 115.221462535000114, -2.765839275999951 ], [ 115.221463405, -2.76548558199994 ], [ 115.220888579000075, -2.762938536999968 ], [ 115.220268445000102, -2.757800811999971 ], [ 115.219285258000014, -2.757934121999938 ], [ 115.219330811000077, -2.757241501999943 ], [ 115.219819856000072, -2.749805434999928 ], [ 115.219803590000083, -2.74960552899995 ], [ 115.218259290000105, -2.747973822999938 ], [ 115.215610534, -2.746118271999933 ], [ 115.210057324000104, -2.742934417999948 ], [ 115.209134616000028, -2.742405393999945 ], [ 115.203942516000097, -2.739783759999966 ], [ 115.199363128000073, -2.737663362999967 ], [ 115.199257366000097, -2.737614391999955 ], [ 115.191414031000022, -2.733982642999933 ], [ 115.191248267000105, -2.733905887999924 ], [ 115.189872791000084, -2.73211514999997 ], [ 115.185040163000053, -2.725823498999944 ], [ 115.184361078000052, -2.724939390999964 ], [ 115.17285908100007, -2.708299501999932 ], [ 115.165038686000116, -2.696985631999951 ], [ 115.172953900000039, -2.691452504999972 ], [ 115.175765055000056, -2.689487333999978 ], [ 115.17610253600003, -2.686163478999958 ], [ 115.177985527000033, -2.667615184999931 ], [ 115.177985563000107, -2.667614829999934 ], [ 115.179847012000096, -2.649278745999936 ], [ 115.180440186000055, -2.644646024999929 ], [ 115.180710699000088, -2.64253330899993 ], [ 115.180897682000023, -2.639773564999928 ], [ 115.180045895000035, -2.638361635999956 ], [ 115.179204215000027, -2.637561737999931 ], [ 115.17910907800001, -2.637471323999932 ], [ 115.179109162000032, -2.637413481999943 ], [ 115.178746111, -2.636847221999972 ], [ 115.178717548, -2.636674891999974 ], [ 115.17852812700005, -2.635532028999933 ], [ 115.178870055000061, -2.635240782999972 ], [ 115.178937081000072, -2.635245244999965 ], [ 115.179384732000017, -2.635275046999936 ], [ 115.179753227000106, -2.635297046999938 ], [ 115.180187205000038, -2.635322955999925 ], [ 115.180341275000046, -2.635332153999968 ], [ 115.18124071200009, -2.635260770999935 ], [ 115.181345905000057, -2.635097694999956 ], [ 115.181596600000034, -2.634709052999938 ], [ 115.182072491000099, -2.634128464999947 ], [ 115.182472241000028, -2.633785820999947 ], [ 115.182636432000095, -2.633710762999954 ], [ 115.183138490000033, -2.633481250999978 ], [ 115.184014132000016, -2.63316716199995 ], [ 115.185232416000076, -2.632807862999925 ], [ 115.186138991, -2.632700787999966 ], [ 115.186674370000105, -2.63260084999996 ], [ 115.187074120000034, -2.632465220999961 ], [ 115.187659467000117, -2.632258207999939 ], [ 115.188109184000041, -2.632179684999926 ], [ 115.188508934000083, -2.63212257899994 ], [ 115.188608730000055, -2.632256880999932 ], [ 115.18885750000004, -2.632591666999929 ], [ 115.193401943000026, -2.639572734999945 ], [ 115.201986259000023, -2.65275976199996 ], [ 115.206168333000051, -2.659184166999978 ], [ 115.210290476000068, -2.663010321999934 ], [ 115.210480318, -2.66318653299993 ], [ 115.210617143000036, -2.66331353299995 ], [ 115.210918548000109, -2.663593294999941 ], [ 115.210918889000027, -2.663593610999953 ], [ 115.213523002000102, -2.666010226999958 ], [ 115.214641800000095, -2.667048471999976 ], [ 115.223421221000081, -2.675195775999953 ], [ 115.231300833000091, -2.682508055999961 ], [ 115.237154396000051, -2.683709391999969 ], [ 115.237048173000062, -2.683730761999925 ], [ 115.236849197000083, -2.683782153999971 ], [ 115.236659748000079, -2.683826859999954 ], [ 115.23648554500005, -2.683858188999977 ], [ 115.236394158000053, -2.683875282999963 ], [ 115.236201677000054, -2.683920632999957 ], [ 115.236076480000065, -2.68395013099996 ], [ 115.235907012000098, -2.68399773699997 ], [ 115.235678531000076, -2.684051 ], [ 115.235566213000084, -2.684064234999937 ], [ 115.235490050000067, -2.684084221999967 ], [ 115.235405301000014, -2.684118552999962 ], [ 115.235329333000095, -2.684138752999957 ], [ 115.235329246000106, -2.684199449999937 ], [ 115.235308505000035, -2.684287034999954 ], [ 115.235287763000088, -2.684374619999971 ], [ 115.235267022000016, -2.684462204999932 ], [ 115.235246280000069, -2.684549789999949 ], [ 115.235225539000112, -2.684637374999966 ], [ 115.235204797000051, -2.684724959999926 ], [ 115.235184056000094, -2.684812544999943 ], [ 115.235163314000033, -2.68490012999996 ], [ 115.235142573000076, -2.684987714999977 ], [ 115.235121831000015, -2.685075299999937 ], [ 115.235101090000057, -2.685162884999954 ], [ 115.23508034800011, -2.685250469999971 ], [ 115.235059608000029, -2.685338054999932 ], [ 115.235038865000092, -2.685425639999949 ], [ 115.235018125000011, -2.685513224999966 ], [ 115.234997382000074, -2.685600809999926 ], [ 115.234976642000106, -2.685688394999943 ], [ 115.234955900000045, -2.68577597999996 ], [ 115.234935159000088, -2.685863564999977 ], [ 115.234914417000027, -2.685951149999937 ], [ 115.23489367500008, -2.686038734999954 ], [ 115.234872934, -2.686126319999971 ], [ 115.234852192000062, -2.686213904999931 ], [ 115.234831451000105, -2.686301489999948 ], [ 115.234810709000044, -2.686389074999965 ], [ 115.234789967000097, -2.686476659999926 ], [ 115.234769226000026, -2.686564244999943 ], [ 115.234748484000079, -2.68665182999996 ], [ 115.234727743, -2.686739414999977 ], [ 115.234707001000061, -2.686826998999948 ], [ 115.234649747000049, -2.686895141999969 ], [ 115.234592494000026, -2.686963284999933 ], [ 115.234535240000014, -2.687031426999965 ], [ 115.234477987000105, -2.68709956899994 ], [ 115.234420733000093, -2.687167710999972 ], [ 115.234415880000029, -2.687173485999949 ], [ 115.234363479000081, -2.687235852999947 ], [ 115.234306225000068, -2.687303994999979 ], [ 115.234248972000046, -2.687372136999954 ], [ 115.234191718000034, -2.687440279999976 ], [ 115.234134465000011, -2.687508421999951 ], [ 115.234077211000113, -2.687576563999926 ], [ 115.23401995800009, -2.687644705999958 ], [ 115.233962704000078, -2.687712848999979 ], [ 115.233905451000055, -2.687780990999954 ], [ 115.233848197000043, -2.687849133999975 ], [ 115.233790943000031, -2.687917275999951 ], [ 115.233733691000111, -2.687985417999926 ], [ 115.23367643600011, -2.688053560999947 ], [ 115.233619183000087, -2.688121702999979 ], [ 115.233561930000064, -2.688189844999954 ], [ 115.233504676000052, -2.688257986999929 ], [ 115.233447424000019, -2.688326128999961 ], [ 115.233390169000018, -2.688394270999936 ], [ 115.233332916000109, -2.688462413999957 ], [ 115.233275661000107, -2.688530555999932 ], [ 115.233218408000084, -2.688598697999964 ], [ 115.233161154000072, -2.688666839999939 ], [ 115.23310390100005, -2.688734981999971 ], [ 115.233046646000048, -2.688803123999946 ], [ 115.233007711000027, -2.688849463999929 ], [ 115.232989393000025, -2.688871265999978 ], [ 115.232932139000013, -2.688939407999953 ], [ 115.232874886000104, -2.689007550999975 ], [ 115.232817631000103, -2.68907569299995 ], [ 115.232760379000069, -2.689143834999925 ], [ 115.232703124000068, -2.689211976999957 ], [ 115.232645871000045, -2.689280118999932 ], [ 115.232588616000044, -2.689348260999964 ], [ 115.23253136400001, -2.689416402999939 ], [ 115.232474109, -2.68948454599996 ], [ 115.232430594000107, -2.689898462999963 ], [ 115.230363424000075, -2.706425331999981 ], [ 115.229889440000079, -2.711171084999933 ], [ 115.229678651000086, -2.713281570999925 ], [ 115.229436172000078, -2.715709320999963 ], [ 115.22918740800003, -2.718199986999934 ], [ 115.229324986000051, -2.718967285999952 ], [ 115.229429417, -2.719549721999954 ], [ 115.230033004, -2.723905419999937 ], [ 115.230873265000014, -2.725365555999929 ], [ 115.232223253000029, -2.72771144799998 ], [ 115.234875138, -2.728666062999935 ], [ 115.235911133000059, -2.729070524999941 ], [ 115.242129437000017, -2.731498188999979 ], [ 115.242532737000033, -2.731741631999967 ], [ 115.246894666000117, -2.73437460599996 ], [ 115.249259667000047, -2.735802173999957 ], [ 115.249866439000016, -2.736364500999969 ], [ 115.251513486000022, -2.737890904999972 ], [ 115.252852817000075, -2.739671612999928 ], [ 115.253949143000114, -2.740536983999959 ], [ 115.254048040000043, -2.740615047999938 ], [ 115.254145662000042, -2.740693315999977 ], [ 115.25416765600005, -2.740720457999942 ], [ 115.254689984000038, -2.741365050999946 ], [ 115.254934087000038, -2.74166629299998 ], [ 115.255856126000026, -2.742804158999945 ], [ 115.257134560000054, -2.74452344599996 ], [ 115.258291626000073, -2.745813201999965 ], [ 115.258478494000087, -2.746189713999968 ], [ 115.259125216000029, -2.747492762999968 ], [ 115.260299175000114, -2.747551607999981 ], [ 115.262116937000087, -2.747630434999962 ], [ 115.263473702000056, -2.747880083999974 ], [ 115.263479886000027, -2.747879968999939 ], [ 115.26334923200011, -2.746565904999954 ], [ 115.26354776300002, -2.74644116199994 ], [ 115.264619110000012, -2.745768009999949 ], [ 115.265280558000086, -2.746682974999942 ], [ 115.266891838000106, -2.74550474199998 ], [ 115.269447569000022, -2.745965465999973 ], [ 115.27037503300005, -2.746252440999967 ], [ 115.270736918000011, -2.746429527999965 ], [ 115.27099949, -2.746558016999927 ], [ 115.271495264, -2.748281535999979 ], [ 115.271523216000105, -2.748331674999974 ], [ 115.271566166000071, -2.748408716999961 ], [ 115.271625927000059, -2.749267516999964 ], [ 115.271929589000024, -2.750188008999942 ], [ 115.272121161000086, -2.75068241799994 ], [ 115.272476531000052, -2.75159954999998 ], [ 115.273268347000112, -2.752398079999978 ], [ 115.274853660000076, -2.752829743999939 ], [ 115.275951525000096, -2.752892677999967 ], [ 115.276812044000053, -2.752867508999941 ], [ 115.278646846000015, -2.752813840999977 ], [ 115.279388967000045, -2.752792133999947 ], [ 115.279659350000088, -2.752876638999965 ], [ 115.280108084000062, -2.753016886999944 ], [ 115.279934203000039, -2.754368376999935 ], [ 115.279897434000077, -2.754654177999953 ], [ 115.27989409700001, -2.754691131999948 ], [ 115.279890288000047, -2.75473332599995 ], [ 115.279878388000043, -2.75473031599995 ], [ 115.279852904000109, -2.755021734999957 ], [ 115.279791403000104, -2.755725070999972 ], [ 115.279671272000087, -2.757098863999943 ], [ 115.279559444000029, -2.75837771199997 ], [ 115.279560350000111, -2.75837783299994 ], [ 115.279561253000111, -2.758377953999968 ], [ 115.279502956000101, -2.759023697999964 ], [ 115.278759760000071, -2.760683176999976 ], [ 115.278591069000072, -2.761059842999941 ], [ 115.278792377000059, -2.76349616899995 ], [ 115.27882653100005, -2.763909513999977 ], [ 115.278906465000091, -2.764876935999951 ], [ 115.280270277000113, -2.767984311999953 ], [ 115.280723240000043, -2.769016363999981 ], [ 115.28076318, -2.769107366999947 ], [ 115.280824689000042, -2.769247508999968 ], [ 115.280557049000095, -2.769372931999953 ], [ 115.280324645000064, -2.769481843999927 ], [ 115.278727872000104, -2.770230137999931 ], [ 115.278054295000061, -2.770223168999962 ], [ 115.27722528400011, -2.770214590999956 ], [ 115.276042620000112, -2.770202352999945 ], [ 115.27468181200004, -2.770188268999959 ], [ 115.274635506000095, -2.770187789999966 ], [ 115.27468336000004, -2.770734566999977 ], [ 115.274685003000059, -2.770753333999949 ], [ 115.274854553000068, -2.772690627999964 ], [ 115.275123969000106, -2.775769023999942 ], [ 115.275394506000112, -2.778860238999926 ], [ 115.275565615, -2.779310066999926 ], [ 115.276227014000028, -2.780381057999932 ], [ 115.276824587000078, -2.781348694999963 ], [ 115.276967626000101, -2.781580315999975 ], [ 115.278134381000086, -2.78346961699998 ], [ 115.278389600000082, -2.783882885999958 ], [ 115.279125303000114, -2.785074192999957 ], [ 115.280707183000118, -2.788300978999928 ], [ 115.284408999000107, -2.790657597999939 ], [ 115.284464628000023, -2.791185943999949 ], [ 115.285127136000028, -2.792310653999948 ], [ 115.285361679000061, -2.792708826999956 ], [ 115.285440269000105, -2.792842245999964 ], [ 115.285442222000029, -2.792845559999932 ], [ 115.285444023000082, -2.792844087999924 ], [ 115.285447627000053, -2.792841143999965 ], [ 115.285463346000029, -2.792840461999958 ], [ 115.28570825700001, -2.793157564999944 ], [ 115.286138064000056, -2.793081125999947 ], [ 115.286456912000062, -2.792995463999944 ], [ 115.286875602, -2.792779139999936 ], [ 115.287299242000017, -2.792614751999963 ], [ 115.287713539000038, -2.792580342999941 ], [ 115.288088474, -2.792590566999934 ], [ 115.288401737000072, -2.792720146999955 ], [ 115.288666724000109, -2.792998197999964 ], [ 115.288968945000079, -2.793531811999969 ], [ 115.289497228000073, -2.794884559999957 ], [ 115.28976190800006, -2.795189617999938 ], [ 115.290632138000092, -2.795800232999966 ], [ 115.290763104, -2.796406464999961 ], [ 115.290763817000084, -2.796409765999954 ], [ 115.290194706000079, -2.797094440999956 ], [ 115.289039673000048, -2.79699753899996 ], [ 115.28746804900004, -2.796880982999937 ], [ 115.286907498, -2.797297897999954 ], [ 115.286878709, -2.797361580999961 ], [ 115.286851823, -2.798070935999931 ], [ 115.286811438000086, -2.799136479999959 ], [ 115.287142499000083, -2.799565772999927 ], [ 115.287208372, -2.799651192999931 ], [ 115.287936286000104, -2.799666900999966 ], [ 115.288061989000084, -2.799669613999924 ], [ 115.288582420000012, -2.799680843999965 ], [ 115.28910204400006, -2.799692056999959 ], [ 115.289371558000084, -2.799895926999966 ], [ 115.288588387000118, -2.801309861999925 ], [ 115.288430075000065, -2.801960368999971 ], [ 115.288783183000078, -2.802975524999965 ], [ 115.28830085900006, -2.804215462999935 ], [ 115.288236948000076, -2.804510271999959 ], [ 115.288197904000072, -2.805047024999965 ], [ 115.28914924500009, -2.808272253999974 ], [ 115.289225060000035, -2.808511453999927 ], [ 115.282346221000012, -2.810070694999979 ], [ 115.281733808000013, -2.810232589999941 ], [ 115.279342477000114, -2.810864745999936 ], [ 115.277185822000092, -2.811208078999925 ], [ 115.270206978000033, -2.812319057999957 ], [ 115.270096959000057, -2.812332770999944 ], [ 115.26964218, -2.811503923999965 ], [ 115.268880693000028, -2.810116093999966 ], [ 115.268465253000045, -2.809315724999976 ], [ 115.268200236000098, -2.808903568999938 ], [ 115.268011798000089, -2.808610506999969 ], [ 115.267633980000028, -2.807981568999935 ], [ 115.267293756000072, -2.807543102999944 ], [ 115.266519043000017, -2.806380407999939 ], [ 115.265810879000014, -2.805036915999949 ], [ 115.265942321000011, -2.804495724999924 ], [ 115.266413957000054, -2.802553846999956 ], [ 115.267068351000034, -2.799859455999979 ], [ 115.266550071000097, -2.799619278999955 ], [ 115.26365153800009, -2.798276063999936 ], [ 115.263049013000114, -2.797996844999943 ], [ 115.262939520000032, -2.797946105999927 ], [ 115.261750664000033, -2.797395171999938 ], [ 115.261536275000026, -2.797378931999958 ], [ 115.261122521000061, -2.797347588999969 ], [ 115.258263470000088, -2.797131007999951 ], [ 115.258197154000072, -2.797131818999958 ], [ 115.256086115000016, -2.797157629999958 ], [ 115.253282330000047, -2.797191903999931 ], [ 115.251204949000112, -2.799645769999927 ] ] ] } },
{ "type": "Feature", "properties": { "district_id": "63.06.06", "district_name": "Simpur", "village_count": 11, "area_ha_source": 9238.3627734729998, "regency_name": "Hulu Sungai Selatan", "province_name": "Kalimantan Selatan" }, "geometry": { "type": "Polygon", "coordinates": [ [ [ 115.202396091000082, -2.832066155999939 ], [ 115.20229542200002, -2.83210504699997 ], [ 115.20034298500002, -2.832859311999925 ], [ 115.200197694000053, -2.832864927999935 ], [ 115.199954449000074, -2.832949734999943 ], [ 115.197533518000114, -2.833793785999944 ], [ 115.197266243000058, -2.833886968999934 ], [ 115.195665130000066, -2.834445185999925 ], [ 115.195444680000037, -2.834461888999954 ], [ 115.195231956000043, -2.834478006999973 ], [ 115.194937638000056, -2.83446196999995 ], [ 115.194879949000097, -2.834458825999945 ], [ 115.194710099000076, -2.834449569999947 ], [ 115.194296406000035, -2.834427026999947 ], [ 115.194155643000045, -2.834379602999945 ], [ 115.192967527000064, -2.833979317999933 ], [ 115.192095799000072, -2.834123997999939 ], [ 115.19195412900001, -2.834147510999969 ], [ 115.191785380000056, -2.834175517999938 ], [ 115.191128586000104, -2.83400932099994 ], [ 115.190619060000017, -2.833880389999933 ], [ 115.189831797000011, -2.833681178999939 ], [ 115.189946767000038, -2.833261135999976 ], [ 115.189966305000098, -2.82768888499993 ], [ 115.189986555000019, -2.821908246999953 ], [ 115.189993017, -2.820062084999961 ], [ 115.190033755000059, -2.81989088499995 ], [ 115.188839798000117, -2.815975579999929 ], [ 115.188123189000066, -2.813625625999975 ], [ 115.187676324000108, -2.812234343999933 ], [ 115.187660783000069, -2.812185955999951 ], [ 115.186850196000023, -2.809662256999957 ], [ 115.186848970000028, -2.809658440999954 ], [ 115.18632548000005, -2.808028594999939 ], [ 115.186120722000055, -2.807391094999957 ], [ 115.180231073000073, -2.797481995999931 ], [ 115.17944284400005, -2.796155822999935 ], [ 115.174473567000064, -2.789678614999957 ], [ 115.163023003000035, -2.795356227999946 ], [ 115.157579628, -2.780018138999935 ], [ 115.154472439000074, -2.771262844999967 ], [ 115.148991599000055, -2.756696027999965 ], [ 115.128895355000054, -2.732026925999946 ], [ 115.128031610000107, -2.730966623999961 ], [ 115.126812341000118, -2.729469889999962 ], [ 115.126996358000042, -2.729299613999956 ], [ 115.127910197, -2.728454004999946 ], [ 115.129345845000103, -2.726487424999959 ], [ 115.129560798000057, -2.726231865999978 ], [ 115.131403021000096, -2.724041603999979 ], [ 115.131661682000072, -2.723654593999925 ], [ 115.131791893000013, -2.723459770999966 ], [ 115.131865063000077, -2.723350291999964 ], [ 115.135589477000053, -2.71777773499997 ], [ 115.13645262600005, -2.716486256999929 ], [ 115.139428747000011, -2.713422055999956 ], [ 115.139443124000081, -2.713407254999936 ], [ 115.139561656000069, -2.713285212999949 ], [ 115.141002270000058, -2.711801952999963 ], [ 115.141761602000088, -2.711020136999934 ], [ 115.143135984000082, -2.710160543999962 ], [ 115.143144810000081, -2.71015502399996 ], [ 115.15485843700003, -2.702828704999945 ], [ 115.165037648000066, -2.696986228999947 ], [ 115.165038686000116, -2.696985631999951 ], [ 115.17285908100007, -2.708299501999932 ], [ 115.184361078000052, -2.724939390999964 ], [ 115.185040163000053, -2.725823498999944 ], [ 115.189872791000084, -2.73211514999997 ], [ 115.191248267000105, -2.733905887999924 ], [ 115.191414031000022, -2.733982642999933 ], [ 115.199257366000097, -2.737614391999955 ], [ 115.199363128000073, -2.737663362999967 ], [ 115.203942516000097, -2.739783759999966 ], [ 115.209134616000028, -2.742405393999945 ], [ 115.210057324000104, -2.742934417999948 ], [ 115.215610534, -2.746118271999933 ], [ 115.218259290000105, -2.747973822999938 ], [ 115.219803590000083, -2.74960552899995 ], [ 115.219819856000072, -2.749805434999928 ], [ 115.219330811000077, -2.757241501999943 ], [ 115.219285258000014, -2.757934121999938 ], [ 115.220268445000102, -2.757800811999971 ], [ 115.220888579000075, -2.762938536999968 ], [ 115.221463405, -2.76548558199994 ], [ 115.221462535000114, -2.765839275999951 ], [ 115.221459299000117, -2.767152074999956 ], [ 115.221197357000051, -2.76787806699997 ], [ 115.22092220400009, -2.768703974999937 ], [ 115.220749360000013, -2.769805476999977 ], [ 115.220987035, -2.771148608999965 ], [ 115.221636519000072, -2.771872621999933 ], [ 115.226052167000034, -2.772774466999977 ], [ 115.227335798000013, -2.773668556999951 ], [ 115.227488771000026, -2.773775106999949 ], [ 115.225127031000056, -2.775531398999931 ], [ 115.225098139000011, -2.775552884999968 ], [ 115.229236323, -2.779310290999945 ], [ 115.231107665000081, -2.781009431999962 ], [ 115.236608101000115, -2.786003691999952 ], [ 115.236847885000088, -2.78622140899995 ], [ 115.236853606000068, -2.786243399999933 ], [ 115.236926537000045, -2.786523777999946 ], [ 115.23722835600006, -2.787684088999924 ], [ 115.237277335000044, -2.787872384999957 ], [ 115.237377809, -2.787976188999949 ], [ 115.237669958000083, -2.788278021999929 ], [ 115.239003210000078, -2.789655464999953 ], [ 115.240593696000019, -2.791298663999953 ], [ 115.240711687000044, -2.791443792999928 ], [ 115.241310738000038, -2.792180626999937 ], [ 115.242243952000081, -2.793328482999925 ], [ 115.243761974000108, -2.794139507999944 ], [ 115.244217450000065, -2.79458645699998 ], [ 115.244888266000089, -2.795244714999967 ], [ 115.245412849000104, -2.795759475999944 ], [ 115.247197311000036, -2.797694157999956 ], [ 115.249932763000061, -2.801148502999979 ], [ 115.249955102000058, -2.80116381299996 ], [ 115.248635790000094, -2.802348409999979 ], [ 115.247314619, -2.80353467499998 ], [ 115.24683849500002, -2.803962178999939 ], [ 115.245945791000054, -2.806080306999945 ], [ 115.245589096000117, -2.806926630999953 ], [ 115.245522656000048, -2.807010593999962 ], [ 115.240828056000055, -2.812943355999948 ], [ 115.240617358, -2.813209623999967 ], [ 115.238688303000117, -2.815647412999965 ], [ 115.238620244000117, -2.815733420999948 ], [ 115.236514744000033, -2.816200527999968 ], [ 115.231797618000087, -2.817247010999949 ], [ 115.229590224000049, -2.818894213999954 ], [ 115.225646954000013, -2.821836735999966 ], [ 115.225285505000102, -2.822025850999978 ], [ 115.222848782000028, -2.823300777999975 ], [ 115.221394392000093, -2.824061729999926 ], [ 115.219855928000015, -2.82476745799994 ], [ 115.219094006000091, -2.825116967999975 ], [ 115.217196409000053, -2.82598743099993 ], [ 115.211451839, -2.828263375999938 ], [ 115.210074178000013, -2.828724983999962 ], [ 115.209925195000096, -2.828795759999934 ], [ 115.206796798000028, -2.83028195199995 ], [ 115.205848988000071, -2.830732219999959 ], [ 115.203499029000113, -2.831640064999931 ], [ 115.202396091000082, -2.832066155999939 ] ] ] } },
{ "type": "Feature", "properties": { "district_id": "63.06.07", "district_name": "Daha Selatan", "village_count": 16, "area_ha_source": 25459.792804230899, "regency_name": "Hulu Sungai Selatan", "province_name": "Kalimantan Selatan" }, "geometry": { "type": "Polygon", "coordinates": [ [ [ 115.114165859000082, -2.740208894999967 ], [ 115.111403755000083, -2.742244708999976 ], [ 115.106431957000041, -2.745964957999945 ], [ 115.103381648000095, -2.748247410999966 ], [ 115.093627254000012, -2.755660316999979 ], [ 115.088426298000059, -2.759612715999936 ], [ 115.076964426000018, -2.768322725999951 ], [ 115.073714442000096, -2.770792424999968 ], [ 115.072747203000063, -2.784459702999925 ], [ 115.072697843000014, -2.785157165999976 ], [ 115.072679147000031, -2.785421350999968 ], [ 115.072669338000082, -2.785538217999942 ], [ 115.072351471000047, -2.785345315999962 ], [ 115.069727132000025, -2.783288472999971 ], [ 115.066400510000108, -2.782821854999952 ], [ 115.060778496000012, -2.784372152999936 ], [ 115.059816420000061, -2.784637449999934 ], [ 115.059595122000019, -2.784727501999953 ], [ 115.054666320000024, -2.783869397999979 ], [ 115.048104956000088, -2.785377524999944 ], [ 115.043412888000034, -2.785315450999974 ], [ 115.041384285000049, -2.784770930999969 ], [ 115.039312041000017, -2.784214692999967 ], [ 115.0356666670001, -2.782361110999943 ], [ 115.032680148000054, -2.782198788999949 ], [ 115.032292625000082, -2.782177725999929 ], [ 115.025534184000094, -2.779902509999943 ], [ 115.024598800000035, -2.779587614999969 ], [ 115.020883148000053, -2.777430796999965 ], [ 115.020646470000088, -2.777293412999938 ], [ 115.016678438000099, -2.773459958999979 ], [ 115.01571052700001, -2.772524871999963 ], [ 115.014925585000015, -2.77176654799996 ], [ 115.013886789000026, -2.770762977999937 ], [ 115.012132899000107, -2.769369567999945 ], [ 115.011593392, -2.76894094599993 ], [ 115.00809992500001, -2.766165494999939 ], [ 115.00588138, -2.764402919999952 ], [ 115.004748042000074, -2.763501032999955 ], [ 115.004748, -2.763501 ], [ 115.004745799000034, -2.763503851999928 ], [ 115.004656643000089, -2.763434271999927 ], [ 115.004654717000108, -2.763432768999962 ], [ 115.00454478600011, -2.763346974999934 ], [ 115.00449509900011, -2.763308196999958 ], [ 115.004406895000102, -2.763239359999943 ], [ 115.00452663100009, -2.763025644999971 ], [ 115.007799526000099, -2.75780562999995 ], [ 115.009955132000073, -2.75195230099996 ], [ 115.0109793150001, -2.749171236999928 ], [ 115.013092868000058, -2.747204304999968 ], [ 115.01905510000006, -2.746570174999931 ], [ 115.025989697000114, -2.745421283999974 ], [ 115.042357902000049, -2.743386810999937 ], [ 115.061899857000071, -2.735639353999943 ], [ 115.073520450000046, -2.728959553999971 ], [ 115.079802133000044, -2.728395483999975 ], [ 115.083426218000113, -2.723425150999958 ], [ 115.084339862000093, -2.717349970999976 ], [ 115.081783143000052, -2.709307510999963 ], [ 115.083885598000052, -2.69791208099997 ], [ 115.083941652000021, -2.697870003999981 ], [ 115.083893812000042, -2.697819583999944 ], [ 115.080790461000106, -2.694548785999928 ], [ 115.077975843000104, -2.691582291999964 ], [ 115.067345363000072, -2.680378089999977 ], [ 115.065328380000096, -2.678252240999939 ], [ 115.065393853000046, -2.678245759999925 ], [ 115.065674316000013, -2.678082772999971 ], [ 115.069405841000048, -2.675914207999938 ], [ 115.069842102000052, -2.674955865999948 ], [ 115.07023708700001, -2.67408818499996 ], [ 115.070320971000115, -2.671710092999945 ], [ 115.066841098000054, -2.66889632799996 ], [ 115.066691351000031, -2.668775244999949 ], [ 115.065465230000086, -2.666798175999929 ], [ 115.064747560000114, -2.66435163999995 ], [ 115.064827824000076, -2.663297627999953 ], [ 115.064911247000055, -2.662202097999966 ], [ 115.065663627000049, -2.65952946699997 ], [ 115.066068390000055, -2.657004085999972 ], [ 115.066908418000025, -2.655432794999967 ], [ 115.06452661700007, -2.654437730999973 ], [ 115.057345923000071, -2.651437769999973 ], [ 115.016503915000044, -2.634373939999932 ], [ 114.974735075000012, -2.616976141999942 ], [ 114.918224527, -2.591862065999976 ], [ 114.896200031000035, -2.582295552999938 ], [ 114.896187065000049, -2.582289920999926 ], [ 114.895977803000051, -2.582199024999966 ], [ 114.895701419000034, -2.582102358999975 ], [ 114.895915936000051, -2.582473295999932 ], [ 114.89591577200008, -2.582473360999927 ], [ 114.895886376000021, -2.582603355999936 ], [ 114.882161181000015, -2.558790768999927 ], [ 114.879919839000081, -2.554902142999936 ], [ 114.879854008000052, -2.554787928999929 ], [ 114.878380605000075, -2.552231641999924 ], [ 114.865589942000042, -2.530040424999925 ], [ 114.865575506000027, -2.530015379999952 ], [ 114.864600392000057, -2.528323599999965 ], [ 114.864554483, -2.528243949999933 ], [ 114.864555859, -2.528244032999964 ], [ 114.87024370000006, -2.528822924999929 ], [ 114.876464808000037, -2.52848058099994 ], [ 114.876519184000017, -2.529019262999952 ], [ 114.878195634, -2.528819795999937 ], [ 114.879477225000073, -2.528628365999964 ], [ 114.880586864000065, -2.528435000999934 ], [ 114.882496171000071, -2.527910240999972 ], [ 114.885153330000094, -2.52709187399995 ], [ 114.887775447000081, -2.526227136999978 ], [ 114.890361867000024, -2.525297731999956 ], [ 114.894113255000093, -2.523916912999937 ], [ 114.895248745000117, -2.523445749999951 ], [ 114.897517947000097, -2.522541900999954 ], [ 114.899271208000073, -2.52177267199994 ], [ 114.903071036000028, -2.520115307999959 ], [ 114.905729690000044, -2.520501691999925 ], [ 114.905740982000111, -2.520503965999978 ], [ 114.905681247000075, -2.521446540999932 ], [ 114.905450980000069, -2.525079808999976 ], [ 114.907018174000086, -2.525304794999954 ], [ 114.909479734000115, -2.525658177999958 ], [ 114.935801805000096, -2.553415464999944 ], [ 114.947301446000097, -2.565541868999958 ], [ 114.96008757900006, -2.577520976999949 ], [ 114.975830801000029, -2.589903518999961 ], [ 114.994441813000094, -2.601432114999966 ], [ 115.011017802000083, -2.60826588499998 ], [ 115.074146422000013, -2.623365879999938 ], [ 115.077026744000023, -2.624049104999926 ], [ 115.08197395000002, -2.625222588999975 ], [ 115.08302544300011, -2.62547200399996 ], [ 115.083619560000102, -2.625431201999959 ], [ 115.08364885200001, -2.625619875999973 ], [ 115.085581974000092, -2.626078408999945 ], [ 115.087419939000029, -2.62651436799996 ], [ 115.087740688000054, -2.626590446999955 ], [ 115.089519770000038, -2.627012435999973 ], [ 115.092169474000116, -2.627640927999948 ], [ 115.094771776000016, -2.62825817199996 ], [ 115.095280713000079, -2.629515062999928 ], [ 115.096569696000074, -2.632824777999929 ], [ 115.096807315000092, -2.632758260999935 ], [ 115.096822303000067, -2.632799362999947 ], [ 115.096878815000082, -2.632793677999928 ], [ 115.097901038000032, -2.632690835999938 ], [ 115.098943242000018, -2.63240529899997 ], [ 115.099245345000099, -2.632281526999975 ], [ 115.099531385000091, -2.63216433599996 ], [ 115.101030963000085, -2.631549950999954 ], [ 115.101751591000038, -2.63116824399998 ], [ 115.102562846000069, -2.630738530999963 ], [ 115.103023541000084, -2.630578500999945 ], [ 115.103862302000039, -2.630370297999946 ], [ 115.103935458000024, -2.630354895999972 ], [ 115.104653471, -2.630203735999942 ], [ 115.105159108000066, -2.630114505999927 ], [ 115.105855099000109, -2.629977685999961 ], [ 115.106461861000071, -2.629852764999953 ], [ 115.107216727000036, -2.629697045999933 ], [ 115.107294824000064, -2.62972747699996 ], [ 115.107794719000026, -2.629922260999933 ], [ 115.108184454000025, -2.630074122999929 ], [ 115.108628315000033, -2.630247072999964 ], [ 115.109270825000067, -2.630497427999956 ], [ 115.109695973000044, -2.630663086999959 ], [ 115.109758502000091, -2.630687451999961 ], [ 115.110407626000097, -2.630940383999928 ], [ 115.111184586000036, -2.631243125999958 ], [ 115.111894197000083, -2.631186861999936 ], [ 115.11303634, -2.631055991999972 ], [ 115.113720433000026, -2.630895377999934 ], [ 115.113833458000045, -2.630889429999968 ], [ 115.113856657000042, -2.63088784699994 ], [ 115.114075416000105, -2.630872919999945 ], [ 115.11473765300002, -2.630645534999928 ], [ 115.115332518000059, -2.630556304999971 ], [ 115.115790566000101, -2.630508714999962 ], [ 115.116296201000068, -2.630514663999975 ], [ 115.116706657, -2.63049086999996 ], [ 115.117064749000065, -2.630504616999929 ], [ 115.117781263000097, -2.630532123999956 ], [ 115.118728287000067, -2.630365560999962 ], [ 115.118955171000039, -2.63029247299994 ], [ 115.118959182000026, -2.630291180999961 ], [ 115.119413244000043, -2.630144908999966 ], [ 115.120396846000062, -2.629439916999956 ], [ 115.121140447000016, -2.628777644999957 ], [ 115.121831799, -2.628068319999954 ], [ 115.122136627000032, -2.627755566999951 ], [ 115.122346813000036, -2.627539917999968 ], [ 115.123505175000105, -2.626252847999979 ], [ 115.124402667000027, -2.625255634999974 ], [ 115.124540072000059, -2.625072913999929 ], [ 115.125597798000058, -2.62366633399995 ], [ 115.126074436000067, -2.623167031999969 ], [ 115.126238815000079, -2.622994834999929 ], [ 115.126319959000057, -2.622909833999927 ], [ 115.126704902000029, -2.622506582999961 ], [ 115.127107709000029, -2.622084617999974 ], [ 115.127363053000067, -2.621310164999954 ], [ 115.127529764000087, -2.620597029999942 ], [ 115.12754421000011, -2.61981031199997 ], [ 115.127532312000085, -2.618608685999959 ], [ 115.127653668000107, -2.618126593999932 ], [ 115.127655127000025, -2.618035948999932 ], [ 115.127821815000061, -2.617474474999938 ], [ 115.128097831000105, -2.616817742999956 ], [ 115.12847854600011, -2.616094386999976 ], [ 115.129068651000011, -2.615294887999937 ], [ 115.129379289000099, -2.614924750999933 ], [ 115.129550997000024, -2.614840942999933 ], [ 115.130054542000039, -2.614379191999944 ], [ 115.13029248700002, -2.614236424999945 ], [ 115.130714842000089, -2.614111502999947 ], [ 115.131207536000034, -2.614032395999971 ], [ 115.131958111000017, -2.614052016999949 ], [ 115.132505387000037, -2.614218577999964 ], [ 115.132921793000037, -2.614402986999949 ], [ 115.133706772000096, -2.61483345299996 ], [ 115.134454227000106, -2.615288833999955 ], [ 115.136360333000084, -2.616450113999974 ], [ 115.136525372000051, -2.616550662999941 ], [ 115.137381743000105, -2.616868478999947 ], [ 115.139618745, -2.617207668999924 ], [ 115.140277895000054, -2.617198852999934 ], [ 115.141198747000089, -2.617148884999949 ], [ 115.141861988000073, -2.617062029999943 ], [ 115.14403239100011, -2.61613701899995 ], [ 115.145067750000067, -2.615499917999955 ], [ 115.145538884000075, -2.615228659999957 ], [ 115.146345521000057, -2.614886016999947 ], [ 115.147202127000014, -2.61466472799998 ], [ 115.148751157000106, -2.61400085799994 ], [ 115.149429302000044, -2.613451201999965 ], [ 115.149790333000055, -2.612968150999961 ], [ 115.150178493000112, -2.611116678999963 ], [ 115.150228683000023, -2.611058489999948 ], [ 115.150407262000044, -2.610431665999954 ], [ 115.150564305000103, -2.609882011999957 ], [ 115.150814148000109, -2.609517952999965 ], [ 115.151342389000092, -2.609253832999968 ], [ 115.151627924000081, -2.609132480999961 ], [ 115.151929807000101, -2.60908625999997 ], [ 115.152377263000062, -2.60908939899997 ], [ 115.152377577000038, -2.609095843999967 ], [ 115.152455965000058, -2.60910305799996 ], [ 115.152464110000096, -2.609103807999929 ], [ 115.152534354000068, -2.609110271999953 ], [ 115.152550646, -2.609111770999959 ], [ 115.152612743000077, -2.609117485999946 ], [ 115.152637179000067, -2.609119734999979 ], [ 115.152691132000086, -2.609124700999928 ], [ 115.152723714000103, -2.609127698999941 ], [ 115.152769523000075, -2.609131914999978 ], [ 115.152810248000037, -2.609135662999961 ], [ 115.152847911000094, -2.609139128999971 ], [ 115.152896783000074, -2.609143625999934 ], [ 115.152926301000093, -2.609146342999964 ], [ 115.152983318000111, -2.609151589999954 ], [ 115.153004689000113, -2.609153556999956 ], [ 115.153090944000041, -2.609165453999935 ], [ 115.153177201000062, -2.609177351999961 ], [ 115.153263456000104, -2.60918924899994 ], [ 115.153349711000033, -2.609201146999965 ], [ 115.153435966000075, -2.609213044999933 ], [ 115.153522222000106, -2.609224940999979 ], [ 115.153542234000042, -2.609227700999952 ], [ 115.153608478000024, -2.609236837999958 ], [ 115.153694734000055, -2.609248734999937 ], [ 115.153780988000108, -2.609260632999963 ], [ 115.153867244000025, -2.609272529999942 ], [ 115.153947055000117, -2.609295828999961 ], [ 115.154026867000084, -2.609319127999925 ], [ 115.154106677000073, -2.609342426999945 ], [ 115.15411734700001, -2.609345541999971 ], [ 115.15418648800005, -2.609365725999965 ], [ 115.154266299000028, -2.609389024999928 ], [ 115.154346111000109, -2.609412323999948 ], [ 115.154425921000097, -2.609435621999978 ], [ 115.154505733000065, -2.609458920999941 ], [ 115.154585544000042, -2.609482219999961 ], [ 115.15466535600001, -2.609505518999924 ], [ 115.154745166000112, -2.609528817999944 ], [ 115.154824977000089, -2.609552116999964 ], [ 115.154904474000091, -2.609588889999941 ], [ 115.15498396800001, -2.609625663999964 ], [ 115.155063465000012, -2.60966243699994 ], [ 115.155142959000045, -2.609699210999963 ], [ 115.155222455000057, -2.60973598399994 ], [ 115.155301952000059, -2.609772757999963 ], [ 115.155381446000092, -2.609809530999939 ], [ 115.155460943000094, -2.609846304999962 ], [ 115.155540438000116, -2.609883077999939 ], [ 115.155619934000015, -2.609919851999962 ], [ 115.155699429000038, -2.609956624999938 ], [ 115.155770813000117, -2.610003363999965 ], [ 115.155842197000084, -2.610050103999924 ], [ 115.15591358000006, -2.610096842999951 ], [ 115.155984964000027, -2.610143582999967 ], [ 115.156056349000096, -2.610190322999927 ], [ 115.156127732000073, -2.610237061999953 ], [ 115.156199115000049, -2.61028380099998 ], [ 115.156271283000024, -2.610332306999965 ], [ 115.15627169000004, -2.610332579999977 ], [ 115.15634345, -2.610380813999939 ], [ 115.156344262000061, -2.610381359999963 ], [ 115.156415618000096, -2.61042931999998 ], [ 115.156416837000052, -2.61043013799997 ], [ 115.15648778700006, -2.610477825999965 ], [ 115.156489409000073, -2.610478916999966 ], [ 115.156559955000034, -2.610526331999949 ], [ 115.156561984000064, -2.610527695999963 ], [ 115.156632122000019, -2.610574837999934 ], [ 115.156634556000085, -2.610576474999959 ], [ 115.156704290000107, -2.610623344999965 ], [ 115.156707130000086, -2.610625253999956 ], [ 115.156776457000092, -2.61067185099995 ], [ 115.156779703000097, -2.610674032999952 ], [ 115.156850654000095, -2.610721720999948 ], [ 115.156852278000088, -2.610722811999949 ], [ 115.156924851000099, -2.610771589999956 ], [ 115.157000068000116, -2.610820566999962 ], [ 115.157075286, -2.610869544999957 ], [ 115.157150503000025, -2.610918521999963 ], [ 115.157225720000042, -2.610967499999958 ], [ 115.157300938000049, -2.611016477999954 ], [ 115.157376155000065, -2.61106545399997 ], [ 115.157448394000085, -2.611106317999941 ], [ 115.157500752000033, -2.611135935999926 ], [ 115.157520635000083, -2.611147182999957 ], [ 115.157592874000102, -2.611188046999928 ], [ 115.15766511400011, -2.611228910999955 ], [ 115.157737352000026, -2.611269774999926 ], [ 115.157809592000035, -2.611310639999942 ], [ 115.157868449000034, -2.611343933999933 ], [ 115.157868485000108, -2.611343953999949 ], [ 115.157881831000054, -2.61135150399997 ], [ 115.15795399700005, -2.611387924999974 ], [ 115.158026163000045, -2.611424346999968 ], [ 115.15809833000003, -2.611460767999972 ], [ 115.158159046000037, -2.611491410999975 ], [ 115.158219761000055, -2.611522052999931 ], [ 115.158280478000052, -2.611552695999933 ], [ 115.158313307000071, -2.611569263999968 ], [ 115.158341194000059, -2.611583337999946 ], [ 115.158416007000028, -2.611621094999975 ], [ 115.158421033000081, -2.611623631999976 ], [ 115.158500873000094, -2.611663925999949 ], [ 115.158519914000067, -2.611673535999955 ], [ 115.163061935000087, -2.614919235999935 ], [ 115.16460513200002, -2.616262497999969 ], [ 115.164710471000035, -2.618259186999978 ], [ 115.165113423000093, -2.620091232999926 ], [ 115.165840658000093, -2.62161077199994 ], [ 115.166027876000044, -2.623740366999925 ], [ 115.166377318000059, -2.62510220799993 ], [ 115.16653886600011, -2.625731792999943 ], [ 115.166648553000073, -2.626159263999966 ], [ 115.167084444000011, -2.626431343999968 ], [ 115.167292169, -2.626561003999939 ], [ 115.168050894000089, -2.627034592999962 ], [ 115.169118536000042, -2.629033901999946 ], [ 115.169876228000021, -2.631499292999933 ], [ 115.170253485000103, -2.63382057299998 ], [ 115.170952767000017, -2.634583074999966 ], [ 115.171195610000041, -2.634847873999945 ], [ 115.172011171, -2.635737167999935 ], [ 115.172632388000011, -2.636254795999946 ], [ 115.173377456000026, -2.636875621999934 ], [ 115.175041613000076, -2.637679565999974 ], [ 115.175622627000052, -2.637549020999927 ], [ 115.176869147000048, -2.637268946999939 ], [ 115.178746111, -2.636847221999972 ], [ 115.179109162000032, -2.637413481999943 ], [ 115.17910907800001, -2.637471323999932 ], [ 115.179204215000027, -2.637561737999931 ], [ 115.180045895000035, -2.638361635999956 ], [ 115.180897682000023, -2.639773564999928 ], [ 115.180710699000088, -2.64253330899993 ], [ 115.180440186000055, -2.644646024999929 ], [ 115.179847012000096, -2.649278745999936 ], [ 115.177985563000107, -2.667614829999934 ], [ 115.177985527000033, -2.667615184999931 ], [ 115.17610253600003, -2.686163478999958 ], [ 115.175765055000056, -2.689487333999978 ], [ 115.172953900000039, -2.691452504999972 ], [ 115.165038686000116, -2.696985631999951 ], [ 115.165037648000066, -2.696986228999947 ], [ 115.15485843700003, -2.702828704999945 ], [ 115.143144810000081, -2.71015502399996 ], [ 115.143135984000082, -2.710160543999962 ], [ 115.141761602000088, -2.711020136999934 ], [ 115.141002270000058, -2.711801952999963 ], [ 115.139561656000069, -2.713285212999949 ], [ 115.139443124000081, -2.713407254999936 ], [ 115.139428747000011, -2.713422055999956 ], [ 115.13645262600005, -2.716486256999929 ], [ 115.135589477000053, -2.71777773499997 ], [ 115.131865063000077, -2.723350291999964 ], [ 115.131791893000013, -2.723459770999966 ], [ 115.131661682000072, -2.723654593999925 ], [ 115.131403021000096, -2.724041603999979 ], [ 115.129560798000057, -2.726231865999978 ], [ 115.129345845000103, -2.726487424999959 ], [ 115.127910197, -2.728454004999946 ], [ 115.126996358000042, -2.729299613999956 ], [ 115.126812341000118, -2.729469889999962 ], [ 115.126695583000014, -2.729577929999948 ], [ 115.125852185000099, -2.731428029999961 ], [ 115.124131644000045, -2.732726093999929 ], [ 115.123921974000041, -2.732884276999926 ], [ 115.121850768000058, -2.734446886999933 ], [ 115.119983541000011, -2.735855594999975 ], [ 115.118453197, -2.737010141999974 ], [ 115.116222791000041, -2.738692825999976 ], [ 115.114165859000082, -2.740208894999967 ] ] ] } },
{ "type": "Feature", "properties": { "district_id": "63.06.08", "district_name": "Daha Utara", "village_count": 19, "area_ha_source": 25439.661367523102, "regency_name": "Hulu Sungai Selatan", "province_name": "Kalimantan Selatan" }, "geometry": { "type": "Polygon", "coordinates": [ [ [ 115.096878815000082, -2.632793677999928 ], [ 115.096822303000067, -2.632799362999947 ], [ 115.096807315000092, -2.632758260999935 ], [ 115.096569696000074, -2.632824777999929 ], [ 115.095280713000079, -2.629515062999928 ], [ 115.094771776000016, -2.62825817199996 ], [ 115.092169474000116, -2.627640927999948 ], [ 115.089519770000038, -2.627012435999973 ], [ 115.087740688000054, -2.626590446999955 ], [ 115.087419939000029, -2.62651436799996 ], [ 115.085581974000092, -2.626078408999945 ], [ 115.08364885200001, -2.625619875999973 ], [ 115.083619560000102, -2.625431201999959 ], [ 115.08302544300011, -2.62547200399996 ], [ 115.08197395000002, -2.625222588999975 ], [ 115.077026744000023, -2.624049104999926 ], [ 115.074146422000013, -2.623365879999938 ], [ 115.011017802000083, -2.60826588499998 ], [ 114.994441813000094, -2.601432114999966 ], [ 114.975830801000029, -2.589903518999961 ], [ 114.96008757900006, -2.577520976999949 ], [ 114.947301446000097, -2.565541868999958 ], [ 114.935801805000096, -2.553415464999944 ], [ 114.909479734000115, -2.525658177999958 ], [ 114.907018174000086, -2.525304794999954 ], [ 114.905450980000069, -2.525079808999976 ], [ 114.905681247000075, -2.521446540999932 ], [ 114.905740982000111, -2.520503965999978 ], [ 114.907258385000091, -2.520809498999938 ], [ 114.90761559900011, -2.520994243999951 ], [ 114.909034318000067, -2.522287207999966 ], [ 114.910148516000049, -2.523315673999946 ], [ 114.910537542000043, -2.523578756999939 ], [ 114.910874388000025, -2.523691231999976 ], [ 114.911138710000046, -2.52371893399993 ], [ 114.91213296300009, -2.523795105999966 ], [ 114.913211856000089, -2.523785123999971 ], [ 114.914768744000071, -2.523618842999952 ], [ 114.915468239, -2.523476441999946 ], [ 114.916433330000018, -2.52312496899998 ], [ 114.917197599000019, -2.522641391999969 ], [ 114.917958604000091, -2.522099182999966 ], [ 114.918418994000035, -2.521585308999931 ], [ 114.919185046000052, -2.521154184999943 ], [ 114.919823306000012, -2.520624655999939 ], [ 114.92057899200006, -2.51954668299993 ], [ 114.920948826000085, -2.518872770999963 ], [ 114.921293781000031, -2.518229581999947 ], [ 114.921993539000027, -2.516894713999932 ], [ 114.922542255000053, -2.515847974999929 ], [ 114.923529708000046, -2.513764135999963 ], [ 114.924014359000012, -2.512715517999936 ], [ 114.924187713000038, -2.51211772399995 ], [ 114.924198533000094, -2.512029648999942 ], [ 114.924240787000031, -2.510706092999953 ], [ 114.924239559000057, -2.509843666999927 ], [ 114.924223085000108, -2.509087911999927 ], [ 114.92438568700004, -2.507088475999979 ], [ 114.924466326000015, -2.50653389799993 ], [ 114.924693802000093, -2.505922685999963 ], [ 114.924987472000112, -2.504865239999958 ], [ 114.925090752000074, -2.50382876499998 ], [ 114.926789982000059, -2.503980972999955 ], [ 114.9333207090001, -2.506660566999926 ], [ 114.943711880000023, -2.507020983999951 ], [ 114.94741237300002, -2.507149334999951 ], [ 114.947830574000022, -2.507141890999947 ], [ 114.953017279000051, -2.507049560999974 ], [ 114.953390174000106, -2.50761033699996 ], [ 114.954562014000089, -2.50937259899996 ], [ 114.954749529000082, -2.509654591999947 ], [ 114.963182842000037, -2.507707566999954 ], [ 114.963454181000088, -2.507641159999935 ], [ 114.976284416000112, -2.504501128999948 ], [ 114.997530855000036, -2.499301341999967 ], [ 114.998462213000039, -2.499073404999933 ], [ 114.998462550000113, -2.499073321999958 ], [ 114.998462689, -2.499073372999931 ], [ 115.000209274000099, -2.499712139999929 ], [ 115.012455030000069, -2.504190698999935 ], [ 115.01616887900002, -2.505548939999926 ], [ 115.025920394000082, -2.509115296999937 ], [ 115.045135853000033, -2.515465451999944 ], [ 115.048180450000018, -2.516471602999957 ], [ 115.052221630000076, -2.517807096999945 ], [ 115.052994101000081, -2.518062375999932 ], [ 115.053855424000062, -2.518361632999927 ], [ 115.053874211000107, -2.518368159999966 ], [ 115.061248413000044, -2.520930240999974 ], [ 115.062709520000112, -2.521437885999944 ], [ 115.065679307000096, -2.522469703999946 ], [ 115.075341380000054, -2.525826678999977 ], [ 115.081709471000067, -2.527906634999965 ], [ 115.097644930000115, -2.533111499999961 ], [ 115.108039768000026, -2.536633859999938 ], [ 115.114449013000012, -2.538805674999935 ], [ 115.118727399000022, -2.539065839999978 ], [ 115.134712252000099, -2.540037863999942 ], [ 115.135013485000059, -2.540056181999944 ], [ 115.135095633000105, -2.540061176999927 ], [ 115.135088389000089, -2.540082929999926 ], [ 115.135069117000057, -2.540141866999932 ], [ 115.135049845000026, -2.540200802999948 ], [ 115.135041350000051, -2.540226780999944 ], [ 115.135030573000108, -2.540259739999954 ], [ 115.135006838000095, -2.540332325999941 ], [ 115.134999067000081, -2.540356090999978 ], [ 115.134983103000081, -2.540404910999939 ], [ 115.134959368000068, -2.540477496999927 ], [ 115.134944984000072, -2.540554632999942 ], [ 115.134930601000065, -2.540631768999958 ], [ 115.134916217000068, -2.540708903999928 ], [ 115.134901833000072, -2.540786039999944 ], [ 115.134897775000013, -2.540857642999924 ], [ 115.134896952000076, -2.540872160999925 ], [ 115.134893717000068, -2.540929244999973 ], [ 115.134892071000081, -2.540958282999952 ], [ 115.134889659, -2.541000847999953 ], [ 115.134887190000086, -2.541044403999933 ], [ 115.134884694000107, -2.541125743999942 ], [ 115.134882199000117, -2.54120708399995 ], [ 115.134879703000024, -2.541288423999958 ], [ 115.134889108000039, -2.54136499599997 ], [ 115.134898513000053, -2.541441567999925 ], [ 115.134907918000067, -2.541518139999937 ], [ 115.134931454000025, -2.541584379999961 ], [ 115.134932795000054, -2.541588154999943 ], [ 115.134954989000107, -2.541650618999938 ], [ 115.134957672000041, -2.541658170999938 ], [ 115.134978525000065, -2.541716858999962 ], [ 115.134982550000018, -2.541728185999943 ], [ 115.135007427, -2.541798201999939 ], [ 115.135043006000046, -2.541870026999959 ], [ 115.135078585000088, -2.541941851999979 ], [ 115.13509577800005, -2.541976561999945 ], [ 115.135114164000015, -2.542013677999932 ], [ 115.135149743000056, -2.542085502999953 ], [ 115.135212101000093, -2.542144806999943 ], [ 115.13527446, -2.542204110999933 ], [ 115.135336818000042, -2.542263414999979 ], [ 115.135399177000068, -2.542322718999969 ], [ 115.13544628000011, -2.542365065999945 ], [ 115.135464748000118, -2.542381668999951 ], [ 115.135530318000065, -2.542440617999944 ], [ 115.135595889000115, -2.542499567999926 ], [ 115.135661459000062, -2.542558516999975 ], [ 115.135727030000112, -2.542617466999957 ], [ 115.135754777000102, -2.542640478999942 ], [ 115.135791182000048, -2.542670672999975 ], [ 115.135820076000073, -2.542694636999954 ], [ 115.135855333000109, -2.542723877999947 ], [ 115.135885375000043, -2.542748793999976 ], [ 115.135919485000045, -2.542777083999965 ], [ 115.135950674000014, -2.542802951999931 ], [ 115.135983636000105, -2.542830288999937 ], [ 115.136015972000109, -2.542857107999964 ], [ 115.136047788000042, -2.542883494999955 ], [ 115.1361155190001, -2.542929049999941 ], [ 115.136121081000056, -2.542932790999942 ], [ 115.136183250000045, -2.542974604999927 ], [ 115.13619437400007, -2.542982086999928 ], [ 115.136250980000113, -2.543020159999969 ], [ 115.136267666000094, -2.54303138299997 ], [ 115.136318711000058, -2.543065714999955 ], [ 115.136386442000116, -2.54311126999994 ], [ 115.136454173000061, -2.543156824999926 ], [ 115.13650847200006, -2.54319456199994 ], [ 115.136518337000098, -2.543201417999967 ], [ 115.136575100000073, -2.543240867999941 ], [ 115.136582501000021, -2.543246010999951 ], [ 115.136641730000065, -2.543287174999932 ], [ 115.136646664000068, -2.543290603999935 ], [ 115.136708361000046, -2.54333348199998 ], [ 115.136710828000105, -2.543335196999976 ], [ 115.136723220000022, -2.543343809999953 ], [ 115.136774992000028, -2.54337978999996 ], [ 115.136845309000023, -2.54342291599994 ], [ 115.136847720000105, -2.543424394999931 ], [ 115.136915626000018, -2.543466041999977 ], [ 115.136920448000069, -2.543469 ], [ 115.13698996100004, -2.543511633999969 ], [ 115.136993176000033, -2.543513605999976 ], [ 115.137064298000041, -2.543557225999962 ], [ 115.13706590400011, -2.543558210999947 ], [ 115.137138632000074, -2.543602815999975 ], [ 115.137194788000102, -2.543640184999958 ], [ 115.137205651000045, -2.543647412999974 ], [ 115.137250945, -2.543677553999942 ], [ 115.137272669000026, -2.543692009999972 ], [ 115.137307102000022, -2.543714922999925 ], [ 115.137307182000086, -2.543714975999933 ], [ 115.137339688000111, -2.543736606999971 ], [ 115.137406706000093, -2.54378120399997 ], [ 115.137473725000063, -2.543825800999969 ], [ 115.1375364700001, -2.543864649999932 ], [ 115.137599215000023, -2.543903498999953 ], [ 115.137600752000026, -2.543904450999946 ], [ 115.137600850000013, -2.543904510999937 ], [ 115.137661960000059, -2.543942347999973 ], [ 115.137724705000096, -2.543981196999937 ], [ 115.137787450000019, -2.544020045999957 ], [ 115.137860178000096, -2.544064650999928 ], [ 115.13793290600006, -2.544109255999956 ], [ 115.138005633000034, -2.544153861999973 ], [ 115.138074019000101, -2.544195803999969 ], [ 115.138078361000112, -2.544198466999944 ], [ 115.13808981000011, -2.544205488999978 ], [ 115.138151089000075, -2.544243071999972 ], [ 115.138183360000085, -2.544265799999948 ], [ 115.138212295000017, -2.544286177999936 ], [ 115.138233808000109, -2.54430132899995 ], [ 115.138273501000072, -2.544329283999957 ], [ 115.138284259000102, -2.54433685999993 ], [ 115.138334707000013, -2.544372389999978 ], [ 115.138349343000073, -2.544382697999936 ], [ 115.138353382000105, -2.544384072999947 ], [ 115.138751669000044, -2.544519682999976 ], [ 115.146329614000024, -2.547099847999959 ], [ 115.147599190000051, -2.547532117999936 ], [ 115.151698793000037, -2.548927964999962 ], [ 115.156563037000069, -2.550584159999971 ], [ 115.16115504600009, -2.552147662999971 ], [ 115.154722982000067, -2.554625066999961 ], [ 115.164313506000099, -2.556027040999936 ], [ 115.164401358000077, -2.556039882999926 ], [ 115.175150815000052, -2.557611272999964 ], [ 115.175151095000047, -2.557611313999928 ], [ 115.175149022000028, -2.557613906999961 ], [ 115.173259057000109, -2.559977746999948 ], [ 115.171679789000109, -2.561711646999925 ], [ 115.170882135000056, -2.562870539999949 ], [ 115.170268367000062, -2.563762269999927 ], [ 115.169337422000012, -2.565008797999951 ], [ 115.168051569000113, -2.566354031999936 ], [ 115.167826916000081, -2.566589059999956 ], [ 115.16597273800005, -2.567409252999937 ], [ 115.165072504000022, -2.567606888999933 ], [ 115.164218145000063, -2.567750334999971 ], [ 115.162036166, -2.567720054999938 ], [ 115.158286281000073, -2.565200827999945 ], [ 115.156753830000071, -2.567974636999963 ], [ 115.157979203000082, -2.570801599999925 ], [ 115.161566122000067, -2.579076705999967 ], [ 115.166972601000111, -2.592205091999972 ], [ 115.170400636000068, -2.600529284999936 ], [ 115.168021225000075, -2.602392232999932 ], [ 115.166775683000083, -2.603190312999971 ], [ 115.165607444000102, -2.603436617999932 ], [ 115.164521536000052, -2.604195840999978 ], [ 115.160925875000089, -2.609087185999954 ], [ 115.159560161000059, -2.609959240999956 ], [ 115.158147632, -2.611407504999931 ], [ 115.158519914000067, -2.611673535999955 ], [ 115.158500873000094, -2.611663925999949 ], [ 115.158421033000081, -2.611623631999976 ], [ 115.158416007000028, -2.611621094999975 ], [ 115.158341194000059, -2.611583337999946 ], [ 115.158313307000071, -2.611569263999968 ], [ 115.158280478000052, -2.611552695999933 ], [ 115.158219761000055, -2.611522052999931 ], [ 115.158159046000037, -2.611491410999975 ], [ 115.15809833000003, -2.611460767999972 ], [ 115.158026163000045, -2.611424346999968 ], [ 115.15795399700005, -2.611387924999974 ], [ 115.157881831000054, -2.61135150399997 ], [ 115.157868485000108, -2.611343953999949 ], [ 115.157868449000034, -2.611343933999933 ], [ 115.157809592000035, -2.611310639999942 ], [ 115.157737352000026, -2.611269774999926 ], [ 115.15766511400011, -2.611228910999955 ], [ 115.157592874000102, -2.611188046999928 ], [ 115.157520635000083, -2.611147182999957 ], [ 115.157500752000033, -2.611135935999926 ], [ 115.157448394000085, -2.611106317999941 ], [ 115.157376155000065, -2.61106545399997 ], [ 115.157300938000049, -2.611016477999954 ], [ 115.157225720000042, -2.610967499999958 ], [ 115.157150503000025, -2.610918521999963 ], [ 115.157075286, -2.610869544999957 ], [ 115.157000068000116, -2.610820566999962 ], [ 115.156924851000099, -2.610771589999956 ], [ 115.156852278000088, -2.610722811999949 ], [ 115.156850654000095, -2.610721720999948 ], [ 115.156779703000097, -2.610674032999952 ], [ 115.156776457000092, -2.61067185099995 ], [ 115.156707130000086, -2.610625253999956 ], [ 115.156704290000107, -2.610623344999965 ], [ 115.156634556000085, -2.610576474999959 ], [ 115.156632122000019, -2.610574837999934 ], [ 115.156561984000064, -2.610527695999963 ], [ 115.156559955000034, -2.610526331999949 ], [ 115.156489409000073, -2.610478916999966 ], [ 115.15648778700006, -2.610477825999965 ], [ 115.156416837000052, -2.61043013799997 ], [ 115.156415618000096, -2.61042931999998 ], [ 115.156344262000061, -2.610381359999963 ], [ 115.15634345, -2.610380813999939 ], [ 115.15627169000004, -2.610332579999977 ], [ 115.156271283000024, -2.610332306999965 ], [ 115.156199115000049, -2.61028380099998 ], [ 115.156127732000073, -2.610237061999953 ], [ 115.156056349000096, -2.610190322999927 ], [ 115.155984964000027, -2.610143582999967 ], [ 115.15591358000006, -2.610096842999951 ], [ 115.155842197000084, -2.610050103999924 ], [ 115.155770813000117, -2.610003363999965 ], [ 115.155699429000038, -2.609956624999938 ], [ 115.155619934000015, -2.609919851999962 ], [ 115.155540438000116, -2.609883077999939 ], [ 115.155460943000094, -2.609846304999962 ], [ 115.155381446000092, -2.609809530999939 ], [ 115.155301952000059, -2.609772757999963 ], [ 115.155222455000057, -2.60973598399994 ], [ 115.155142959000045, -2.609699210999963 ], [ 115.155063465000012, -2.60966243699994 ], [ 115.15498396800001, -2.609625663999964 ], [ 115.154904474000091, -2.609588889999941 ], [ 115.154824977000089, -2.609552116999964 ], [ 115.154745166000112, -2.609528817999944 ], [ 115.15466535600001, -2.609505518999924 ], [ 115.154585544000042, -2.609482219999961 ], [ 115.154505733000065, -2.609458920999941 ], [ 115.154425921000097, -2.609435621999978 ], [ 115.154346111000109, -2.609412323999948 ], [ 115.154266299000028, -2.609389024999928 ], [ 115.15418648800005, -2.609365725999965 ], [ 115.15411734700001, -2.609345541999971 ], [ 115.154106677000073, -2.609342426999945 ], [ 115.154026867000084, -2.609319127999925 ], [ 115.153947055000117, -2.609295828999961 ], [ 115.153867244000025, -2.609272529999942 ], [ 115.153780988000108, -2.609260632999963 ], [ 115.153694734000055, -2.609248734999937 ], [ 115.153608478000024, -2.609236837999958 ], [ 115.153542234000042, -2.609227700999952 ], [ 115.153522222000106, -2.609224940999979 ], [ 115.153435966000075, -2.609213044999933 ], [ 115.153349711000033, -2.609201146999965 ], [ 115.153263456000104, -2.60918924899994 ], [ 115.153177201000062, -2.609177351999961 ], [ 115.153090944000041, -2.609165453999935 ], [ 115.153004689000113, -2.609153556999956 ], [ 115.152983318000111, -2.609151589999954 ], [ 115.152926301000093, -2.609146342999964 ], [ 115.152896783000074, -2.609143625999934 ], [ 115.152847911000094, -2.609139128999971 ], [ 115.152810248000037, -2.609135662999961 ], [ 115.152769523000075, -2.609131914999978 ], [ 115.152723714000103, -2.609127698999941 ], [ 115.152691132000086, -2.609124700999928 ], [ 115.152637179000067, -2.609119734999979 ], [ 115.152612743000077, -2.609117485999946 ], [ 115.152550646, -2.609111770999959 ], [ 115.152534354000068, -2.609110271999953 ], [ 115.152464110000096, -2.609103807999929 ], [ 115.152455965000058, -2.60910305799996 ], [ 115.152377577000038, -2.609095843999967 ], [ 115.152377263000062, -2.60908939899997 ], [ 115.151929807000101, -2.60908625999997 ], [ 115.151627924000081, -2.609132480999961 ], [ 115.151342389000092, -2.609253832999968 ], [ 115.150814148000109, -2.609517952999965 ], [ 115.150564305000103, -2.609882011999957 ], [ 115.150407262000044, -2.610431665999954 ], [ 115.150228683000023, -2.611058489999948 ], [ 115.150178493000112, -2.611116678999963 ], [ 115.149790333000055, -2.612968150999961 ], [ 115.149429302000044, -2.613451201999965 ], [ 115.148751157000106, -2.61400085799994 ], [ 115.147202127000014, -2.61466472799998 ], [ 115.146345521000057, -2.614886016999947 ], [ 115.145538884000075, -2.615228659999957 ], [ 115.145067750000067, -2.615499917999955 ], [ 115.14403239100011, -2.61613701899995 ], [ 115.141861988000073, -2.617062029999943 ], [ 115.141198747000089, -2.617148884999949 ], [ 115.140277895000054, -2.617198852999934 ], [ 115.139618745, -2.617207668999924 ], [ 115.137381743000105, -2.616868478999947 ], [ 115.136525372000051, -2.616550662999941 ], [ 115.136360333000084, -2.616450113999974 ], [ 115.134454227000106, -2.615288833999955 ], [ 115.133706772000096, -2.61483345299996 ], [ 115.132921793000037, -2.614402986999949 ], [ 115.132505387000037, -2.614218577999964 ], [ 115.131958111000017, -2.614052016999949 ], [ 115.131207536000034, -2.614032395999971 ], [ 115.130714842000089, -2.614111502999947 ], [ 115.13029248700002, -2.614236424999945 ], [ 115.130054542000039, -2.614379191999944 ], [ 115.129550997000024, -2.614840942999933 ], [ 115.129379289000099, -2.614924750999933 ], [ 115.129068651000011, -2.615294887999937 ], [ 115.12847854600011, -2.616094386999976 ], [ 115.128097831000105, -2.616817742999956 ], [ 115.127821815000061, -2.617474474999938 ], [ 115.127655127000025, -2.618035948999932 ], [ 115.127653668000107, -2.618126593999932 ], [ 115.127532312000085, -2.618608685999959 ], [ 115.12754421000011, -2.61981031199997 ], [ 115.127529764000087, -2.620597029999942 ], [ 115.127363053000067, -2.621310164999954 ], [ 115.127107709000029, -2.622084617999974 ], [ 115.126704902000029, -2.622506582999961 ], [ 115.126319959000057, -2.622909833999927 ], [ 115.126238815000079, -2.622994834999929 ], [ 115.126074436000067, -2.623167031999969 ], [ 115.125597798000058, -2.62366633399995 ], [ 115.124540072000059, -2.625072913999929 ], [ 115.124402667000027, -2.625255634999974 ], [ 115.123505175000105, -2.626252847999979 ], [ 115.122346813000036, -2.627539917999968 ], [ 115.122136627000032, -2.627755566999951 ], [ 115.121831799, -2.628068319999954 ], [ 115.121140447000016, -2.628777644999957 ], [ 115.120396846000062, -2.629439916999956 ], [ 115.119413244000043, -2.630144908999966 ], [ 115.118959182000026, -2.630291180999961 ], [ 115.118955171000039, -2.63029247299994 ], [ 115.118728287000067, -2.630365560999962 ], [ 115.117781263000097, -2.630532123999956 ], [ 115.117064749000065, -2.630504616999929 ], [ 115.116706657, -2.63049086999996 ], [ 115.116296201000068, -2.630514663999975 ], [ 115.115790566000101, -2.630508714999962 ], [ 115.115332518000059, -2.630556304999971 ], [ 115.11473765300002, -2.630645534999928 ], [ 115.114075416000105, -2.630872919999945 ], [ 115.113856657000042, -2.63088784699994 ], [ 115.113833458000045, -2.630889429999968 ], [ 115.113720433000026, -2.630895377999934 ], [ 115.11303634, -2.631055991999972 ], [ 115.111894197000083, -2.631186861999936 ], [ 115.111184586000036, -2.631243125999958 ], [ 115.110407626000097, -2.630940383999928 ], [ 115.109758502000091, -2.630687451999961 ], [ 115.109695973000044, -2.630663086999959 ], [ 115.109270825000067, -2.630497427999956 ], [ 115.108628315000033, -2.630247072999964 ], [ 115.108184454000025, -2.630074122999929 ], [ 115.107794719000026, -2.629922260999933 ], [ 115.107294824000064, -2.62972747699996 ], [ 115.107216727000036, -2.629697045999933 ], [ 115.106461861000071, -2.629852764999953 ], [ 115.105855099000109, -2.629977685999961 ], [ 115.105159108000066, -2.630114505999927 ], [ 115.104653471, -2.630203735999942 ], [ 115.103935458000024, -2.630354895999972 ], [ 115.103862302000039, -2.630370297999946 ], [ 115.103023541000084, -2.630578500999945 ], [ 115.102562846000069, -2.630738530999963 ], [ 115.101751591000038, -2.63116824399998 ], [ 115.101030963000085, -2.631549950999954 ], [ 115.099531385000091, -2.63216433599996 ], [ 115.099245345000099, -2.632281526999975 ], [ 115.098943242000018, -2.63240529899997 ], [ 115.097901038000032, -2.632690835999938 ], [ 115.096878815000082, -2.632793677999928 ] ] ] } },
{ "type": "Feature", "properties": { "district_id": "63.06.09", "district_name": "Kalumpang", "village_count": 9, "area_ha_source": 11574.307636561001, "regency_name": "Hulu Sungai Selatan", "province_name": "Kalimantan Selatan" }, "geometry": { "type": "Polygon", "coordinates": [ [ [ 115.14003608500002, -2.844003028999964 ], [ 115.139674731000014, -2.843883396999956 ], [ 115.139220046000105, -2.843725645999939 ], [ 115.138479048000022, -2.84356261299996 ], [ 115.137411564000104, -2.843344339999931 ], [ 115.137362154000016, -2.843334236999965 ], [ 115.136265513000012, -2.843096465999963 ], [ 115.135420286000112, -2.842983606999951 ], [ 115.134626353000044, -2.842836525999928 ], [ 115.134276333000116, -2.842775925999945 ], [ 115.133585053000047, -2.842517523999959 ], [ 115.132842577000019, -2.842233310999973 ], [ 115.13184999900011, -2.841859484999929 ], [ 115.131289527000035, -2.841663624999967 ], [ 115.131212656000116, -2.841636761999951 ], [ 115.130844007000064, -2.841507934999925 ], [ 115.129890710000041, -2.841220713999974 ], [ 115.129741199000023, -2.841175666999959 ], [ 115.12866129300005, -2.840886066999929 ], [ 115.127301576000036, -2.840586413999972 ], [ 115.126051590000088, -2.840264905999959 ], [ 115.125013705000015, -2.839979470999936 ], [ 115.12485945800006, -2.839937049999946 ], [ 115.123417825000047, -2.83961007299996 ], [ 115.121839476000105, -2.839257898999961 ], [ 115.121018146000097, -2.839086541999961 ], [ 115.120188147000022, -2.838960053999926 ], [ 115.119469360000039, -2.838828503999935 ], [ 115.11881419000008, -2.838694587999953 ], [ 115.118802595000034, -2.838692216999959 ], [ 115.118381232000047, -2.838606090999974 ], [ 115.117586606000032, -2.838422152999954 ], [ 115.116404194000097, -2.838212947999978 ], [ 115.115086933000043, -2.837947718999942 ], [ 115.114026574000036, -2.837683521999963 ], [ 115.113231838000047, -2.837498451999977 ], [ 115.112844374000019, -2.837411312999961 ], [ 115.112266792000014, -2.837281417999975 ], [ 115.11125125600006, -2.837070636999954 ], [ 115.110449044, -2.83686234299995 ], [ 115.110045547000027, -2.836793172999933 ], [ 115.109867614000109, -2.836758832999976 ], [ 115.109568188000026, -2.836701045999973 ], [ 115.10923863000005, -2.836609161999945 ], [ 115.108829524000043, -2.836494310999967 ], [ 115.108482922, -2.836396688999969 ], [ 115.108311317000016, -2.836349710999968 ], [ 115.108210181000118, -2.836322024999959 ], [ 115.107933390000085, -2.836440969999956 ], [ 115.107644899000093, -2.836621122999929 ], [ 115.107527779000065, -2.836691248999955 ], [ 115.107385893000014, -2.836776202999943 ], [ 115.107195371000103, -2.836883547999946 ], [ 115.106952608000029, -2.837008675999925 ], [ 115.106884703000105, -2.83704232499997 ], [ 115.106797902000039, -2.837085338999941 ], [ 115.106737973, -2.837115035999943 ], [ 115.106723197000065, -2.837116589999937 ], [ 115.106706055000018, -2.837118391999979 ], [ 115.106666794000034, -2.837119523999945 ], [ 115.106635865000044, -2.837118275999956 ], [ 115.10659006800006, -2.837114611999937 ], [ 115.106413, -2.837036 ], [ 115.106133607000061, -2.836785726999949 ], [ 115.106124695000062, -2.836778005999975 ], [ 115.106092760000024, -2.836748550999971 ], [ 115.105906907000076, -2.836583946999951 ], [ 115.105792, -2.836482 ], [ 115.105719, -2.836421 ], [ 115.105403, -2.836136 ], [ 115.10507, -2.835799 ], [ 115.104742000000101, -2.835566 ], [ 115.104477, -2.835465 ], [ 115.104154000000108, -2.835563 ], [ 115.103461892000041, -2.835849606999943 ], [ 115.103275, -2.835927 ], [ 115.10273, -2.836086 ], [ 115.10266480100006, -2.836088615999927 ], [ 115.102406, -2.836099 ], [ 115.102169000000117, -2.83605 ], [ 115.101793, -2.835937 ], [ 115.101254, -2.835857 ], [ 115.100621, -2.835881 ], [ 115.100027168000111, -2.835903766999934 ], [ 115.099995, -2.835905 ], [ 115.09966, -2.835861 ], [ 115.099658888000022, -2.835860201999935 ], [ 115.099345, -2.835635 ], [ 115.099152000000117, -2.834865 ], [ 115.099225, -2.834098 ], [ 115.099552, -2.833329 ], [ 115.099601033000113, -2.833260373999963 ], [ 115.099658888000022, -2.833179400999938 ], [ 115.10003, -2.83266 ], [ 115.100152, -2.832338 ], [ 115.100166, -2.832166 ], [ 115.100143000000116, -2.832041 ], [ 115.100136, -2.832037 ], [ 115.100092, -2.831997 ], [ 115.099708, -2.83175 ], [ 115.099658888000022, -2.831752208999944 ], [ 115.099041, -2.83178 ], [ 115.098447, -2.831881 ], [ 115.097915, -2.831881 ], [ 115.09734, -2.831586 ], [ 115.096699, -2.830975 ], [ 115.096112, -2.830215 ], [ 115.095428, -2.829456 ], [ 115.094999, -2.829062 ], [ 115.094396, -2.828867 ], [ 115.093473, -2.829057 ], [ 115.092604, -2.829321 ], [ 115.0916, -2.82946 ], [ 115.090411, -2.829529 ], [ 115.089723, -2.829708 ], [ 115.089295000000106, -2.830076 ], [ 115.088889000000108, -2.830547 ], [ 115.088205, -2.831207 ], [ 115.087711, -2.831835 ], [ 115.087625000000116, -2.8324 ], [ 115.088008351000099, -2.833582742999965 ], [ 115.088012, -2.833594 ], [ 115.088234, -2.834666 ], [ 115.088170000000105, -2.835575 ], [ 115.088169835000031, -2.835575422999966 ], [ 115.087857, -2.836377 ], [ 115.087332, -2.837401 ], [ 115.086848, -2.838646 ], [ 115.086757823000084, -2.838958030999947 ], [ 115.086559, -2.839646 ], [ 115.086222217000113, -2.840321305999964 ], [ 115.086172, -2.840422 ], [ 115.085504, -2.840958 ], [ 115.084699000000114, -2.841096 ], [ 115.083862, -2.840889 ], [ 115.083132, -2.840412 ], [ 115.082281, -2.839808 ], [ 115.08131, -2.83945 ], [ 115.080413, -2.839375 ], [ 115.079577, -2.839724 ], [ 115.078577000000109, -2.840393 ], [ 115.077477, -2.840998 ], [ 115.076333, -2.841691 ], [ 115.075468000000114, -2.842207 ], [ 115.074714, -2.842613 ], [ 115.073623000000111, -2.843191 ], [ 115.073475, -2.843259 ], [ 115.072806, -2.84358 ], [ 115.071665, -2.844168 ], [ 115.070633, -2.84466 ], [ 115.069413, -2.845244 ], [ 115.068817085000092, -2.845223912999927 ], [ 115.06879, -2.845223 ], [ 115.068018, -2.844774 ], [ 115.067168, -2.843918 ], [ 115.066452, -2.843145 ], [ 115.066287000000102, -2.843016 ], [ 115.065424, -2.842509 ], [ 115.064309, -2.841784 ], [ 115.063179000000105, -2.840915 ], [ 115.062754132, -2.840448932999948 ], [ 115.062519, -2.840191 ], [ 115.062471, -2.839521 ], [ 115.06283, -2.83891 ], [ 115.063521620000074, -2.83799139599995 ], [ 115.063543, -2.837963 ], [ 115.063590620000014, -2.837791286999959 ], [ 115.063746, -2.837231 ], [ 115.06351, -2.836509 ], [ 115.063113, -2.835704 ], [ 115.062871, -2.834626 ], [ 115.062809, -2.834002 ], [ 115.062843893000036, -2.833863220999945 ], [ 115.062897, -2.833652 ], [ 115.062917, -2.833636 ], [ 115.063751668, -2.83318552999998 ], [ 115.064018751000049, -2.832822341999929 ], [ 115.064314607000028, -2.83232523099997 ], [ 115.064562798000111, -2.831875886999967 ], [ 115.064582563000045, -2.831435727999974 ], [ 115.065280246000043, -2.830383866999966 ], [ 115.065895716000114, -2.829408820999959 ], [ 115.066524841000046, -2.828807003999941 ], [ 115.067253491000088, -2.828449371999966 ], [ 115.067592503000014, -2.828084151999974 ], [ 115.0678255360001, -2.827833102999932 ], [ 115.067913406000116, -2.82756325899993 ], [ 115.068026416000066, -2.827216211999939 ], [ 115.068214338000075, -2.826056945999937 ], [ 115.068435461000036, -2.824692868999932 ], [ 115.068313233000026, -2.823366412999974 ], [ 115.068309620000036, -2.823327207999967 ], [ 115.067792889000089, -2.821916667999972 ], [ 115.067223860000013, -2.820709971999975 ], [ 115.067190636000078, -2.82049862599996 ], [ 115.067054992000067, -2.819635749999975 ], [ 115.066990463000025, -2.819059532999972 ], [ 115.066904932000057, -2.818295783999929 ], [ 115.066859554000075, -2.817535131999932 ], [ 115.066818006000062, -2.81675994099993 ], [ 115.066990046000114, -2.816315250999935 ], [ 115.067490183000018, -2.816014648999953 ], [ 115.068019226000047, -2.815498781999963 ], [ 115.068288256000073, -2.815164482999933 ], [ 115.068376846000092, -2.815054399999951 ], [ 115.06883399700007, -2.814489369999933 ], [ 115.06931092700006, -2.813832266999952 ], [ 115.069608903000017, -2.813485870999955 ], [ 115.070061726000063, -2.813020114999972 ], [ 115.070657420000089, -2.812482824999961 ], [ 115.070959663000053, -2.812253960999954 ], [ 115.071025574000032, -2.811961005999933 ], [ 115.070985678000056, -2.811712225999941 ], [ 115.070985553000014, -2.811711446999936 ], [ 115.070985409000059, -2.81171054899994 ], [ 115.070985, -2.811708 ], [ 115.071023, -2.811516 ], [ 115.071243443000071, -2.811013994999939 ], [ 115.071773904000111, -2.810356259999935 ], [ 115.072169943000063, -2.809806787999946 ], [ 115.072331917000042, -2.809582061999947 ], [ 115.072556877000011, -2.808782429999951 ], [ 115.072820044000082, -2.807897693999962 ], [ 115.072825118000083, -2.807636145999936 ], [ 115.072846032000029, -2.80655801599994 ], [ 115.072850871000014, -2.80611479099997 ], [ 115.072871173000067, -2.804255079999962 ], [ 115.072947117000012, -2.802945720999958 ], [ 115.073140311000088, -2.801199617999941 ], [ 115.073237122000023, -2.800194986999941 ], [ 115.073293440000043, -2.798938052999972 ], [ 115.073525370000084, -2.798670972999957 ], [ 115.073951479000016, -2.798001302999978 ], [ 115.073976777000098, -2.797961545999954 ], [ 115.074487943, -2.796922561999963 ], [ 115.074622819000069, -2.796234818999949 ], [ 115.074979971000062, -2.795771535999961 ], [ 115.075052068000105, -2.795678014999964 ], [ 115.075219093000101, -2.795384028999933 ], [ 115.075248505000104, -2.794979320999971 ], [ 115.075279937, -2.794546801999957 ], [ 115.07538850200001, -2.793625921999933 ], [ 115.075453321000055, -2.793269565999935 ], [ 115.075482573000045, -2.792838988999961 ], [ 115.075491657000043, -2.792548034999925 ], [ 115.075472226000102, -2.792529864999949 ], [ 115.075405, -2.792467 ], [ 115.075678114000084, -2.790133992999927 ], [ 115.075508846000048, -2.78972854899996 ], [ 115.074129332000098, -2.786424233999981 ], [ 115.072669338000082, -2.785538217999942 ], [ 115.072679147000031, -2.785421350999968 ], [ 115.072697843000014, -2.785157165999976 ], [ 115.072747203000063, -2.784459702999925 ], [ 115.073714442000096, -2.770792424999968 ], [ 115.076964426000018, -2.768322725999951 ], [ 115.088426298000059, -2.759612715999936 ], [ 115.093627254000012, -2.755660316999979 ], [ 115.103381648000095, -2.748247410999966 ], [ 115.106431957000041, -2.745964957999945 ], [ 115.111403755000083, -2.742244708999976 ], [ 115.114165859000082, -2.740208894999967 ], [ 115.116222791000041, -2.738692825999976 ], [ 115.118453197, -2.737010141999974 ], [ 115.119983541000011, -2.735855594999975 ], [ 115.121850768000058, -2.734446886999933 ], [ 115.123921974000041, -2.732884276999926 ], [ 115.124131644000045, -2.732726093999929 ], [ 115.125852185000099, -2.731428029999961 ], [ 115.126695583000014, -2.729577929999948 ], [ 115.126812341000118, -2.729469889999962 ], [ 115.128031610000107, -2.730966623999961 ], [ 115.128895355000054, -2.732026925999946 ], [ 115.148991599000055, -2.756696027999965 ], [ 115.154472439000074, -2.771262844999967 ], [ 115.157579628, -2.780018138999935 ], [ 115.163023003000035, -2.795356227999946 ], [ 115.174473567000064, -2.789678614999957 ], [ 115.17944284400005, -2.796155822999935 ], [ 115.180231073000073, -2.797481995999931 ], [ 115.186120722000055, -2.807391094999957 ], [ 115.18632548000005, -2.808028594999939 ], [ 115.186848970000028, -2.809658440999954 ], [ 115.186850196000023, -2.809662256999957 ], [ 115.187660783000069, -2.812185955999951 ], [ 115.187676324000108, -2.812234343999933 ], [ 115.188123189000066, -2.813625625999975 ], [ 115.188839798000117, -2.815975579999929 ], [ 115.190033755000059, -2.81989088499995 ], [ 115.189993017, -2.820062084999961 ], [ 115.189986555000019, -2.821908246999953 ], [ 115.189966305000098, -2.82768888499993 ], [ 115.189946767000038, -2.833261135999976 ], [ 115.189831797000011, -2.833681178999939 ], [ 115.189824226000042, -2.834423180999977 ], [ 115.18981364800004, -2.83545978099994 ], [ 115.188318953000021, -2.836864108999976 ], [ 115.188030487000105, -2.837106909999932 ], [ 115.181064975000027, -2.842969640999968 ], [ 115.180256627000063, -2.844035909999945 ], [ 115.180239803000063, -2.844058101999963 ], [ 115.180209382000044, -2.844098230999975 ], [ 115.1801939610001, -2.844118571999957 ], [ 115.180158921000043, -2.844115046999946 ], [ 115.178910487000053, -2.84545632499993 ], [ 115.17626465, -2.848298900999964 ], [ 115.175143322000054, -2.849503609999942 ], [ 115.173140506000095, -2.851655324999967 ], [ 115.171625325000036, -2.853283142999942 ], [ 115.171638679000012, -2.853289077999932 ], [ 115.171424931000047, -2.853519952999932 ], [ 115.17088998700001, -2.854479184999946 ], [ 115.170876333000024, -2.854474835999952 ], [ 115.169704078000109, -2.854106681999951 ], [ 115.169601993000015, -2.854074621999928 ], [ 115.168634325000085, -2.853760181999974 ], [ 115.167859948000114, -2.85350748999997 ], [ 115.167731212000035, -2.853465480999944 ], [ 115.167354121000017, -2.853347443999951 ], [ 115.167033773000071, -2.853247168999928 ], [ 115.166789535000021, -2.853170717999944 ], [ 115.166511601000025, -2.85307587899996 ], [ 115.166027661000044, -2.852910743999928 ], [ 115.164645551000035, -2.852480312999944 ], [ 115.164498327000047, -2.852434462999952 ], [ 115.162861519000103, -2.851909126999942 ], [ 115.162823341000035, -2.851896451999949 ], [ 115.160641684000097, -2.85117213999996 ], [ 115.160608094000054, -2.851162949999946 ], [ 115.158815989000118, -2.850672632999931 ], [ 115.158726185000091, -2.850643283999943 ], [ 115.157238873000097, -2.850157205999949 ], [ 115.155988124000032, -2.849792691999937 ], [ 115.155497674000117, -2.849650715999928 ], [ 115.154560982000021, -2.849379559999932 ], [ 115.153996999000015, -2.849175597999931 ], [ 115.153325812000048, -2.848932864999938 ], [ 115.152888261000044, -2.848842619999971 ], [ 115.152269204000049, -2.848639735999939 ], [ 115.151964721000013, -2.848539947999939 ], [ 115.150472382000089, -2.848068958999932 ], [ 115.150409256000103, -2.848049035999964 ], [ 115.149258885000108, -2.847672737999972 ], [ 115.148855510000089, -2.847533748999979 ], [ 115.14760655200007, -2.847156435999977 ], [ 115.146742785000015, -2.846897024999976 ], [ 115.14634391300001, -2.846693676999962 ], [ 115.145704278000039, -2.846367585999928 ], [ 115.144775731000095, -2.845911849999936 ], [ 115.144182000000114, -2.845677825999928 ], [ 115.143439820000026, -2.845396949999952 ], [ 115.142623526000079, -2.845022727999947 ], [ 115.14253528200004, -2.844978473999959 ], [ 115.142016270000113, -2.84471819099997 ], [ 115.14112719000002, -2.844315440999935 ], [ 115.140792169000065, -2.844219709999948 ], [ 115.140261196000097, -2.844074820999936 ], [ 115.140198869000074, -2.844054943999936 ], [ 115.14003608500002, -2.844003028999964 ] ] ] } },
{ "type": "Feature", "properties": { "district_id": "63.06.10", "district_name": "Loksado", "village_count": 11, "area_ha_source": 31375.156762439998, "regency_name": "Hulu Sungai Selatan", "province_name": "Kalimantan Selatan" }, "geometry": { "type": "Polygon", "coordinates": [ [ [ 115.45665585200004, -2.87419996899996 ], [ 115.455755086000067, -2.875564459999964 ], [ 115.453566044000013, -2.878880447999961 ], [ 115.451483167000106, -2.88264886099995 ], [ 115.449789438000039, -2.884030240999948 ], [ 115.448271163000072, -2.885782650999943 ], [ 115.446615482000084, -2.887290685999972 ], [ 115.445143030000054, -2.888618092999934 ], [ 115.442968662000112, -2.889148680999938 ], [ 115.44167931700008, -2.888323924999952 ], [ 115.440235534000067, -2.886560758999963 ], [ 115.440107571000112, -2.886404487999926 ], [ 115.439134086000081, -2.884738598999945 ], [ 115.438780010000073, -2.884132682999962 ], [ 115.437414505000106, -2.883922793999943 ], [ 115.436529256000085, -2.884536353999977 ], [ 115.432661349000114, -2.887217172999954 ], [ 115.430967530000089, -2.88803779899996 ], [ 115.429266109000082, -2.888252485999942 ], [ 115.427602836, -2.888729487999967 ], [ 115.427041136000071, -2.888995455999975 ], [ 115.425146240000117, -2.889892700999951 ], [ 115.424384365000037, -2.889991118999944 ], [ 115.42391796000004, -2.890053773999966 ], [ 115.421987632000082, -2.890141515999971 ], [ 115.418714590000036, -2.88960336599996 ], [ 115.418002546000025, -2.889772918999938 ], [ 115.417242069000054, -2.889954005999925 ], [ 115.41625023600011, -2.891698034999933 ], [ 115.415609326000094, -2.892131229999961 ], [ 115.413862159000018, -2.89249956499998 ], [ 115.412847562000024, -2.89241674699997 ], [ 115.411855721000052, -2.892343002999951 ], [ 115.410172027000044, -2.891942714999971 ], [ 115.409810949000075, -2.891860814999973 ], [ 115.407796815000097, -2.891179707999925 ], [ 115.405561253000087, -2.890254109999944 ], [ 115.403745666000077, -2.889907889999961 ], [ 115.399450251000076, -2.889856596999948 ], [ 115.397771621000061, -2.889465345999952 ], [ 115.396810605000042, -2.888995455999975 ], [ 115.395879560000026, -2.888540220999971 ], [ 115.395550974000116, -2.888141839999946 ], [ 115.394651076000059, -2.887055338999971 ], [ 115.392629340000099, -2.885605504999944 ], [ 115.391057867000086, -2.885377183999935 ], [ 115.390857037000046, -2.885380393999981 ], [ 115.386380895000116, -2.885451916999955 ], [ 115.385221295000065, -2.884564001999934 ], [ 115.383809633000055, -2.882237812999961 ], [ 115.382622004000041, -2.881800022999926 ], [ 115.382648095000036, -2.881758928999943 ], [ 115.382696864000081, -2.881682121999972 ], [ 115.383351379000032, -2.879195741999979 ], [ 115.383437510000022, -2.878868543999943 ], [ 115.38247444000001, -2.876535257999933 ], [ 115.380403074000014, -2.87151683999997 ], [ 115.380133762000014, -2.870864354999981 ], [ 115.380446175000088, -2.868234804999929 ], [ 115.380250881000052, -2.866161123999973 ], [ 115.37642981700003, -2.85934132899996 ], [ 115.374546678000115, -2.857638924999947 ], [ 115.374296215000072, -2.857412498999963 ], [ 115.367817499000012, -2.85466271599995 ], [ 115.367394834000038, -2.853381724999963 ], [ 115.366542603000084, -2.85079881799993 ], [ 115.36543357000005, -2.847437612999954 ], [ 115.363508205000016, -2.846038138999972 ], [ 115.358154816000024, -2.838552900999957 ], [ 115.35799957800009, -2.838335842999925 ], [ 115.357932755000093, -2.838242408999974 ], [ 115.358070521000059, -2.837011633999964 ], [ 115.358707463000087, -2.831321168999978 ], [ 115.359600330000035, -2.829412941999976 ], [ 115.361053724000044, -2.826544504999958 ], [ 115.361951925000085, -2.824771792999968 ], [ 115.362278008000089, -2.824253610999961 ], [ 115.364871994000055, -2.820131430999936 ], [ 115.365593054000101, -2.818516862999957 ], [ 115.365854333000016, -2.817931816999931 ], [ 115.366083848000017, -2.817417895999938 ], [ 115.367211231000056, -2.813944753999976 ], [ 115.368446100000028, -2.810140480999962 ], [ 115.368712798000047, -2.809318840999936 ], [ 115.369723615000112, -2.806204743999956 ], [ 115.372678707000091, -2.798907129999975 ], [ 115.372701636000102, -2.798850505999951 ], [ 115.373658663000015, -2.796487122999963 ], [ 115.374928870000076, -2.793350270999952 ], [ 115.378782507000096, -2.782942262999939 ], [ 115.380150554000011, -2.782961347999958 ], [ 115.383935559000065, -2.783014143999935 ], [ 115.386922555000069, -2.783055800999932 ], [ 115.388179306000097, -2.783073323999929 ], [ 115.391413570000054, -2.783118416999969 ], [ 115.402353874000028, -2.783270883999933 ], [ 115.405642291000049, -2.783034330999953 ], [ 115.406374766000113, -2.782981637999967 ], [ 115.414454077000073, -2.782400404999976 ], [ 115.418719804000034, -2.780905589999975 ], [ 115.420942715000024, -2.779985200999931 ], [ 115.424052406000101, -2.778697627999975 ], [ 115.426135648000013, -2.778186951999942 ], [ 115.428496553000059, -2.777608205999968 ], [ 115.428695980000043, -2.777491890999954 ], [ 115.429458151000063, -2.77719671899996 ], [ 115.42954669300002, -2.777162429999976 ], [ 115.429633573000046, -2.777128782999966 ], [ 115.429701149000039, -2.777124251999965 ], [ 115.4299095020001, -2.77702192199996 ], [ 115.431188630000065, -2.776393696999946 ], [ 115.431768731000034, -2.775969416999942 ], [ 115.43272985100009, -2.775617991999979 ], [ 115.4337870600001, -2.775520234999931 ], [ 115.433790413000111, -2.775519924999969 ], [ 115.434561648000113, -2.776161687999945 ], [ 115.434606836000057, -2.776199289999965 ], [ 115.434658397000021, -2.776393595999934 ], [ 115.435044258000062, -2.777847710999936 ], [ 115.435293429000012, -2.778786707999927 ], [ 115.435716155000023, -2.779246345999979 ], [ 115.435958402000097, -2.779509746999963 ], [ 115.436316746000102, -2.77989938199994 ], [ 115.436359366000033, -2.779945723999958 ], [ 115.437269533000062, -2.78094174499995 ], [ 115.437641497000072, -2.781195718999925 ], [ 115.438543557000116, -2.781811638999955 ], [ 115.439211310000019, -2.782024260999947 ], [ 115.43967016900001, -2.782170367999925 ], [ 115.440882500000043, -2.782556388999978 ], [ 115.44199453300007, -2.781619651999961 ], [ 115.442135452000116, -2.781456408999929 ], [ 115.442159754000045, -2.781428257999949 ], [ 115.442733058000044, -2.780764132999934 ], [ 115.443237765000049, -2.780560051999942 ], [ 115.44345132, -2.780473699999959 ], [ 115.443525746000091, -2.780443604999959 ], [ 115.44376818100011, -2.78027476099993 ], [ 115.444848451000098, -2.779522407999934 ], [ 115.445191035000107, -2.779258922999929 ], [ 115.445211715000028, -2.779243017999931 ], [ 115.445798948000061, -2.778527991999965 ], [ 115.446004138000035, -2.778278148999959 ], [ 115.446085285000095, -2.778179342999977 ], [ 115.446299117000081, -2.777918977999946 ], [ 115.446353713, -2.777847710999936 ], [ 115.4473685480001, -2.776522993999947 ], [ 115.447462725000037, -2.776380890999974 ], [ 115.447942970000099, -2.77565625099993 ], [ 115.448483453000108, -2.774289929999952 ], [ 115.448568705000071, -2.774074414999973 ], [ 115.448669353000014, -2.773950402999958 ], [ 115.449353190000011, -2.773107824999954 ], [ 115.4496808990001, -2.772704043999966 ], [ 115.449697848000028, -2.772683159999929 ], [ 115.44977524300009, -2.772521763999976 ], [ 115.450590667000029, -2.770821314999978 ], [ 115.450575277000098, -2.769039668999937 ], [ 115.45045213100002, -2.767839007999953 ], [ 115.450407363000068, -2.76740252299993 ], [ 115.450632084000063, -2.766829324999946 ], [ 115.450720055000033, -2.766604935999965 ], [ 115.45085735400005, -2.766254727999979 ], [ 115.450857423000116, -2.766254551999964 ], [ 115.451298021000071, -2.765916542999946 ], [ 115.452246109000043, -2.765189206999935 ], [ 115.453367897000021, -2.764766581999936 ], [ 115.453755130000104, -2.764620694999962 ], [ 115.454542633000074, -2.764324009999939 ], [ 115.454556179000065, -2.764315709999948 ], [ 115.454574504000107, -2.764304482999933 ], [ 115.4560303290001, -2.763412529999925 ], [ 115.457042384000033, -2.762763179999979 ], [ 115.45704271000011, -2.762762970999972 ], [ 115.457062483000072, -2.762750283999935 ], [ 115.457652539000037, -2.762371695999946 ], [ 115.457830875000013, -2.762257272999932 ], [ 115.458242472000052, -2.761844243999974 ], [ 115.45943301200009, -2.76064956099998 ], [ 115.460016934, -2.759716981999929 ], [ 115.46044014600011, -2.759041070999956 ], [ 115.460535905000029, -2.758696421999957 ], [ 115.461042994000081, -2.756871334999971 ], [ 115.461059609000017, -2.756675248999954 ], [ 115.461180211000055, -2.755251954999949 ], [ 115.461210800000117, -2.754890951999926 ], [ 115.461211904000038, -2.75488403199995 ], [ 115.461426387000074, -2.753539186999944 ], [ 115.461500654000019, -2.75307351899994 ], [ 115.462353938000092, -2.751921103999962 ], [ 115.462370344000078, -2.751898946999972 ], [ 115.463232557000083, -2.751294126999937 ], [ 115.464005041000064, -2.751226668999948 ], [ 115.464562410000099, -2.751177995999967 ], [ 115.46486539700004, -2.751151537999931 ], [ 115.465948762000039, -2.751017280999974 ], [ 115.466668587000072, -2.750231863999943 ], [ 115.466726967000113, -2.750168163999945 ], [ 115.468435855000052, -2.748135499999933 ], [ 115.46886095800005, -2.747665251999933 ], [ 115.469015649000085, -2.747494132999975 ], [ 115.469039421000048, -2.747452700999929 ], [ 115.469549717000064, -2.74656330199997 ], [ 115.4699464790001, -2.745749863999947 ], [ 115.471699723000029, -2.744786592999958 ], [ 115.472853223000016, -2.74415283299993 ], [ 115.473880978000011, -2.74275942099996 ], [ 115.474432662000027, -2.742011456999933 ], [ 115.47590509600002, -2.740692932999934 ], [ 115.478803129000084, -2.735093221999932 ], [ 115.480210991000035, -2.732372884999961 ], [ 115.4809099470001, -2.731022330999963 ], [ 115.481616066000015, -2.730214635999971 ], [ 115.482481609000047, -2.72922458499994 ], [ 115.484402548000048, -2.728602988999967 ], [ 115.485343123, -2.728135608999935 ], [ 115.485397017000082, -2.728155897999955 ], [ 115.485716929000091, -2.728276333999929 ], [ 115.486109894000037, -2.728424270999938 ], [ 115.488423603000115, -2.733763127999964 ], [ 115.491916667000055, -2.735444443999938 ], [ 115.493388889000016, -2.733111110999971 ], [ 115.496055556000101, -2.731333332999952 ], [ 115.502333333000024, -2.727583332999927 ], [ 115.504888889000085, -2.728944443999978 ], [ 115.53336691700008, -2.72981888299995 ], [ 115.547702618000017, -2.729165277999925 ], [ 115.547750836000091, -2.729163079999978 ], [ 115.547758254000087, -2.729162741999971 ], [ 115.547759270000029, -2.729162695999946 ], [ 115.547760580000045, -2.729162635999955 ], [ 115.547797599000091, -2.729160947999958 ], [ 115.554458203000081, -2.72446601799993 ], [ 115.565017292000107, -2.720553496999969 ], [ 115.565091813000095, -2.720445855999969 ], [ 115.569083877000025, -2.714679568999941 ], [ 115.573676963000025, -2.71206217799994 ], [ 115.573676997, -2.712062164999963 ], [ 115.574097544000097, -2.711906518999967 ], [ 115.575065446000053, -2.711548295999933 ], [ 115.580192472000022, -2.71163575199995 ], [ 115.584113863000084, -2.712110674999963 ], [ 115.586723320000033, -2.713018175999935 ], [ 115.58807372800004, -2.713589555999931 ], [ 115.591499354, -2.71575517499997 ], [ 115.597942712000076, -2.72126448399996 ], [ 115.597817648000046, -2.721494285999938 ], [ 115.597686995000117, -2.721734356999946 ], [ 115.596981288000052, -2.723031076999973 ], [ 115.596728749000022, -2.723495110999977 ], [ 115.596534063000036, -2.723852840999939 ], [ 115.596303393000085, -2.724276690999943 ], [ 115.596023494000065, -2.726450763999935 ], [ 115.595768031000034, -2.728435026999932 ], [ 115.595599753000101, -2.729742097999974 ], [ 115.595469162000086, -2.730756432999954 ], [ 115.59541514700004, -2.731175988999951 ], [ 115.595291960000054, -2.732132813999954 ], [ 115.595240765000085, -2.732530457999928 ], [ 115.595044834000078, -2.734052304999977 ], [ 115.594736158000046, -2.736449876999927 ], [ 115.594543184000031, -2.737758022999969 ], [ 115.594528646000072, -2.737856571999941 ], [ 115.593837546000032, -2.742541438999979 ], [ 115.593752485000095, -2.743118050999954 ], [ 115.593657736000068, -2.743760337999959 ], [ 115.593353252000043, -2.745824381999967 ], [ 115.59325375200001, -2.746498870999972 ], [ 115.593183788000033, -2.74697314399998 ], [ 115.593170658000076, -2.747062145999962 ], [ 115.59271435200003, -2.750335704999941 ], [ 115.592649764000043, -2.750799058999974 ], [ 115.592586745000062, -2.751251156999956 ], [ 115.592419126000095, -2.752453657999979 ], [ 115.592341288000057, -2.753012066999929 ], [ 115.592272661000038, -2.753504397999961 ], [ 115.592145195000057, -2.754418842999939 ], [ 115.592065501000093, -2.754707559999929 ], [ 115.592047504000107, -2.754772758999934 ], [ 115.591994960000079, -2.754963115999942 ], [ 115.591886922000072, -2.755354517999933 ], [ 115.591595657000084, -2.756409719999965 ], [ 115.591545493000012, -2.756591452999942 ], [ 115.591474041000083, -2.756850309999948 ], [ 115.590472555000019, -2.758536177999929 ], [ 115.590217467000116, -2.759000426999933 ], [ 115.589907756000116, -2.75956408899998 ], [ 115.589574957000082, -2.760169768999958 ], [ 115.589449037, -2.761049668999931 ], [ 115.589394894000066, -2.761428002999935 ], [ 115.589193866000073, -2.762832739999965 ], [ 115.588887555000042, -2.765076996999937 ], [ 115.588630642000112, -2.766746023999929 ], [ 115.588568334000115, -2.76715080799994 ], [ 115.588309190000018, -2.767602704999945 ], [ 115.587587526000107, -2.768861151999943 ], [ 115.586521104000099, -2.770999449999977 ], [ 115.586328005000041, -2.771386636999978 ], [ 115.585870408, -2.773027875999958 ], [ 115.585639693000076, -2.773855372999947 ], [ 115.58486645000005, -2.776590154999951 ], [ 115.584779349000087, -2.77689821599995 ], [ 115.584621614000071, -2.778310278999925 ], [ 115.58443296300004, -2.779999106999981 ], [ 115.58424177400002, -2.781140705999974 ], [ 115.584232766000014, -2.781194493999976 ], [ 115.584164435000048, -2.781602500999952 ], [ 115.584153259000118, -2.781669234999924 ], [ 115.583612571000117, -2.784897711999974 ], [ 115.583572999000012, -2.785133995999956 ], [ 115.582544520000056, -2.787039194999977 ], [ 115.582299288000058, -2.787493472999927 ], [ 115.581072279000068, -2.789492743999972 ], [ 115.579999388000033, -2.79113661599996 ], [ 115.578986313000087, -2.792511348999938 ], [ 115.57815190000008, -2.793736735999971 ], [ 115.577222662000054, -2.794538002999957 ], [ 115.576454512000055, -2.79520036699995 ], [ 115.574667806000093, -2.796723709999981 ], [ 115.57234126100002, -2.798026565999976 ], [ 115.57166182200001, -2.802017848999981 ], [ 115.571445046, -2.804128486999957 ], [ 115.571360787000117, -2.80494886799994 ], [ 115.571293997000112, -2.805938834999949 ], [ 115.571195185000079, -2.80740345199996 ], [ 115.570472675000019, -2.810476888999972 ], [ 115.570377828, -2.81088035199997 ], [ 115.569579589000114, -2.814275925999937 ], [ 115.569460604000028, -2.814782071999957 ], [ 115.567948991000094, -2.817003328999931 ], [ 115.566668664000076, -2.818884719999971 ], [ 115.565584945000069, -2.820549780999954 ], [ 115.565015670000093, -2.821424432999947 ], [ 115.564609916000109, -2.822230089999948 ], [ 115.564519450000034, -2.82240971799996 ], [ 115.564080802000035, -2.822906204999924 ], [ 115.563661547000038, -2.823346693999952 ], [ 115.563099545000114, -2.823633150999967 ], [ 115.562432984000111, -2.823795043999951 ], [ 115.561975942000117, -2.82388062299998 ], [ 115.560902448000093, -2.824291345999939 ], [ 115.559949, -2.825160718999939 ], [ 115.559799321000014, -2.825304586999948 ], [ 115.55958986600001, -2.825680820999935 ], [ 115.559533403000046, -2.825781160999952 ], [ 115.55934137700001, -2.826122406999957 ], [ 115.559094707000099, -2.826493270999947 ], [ 115.55906355500008, -2.826585460999979 ], [ 115.558710848000032, -2.827130435999948 ], [ 115.55790550200004, -2.828514664999943 ], [ 115.557696261000046, -2.828874308999957 ], [ 115.557469297000011, -2.829264413999965 ], [ 115.557068393, -2.829767016999938 ], [ 115.556973023000069, -2.829886577999957 ], [ 115.556657895000058, -2.830281645999946 ], [ 115.556298144000039, -2.830661159999977 ], [ 115.556030075000081, -2.83093003099998 ], [ 115.555976212000019, -2.830968306999978 ], [ 115.555742064000015, -2.831134692999967 ], [ 115.555741389000104, -2.831135 ], [ 115.555741388000115, -2.831135042999961 ], [ 115.555741278000028, -2.831134980999934 ], [ 115.555740888000059, -2.831134912999971 ], [ 115.552718974000072, -2.830190715999947 ], [ 115.552244230000042, -2.830174047999947 ], [ 115.551774209000087, -2.830157544999963 ], [ 115.550775511000097, -2.830122479999943 ], [ 115.550621731000092, -2.830129368999962 ], [ 115.550490302000071, -2.830135255999949 ], [ 115.548940923000032, -2.830204659999936 ], [ 115.548805392000077, -2.830210730999966 ], [ 115.547417820000078, -2.830390761999979 ], [ 115.546871405000047, -2.830461656999944 ], [ 115.546579395000094, -2.830499543999963 ], [ 115.544657179000069, -2.831971320999969 ], [ 115.543180360000065, -2.833376525999938 ], [ 115.542994344000022, -2.833553521999931 ], [ 115.542380719000107, -2.83490758399995 ], [ 115.542286244000024, -2.835116058999972 ], [ 115.54235755000002, -2.836102695999955 ], [ 115.542388962000018, -2.836537327999963 ], [ 115.542392250000034, -2.836582825999926 ], [ 115.542409843000087, -2.83682625199998 ], [ 115.542376665, -2.838585830999932 ], [ 115.542369055000108, -2.838989415999947 ], [ 115.542347953000103, -2.839530771999932 ], [ 115.542337434000046, -2.839800631999935 ], [ 115.541992650000111, -2.840386613999954 ], [ 115.54183760300009, -2.840694432999953 ], [ 115.541714702000036, -2.840938431999973 ], [ 115.541413502000069, -2.841859729999953 ], [ 115.541209484000092, -2.842976146999945 ], [ 115.541106395000043, -2.84354026799997 ], [ 115.541077726000026, -2.843697149999969 ], [ 115.541076282000063, -2.844845757999963 ], [ 115.540883845000053, -2.846472709999944 ], [ 115.540183708000086, -2.847135650999974 ], [ 115.539886086000024, -2.847417460999964 ], [ 115.539829399000041, -2.847471136999957 ], [ 115.539785410000036, -2.84751278899995 ], [ 115.539337866000096, -2.847936555999979 ], [ 115.538215957000034, -2.848383660999957 ], [ 115.537044415000082, -2.849323580999965 ], [ 115.537034099000039, -2.849331856999925 ], [ 115.536786574000075, -2.849530443999925 ], [ 115.536214432000065, -2.850295451999955 ], [ 115.535439673000042, -2.851311280999937 ], [ 115.534925513000076, -2.851985424999953 ], [ 115.534315603000096, -2.852677397999969 ], [ 115.533802509000111, -2.853259527999967 ], [ 115.533242180000116, -2.853974250999954 ], [ 115.533156833000021, -2.85408311499998 ], [ 115.533001489000071, -2.854313031999936 ], [ 115.532592192000038, -2.854918812999927 ], [ 115.532585930000096, -2.854928080999969 ], [ 115.532365137000056, -2.855162503999964 ], [ 115.531810232000112, -2.855751660999942 ], [ 115.531647214000031, -2.855924740999967 ], [ 115.530866825000089, -2.856585119999977 ], [ 115.530152003000012, -2.857254219999959 ], [ 115.529973808000022, -2.857511644999931 ], [ 115.529001038000047, -2.858916931999943 ], [ 115.528399700000023, -2.859785640999974 ], [ 115.527362077000021, -2.861284617999956 ], [ 115.527265388000046, -2.861424296999928 ], [ 115.52653569600011, -2.862478427999974 ], [ 115.526298116000021, -2.862821641999972 ], [ 115.525943017000031, -2.864206688999957 ], [ 115.525509479000107, -2.865897683999947 ], [ 115.525460479000117, -2.866088805999937 ], [ 115.525341377000018, -2.866553358999965 ], [ 115.525182154000049, -2.867411682999943 ], [ 115.525081238000098, -2.867955689999974 ], [ 115.525025432, -2.868256522999957 ], [ 115.524926264000101, -2.868791107999925 ], [ 115.524862082000027, -2.86913709099997 ], [ 115.524382865, -2.870116340999971 ], [ 115.523672508000118, -2.871567911999932 ], [ 115.522901672000103, -2.872236566999959 ], [ 115.522810871000047, -2.872315331999971 ], [ 115.522125417000098, -2.872909922999952 ], [ 115.521172067000066, -2.87351702999996 ], [ 115.520606300000054, -2.873726816999977 ], [ 115.51984879400004, -2.874007700999925 ], [ 115.519020001000058, -2.874456487999964 ], [ 115.518600739000021, -2.874762233999945 ], [ 115.518330264000042, -2.874996553999949 ], [ 115.518297529000051, -2.875045095999951 ], [ 115.518188768000073, -2.875206377999973 ], [ 115.517055257000038, -2.876887250999971 ], [ 115.517001355000048, -2.87696718199993 ], [ 115.516372481000076, -2.877899733999925 ], [ 115.516044439000098, -2.878386184999954 ], [ 115.515934792000053, -2.878560775999972 ], [ 115.515062536000073, -2.879949661999945 ], [ 115.514999071000034, -2.880050716999961 ], [ 115.514828166000029, -2.880322847999935 ], [ 115.514499334000107, -2.881078644999945 ], [ 115.513878341, -2.882505956999978 ], [ 115.513610769000024, -2.883120951999956 ], [ 115.513101792000043, -2.883886407999967 ], [ 115.513084881000054, -2.883911840999929 ], [ 115.512919521000072, -2.884160527999938 ], [ 115.512840182000105, -2.884279846999959 ], [ 115.512422135000065, -2.884908551999956 ], [ 115.51238726400004, -2.884960993999925 ], [ 115.512323085000048, -2.885057513999925 ], [ 115.512079400000061, -2.885158026999932 ], [ 115.511930801000062, -2.885219319999976 ], [ 115.511579761, -2.88536411399997 ], [ 115.511154379000118, -2.885539571999971 ], [ 115.509894241000097, -2.886059337999939 ], [ 115.508321376000026, -2.886332400999947 ], [ 115.507894971000042, -2.886406428999976 ], [ 115.507704914000101, -2.886455475999981 ], [ 115.507660350000037, -2.886466975999952 ], [ 115.507599759000072, -2.886482611999952 ], [ 115.506980826000017, -2.886596654999948 ], [ 115.506109819000017, -2.886665325999957 ], [ 115.506108889000075, -2.886665277999953 ], [ 115.506108702, -2.886664841999959 ], [ 115.506108163000022, -2.886663601999942 ], [ 115.505988423000076, -2.886371131999965 ], [ 115.504814776000103, -2.883504443999925 ], [ 115.504566476000036, -2.88330994599994 ], [ 115.502852377000067, -2.881967262999979 ], [ 115.500251222000088, -2.880958924999959 ], [ 115.500113393000106, -2.880905495999968 ], [ 115.499983780000093, -2.880498344999978 ], [ 115.499533720000045, -2.880307825999978 ], [ 115.497817029000089, -2.879925705999938 ], [ 115.495466984000018, -2.879587963999938 ], [ 115.493452980000029, -2.879576245999942 ], [ 115.491438659000096, -2.879166590999944 ], [ 115.489096554000071, -2.878783627999951 ], [ 115.488752789000046, -2.878652981999949 ], [ 115.487257739000029, -2.87808479499995 ], [ 115.485754759000088, -2.877440671999977 ], [ 115.483824477000098, -2.87640708899994 ], [ 115.481833228000028, -2.875355334999938 ], [ 115.479954419000023, -2.873841929999969 ], [ 115.479887640000015, -2.873788138999942 ], [ 115.478392478000046, -2.872981230999926 ], [ 115.476439107000033, -2.87347602799997 ], [ 115.474440327000025, -2.874721400999931 ], [ 115.474378401000081, -2.874725214999955 ], [ 115.473141788000021, -2.874801383999966 ], [ 115.472715996000034, -2.874827610999944 ], [ 115.472623788000078, -2.874794772999962 ], [ 115.470726870000021, -2.874119213999961 ], [ 115.470549279000011, -2.874055967999936 ], [ 115.468740992000107, -2.87346568199996 ], [ 115.46690224200006, -2.872956747999979 ], [ 115.464361738000093, -2.872573476999946 ], [ 115.462011898000014, -2.872127153999941 ], [ 115.460502676000033, -2.872403993999967 ], [ 115.459417969000015, -2.872602963999952 ], [ 115.457861414000035, -2.873161568999933 ], [ 115.45665585200004, -2.87419996899996 ] ] ] } },
{ "type": "Feature", "properties": { "district_id": "63.06.11", "district_name": "Daha Barat", "village_count": 7, "area_ha_source": 18033.430791856001, "regency_name": "Hulu Sungai Selatan", "province_name": "Kalimantan Selatan" }, "geometry": { "type": "Polygon", "coordinates": [ [ [ 115.025989697000114, -2.745421283999974 ], [ 115.01905510000006, -2.746570174999931 ], [ 115.013092868000058, -2.747204304999968 ], [ 115.0109793150001, -2.749171236999928 ], [ 115.009955132000073, -2.75195230099996 ], [ 115.007799526000099, -2.75780562999995 ], [ 115.00452663100009, -2.763025644999971 ], [ 115.004406895000102, -2.763239359999943 ], [ 115.003632933000063, -2.76263533499997 ], [ 114.999978288000079, -2.758831690999955 ], [ 114.9999479170001, -2.758677932999944 ], [ 114.999535842000114, -2.758261323999932 ], [ 114.998093992, -2.757146772999931 ], [ 114.997147895000012, -2.755978810999977 ], [ 114.996216934000017, -2.754666209999925 ], [ 114.995003923000013, -2.752982429999975 ], [ 114.993729833000089, -2.751027300999965 ], [ 114.993209209000042, -2.750330220999956 ], [ 114.992639442000041, -2.749928284999953 ], [ 114.99263106300009, -2.749922373999937 ], [ 114.987500534000105, -2.741502828999955 ], [ 114.986707350000074, -2.740201156999944 ], [ 114.986266091000061, -2.739477018999935 ], [ 114.986054796000076, -2.739298178999945 ], [ 114.985875, -2.739146 ], [ 114.983782, -2.738018 ], [ 114.983779261000109, -2.738012280999953 ], [ 114.981934, -2.734159 ], [ 114.981900573000075, -2.734148230999949 ], [ 114.980606216000069, -2.733731229999933 ], [ 114.977124840000101, -2.723636958999975 ], [ 114.977124828000115, -2.723636924999937 ], [ 114.976972222000086, -2.723194443999944 ], [ 114.965960856000038, -2.704275122999945 ], [ 114.963666667000098, -2.700333332999946 ], [ 114.96081920000006, -2.695380288999957 ], [ 114.954686393000088, -2.684712539999964 ], [ 114.934794695000051, -2.650111801999969 ], [ 114.933836857000074, -2.648445683999967 ], [ 114.933829997000089, -2.64843375199996 ], [ 114.933829480000099, -2.648432912999965 ], [ 114.933826001000057, -2.648426876999963 ], [ 114.933825980000051, -2.648426840999946 ], [ 114.933824461000086, -2.648424205999959 ], [ 114.93372118100001, -2.648245019999933 ], [ 114.933677812000042, -2.648169775999975 ], [ 114.933417919000021, -2.647718873999963 ], [ 114.93338803600011, -2.647667028999933 ], [ 114.933170394000058, -2.647289428999954 ], [ 114.93308748600009, -2.647145586999955 ], [ 114.932885125000098, -2.646794500999931 ], [ 114.932829042000094, -2.646697199999949 ], [ 114.932670433000112, -2.646422019999932 ], [ 114.932596785000101, -2.646294242999943 ], [ 114.932556690000069, -2.646224680999978 ], [ 114.932324243000039, -2.645821395999974 ], [ 114.932275464000099, -2.64573676599997 ], [ 114.932115384000099, -2.645459033999941 ], [ 114.931843429000082, -2.64498720499995 ], [ 114.931623996000098, -2.644606497999973 ], [ 114.930795616000069, -2.643169296999929 ], [ 114.930754014000058, -2.643097119999936 ], [ 114.929860264000013, -2.641546503999962 ], [ 114.929666156000053, -2.641209735999951 ], [ 114.929467471000066, -2.640865026999961 ], [ 114.928978674000064, -2.640016986999967 ], [ 114.928966057000025, -2.63999509599995 ], [ 114.928807484000117, -2.639719979999938 ], [ 114.928787906000025, -2.63968601199997 ], [ 114.926968729, -2.636529822999933 ], [ 114.926105617000076, -2.635032361999947 ], [ 114.919254884000111, -2.623146651999946 ], [ 114.910333853000111, -2.607669069999929 ], [ 114.906777305000105, -2.601498621999951 ], [ 114.895886376000021, -2.582603355999936 ], [ 114.89591577200008, -2.582473360999927 ], [ 114.895915936000051, -2.582473295999932 ], [ 114.895701419000034, -2.582102358999975 ], [ 114.895977803000051, -2.582199024999966 ], [ 114.896187065000049, -2.582289920999926 ], [ 114.896200031000035, -2.582295552999938 ], [ 114.918224527, -2.591862065999976 ], [ 114.974735075000012, -2.616976141999942 ], [ 115.016503915000044, -2.634373939999932 ], [ 115.057345923000071, -2.651437769999973 ], [ 115.06452661700007, -2.654437730999973 ], [ 115.066908418000025, -2.655432794999967 ], [ 115.066068390000055, -2.657004085999972 ], [ 115.065663627000049, -2.65952946699997 ], [ 115.064911247000055, -2.662202097999966 ], [ 115.064827824000076, -2.663297627999953 ], [ 115.064747560000114, -2.66435163999995 ], [ 115.065465230000086, -2.666798175999929 ], [ 115.066691351000031, -2.668775244999949 ], [ 115.066841098000054, -2.66889632799996 ], [ 115.070320971000115, -2.671710092999945 ], [ 115.07023708700001, -2.67408818499996 ], [ 115.069842102000052, -2.674955865999948 ], [ 115.069405841000048, -2.675914207999938 ], [ 115.065674316000013, -2.678082772999971 ], [ 115.065393853000046, -2.678245759999925 ], [ 115.065328380000096, -2.678252240999939 ], [ 115.067345363000072, -2.680378089999977 ], [ 115.077975843000104, -2.691582291999964 ], [ 115.080790461000106, -2.694548785999928 ], [ 115.083893812000042, -2.697819583999944 ], [ 115.083941652000021, -2.697870003999981 ], [ 115.083885598000052, -2.69791208099997 ], [ 115.081783143000052, -2.709307510999963 ], [ 115.084339862000093, -2.717349970999976 ], [ 115.083426218000113, -2.723425150999958 ], [ 115.079802133000044, -2.728395483999975 ], [ 115.073520450000046, -2.728959553999971 ], [ 115.061899857000071, -2.735639353999943 ], [ 115.042357902000049, -2.743386810999937 ], [ 115.025989697000114, -2.745421283999974 ] ] ] } }
]
}
