{
"type": "FeatureCollection",
"name": "villages",
"crs": { "type": "name", "properties": { "name": "urn:ogc:def:crs:OGC:1.3:CRS84" } },
"features": [
{ "type": "Feature", "properties": { "village_id": "63.06.05.2016", "village_name": "Amawang Kanan", "admin_type": "Desa", "district_id": "63.06.05", "district_name": "Kandangan", "regency_code": "63.06", "regency_name": "Hulu Sungai Selatan", "province_name": "Kalimantan Selatan", "area_ha_source": 155.08245134399999, "boundary_basis": "Hasil Delineasi Batas Desa 2018", "metadata_source": "TASWIL1000020230928_DATA_BATAS_DESAKELURAHAN" }, "geometry": { "type": "Polygon", "coordinates": [ [ [ 115.257548803000077, -2.787353558999939 ], [ 115.257340497000087, -2.788877106999962 ], [ 115.257250555000041, -2.789281256999971 ], [ 115.257205418000012, -2.78959563199993 ], [ 115.257271833000118, -2.790000014999976 ], [ 115.257450161000065, -2.790247342999976 ], [ 115.25789666300011, -2.79040522899993 ], [ 115.258209375000092, -2.790405694999947 ], [ 115.25692127100001, -2.791757149999967 ], [ 115.256766427000116, -2.791919607999944 ], [ 115.254973495000058, -2.794621132999964 ], [ 115.254331255000011, -2.795588829999929 ], [ 115.253267204000053, -2.797192088999964 ], [ 115.253282330000047, -2.797191903999931 ], [ 115.251204949000112, -2.799645769999927 ], [ 115.251177885000061, -2.799677737999957 ], [ 115.249932763000061, -2.801148502999979 ], [ 115.247197311000036, -2.797694157999956 ], [ 115.245412849000104, -2.795759475999944 ], [ 115.244888266000089, -2.795244714999967 ], [ 115.244217450000065, -2.79458645699998 ], [ 115.243761974000108, -2.794139507999944 ], [ 115.242243952000081, -2.793328482999925 ], [ 115.241310738000038, -2.792180626999937 ], [ 115.240711687000044, -2.791443792999928 ], [ 115.240593696000019, -2.791298663999953 ], [ 115.239003210000078, -2.789655464999953 ], [ 115.239535903000046, -2.789154806999932 ], [ 115.239585766, -2.789182039999957 ], [ 115.241216350000059, -2.788599229999932 ], [ 115.242429503000039, -2.788494989999947 ], [ 115.242555217000017, -2.788484187999927 ], [ 115.243777069000089, -2.788778652999952 ], [ 115.245637934000115, -2.789268921999962 ], [ 115.247032331000014, -2.789731037999957 ], [ 115.247506465000015, -2.789888170999973 ], [ 115.247916597000085, -2.790024091999953 ], [ 115.247931067000081, -2.790028886999949 ], [ 115.247966246000033, -2.790034159999948 ], [ 115.247966890000043, -2.790034255999956 ], [ 115.249653966000096, -2.789957983999955 ], [ 115.250658631000078, -2.789833231999978 ], [ 115.251982575000056, -2.78966883399994 ], [ 115.252020951000077, -2.788878684999929 ], [ 115.252033377000089, -2.788622836999934 ], [ 115.251992338000036, -2.788507248999963 ], [ 115.253500866000081, -2.787696750999942 ], [ 115.254352973000096, -2.787238929999944 ], [ 115.257548803000077, -2.787353558999939 ] ] ] } },
{ "type": "Feature", "properties": { "village_id": "63.06.05.2014", "village_name": "Amawang Kiri", "admin_type": "Desa", "district_id": "63.06.05", "district_name": "Kandangan", "regency_code": "63.06", "regency_name": "Hulu Sungai Selatan", "province_name": "Kalimantan Selatan", "area_ha_source": 559.65575380500002, "boundary_basis": "Hasil Delineasi Batas Desa 2018", "metadata_source": "TASWIL1000020230928_DATA_BATAS_DESAKELURAHAN" }, "geometry": { "type": "Polygon", "coordinates": [ [ [ 115.24803121900004, -2.770968961999927 ], [ 115.248266102000116, -2.771568228999968 ], [ 115.247423013000116, -2.771972658999971 ], [ 115.247560594000106, -2.772250373999952 ], [ 115.248897250000027, -2.773716691999937 ], [ 115.242849144000047, -2.771405221999942 ], [ 115.241597113000012, -2.771810474999938 ], [ 115.240519672, -2.772159214999931 ], [ 115.240757065000025, -2.773708939999949 ], [ 115.240733803000012, -2.773728372999926 ], [ 115.240139972000065, -2.774224473999936 ], [ 115.239922985000021, -2.774272981999957 ], [ 115.235818817000109, -2.77519046499998 ], [ 115.230276848000017, -2.772338153999954 ], [ 115.229150397000012, -2.771758395999939 ], [ 115.227417781000099, -2.770866653999974 ], [ 115.22451761700006, -2.768571674999976 ], [ 115.22452002600005, -2.766953460999957 ], [ 115.22442508000006, -2.766959621999945 ], [ 115.223998233000088, -2.760180390999949 ], [ 115.223843081000041, -2.757716321999965 ], [ 115.220268445000102, -2.757800811999971 ], [ 115.219285258000014, -2.757934121999938 ], [ 115.219330811000077, -2.757241501999943 ], [ 115.219819856000072, -2.749805434999928 ], [ 115.224909285000081, -2.749257728999964 ], [ 115.228891765000071, -2.749807628999974 ], [ 115.233077177000041, -2.751274782999928 ], [ 115.233708584000055, -2.751496115999942 ], [ 115.239211360000013, -2.754916374999937 ], [ 115.240766084000029, -2.756594415999928 ], [ 115.240809952000063, -2.756641762999948 ], [ 115.242010016000108, -2.757937010999967 ], [ 115.243187217000013, -2.76001568199996 ], [ 115.245497989000114, -2.76512353499993 ], [ 115.246030276000056, -2.766300127999955 ], [ 115.246420715000113, -2.768328183999927 ], [ 115.247500734000027, -2.76961550599998 ], [ 115.24803121900004, -2.770968961999927 ] ] ] } },
{ "type": "Feature", "properties": { "village_id": "63.06.05.2015", "village_name": "Amawang Kiri Muka", "admin_type": "Desa", "district_id": "63.06.05", "district_name": "Kandangan", "regency_code": "63.06", "regency_name": "Hulu Sungai Selatan", "province_name": "Kalimantan Selatan", "area_ha_source": 133.54959045699999, "boundary_basis": "Hasil Delineasi Batas Desa 2018", "metadata_source": "TASWIL1000020230928_DATA_BATAS_DESAKELURAHAN" }, "geometry": { "type": "Polygon", "coordinates": [ [ [ 115.263359853000111, -2.785838860999945 ], [ 115.263039074000062, -2.787021374999938 ], [ 115.263023389000068, -2.787018567999951 ], [ 115.262659451000104, -2.786953431999962 ], [ 115.261855299000104, -2.786974698999927 ], [ 115.261385769000071, -2.787288444999945 ], [ 115.261228654000092, -2.787804797999968 ], [ 115.261049598000113, -2.788051594999956 ], [ 115.260558159000084, -2.788073324999971 ], [ 115.260382830000026, -2.787999751999962 ], [ 115.259772292000093, -2.787743553999974 ], [ 115.258963858000016, -2.787404310999932 ], [ 115.257548803000077, -2.787353558999939 ], [ 115.254352973000096, -2.787238929999944 ], [ 115.253500866000081, -2.787696750999942 ], [ 115.251992338000036, -2.788507248999963 ], [ 115.251746138000044, -2.788346943999954 ], [ 115.25162500700003, -2.788230596999938 ], [ 115.251625212000022, -2.788091841999972 ], [ 115.250995270000089, -2.782488665999949 ], [ 115.250959593000061, -2.782292645999974 ], [ 115.250882889000081, -2.781871218999925 ], [ 115.250851563000083, -2.781699104999973 ], [ 115.250692866, -2.780827191999947 ], [ 115.249936547000061, -2.776671811999961 ], [ 115.249523779000015, -2.774403996999979 ], [ 115.248897250000027, -2.773716691999937 ], [ 115.247560594000106, -2.772250373999952 ], [ 115.247423013000116, -2.771972658999971 ], [ 115.248266102000116, -2.771568228999968 ], [ 115.24803121900004, -2.770968961999927 ], [ 115.249599044000092, -2.770901744999946 ], [ 115.249600950000058, -2.770927897999968 ], [ 115.249678009000036, -2.771985293999933 ], [ 115.250226130000101, -2.772690644999955 ], [ 115.252296304000083, -2.77498822299998 ], [ 115.252505732000031, -2.775173837999944 ], [ 115.253544493000049, -2.776094485999977 ], [ 115.254359278000038, -2.776162390999957 ], [ 115.255172840000114, -2.776230193999936 ], [ 115.256517811000094, -2.775908482999967 ], [ 115.256990835000011, -2.776175765999938 ], [ 115.257046779, -2.776766137999971 ], [ 115.256891736000057, -2.77690328999995 ], [ 115.256402097000091, -2.777336428999945 ], [ 115.256098162000058, -2.777983390999964 ], [ 115.256703378000111, -2.77849841099993 ], [ 115.256825755000023, -2.778984152999953 ], [ 115.256946818000074, -2.779866088999938 ], [ 115.257050590000063, -2.780622060999974 ], [ 115.257323904000032, -2.780963638999935 ], [ 115.257920084000034, -2.781708721999962 ], [ 115.258658362, -2.781881191999958 ], [ 115.259080691, -2.78238056899994 ], [ 115.259754792000081, -2.783177647999935 ], [ 115.260567526000045, -2.783372084999939 ], [ 115.260795948, -2.783426731999953 ], [ 115.261230377000061, -2.784189040999934 ], [ 115.261835961000088, -2.784456520999925 ], [ 115.262176153000041, -2.784914024999978 ], [ 115.263359853000111, -2.785838860999945 ] ] ] } },
{ "type": "Feature", "properties": { "village_id": "63.06.03.2004", "village_name": "Ambutun", "admin_type": "Desa", "district_id": "63.06.03", "district_name": "Telaga Langsat", "regency_code": "63.06", "regency_name": "Hulu Sungai Selatan", "province_name": "Kalimantan Selatan", "area_ha_source": 574.49088687300002, "boundary_basis": "Hasil Delineasi Batas Desa 2018", "metadata_source": "TASWIL1000020230928_DATA_BATAS_DESAKELURAHAN" }, "geometry": { "type": "Polygon", "coordinates": [ [ [ 115.328741852, -2.74691662999993 ], [ 115.332370789000038, -2.749704993999956 ], [ 115.34218132, -2.752594890999944 ], [ 115.342198696000082, -2.752541826999959 ], [ 115.341526686000066, -2.759861982999951 ], [ 115.341678562000084, -2.761011045999965 ], [ 115.342276841000057, -2.765537499999937 ], [ 115.342402711000091, -2.770055749999926 ], [ 115.336353891000044, -2.767834323999978 ], [ 115.332004914000095, -2.767421326999965 ], [ 115.329506725000101, -2.767184080999925 ], [ 115.32520888900001, -2.765683339999953 ], [ 115.324544001000049, -2.765437123999959 ], [ 115.323617150000018, -2.765093897999975 ], [ 115.321422817000098, -2.763863972999957 ], [ 115.321655918000033, -2.763009284999953 ], [ 115.32144590200005, -2.76135420199995 ], [ 115.321329792000029, -2.760923711999965 ], [ 115.321287471, -2.760766795999928 ], [ 115.321076029000096, -2.760125932999927 ], [ 115.320068163000087, -2.759590700999979 ], [ 115.319881566000049, -2.759557315999928 ], [ 115.319760300000098, -2.759535618999962 ], [ 115.31948551000005, -2.759457293999958 ], [ 115.318804382000053, -2.759263147999945 ], [ 115.318656643000054, -2.759221036999975 ], [ 115.318316593000077, -2.759124110999949 ], [ 115.317916886000035, -2.759010179999962 ], [ 115.319412982000017, -2.75875145699996 ], [ 115.319393814000023, -2.758088164999947 ], [ 115.319203457000071, -2.757326736999971 ], [ 115.318729401000041, -2.755458407999924 ], [ 115.317664790000094, -2.751560924999978 ], [ 115.317189810000059, -2.750614926999958 ], [ 115.316615060000117, -2.74947022799995 ], [ 115.314952555000104, -2.746159088999946 ], [ 115.314911075000055, -2.74152864499996 ], [ 115.323536715000046, -2.742917134999971 ], [ 115.324571488000061, -2.743712230999961 ], [ 115.328741852, -2.74691662999993 ] ] ] } },
{ "type": "Feature", "properties": { "village_id": "63.06.06.2004", "village_name": "Amparaya", "admin_type": "Desa", "district_id": "63.06.06", "district_name": "Simpur", "regency_code": "63.06", "regency_name": "Hulu Sungai Selatan", "province_name": "Kalimantan Selatan", "area_ha_source": 1140.1517164700001, "boundary_basis": "Hasil Delineasi Batas Desa 2018", "metadata_source": "TASWIL1000020230928_DATA_BATAS_DESAKELURAHAN" }, "geometry": { "type": "Polygon", "coordinates": [ [ [ 115.206802914000036, -2.795286996999948 ], [ 115.207949264000035, -2.797516076999955 ], [ 115.207828294000024, -2.797933170999954 ], [ 115.206843196000023, -2.798075938999943 ], [ 115.205729610000049, -2.798133045999975 ], [ 115.205738888000042, -2.798311504999958 ], [ 115.205810273000111, -2.798439995999956 ], [ 115.205988732000037, -2.798597039999947 ], [ 115.206031562000021, -2.798704115999954 ], [ 115.206702570000061, -2.799375123999937 ], [ 115.20717370300008, -2.799560721999967 ], [ 115.207252227000026, -2.799817703999963 ], [ 115.208669471, -2.801550748999944 ], [ 115.208820600000081, -2.801875134999932 ], [ 115.204716254000118, -2.803401485999927 ], [ 115.202157708000072, -2.804352958999971 ], [ 115.201865493000014, -2.804326731999936 ], [ 115.200256244000116, -2.804182293999929 ], [ 115.200228423000112, -2.80417979799995 ], [ 115.200112950000062, -2.80416943299997 ], [ 115.198822745000029, -2.804053631999977 ], [ 115.196504127000026, -2.803902902999937 ], [ 115.19222263000006, -2.803624571999933 ], [ 115.191723628000091, -2.803592131999949 ], [ 115.189195452000035, -2.803264955999964 ], [ 115.188209666000034, -2.801699785999972 ], [ 115.186730762000025, -2.799351671999943 ], [ 115.18657913800007, -2.799110931999962 ], [ 115.185916137000049, -2.798058255999933 ], [ 115.184768773000087, -2.796236542999964 ], [ 115.184031257000015, -2.795065561999934 ], [ 115.183557866000115, -2.794313938999949 ], [ 115.182409685000039, -2.79249092699996 ], [ 115.179869336000024, -2.788457513999958 ], [ 115.178642294000042, -2.786498953999967 ], [ 115.135589477000053, -2.71777773499997 ], [ 115.13645262600005, -2.716486256999929 ], [ 115.139428747000011, -2.713422055999956 ], [ 115.139443124000081, -2.713407254999936 ], [ 115.139948842000081, -2.714200364999954 ], [ 115.14205852200007, -2.717508942999928 ], [ 115.14522171200008, -2.722469724999939 ], [ 115.14872769200008, -2.727968102999967 ], [ 115.151778919000094, -2.732753296999931 ], [ 115.157952496, -2.742435224999952 ], [ 115.163022520000027, -2.750386464999963 ], [ 115.164810412000065, -2.75319038799995 ], [ 115.169021677000046, -2.75979485299996 ], [ 115.170938449, -2.763175123999929 ], [ 115.171008288000053, -2.763300195999932 ], [ 115.172758737000095, -2.766434982999954 ], [ 115.174007954000103, -2.768207681999968 ], [ 115.175422519000108, -2.769704273999935 ], [ 115.177600852000069, -2.772008920999951 ], [ 115.179623480000032, -2.774025464999966 ], [ 115.180896492000102, -2.775060529999962 ], [ 115.183623613, -2.77923085599997 ], [ 115.186788666000098, -2.783026061999976 ], [ 115.18932316300004, -2.783816345999981 ], [ 115.195279195000012, -2.785673483999972 ], [ 115.198933196000098, -2.786812814999962 ], [ 115.2009892210001, -2.787453883999945 ], [ 115.203992485000072, -2.788688155999978 ], [ 115.205635069000095, -2.789363220999974 ], [ 115.206102949000069, -2.78994610899997 ], [ 115.20617927100011, -2.790041191999933 ], [ 115.206300622000072, -2.790084021999974 ], [ 115.206471943000111, -2.790169681999942 ], [ 115.20657188000007, -2.790248204999955 ], [ 115.206643264000036, -2.790390971999955 ], [ 115.206714649000105, -2.790569431999927 ], [ 115.206764618000079, -2.791261854999959 ], [ 115.206776139000112, -2.791392554999959 ], [ 115.206858067000098, -2.792321878999928 ], [ 115.206771601000014, -2.794776140999943 ], [ 115.206756764000033, -2.795197260999942 ], [ 115.206802914000036, -2.795286996999948 ] ] ] } },
{ "type": "Feature", "properties": { "village_id": "63.06.04.2005", "village_name": "Angkinang", "admin_type": "Desa", "district_id": "63.06.04", "district_name": "Angkinang", "regency_code": "63.06", "regency_name": "Hulu Sungai Selatan", "province_name": "Kalimantan Selatan", "area_ha_source": 385.22660640200002, "boundary_basis": "Hasil Delineasi Batas Desa 2018", "metadata_source": "TASWIL1000020230928_DATA_BATAS_DESAKELURAHAN" }, "geometry": { "type": "Polygon", "coordinates": [ [ [ 115.297905045000107, -2.719113482999944 ], [ 115.298556433000044, -2.719753518999937 ], [ 115.29837658800011, -2.720552046999956 ], [ 115.299090319000015, -2.721391779999976 ], [ 115.299191864000022, -2.721429762999946 ], [ 115.300698019000038, -2.721993145999932 ], [ 115.303020913000069, -2.722395826999957 ], [ 115.30423259600002, -2.722177875999932 ], [ 115.30584133900004, -2.722040361999973 ], [ 115.306597933000035, -2.721925218999957 ], [ 115.307271467000078, -2.721822715999963 ], [ 115.308344109000018, -2.721624532999954 ], [ 115.309138762000089, -2.721405986999969 ], [ 115.309696711000015, -2.721178320999968 ], [ 115.308899290000113, -2.722244374999946 ], [ 115.308262893, -2.722902475999945 ], [ 115.307745425, -2.723720500999946 ], [ 115.306929462000085, -2.724977435999961 ], [ 115.306449816000054, -2.726164258999972 ], [ 115.306251920000022, -2.726653926999973 ], [ 115.305685714000106, -2.728224959999977 ], [ 115.305205270000101, -2.72955802499996 ], [ 115.305264149000095, -2.73074530599996 ], [ 115.305359771000099, -2.73267350499998 ], [ 115.30597448900005, -2.733527641999956 ], [ 115.30679856900008, -2.734672684999964 ], [ 115.300347154000065, -2.734511189999978 ], [ 115.300347119000094, -2.734511188999932 ], [ 115.300347134000049, -2.734512047999942 ], [ 115.299084325000081, -2.736079146999941 ], [ 115.29936986000007, -2.737697181999977 ], [ 115.299250887000085, -2.737792359999958 ], [ 115.299250887000085, -2.73829204599997 ], [ 115.2991319140001, -2.738339635999978 ], [ 115.298917762000087, -2.73948177699998 ], [ 115.298537048000071, -2.739600749999966 ], [ 115.298346693000099, -2.739529365999942 ], [ 115.298108745000036, -2.739529365999942 ], [ 115.297942185000011, -2.739672133999932 ], [ 115.297545270000114, -2.740175902999965 ], [ 115.297545435000075, -2.740058470999941 ], [ 115.297519922000106, -2.739815758999953 ], [ 115.297402269000031, -2.738696540999968 ], [ 115.29739513200002, -2.738628652999978 ], [ 115.297042961000102, -2.736330573999965 ], [ 115.297168724000016, -2.73443290199998 ], [ 115.294543358000055, -2.734367516999953 ], [ 115.294278554000016, -2.73436092299994 ], [ 115.293110831000035, -2.734308196999962 ], [ 115.292857827000034, -2.733695150999949 ], [ 115.292296923000094, -2.732150607999927 ], [ 115.292032802000108, -2.732157745999928 ], [ 115.292028766000044, -2.732262632999948 ], [ 115.292018526000106, -2.732528941999931 ], [ 115.291732989000025, -2.732514666999975 ], [ 115.290812137000103, -2.73236475899995 ], [ 115.289798487000098, -2.732250545999932 ], [ 115.288649208000038, -2.732193438999957 ], [ 115.288657552000018, -2.731945528999972 ], [ 115.288634608000052, -2.731943368999964 ], [ 115.288696551000044, -2.730787027999952 ], [ 115.28515427100001, -2.730470006999951 ], [ 115.283776082000031, -2.728933839999968 ], [ 115.283687499000052, -2.728646073999926 ], [ 115.283068515000082, -2.72663526499997 ], [ 115.28248880600006, -2.726573635999955 ], [ 115.280494742000087, -2.726589151999974 ], [ 115.282918924000114, -2.722165906999976 ], [ 115.284150041000089, -2.721162955999944 ], [ 115.285542028, -2.718572209999934 ], [ 115.287438422000037, -2.718697959999929 ], [ 115.288615897000113, -2.718776036999941 ], [ 115.293862819000083, -2.719610092999972 ], [ 115.296844884000052, -2.720084114999963 ], [ 115.297905045000107, -2.719113482999944 ] ] ] } },
{ "type": "Feature", "properties": { "village_id": "63.06.04.2007", "village_name": "Angkinang Selatan", "admin_type": "Desa", "district_id": "63.06.04", "district_name": "Angkinang", "regency_code": "63.06", "regency_name": "Hulu Sungai Selatan", "province_name": "Kalimantan Selatan", "area_ha_source": 146.95905635599999, "boundary_basis": "Hasil Delineasi Batas Desa 2018", "metadata_source": "TASWIL1000020230928_DATA_BATAS_DESAKELURAHAN" }, "geometry": { "type": "Polygon", "coordinates": [ [ [ 115.297545270000114, -2.740175902999965 ], [ 115.297304200000099, -2.74047663999994 ], [ 115.297256612000069, -2.740809763999948 ], [ 115.297232817, -2.741000120999956 ], [ 115.29701866500011, -2.74116668299996 ], [ 115.296709336000049, -2.74116668299996 ], [ 115.296400006000113, -2.741214272999969 ], [ 115.296138264000092, -2.741142887999956 ], [ 115.295924113000069, -2.741023915999961 ], [ 115.295567195000103, -2.741023915999961 ], [ 115.295210275000045, -2.741190477999965 ], [ 115.294329874000027, -2.741238066999927 ], [ 115.293592241000056, -2.741261860999941 ], [ 115.293354295000086, -2.741238066999927 ], [ 115.293116350000105, -2.741238066999927 ], [ 115.292640456000072, -2.741238066999927 ], [ 115.29159349400004, -2.741832932999955 ], [ 115.291379342000027, -2.742070878999925 ], [ 115.290974835000043, -2.742404002999933 ], [ 115.290142024000033, -2.742856099999926 ], [ 115.2894995690001, -2.743070251999939 ], [ 115.288952294000069, -2.743070251999939 ], [ 115.284629514000017, -2.735776690999955 ], [ 115.283919360000027, -2.735144772999945 ], [ 115.282543493000048, -2.733920477999959 ], [ 115.281181270000047, -2.732708317999936 ], [ 115.280786367000019, -2.732588566999937 ], [ 115.280939491000026, -2.732366243999934 ], [ 115.281577931000015, -2.731812389999959 ], [ 115.281872984000074, -2.731650586999933 ], [ 115.281931089000068, -2.731376916999977 ], [ 115.282021754000084, -2.730794895999964 ], [ 115.283190194000099, -2.730337062999979 ], [ 115.283647229000053, -2.730286661999969 ], [ 115.283687499000052, -2.728646073999926 ], [ 115.283776082000031, -2.728933839999968 ], [ 115.28515427100001, -2.730470006999951 ], [ 115.288696551000044, -2.730787027999952 ], [ 115.288634608000052, -2.731943368999964 ], [ 115.288657552000018, -2.731945528999972 ], [ 115.288649208000038, -2.732193438999957 ], [ 115.289798487000098, -2.732250545999932 ], [ 115.290812137000103, -2.73236475899995 ], [ 115.291732989000025, -2.732514666999975 ], [ 115.292018526000106, -2.732528941999931 ], [ 115.292028766000044, -2.732262632999948 ], [ 115.292032802000108, -2.732157745999928 ], [ 115.292296923000094, -2.732150607999927 ], [ 115.292857827000034, -2.733695150999949 ], [ 115.293110831000035, -2.734308196999962 ], [ 115.294278554000016, -2.73436092299994 ], [ 115.294543358000055, -2.734367516999953 ], [ 115.297168724000016, -2.73443290199998 ], [ 115.297042961000102, -2.736330573999965 ], [ 115.29739513200002, -2.738628652999978 ], [ 115.297402269000031, -2.738696540999968 ], [ 115.297519922000106, -2.739815758999953 ], [ 115.297545435000075, -2.740058470999941 ], [ 115.297545270000114, -2.740175902999965 ] ] ] } },
{ "type": "Feature", "properties": { "village_id": "63.06.01.2014", "village_name": "Asam", "admin_type": "Desa", "district_id": "63.06.01", "district_name": "Sungai Raya", "regency_code": "63.06", "regency_name": "Hulu Sungai Selatan", "province_name": "Kalimantan Selatan", "area_ha_source": 330.31438461599998, "boundary_basis": "Hasil Delineasi Batas Desa 2018", "metadata_source": "TASWIL1000020230928_DATA_BATAS_DESAKELURAHAN" }, "geometry": { "type": "Polygon", "coordinates": [ [ [ 115.209932677000097, -2.828850779999925 ], [ 115.209943307000117, -2.828958729999954 ], [ 115.210092072000066, -2.830469665999942 ], [ 115.20974409400003, -2.83218058999995 ], [ 115.209945299000083, -2.835450883999954 ], [ 115.209813709000059, -2.836443918999976 ], [ 115.209812479000107, -2.836453205999931 ], [ 115.209740295000074, -2.836997924999935 ], [ 115.207982749000053, -2.840793487999974 ], [ 115.207905226000094, -2.840960901999949 ], [ 115.206627236000031, -2.843720810999969 ], [ 115.205158011000094, -2.844521716999964 ], [ 115.203374478000114, -2.842491987999949 ], [ 115.201898060000076, -2.842872449999959 ], [ 115.199867483000048, -2.843759056999943 ], [ 115.199853341000107, -2.843765231999953 ], [ 115.196264434000113, -2.845332245999941 ], [ 115.19588589600005, -2.845325526999943 ], [ 115.191130313000031, -2.845241100999942 ], [ 115.190594120000014, -2.844970476999947 ], [ 115.189374411000017, -2.84435487199994 ], [ 115.188750480000067, -2.844039964999979 ], [ 115.185347971000056, -2.844455993999929 ], [ 115.185294154000076, -2.844365482999933 ], [ 115.185175370000024, -2.844146978999959 ], [ 115.18493731, -2.844197359999953 ], [ 115.183661632000053, -2.844467333999944 ], [ 115.180249445000072, -2.844124151999949 ], [ 115.180231161000052, -2.844122312999957 ], [ 115.180205863000083, -2.844119768999974 ], [ 115.1801939610001, -2.844118571999957 ], [ 115.180209382000044, -2.844098230999975 ], [ 115.180239803000063, -2.844058101999963 ], [ 115.180256627000063, -2.844035909999945 ], [ 115.181064975000027, -2.842969640999968 ], [ 115.188030487000105, -2.837106909999932 ], [ 115.188318953000021, -2.836864108999976 ], [ 115.18981364800004, -2.83545978099994 ], [ 115.189824226000042, -2.834423180999977 ], [ 115.189831797000011, -2.833681178999939 ], [ 115.190619060000017, -2.833880389999933 ], [ 115.191128586000104, -2.83400932099994 ], [ 115.191785380000056, -2.834175517999938 ], [ 115.19195412900001, -2.834147510999969 ], [ 115.192095799000072, -2.834123997999939 ], [ 115.192967527000064, -2.833979317999933 ], [ 115.194155643000045, -2.834379602999945 ], [ 115.194296406000035, -2.834427026999947 ], [ 115.194710099000076, -2.834449569999947 ], [ 115.194879949000097, -2.834458825999945 ], [ 115.194937638000056, -2.83446196999995 ], [ 115.195231956000043, -2.834478006999973 ], [ 115.195444680000037, -2.834461888999954 ], [ 115.195665130000066, -2.834445185999925 ], [ 115.197266243000058, -2.833886968999934 ], [ 115.197533518000114, -2.833793785999944 ], [ 115.199954449000074, -2.832949734999943 ], [ 115.200197694000053, -2.832864927999935 ], [ 115.20034298500002, -2.832859311999925 ], [ 115.20229542200002, -2.83210504699997 ], [ 115.202396091000082, -2.832066155999939 ], [ 115.203499029000113, -2.831640064999931 ], [ 115.205848988000071, -2.830732219999959 ], [ 115.206796798000028, -2.83028195199995 ], [ 115.209925195000096, -2.828795759999934 ], [ 115.209932677000097, -2.828850779999925 ] ] ] } },
{ "type": "Feature", "properties": { "village_id": "63.06.11.2004", "village_name": "Badaun", "admin_type": "Desa", "district_id": "63.06.11", "district_name": "Daha Barat", "regency_code": "63.06", "regency_name": "Hulu Sungai Selatan", "province_name": "Kalimantan Selatan", "area_ha_source": 372.32755845600002, "boundary_basis": "Hasil Delineasi Batas Desa 2018", "metadata_source": "TASWIL1000020230928_DATA_BATAS_DESAKELURAHAN" }, "geometry": { "type": "Polygon", "coordinates": [ [ [ 115.031185885000014, -2.680588949999958 ], [ 115.031235153000011, -2.682018131999939 ], [ 115.031317044000048, -2.684393691999958 ], [ 115.031318919000114, -2.684448072999942 ], [ 115.031488364000097, -2.689363773999958 ], [ 115.031724666000059, -2.696219571999961 ], [ 115.0317544830001, -2.697084738999934 ], [ 115.03206400900001, -2.706066343999964 ], [ 115.026060190000067, -2.70291156899998 ], [ 115.016992471000094, -2.701968563999969 ], [ 115.012546316000112, -2.699322972999937 ], [ 115.012867869000047, -2.698685660999956 ], [ 115.012932807000084, -2.698556951999933 ], [ 115.014760738000064, -2.69634730599995 ], [ 115.016831369000101, -2.693844256999967 ], [ 115.016895403000035, -2.693766849999975 ], [ 115.016997909000111, -2.69359794199994 ], [ 115.017320885000117, -2.693065755999953 ], [ 115.01823033900007, -2.691567185999929 ], [ 115.01832003100003, -2.691419393999979 ], [ 115.018369652000047, -2.691337632999932 ], [ 115.019119231000104, -2.690102489999958 ], [ 115.020275587000015, -2.685563042999945 ], [ 115.021453671000017, -2.684113882999952 ], [ 115.023434144000021, -2.683306949999974 ], [ 115.025486297000043, -2.682470805999969 ], [ 115.025463978000062, -2.682402072999935 ], [ 115.024747712000021, -2.680196455999976 ], [ 115.026704442000096, -2.678952920999961 ], [ 115.027645325000094, -2.681512502999965 ], [ 115.027704712000059, -2.681543677999969 ], [ 115.030330870000057, -2.680621504999976 ], [ 115.031185885000014, -2.680588949999958 ] ] ] } },
{ "type": "Feature", "properties": { "village_id": "63.06.09.2003", "village_name": "Bago Tanggul", "admin_type": "Desa", "district_id": "63.06.09", "district_name": "Kalumpang", "regency_code": "63.06", "regency_name": "Hulu Sungai Selatan", "province_name": "Kalimantan Selatan", "area_ha_source": 2446.4468605400002, "boundary_basis": "Hasil Delineasi Batas Desa 2018", "metadata_source": "TASWIL1000020230928_DATA_BATAS_DESAKELURAHAN" }, "geometry": { "type": "Polygon", "coordinates": [ [ [ 115.138421795000113, -2.825011917999973 ], [ 115.137738, -2.825026095999931 ], [ 115.137205631000029, -2.825234570999953 ], [ 115.136927564000075, -2.825536491999969 ], [ 115.136632693000024, -2.825745068999936 ], [ 115.136533876000044, -2.825814967999975 ], [ 115.136140333000071, -2.826000405999935 ], [ 115.135492159000023, -2.826301730999944 ], [ 115.134820809000075, -2.826626274999967 ], [ 115.134334743000068, -2.826811563999968 ], [ 115.133617541000035, -2.826880182999957 ], [ 115.133200459000022, -2.827321431999962 ], [ 115.132945932000098, -2.827367538999965 ], [ 115.132482848000109, -2.827645899999936 ], [ 115.13190376700004, -2.82813340499996 ], [ 115.131082566000032, -2.828143706999924 ], [ 115.130527028000074, -2.828375395999956 ], [ 115.1294160220001, -2.828792260999933 ], [ 115.128883392000034, -2.829163543999925 ], [ 115.128304385000092, -2.829604526999958 ], [ 115.127771753000047, -2.829975808999961 ], [ 115.127308442000071, -2.830393719999961 ], [ 115.12698411000008, -2.83069556199996 ], [ 115.126914006000106, -2.831137371999944 ], [ 115.126883003000103, -2.831593819999966 ], [ 115.126866619000111, -2.83183506599994 ], [ 115.126565342000049, -2.832183462999978 ], [ 115.126247676000048, -2.832302652999942 ], [ 115.12570891300004, -2.830798467999955 ], [ 115.125637531000052, -2.830527209999957 ], [ 115.125737468000011, -2.830277365999962 ], [ 115.126122941000062, -2.829941861999941 ], [ 115.125858820000076, -2.82944217499994 ], [ 115.125701775000039, -2.82881042899993 ], [ 115.125616115000071, -2.827868161999959 ], [ 115.125580424000077, -2.825762339999926 ], [ 115.125045045000093, -2.823727900999927 ], [ 115.124117054000067, -2.821193773999937 ], [ 115.123760136000101, -2.819694714999969 ], [ 115.123831519000078, -2.81858826399997 ], [ 115.123938595000027, -2.817124895999939 ], [ 115.124117054000067, -2.81587567899993 ], [ 115.12386721200005, -2.814947688999951 ], [ 115.123474601000112, -2.81323447699998 ], [ 115.123474601000112, -2.812235102999978 ], [ 115.123688751000032, -2.811021577999952 ], [ 115.123224757000116, -2.80973666899996 ], [ 115.122261075000097, -2.807773613999927 ], [ 115.119512798000073, -2.805667790999962 ], [ 115.116835904000027, -2.802919512999949 ], [ 115.107591697000089, -2.795352826999931 ], [ 115.102237910000099, -2.789606429999935 ], [ 115.089852817000065, -2.79585965299998 ], [ 115.083513933000063, -2.78181131499997 ], [ 115.078659831000095, -2.771474935999947 ], [ 115.076964426000018, -2.768322725999951 ], [ 115.088426298000059, -2.759612715999936 ], [ 115.093627254000012, -2.755660316999979 ], [ 115.103381648000095, -2.748247410999966 ], [ 115.106431957000041, -2.745964957999945 ], [ 115.118652306000058, -2.771512387999962 ], [ 115.125316580000117, -2.785106843999927 ], [ 115.136679711000056, -2.808688115999928 ], [ 115.136980564000055, -2.809983042999932 ], [ 115.138421795000113, -2.825011917999973 ] ] ] } },
{ "type": "Feature", "properties": { "village_id": "63.06.11.2005", "village_name": "Bajayau", "admin_type": "Desa", "district_id": "63.06.11", "district_name": "Daha Barat", "regency_code": "63.06", "regency_name": "Hulu Sungai Selatan", "province_name": "Kalimantan Selatan", "area_ha_source": 2539.9608887700001, "boundary_basis": "Hasil Delineasi Batas Desa 2018", "metadata_source": "TASWIL1000020230928_DATA_BATAS_DESAKELURAHAN" }, "geometry": { "type": "Polygon", "coordinates": [ [ [ 115.024747712000021, -2.680196455999976 ], [ 115.025463978000062, -2.682402072999935 ], [ 115.025486297000043, -2.682470805999969 ], [ 115.023434144000021, -2.683306949999974 ], [ 115.021453671000017, -2.684113882999952 ], [ 115.020275587000015, -2.685563042999945 ], [ 115.019119231000104, -2.690102489999958 ], [ 115.018369652000047, -2.691337632999932 ], [ 115.01832003100003, -2.691419393999979 ], [ 115.01823033900007, -2.691567185999929 ], [ 115.017320885000117, -2.693065755999953 ], [ 115.016997909000111, -2.69359794199994 ], [ 115.016895403000035, -2.693766849999975 ], [ 115.016831369000101, -2.693844256999967 ], [ 115.014760738000064, -2.69634730599995 ], [ 115.012932807000084, -2.698556951999933 ], [ 115.012867869000047, -2.698685660999956 ], [ 115.00865490700005, -2.697673261999967 ], [ 115.008606753000095, -2.69766169199994 ], [ 114.955757996000102, -2.684960675999946 ], [ 114.95509696900001, -2.684801812999979 ], [ 114.954686393000088, -2.684712539999964 ], [ 114.934794695000051, -2.650111801999969 ], [ 114.935220748, -2.650232565999943 ], [ 114.935453645000052, -2.650298579999969 ], [ 114.939331661000097, -2.651419128999976 ], [ 115.023183626000105, -2.675648115999934 ], [ 115.0232796680001, -2.67567586399997 ], [ 115.024747712000021, -2.680196455999976 ] ] ] } },
{ "type": "Feature", "properties": { "village_id": "63.06.11.2007", "village_name": "Bajayau Lama", "admin_type": "Desa", "district_id": "63.06.11", "district_name": "Daha Barat", "regency_code": "63.06", "regency_name": "Hulu Sungai Selatan", "province_name": "Kalimantan Selatan", "area_ha_source": 2994.24784959, "boundary_basis": "Hasil Delineasi Batas Desa 2018", "metadata_source": "TASWIL1000020230928_DATA_BATAS_DESAKELURAHAN" }, "geometry": { "type": "Polygon", "coordinates": [ [ [ 115.03206400900001, -2.706066343999964 ], [ 115.046593527000027, -2.713700910999933 ], [ 115.046644416000049, -2.713664315999949 ], [ 115.052212617, -2.721685154999932 ], [ 115.061899857000071, -2.735639353999943 ], [ 115.042357902000049, -2.743386810999937 ], [ 115.025989697000114, -2.745421283999974 ], [ 115.01905510000006, -2.746570174999931 ], [ 115.013092868000058, -2.747204304999968 ], [ 115.0109793150001, -2.749171236999928 ], [ 115.009955132000073, -2.75195230099996 ], [ 115.007799526000099, -2.75780562999995 ], [ 115.00452663100009, -2.763025644999971 ], [ 115.004406895000102, -2.763239359999943 ], [ 115.003632933000063, -2.76263533499997 ], [ 114.999978288000079, -2.758831690999955 ], [ 114.9999479170001, -2.758677932999944 ], [ 114.999535842000114, -2.758261323999932 ], [ 114.998093992, -2.757146772999931 ], [ 114.997147895000012, -2.755978810999977 ], [ 114.996216934000017, -2.754666209999925 ], [ 114.995003923000013, -2.752982429999975 ], [ 114.993729833000089, -2.751027300999965 ], [ 114.993209209000042, -2.750330220999956 ], [ 114.992639442000041, -2.749928284999953 ], [ 114.99263106300009, -2.749922373999937 ], [ 114.987500534000105, -2.741502828999955 ], [ 114.986707350000074, -2.740201156999944 ], [ 114.986266091000061, -2.739477018999935 ], [ 114.986054796000076, -2.739298178999945 ], [ 114.985875, -2.739146 ], [ 114.983782, -2.738018 ], [ 114.983779261000109, -2.738012280999953 ], [ 114.981934, -2.734159 ], [ 114.981900573000075, -2.734148230999949 ], [ 114.98183313800007, -2.734009140999945 ], [ 114.982777908000116, -2.733441123999967 ], [ 114.982760046000067, -2.733410146999972 ], [ 114.984777710000117, -2.732306295999933 ], [ 114.987576460000014, -2.729363225999975 ], [ 114.987837771000045, -2.728999171999931 ], [ 114.990629844000068, -2.725109257999975 ], [ 114.99289167500001, -2.722586468999964 ], [ 114.99588312700007, -2.719854170999952 ], [ 114.998919184000101, -2.718100926999966 ], [ 115.001152447000095, -2.71751147599997 ], [ 115.00392338600011, -2.717432797999948 ], [ 115.007422961000088, -2.718056653999952 ], [ 115.008142166000084, -2.718040100999929 ], [ 115.010744773000056, -2.71798019299996 ], [ 115.011778842000012, -2.717956388999937 ], [ 115.012385978000111, -2.717588228999944 ], [ 115.014828200000011, -2.716107288999979 ], [ 115.016113365000024, -2.714577720999955 ], [ 115.015848993000077, -2.712830622999945 ], [ 115.014275043000112, -2.711202288999971 ], [ 115.013129565000099, -2.709826414999952 ], [ 115.012594843000102, -2.70918414099998 ], [ 115.010707048000086, -2.706183346999978 ], [ 115.010462612000083, -2.705794796999953 ], [ 115.010386017000087, -2.703604631999951 ], [ 115.010774343000094, -2.702834985999971 ], [ 115.012546316000112, -2.699322972999937 ], [ 115.016992471000094, -2.701968563999969 ], [ 115.026060190000067, -2.70291156899998 ], [ 115.03206400900001, -2.706066343999964 ] ] ] } },
{ "type": "Feature", "properties": { "village_id": "63.06.11.2006", "village_name": "Bajayau Tengah", "admin_type": "Desa", "district_id": "63.06.11", "district_name": "Daha Barat", "regency_code": "63.06", "regency_name": "Hulu Sungai Selatan", "province_name": "Kalimantan Selatan", "area_ha_source": 1729.9440866299999, "boundary_basis": "Hasil Delineasi Batas Desa 2018", "metadata_source": "TASWIL1000020230928_DATA_BATAS_DESAKELURAHAN" }, "geometry": { "type": "Polygon", "coordinates": [ [ [ 115.012867869000047, -2.698685660999956 ], [ 115.012546316000112, -2.699322972999937 ], [ 115.010774343000094, -2.702834985999971 ], [ 115.010386017000087, -2.703604631999951 ], [ 115.010462612000083, -2.705794796999953 ], [ 115.010707048000086, -2.706183346999978 ], [ 115.012594843000102, -2.70918414099998 ], [ 115.013129565000099, -2.709826414999952 ], [ 115.014275043000112, -2.711202288999971 ], [ 115.015848993000077, -2.712830622999945 ], [ 115.016113365000024, -2.714577720999955 ], [ 115.014828200000011, -2.716107288999979 ], [ 115.012385978000111, -2.717588228999944 ], [ 115.011778842000012, -2.717956388999937 ], [ 115.010744773000056, -2.71798019299996 ], [ 115.008142166000084, -2.718040100999929 ], [ 115.007422961000088, -2.718056653999952 ], [ 115.00392338600011, -2.717432797999948 ], [ 115.001152447000095, -2.71751147599997 ], [ 114.998919184000101, -2.718100926999966 ], [ 114.99588312700007, -2.719854170999952 ], [ 114.99289167500001, -2.722586468999964 ], [ 114.990629844000068, -2.725109257999975 ], [ 114.987837771000045, -2.728999171999931 ], [ 114.987576460000014, -2.729363225999975 ], [ 114.984777710000117, -2.732306295999933 ], [ 114.982760046000067, -2.733410146999972 ], [ 114.982777908000116, -2.733441123999967 ], [ 114.98183313800007, -2.734009140999945 ], [ 114.981900573000075, -2.734148230999949 ], [ 114.980606216000069, -2.733731229999933 ], [ 114.977124840000101, -2.723636958999975 ], [ 114.977124828000115, -2.723636924999937 ], [ 114.976972222000086, -2.723194443999944 ], [ 114.965960856000038, -2.704275122999945 ], [ 114.963666667000098, -2.700333332999946 ], [ 114.96081920000006, -2.695380288999957 ], [ 114.954686393000088, -2.684712539999964 ], [ 114.95509696900001, -2.684801812999979 ], [ 114.955757996000102, -2.684960675999946 ], [ 115.008606753000095, -2.69766169199994 ], [ 115.00865490700005, -2.697673261999967 ], [ 115.012867869000047, -2.698685660999956 ] ] ] } },
{ "type": "Feature", "properties": { "village_id": "63.06.04.2011", "village_name": "Bakarung", "admin_type": "Desa", "district_id": "63.06.04", "district_name": "Angkinang", "regency_code": "63.06", "regency_name": "Hulu Sungai Selatan", "province_name": "Kalimantan Selatan", "area_ha_source": 421.52583483799998, "boundary_basis": "Hasil Delineasi Batas Desa 2018", "metadata_source": "TASWIL1000020230928_DATA_BATAS_DESAKELURAHAN" }, "geometry": { "type": "Polygon", "coordinates": [ [ [ 115.280786367000019, -2.732588566999937 ], [ 115.281181270000047, -2.732708317999936 ], [ 115.282543493000048, -2.733920477999959 ], [ 115.283919360000027, -2.735144772999945 ], [ 115.284629514000017, -2.735776690999955 ], [ 115.288952294000069, -2.743070251999939 ], [ 115.2894995690001, -2.743070251999939 ], [ 115.290142024000033, -2.742856099999926 ], [ 115.290974835000043, -2.742404002999933 ], [ 115.291379342000027, -2.742070878999925 ], [ 115.29159349400004, -2.741832932999955 ], [ 115.292640456000072, -2.741238066999927 ], [ 115.293116350000105, -2.741238066999927 ], [ 115.293354295000086, -2.741238066999927 ], [ 115.293592241000056, -2.741261860999941 ], [ 115.294329874000027, -2.741238066999927 ], [ 115.295210275000045, -2.741190477999965 ], [ 115.295567195000103, -2.741023915999961 ], [ 115.295924113000069, -2.741023915999961 ], [ 115.296138264000092, -2.741142887999956 ], [ 115.296400006000113, -2.741214272999969 ], [ 115.296709336000049, -2.74116668299996 ], [ 115.29701866500011, -2.74116668299996 ], [ 115.297232817, -2.741000120999956 ], [ 115.297256612000069, -2.740809763999948 ], [ 115.297304200000099, -2.74047663999994 ], [ 115.297545270000114, -2.740175902999965 ], [ 115.297570642000096, -2.740186150999932 ], [ 115.29761462700003, -2.744985594999946 ], [ 115.296951017000083, -2.74748644999994 ], [ 115.296805737000113, -2.748534531999951 ], [ 115.296745817000101, -2.74896681499996 ], [ 115.296844179000118, -2.751213474999929 ], [ 115.297146072000032, -2.75315408299997 ], [ 115.295419442000025, -2.753355830999965 ], [ 115.294168316000082, -2.753598590999957 ], [ 115.293591044000095, -2.753710599999977 ], [ 115.291306915000064, -2.753196738999975 ], [ 115.29091909400006, -2.753171564999946 ], [ 115.289411168000015, -2.753073680999933 ], [ 115.28785515200002, -2.752972672999931 ], [ 115.28729290900003, -2.75293109699993 ], [ 115.287228338000091, -2.752931983999929 ], [ 115.28454638300002, -2.75407606999994 ], [ 115.283459949000076, -2.754539526999963 ], [ 115.283254111000019, -2.754627334999952 ], [ 115.283111606000034, -2.754667830999949 ], [ 115.282138616000111, -2.754944328999954 ], [ 115.281159890000026, -2.755032364999977 ], [ 115.28068238600008, -2.755029987999933 ], [ 115.280552225000065, -2.754969554999946 ], [ 115.280226690000063, -2.754818413999942 ], [ 115.279913374000103, -2.754698387999952 ], [ 115.27989409700001, -2.754691131999948 ], [ 115.279897434000077, -2.754654177999953 ], [ 115.279934203000039, -2.754368376999935 ], [ 115.280108084000062, -2.753016886999944 ], [ 115.279659350000088, -2.752876638999965 ], [ 115.279388967000045, -2.752792133999947 ], [ 115.278646846000015, -2.752813840999977 ], [ 115.276812044000053, -2.752867508999941 ], [ 115.275951525000096, -2.752892677999967 ], [ 115.274853660000076, -2.752829743999939 ], [ 115.273268347000112, -2.752398079999978 ], [ 115.272476531000052, -2.75159954999998 ], [ 115.272121161000086, -2.75068241799994 ], [ 115.271929589000024, -2.750188008999942 ], [ 115.271625927000059, -2.749267516999964 ], [ 115.271566166000071, -2.748408716999961 ], [ 115.271523216000105, -2.748331674999974 ], [ 115.271495264, -2.748281535999979 ], [ 115.271666589, -2.746684088999928 ], [ 115.271821553000109, -2.744846276999965 ], [ 115.272685365000029, -2.744388021999953 ], [ 115.272846965000099, -2.744388257999958 ], [ 115.273853162000023, -2.744389719999958 ], [ 115.275732231, -2.744086103999962 ], [ 115.27786465600002, -2.74414024999993 ], [ 115.278170031000059, -2.743630124999925 ], [ 115.278119770000103, -2.743272654999942 ], [ 115.2782728950001, -2.742711251999935 ], [ 115.278359348000095, -2.742336989999956 ], [ 115.278426165000042, -2.74204773699995 ], [ 115.27766594700006, -2.741076559999954 ], [ 115.277415145000077, -2.738931813999955 ], [ 115.277459076000014, -2.737701971999968 ], [ 115.277468034000094, -2.737451244999932 ], [ 115.277621157000112, -2.736889842999972 ], [ 115.27768667600003, -2.736750000999962 ], [ 115.278792517000056, -2.73438975199997 ], [ 115.27980965900008, -2.733216911999932 ], [ 115.280278738000106, -2.732857271999933 ], [ 115.280673753000087, -2.73255441699996 ], [ 115.280786367000019, -2.732588566999937 ] ] ] } },
{ "type": "Feature", "properties": { "village_id": "63.06.08.2008", "village_name": "Balah Paikat", "admin_type": "Desa", "district_id": "63.06.08", "district_name": "Daha Utara", "regency_code": "63.06", "regency_name": "Hulu Sungai Selatan", "province_name": "Kalimantan Selatan", "area_ha_source": 55.681458832300002, "boundary_basis": "Hasil Delineasi Batas Desa 2018", "metadata_source": "TASWIL1000020230928_DATA_BATAS_DESAKELURAHAN" }, "geometry": { "type": "Polygon", "coordinates": [ [ [ 115.121140447000016, -2.628777644999957 ], [ 115.120396846000062, -2.629439916999956 ], [ 115.119413244000043, -2.630144908999966 ], [ 115.118959182000026, -2.630291180999961 ], [ 115.118955171000039, -2.63029247299994 ], [ 115.118728287000067, -2.630365560999962 ], [ 115.117781263000097, -2.630532123999956 ], [ 115.117064749000065, -2.630504616999929 ], [ 115.116706657, -2.63049086999996 ], [ 115.116296201000068, -2.630514663999975 ], [ 115.115790566000101, -2.630508714999962 ], [ 115.115332518000059, -2.630556304999971 ], [ 115.11473765300002, -2.630645534999928 ], [ 115.114075416000105, -2.630872919999945 ], [ 115.113856657000042, -2.63088784699994 ], [ 115.114155082000025, -2.62875072199995 ], [ 115.114301107000074, -2.627704985999969 ], [ 115.114631691000113, -2.625337489999936 ], [ 115.114916400000084, -2.623298532999968 ], [ 115.119442869000068, -2.622294131999979 ], [ 115.120239723000054, -2.625353893999943 ], [ 115.121033480000051, -2.628401768999936 ], [ 115.12104287000011, -2.628437823999946 ], [ 115.121140447000016, -2.628777644999957 ] ] ] } },
{ "type": "Feature", "properties": { "village_id": "63.06.09.2005", "village_name": "Balanti", "admin_type": "Desa", "district_id": "63.06.09", "district_name": "Kalumpang", "regency_code": "63.06", "regency_name": "Hulu Sungai Selatan", "province_name": "Kalimantan Selatan", "area_ha_source": 1221.7570739800001, "boundary_basis": "Hasil Delineasi Batas Desa 2018", "metadata_source": "TASWIL1000020230928_DATA_BATAS_DESAKELURAHAN" }, "geometry": { "type": "Polygon", "coordinates": [ [ [ 115.149322253000037, -2.826556866999965 ], [ 115.149527459000069, -2.825003534999951 ], [ 115.149046733000091, -2.817730980999954 ], [ 115.148973052000088, -2.816436410999927 ], [ 115.15018937100001, -2.813468721999925 ], [ 115.150279003000037, -2.812619993999931 ], [ 115.150577619000046, -2.809792381999955 ], [ 115.150516122000113, -2.809651021999969 ], [ 115.150698614000021, -2.807490370999972 ], [ 115.149597688000085, -2.805042423999964 ], [ 115.146307977000106, -2.797727621999968 ], [ 115.141505987000073, -2.787050170999976 ], [ 115.137459979000027, -2.778053647999968 ], [ 115.13529690900009, -2.773243930999968 ], [ 115.133146333000013, -2.769348383999954 ], [ 115.116222791000041, -2.738692825999976 ], [ 115.118453197, -2.737010141999974 ], [ 115.119983541000011, -2.735855594999975 ], [ 115.121850768000058, -2.734446886999933 ], [ 115.123921974000041, -2.732884276999926 ], [ 115.139223503000039, -2.758907295999961 ], [ 115.144221247000019, -2.767406766999954 ], [ 115.146215237000092, -2.770797848999962 ], [ 115.147678233000079, -2.773285895999948 ], [ 115.149122919000092, -2.775742797999953 ], [ 115.151102743000024, -2.77910977199997 ], [ 115.153365766000093, -2.782951150999963 ], [ 115.15363345600008, -2.784587030999944 ], [ 115.153782171000103, -2.788603560999945 ], [ 115.153877351, -2.789536308999971 ], [ 115.154048672000044, -2.790069309999978 ], [ 115.154619742000023, -2.791135306999934 ], [ 115.154581670000084, -2.791744448999964 ], [ 115.154752640000083, -2.796437363999928 ], [ 115.155794252000078, -2.798429823999925 ], [ 115.156770775000041, -2.799530045999973 ], [ 115.157453679000014, -2.80102196799993 ], [ 115.157746354000096, -2.801707252999961 ], [ 115.158431637000035, -2.802271184999938 ], [ 115.159359629000051, -2.803127790999952 ], [ 115.16023764900001, -2.803855905999967 ], [ 115.160637399000052, -2.804476944999976 ], [ 115.160930073000031, -2.80514795299996 ], [ 115.160994318, -2.806504245999975 ], [ 115.160880698000028, -2.807427476999976 ], [ 115.16030962800005, -2.809426223999935 ], [ 115.160214450000012, -2.810175753999943 ], [ 115.16020255300009, -2.811377380999943 ], [ 115.160131168000021, -2.811793787999932 ], [ 115.159847274000072, -2.81239951799995 ], [ 115.159841757000095, -2.812708748999967 ], [ 115.159561668000038, -2.813513077999971 ], [ 115.159286461000079, -2.814446886999974 ], [ 115.158655902000078, -2.817123779999974 ], [ 115.158108627000047, -2.819455650999942 ], [ 115.157849993000013, -2.821106378999957 ], [ 115.157526944000097, -2.821392811999942 ], [ 115.157191308000051, -2.821791506999944 ], [ 115.155794213000036, -2.822575265999944 ], [ 115.155682029000104, -2.822899458999927 ], [ 115.155431339000074, -2.824508450999929 ], [ 115.155356511000036, -2.825406398999974 ], [ 115.154982574000087, -2.825830181999947 ], [ 115.154436244000067, -2.826078826999947 ], [ 115.153766180000048, -2.826340093999931 ], [ 115.15246915900002, -2.826375103999965 ], [ 115.151290158000052, -2.826547878999975 ], [ 115.149322253000037, -2.826556866999965 ] ] ] } },
{ "type": "Feature", "properties": { "village_id": "63.06.09.2001", "village_name": "Balimau", "admin_type": "Desa", "district_id": "63.06.09", "district_name": "Kalumpang", "regency_code": "63.06", "regency_name": "Hulu Sungai Selatan", "province_name": "Kalimantan Selatan", "area_ha_source": 3007.8595761900001, "boundary_basis": "Hasil Delineasi Batas Desa 2018", "metadata_source": "TASWIL1000020230928_DATA_BATAS_DESAKELURAHAN" }, "geometry": { "type": "Polygon", "coordinates": [ [ [ 115.126247676000048, -2.832302652999942 ], [ 115.125824671000032, -2.832461366999951 ], [ 115.124856855000075, -2.83248141699994 ], [ 115.124783696, -2.832482932999937 ], [ 115.123950984000089, -2.832458318999954 ], [ 115.122938254000019, -2.831694228999936 ], [ 115.12226011000007, -2.831244511999955 ], [ 115.121439194000118, -2.831265925999958 ], [ 115.120653973000117, -2.831494353999972 ], [ 115.120332745000042, -2.83143724699994 ], [ 115.119697427, -2.831158849999952 ], [ 115.119254850000061, -2.831073188999937 ], [ 115.118476765000082, -2.831173126999943 ], [ 115.117934248000097, -2.831415831999948 ], [ 115.117077642000027, -2.831894103999957 ], [ 115.115288158000112, -2.83240929599998 ], [ 115.113701187000061, -2.832922030999953 ], [ 115.112658983000074, -2.833386024999925 ], [ 115.11031094000009, -2.834796807999965 ], [ 115.107527779000065, -2.836691248999955 ], [ 115.107385893000014, -2.836776202999943 ], [ 115.107195371000103, -2.836883547999946 ], [ 115.106952608000029, -2.837008675999925 ], [ 115.106884703000105, -2.83704232499997 ], [ 115.106797902000039, -2.837085338999941 ], [ 115.106737973, -2.837115035999943 ], [ 115.106723197000065, -2.837116589999937 ], [ 115.106706055000018, -2.837118391999979 ], [ 115.106666794000034, -2.837119523999945 ], [ 115.106635865000044, -2.837118275999956 ], [ 115.10659006800006, -2.837114611999937 ], [ 115.106413, -2.837036 ], [ 115.106133607000061, -2.836785726999949 ], [ 115.106124695000062, -2.836778005999975 ], [ 115.106092760000024, -2.836748550999971 ], [ 115.105906907000076, -2.836583946999951 ], [ 115.105792, -2.836482 ], [ 115.105719, -2.836421 ], [ 115.105403, -2.836136 ], [ 115.10507, -2.835799 ], [ 115.104742000000101, -2.835566 ], [ 115.104477, -2.835465 ], [ 115.104154000000108, -2.835563 ], [ 115.103461892000041, -2.835849606999943 ], [ 115.103275, -2.835927 ], [ 115.10273, -2.836086 ], [ 115.10266480100006, -2.836088615999927 ], [ 115.102406, -2.836099 ], [ 115.102169000000117, -2.83605 ], [ 115.101793, -2.835937 ], [ 115.101254, -2.835857 ], [ 115.100621, -2.835881 ], [ 115.100027168000111, -2.835903766999934 ], [ 115.099995, -2.835905 ], [ 115.09966, -2.835861 ], [ 115.099658888000022, -2.835860201999935 ], [ 115.099345, -2.835635 ], [ 115.099152000000117, -2.834865 ], [ 115.099225, -2.834098 ], [ 115.099552, -2.833329 ], [ 115.099601033000113, -2.833260373999963 ], [ 115.099658888000022, -2.833179400999938 ], [ 115.10003, -2.83266 ], [ 115.100152, -2.832338 ], [ 115.100166, -2.832166 ], [ 115.100143000000116, -2.832041 ], [ 115.100136, -2.832037 ], [ 115.100092, -2.831997 ], [ 115.099708, -2.83175 ], [ 115.099658888000022, -2.831752208999944 ], [ 115.099041, -2.83178 ], [ 115.098447, -2.831881 ], [ 115.097915, -2.831881 ], [ 115.09734, -2.831586 ], [ 115.096699, -2.830975 ], [ 115.096112, -2.830215 ], [ 115.095428, -2.829456 ], [ 115.094999, -2.829062 ], [ 115.094396, -2.828867 ], [ 115.093473, -2.829057 ], [ 115.092604, -2.829321 ], [ 115.0916, -2.82946 ], [ 115.090411, -2.829529 ], [ 115.089723, -2.829708 ], [ 115.089295000000106, -2.830076 ], [ 115.088889000000108, -2.830547 ], [ 115.088205, -2.831207 ], [ 115.087711, -2.831835 ], [ 115.087625000000116, -2.8324 ], [ 115.088008351000099, -2.833582742999965 ], [ 115.088012, -2.833594 ], [ 115.088234, -2.834666 ], [ 115.088170000000105, -2.835575 ], [ 115.088169835000031, -2.835575422999966 ], [ 115.087857, -2.836377 ], [ 115.087332, -2.837401 ], [ 115.086848, -2.838646 ], [ 115.086757823000084, -2.838958030999947 ], [ 115.086559, -2.839646 ], [ 115.086222217000113, -2.840321305999964 ], [ 115.086172, -2.840422 ], [ 115.085504, -2.840958 ], [ 115.084699000000114, -2.841096 ], [ 115.083862, -2.840889 ], [ 115.083132, -2.840412 ], [ 115.082281, -2.839808 ], [ 115.08131, -2.83945 ], [ 115.080413, -2.839375 ], [ 115.079577, -2.839724 ], [ 115.078577000000109, -2.840393 ], [ 115.077477, -2.840998 ], [ 115.076333, -2.841691 ], [ 115.075468000000114, -2.842207 ], [ 115.074714, -2.842613 ], [ 115.073623000000111, -2.843191 ], [ 115.073475, -2.843259 ], [ 115.072806, -2.84358 ], [ 115.071665, -2.844168 ], [ 115.070633, -2.84466 ], [ 115.069413, -2.845244 ], [ 115.068817085000092, -2.845223912999927 ], [ 115.06879, -2.845223 ], [ 115.068018, -2.844774 ], [ 115.067168, -2.843918 ], [ 115.066452, -2.843145 ], [ 115.066287000000102, -2.843016 ], [ 115.065424, -2.842509 ], [ 115.064309, -2.841784 ], [ 115.063179000000105, -2.840915 ], [ 115.062754132, -2.840448932999948 ], [ 115.062519, -2.840191 ], [ 115.062471, -2.839521 ], [ 115.06283, -2.83891 ], [ 115.063521620000074, -2.83799139599995 ], [ 115.063543, -2.837963 ], [ 115.063590620000014, -2.837791286999959 ], [ 115.063746, -2.837231 ], [ 115.06351, -2.836509 ], [ 115.063113, -2.835704 ], [ 115.062871, -2.834626 ], [ 115.062809, -2.834002 ], [ 115.062843893000036, -2.833863220999945 ], [ 115.062897, -2.833652 ], [ 115.062917, -2.833636 ], [ 115.063751668, -2.83318552999998 ], [ 115.064018751000049, -2.832822341999929 ], [ 115.064314607000028, -2.83232523099997 ], [ 115.064562798000111, -2.831875886999967 ], [ 115.064582563000045, -2.831435727999974 ], [ 115.065280246000043, -2.830383866999966 ], [ 115.065895716000114, -2.829408820999959 ], [ 115.066524841000046, -2.828807003999941 ], [ 115.067253491000088, -2.828449371999966 ], [ 115.067592503000014, -2.828084151999974 ], [ 115.0678255360001, -2.827833102999932 ], [ 115.067913406000116, -2.82756325899993 ], [ 115.068026416000066, -2.827216211999939 ], [ 115.068214338000075, -2.826056945999937 ], [ 115.068435461000036, -2.824692868999932 ], [ 115.068313233000026, -2.823366412999974 ], [ 115.068309620000036, -2.823327207999967 ], [ 115.067792889000089, -2.821916667999972 ], [ 115.067223860000013, -2.820709971999975 ], [ 115.067190636000078, -2.82049862599996 ], [ 115.067054992000067, -2.819635749999975 ], [ 115.066990463000025, -2.819059532999972 ], [ 115.066904932000057, -2.818295783999929 ], [ 115.066859554000075, -2.817535131999932 ], [ 115.066818006000062, -2.81675994099993 ], [ 115.066990046000114, -2.816315250999935 ], [ 115.067490183000018, -2.816014648999953 ], [ 115.068019226000047, -2.815498781999963 ], [ 115.068288256000073, -2.815164482999933 ], [ 115.068376846000092, -2.815054399999951 ], [ 115.06883399700007, -2.814489369999933 ], [ 115.06931092700006, -2.813832266999952 ], [ 115.069608903000017, -2.813485870999955 ], [ 115.070061726000063, -2.813020114999972 ], [ 115.070657420000089, -2.812482824999961 ], [ 115.070959663000053, -2.812253960999954 ], [ 115.071025574000032, -2.811961005999933 ], [ 115.070985678000056, -2.811712225999941 ], [ 115.070985553000014, -2.811711446999936 ], [ 115.070985409000059, -2.81171054899994 ], [ 115.070985, -2.811708 ], [ 115.071023, -2.811516 ], [ 115.071243443000071, -2.811013994999939 ], [ 115.071773904000111, -2.810356259999935 ], [ 115.072169943000063, -2.809806787999946 ], [ 115.072331917000042, -2.809582061999947 ], [ 115.072556877000011, -2.808782429999951 ], [ 115.072820044000082, -2.807897693999962 ], [ 115.072825118000083, -2.807636145999936 ], [ 115.072846032000029, -2.80655801599994 ], [ 115.072850871000014, -2.80611479099997 ], [ 115.072871173000067, -2.804255079999962 ], [ 115.072947117000012, -2.802945720999958 ], [ 115.073140311000088, -2.801199617999941 ], [ 115.073237122000023, -2.800194986999941 ], [ 115.073293440000043, -2.798938052999972 ], [ 115.073525370000084, -2.798670972999957 ], [ 115.073951479000016, -2.798001302999978 ], [ 115.073976777000098, -2.797961545999954 ], [ 115.074487943, -2.796922561999963 ], [ 115.074622819000069, -2.796234818999949 ], [ 115.074979971000062, -2.795771535999961 ], [ 115.075052068000105, -2.795678014999964 ], [ 115.075219093000101, -2.795384028999933 ], [ 115.075248505000104, -2.794979320999971 ], [ 115.075279937, -2.794546801999957 ], [ 115.07538850200001, -2.793625921999933 ], [ 115.075453321000055, -2.793269565999935 ], [ 115.075482573000045, -2.792838988999961 ], [ 115.075491657000043, -2.792548034999925 ], [ 115.075472226000102, -2.792529864999949 ], [ 115.075405, -2.792467 ], [ 115.075678114000084, -2.790133992999927 ], [ 115.075508846000048, -2.78972854899996 ], [ 115.074129332000098, -2.786424233999981 ], [ 115.072669338000082, -2.785538217999942 ], [ 115.072679147000031, -2.785421350999968 ], [ 115.072697843000014, -2.785157165999976 ], [ 115.072747203000063, -2.784459702999925 ], [ 115.073714442000096, -2.770792424999968 ], [ 115.076964426000018, -2.768322725999951 ], [ 115.078659831000095, -2.771474935999947 ], [ 115.083513933000063, -2.78181131499997 ], [ 115.089852817000065, -2.79585965299998 ], [ 115.102237910000099, -2.789606429999935 ], [ 115.107591697000089, -2.795352826999931 ], [ 115.116835904000027, -2.802919512999949 ], [ 115.119512798000073, -2.805667790999962 ], [ 115.122261075000097, -2.807773613999927 ], [ 115.123224757000116, -2.80973666899996 ], [ 115.123688751000032, -2.811021577999952 ], [ 115.123474601000112, -2.812235102999978 ], [ 115.123474601000112, -2.81323447699998 ], [ 115.12386721200005, -2.814947688999951 ], [ 115.124117054000067, -2.81587567899993 ], [ 115.123938595000027, -2.817124895999939 ], [ 115.123831519000078, -2.81858826399997 ], [ 115.123760136000101, -2.819694714999969 ], [ 115.124117054000067, -2.821193773999937 ], [ 115.125045045000093, -2.823727900999927 ], [ 115.125580424000077, -2.825762339999926 ], [ 115.125616115000071, -2.827868161999959 ], [ 115.125701775000039, -2.82881042899993 ], [ 115.125858820000076, -2.82944217499994 ], [ 115.126122941000062, -2.829941861999941 ], [ 115.125737468000011, -2.830277365999962 ], [ 115.125637531000052, -2.830527209999957 ], [ 115.12570891300004, -2.830798467999955 ], [ 115.126247676000048, -2.832302652999942 ] ] ] } },
{ "type": "Feature", "properties": { "village_id": "63.06.05.2018", "village_name": "Baluti", "admin_type": "Desa", "district_id": "63.06.05", "district_name": "Kandangan", "regency_code": "63.06", "regency_name": "Hulu Sungai Selatan", "province_name": "Kalimantan Selatan", "area_ha_source": 232.64486714899999, "boundary_basis": "Hasil Delineasi Batas Desa 2018", "metadata_source": "TASWIL1000020230928_DATA_BATAS_DESAKELURAHAN" }, "geometry": { "type": "Polygon", "coordinates": [ [ [ 115.267988689000049, -2.789703060999955 ], [ 115.267922831000078, -2.790926938999974 ], [ 115.267914460000043, -2.791082500999948 ], [ 115.267925595000065, -2.791091483999935 ], [ 115.269049338000059, -2.791998181999929 ], [ 115.270178437000027, -2.793581893999942 ], [ 115.271710947000088, -2.795731444999944 ], [ 115.272700732000089, -2.797119747999943 ], [ 115.273062204000098, -2.797626756999932 ], [ 115.274274712000079, -2.799327454999968 ], [ 115.27597387600008, -2.801589064999973 ], [ 115.275998948000051, -2.801622436999935 ], [ 115.277827700000103, -2.804056524999964 ], [ 115.279338571000039, -2.806067503999941 ], [ 115.279425948000039, -2.806183802999954 ], [ 115.282346221000012, -2.810070694999979 ], [ 115.281733808000013, -2.810232589999941 ], [ 115.279342477000114, -2.810864745999936 ], [ 115.277185822000092, -2.811208078999925 ], [ 115.270206978000033, -2.812319057999957 ], [ 115.270096959000057, -2.812332770999944 ], [ 115.26964218, -2.811503923999965 ], [ 115.268880693000028, -2.810116093999966 ], [ 115.268465253000045, -2.809315724999976 ], [ 115.268200236000098, -2.808903568999938 ], [ 115.268011798000089, -2.808610506999969 ], [ 115.267633980000028, -2.807981568999935 ], [ 115.267293756000072, -2.807543102999944 ], [ 115.266519043000017, -2.806380407999939 ], [ 115.265810879000014, -2.805036915999949 ], [ 115.265942321000011, -2.804495724999924 ], [ 115.266413957000054, -2.802553846999956 ], [ 115.267068351000034, -2.799859455999979 ], [ 115.267073615000072, -2.799812465999935 ], [ 115.267260240000041, -2.798145991999945 ], [ 115.26731780700004, -2.797631950999971 ], [ 115.267313494000064, -2.796730563999972 ], [ 115.26708029100007, -2.795820574999937 ], [ 115.266030691000083, -2.795661793999955 ], [ 115.266033718000017, -2.795644196999945 ], [ 115.266062046000116, -2.795479497999963 ], [ 115.266165866000051, -2.794875883999964 ], [ 115.266367458000104, -2.794494358999941 ], [ 115.266404525000098, -2.794387436999955 ], [ 115.266748798000094, -2.79339436999993 ], [ 115.266729937000036, -2.793360111999959 ], [ 115.266637411000033, -2.793192060999957 ], [ 115.266536225000095, -2.792885315999968 ], [ 115.266048105000095, -2.791405592999979 ], [ 115.265400405000037, -2.791359711999974 ], [ 115.264884873000028, -2.791061487999968 ], [ 115.264359556000045, -2.790757604999953 ], [ 115.264302006000094, -2.790724313999931 ], [ 115.263726568000038, -2.790391435999936 ], [ 115.263777187000073, -2.790147241999932 ], [ 115.263779223000029, -2.790137424999955 ], [ 115.263789978000091, -2.790085540999939 ], [ 115.263890958000047, -2.789598387999945 ], [ 115.263931387000071, -2.789403352999955 ], [ 115.263940996000088, -2.78935699799996 ], [ 115.263972939000041, -2.789202899999964 ], [ 115.263996520000092, -2.789089140999977 ], [ 115.264124416000072, -2.788620322999975 ], [ 115.264134109000111, -2.788584789999959 ], [ 115.264333382000018, -2.787854324999955 ], [ 115.264350322000041, -2.78782423399997 ], [ 115.264826072, -2.786979103999954 ], [ 115.26513515900001, -2.786750800999926 ], [ 115.265609654000059, -2.787327879999964 ], [ 115.265627814000027, -2.787340091999965 ], [ 115.265630807000093, -2.787342104999937 ], [ 115.266290712000114, -2.787785887999974 ], [ 115.26646611700005, -2.788167962999978 ], [ 115.266649369000106, -2.788567126999965 ], [ 115.267162755000072, -2.789240269999937 ], [ 115.267216388000065, -2.789310591999936 ], [ 115.267785303000096, -2.789556758999936 ], [ 115.26787876100002, -2.789597196999978 ], [ 115.267992327000115, -2.789635448999945 ], [ 115.267988689000049, -2.789703060999955 ] ] ] } },
{ "type": "Feature", "properties": { "village_id": "63.06.04.2002", "village_name": "Bamban", "admin_type": "Desa", "district_id": "63.06.04", "district_name": "Angkinang", "regency_code": "63.06", "regency_name": "Hulu Sungai Selatan", "province_name": "Kalimantan Selatan", "area_ha_source": 285.24593502800002, "boundary_basis": "Hasil Delineasi Batas Desa 2018", "metadata_source": "TASWIL1000020230928_DATA_BATAS_DESAKELURAHAN" }, "geometry": { "type": "Polygon", "coordinates": [ [ [ 115.292091673000073, -2.693922320999945 ], [ 115.292094444000099, -2.69395 ], [ 115.292103268, -2.693978403999949 ], [ 115.292103282000085, -2.693978447999939 ], [ 115.292107068000064, -2.693990631999952 ], [ 115.292104008000024, -2.693996751999975 ], [ 115.292088033000027, -2.694028702999958 ], [ 115.292057100000079, -2.694059635999963 ], [ 115.292054302000111, -2.694071526999949 ], [ 115.292047582, -2.694100086999924 ], [ 115.292049961000089, -2.694147675999943 ], [ 115.29205472000001, -2.694190506999973 ], [ 115.292031901000087, -2.694221623999965 ], [ 115.292028546000097, -2.694226198999957 ], [ 115.292007131000105, -2.694264269999962 ], [ 115.292007131000105, -2.694278212999961 ], [ 115.292007131000105, -2.694307099999946 ], [ 115.292023787000062, -2.694378483999969 ], [ 115.292026167000017, -2.694418934999931 ], [ 115.292018789000053, -2.69443664299996 ], [ 115.29200237200007, -2.694476041999962 ], [ 115.291973818000088, -2.694521251999959 ], [ 115.291978577, -2.694566461999955 ], [ 115.291978577, -2.69461642999994 ], [ 115.291961921000052, -2.694656880999958 ], [ 115.291950024000016, -2.694716367999945 ], [ 115.291961921000052, -2.694780612999978 ], [ 115.291952403000096, -2.694849616999932 ], [ 115.291949543000101, -2.694864236999933 ], [ 115.291931154000054, -2.694958225999926 ], [ 115.291930988000104, -2.69495907299995 ], [ 115.291931271000067, -2.694961408999973 ], [ 115.29193548, -2.694996132999961 ], [ 115.29194050600006, -2.695037594999974 ], [ 115.291971439, -2.69510897899994 ], [ 115.291997613000035, -2.695194638999965 ], [ 115.292016649000061, -2.695270781999966 ], [ 115.292016649000061, -2.695351683999945 ], [ 115.291997613000035, -2.695430205999969 ], [ 115.291959542000086, -2.695515866999926 ], [ 115.291928609000024, -2.695599147999928 ], [ 115.291913098, -2.695643093999934 ], [ 115.291905431000032, -2.695664817999955 ], [ 115.291900055000042, -2.695680048999975 ], [ 115.291886111000053, -2.695744443999956 ], [ 115.291842948000067, -2.695818057999929 ], [ 115.291842897000038, -2.69581907099996 ], [ 115.291840569000101, -2.695865646999948 ], [ 115.291829601000018, -2.695916828999941 ], [ 115.29182629200011, -2.695932271999936 ], [ 115.291802497000049, -2.695963204999941 ], [ 115.291795795000098, -2.695978843999967 ], [ 115.291788220000058, -2.695996517999959 ], [ 115.291785841000092, -2.696070280999947 ], [ 115.291767239000023, -2.696095858999968 ], [ 115.291747770000029, -2.696122628999944 ], [ 115.291745775000095, -2.69613725499994 ], [ 115.291740631000039, -2.696174976999941 ], [ 115.291752529000064, -2.696236842999951 ], [ 115.291752529000064, -2.696308226999975 ], [ 115.291728734000117, -2.696353436999971 ], [ 115.291714457000012, -2.696398646999967 ], [ 115.291706766000061, -2.696419315999947 ], [ 115.291676386000063, -2.696500962999949 ], [ 115.291657350000037, -2.696567587999937 ], [ 115.29163117600001, -2.696624694999969 ], [ 115.291612140000097, -2.696722252999962 ], [ 115.291597222000064, -2.696775 ], [ 115.291593105000061, -2.696800774999929 ], [ 115.291676386000063, -2.696803154999941 ], [ 115.291783461000023, -2.696798395999963 ], [ 115.291788627000074, -2.696797990999926 ], [ 115.291904814000077, -2.69678887799995 ], [ 115.291966680000087, -2.696782929999927 ], [ 115.29206483300004, -2.696765083999935 ], [ 115.292192729000021, -2.696714519999944 ], [ 115.292350368000029, -2.696690724999939 ], [ 115.292496110000116, -2.696687750999956 ], [ 115.29254667400005, -2.696729391999952 ], [ 115.292580348000115, -2.696784111999932 ], [ 115.292594263000069, -2.696806723999941 ], [ 115.292610780000018, -2.696821739999962 ], [ 115.29265969800008, -2.696866210999929 ], [ 115.292740005000041, -2.696869184999969 ], [ 115.292796517000056, -2.696851338999977 ], [ 115.29280952900001, -2.696851338999977 ], [ 115.292873850000092, -2.696851338999977 ], [ 115.292932489, -2.696886522999932 ], [ 115.292933336000033, -2.69688703099996 ], [ 115.29293361100008, -2.696887602999936 ], [ 115.292972002000056, -2.696967337999979 ], [ 115.292983900000081, -2.697080361999951 ], [ 115.293016617000035, -2.69716066899997 ], [ 115.293077611000058, -2.697198678999939 ], [ 115.29313744600006, -2.697235967999973 ], [ 115.293221846000051, -2.697288564999951 ], [ 115.293388889000084, -2.697383332999948 ], [ 115.293465711000067, -2.697419732999947 ], [ 115.293477638000013, -2.697425383999928 ], [ 115.293677571000103, -2.697560473999943 ], [ 115.293697738000105, -2.69757409999994 ], [ 115.293778045000067, -2.697648457999946 ], [ 115.293879172000061, -2.697779328999957 ], [ 115.293885203000059, -2.697789071999978 ], [ 115.293900805000021, -2.697814274999928 ], [ 115.293917838000084, -2.697841789999927 ], [ 115.294002430000091, -2.697948535999956 ], [ 115.294042760000025, -2.697999428999935 ], [ 115.294043594000073, -2.698000976999936 ], [ 115.294084400000088, -2.698076760999925 ], [ 115.294051683000021, -2.698163016999956 ], [ 115.293977325000014, -2.698228451999967 ], [ 115.293905941000048, -2.698276040999929 ], [ 115.293911889000015, -2.698344450999969 ], [ 115.29392081200001, -2.698436654999966 ], [ 115.293923582000048, -2.698503122999966 ], [ 115.29392676100008, -2.698579422999956 ], [ 115.29392924900003, -2.698696367999958 ], [ 115.293929735, -2.698719215999972 ], [ 115.293947581000111, -2.698900649999928 ], [ 115.293983440000034, -2.698923061999949 ], [ 115.294018965000078, -2.698945264999963 ], [ 115.294060861000048, -2.698968117999925 ], [ 115.294117118000031, -2.698998802999938 ], [ 115.294185527000081, -2.699031519999949 ], [ 115.294203373000073, -2.699120749999963 ], [ 115.29423014200006, -2.699218902999974 ], [ 115.294274757000039, -2.699278388999971 ], [ 115.294325321000088, -2.699352746999978 ], [ 115.294355064000115, -2.699421156999961 ], [ 115.294356391000065, -2.699454291999928 ], [ 115.294356774000107, -2.69946385399993 ], [ 115.294358333000105, -2.699502777999953 ], [ 115.294364148000113, -2.699516264999943 ], [ 115.294385262000105, -2.699565231999941 ], [ 115.29440265300002, -2.699605564999956 ], [ 115.294444294000073, -2.699715614999946 ], [ 115.294503780000014, -2.699831613999947 ], [ 115.294572190000054, -2.699989252999956 ], [ 115.294631676000108, -2.700069559999974 ], [ 115.294786341000076, -2.700132020999945 ], [ 115.294881520000104, -2.700221250999959 ], [ 115.29495290400007, -2.70028371199993 ], [ 115.295009416000084, -2.700304531999961 ], [ 115.2950549520001, -2.700289353999949 ], [ 115.295098646000042, -2.700274788999934 ], [ 115.295194691, -2.700250776999951 ], [ 115.295217619000027, -2.700245044999974 ], [ 115.295313651000015, -2.700216234999971 ], [ 115.29536633500004, -2.700200429999938 ], [ 115.295464488000107, -2.700221250999959 ], [ 115.295553717000075, -2.700227198999926 ], [ 115.295671525000103, -2.700221963999979 ], [ 115.295687562000012, -2.700221250999959 ], [ 115.295755972000052, -2.700185558999976 ], [ 115.29585115000009, -2.700167712999928 ], [ 115.295928483000012, -2.700170686999968 ], [ 115.29594523600008, -2.700172044999931 ], [ 115.296038533000115, -2.700179609999964 ], [ 115.296106942000051, -2.700212327999964 ], [ 115.296133333000057, -2.70025 ], [ 115.296143670000106, -2.700257630999943 ], [ 115.296199146000049, -2.700298582999949 ], [ 115.296341914000095, -2.700322377999953 ], [ 115.296577393, -2.700340038999968 ], [ 115.296579860000065, -2.700340223999945 ], [ 115.2966963450001, -2.70034299699995 ], [ 115.296704782, -2.700343197999928 ], [ 115.296831772000019, -2.700257617999966 ], [ 115.296841601000096, -2.70025099399993 ], [ 115.297058727000035, -2.700117148999936 ], [ 115.297073768000018, -2.700109787999963 ], [ 115.297198520000052, -2.700048739999943 ], [ 115.297199401000057, -2.700048479999964 ], [ 115.297329390000073, -2.70001007299993 ], [ 115.29742507200001, -2.699977267999941 ], [ 115.297510675000012, -2.699947918999953 ], [ 115.297537593000015, -2.699938689999954 ], [ 115.297549473000117, -2.699939349999966 ], [ 115.297751745000028, -2.699950586999933 ], [ 115.297882471000094, -2.699983117999977 ], [ 115.297883333000073, -2.699983332999977 ], [ 115.297981899000092, -2.699967174999927 ], [ 115.29801051100003, -2.699962483999968 ], [ 115.298084869000036, -2.699914894999949 ], [ 115.298236560000078, -2.699870279999971 ], [ 115.298238862000062, -2.699869557999932 ], [ 115.298388250000016, -2.699822690999952 ], [ 115.298485170000049, -2.699752692999937 ], [ 115.298495326000079, -2.699745357999973 ], [ 115.298614299000064, -2.699641256999939 ], [ 115.298807630000056, -2.699504437999963 ], [ 115.299006910000116, -2.699424130999944 ], [ 115.299185370000032, -2.699409259999925 ], [ 115.299334086000044, -2.699364644999946 ], [ 115.299408444000051, -2.699275414999931 ], [ 115.299494700000082, -2.699183210999934 ], [ 115.299622596000063, -2.699156441999946 ], [ 115.29967349900005, -2.699136946999943 ], [ 115.299742459000072, -2.699110536999967 ], [ 115.29976238900008, -2.699102903999972 ], [ 115.299875414000098, -2.69901664899993 ], [ 115.300018181000041, -2.698957161999942 ], [ 115.300112468000066, -2.698929429999964 ], [ 115.300147401000117, -2.698919155999931 ], [ 115.300220435000028, -2.698897674999955 ], [ 115.30030371600003, -2.698850085999936 ], [ 115.30043888900002, -2.698772221999945 ], [ 115.300454239000032, -2.698767757999974 ], [ 115.300743917000091, -2.698683523999932 ], [ 115.300949081000113, -2.69860766499994 ], [ 115.301097862, -2.698552653999968 ], [ 115.301258475000054, -2.698478294999973 ], [ 115.301546998000049, -2.698397284999942 ], [ 115.301547222000067, -2.698397221999926 ], [ 115.301547406000054, -2.698397205999925 ], [ 115.30164216300011, -2.698389065999947 ], [ 115.301712823000116, -2.698371830999974 ], [ 115.301736575000064, -2.698366037999961 ], [ 115.301764111000011, -2.698359321999931 ], [ 115.301768932000073, -2.698357656999974 ], [ 115.301927699000089, -2.698302809999973 ], [ 115.30199161400003, -2.698263836999956 ], [ 115.302032939000014, -2.698238638999953 ], [ 115.303486260000113, -2.698887032999949 ], [ 115.304294921000064, -2.698981920999927 ], [ 115.30397964000008, -2.700260893999939 ], [ 115.303527543000087, -2.701284061999957 ], [ 115.303408571000091, -2.702045489999932 ], [ 115.303332525000087, -2.70241430599998 ], [ 115.303330169000105, -2.702425738999978 ], [ 115.303170625, -2.70319952899996 ], [ 115.303039753, -2.704258388999961 ], [ 115.303039753, -2.704603409999947 ], [ 115.303218213000036, -2.705150685999968 ], [ 115.303561697000077, -2.706203861999938 ], [ 115.303681773000108, -2.706527236999932 ], [ 115.303945457000054, -2.707237350999947 ], [ 115.304119044000117, -2.707375942999931 ], [ 115.304971513000055, -2.708056545999966 ], [ 115.305612196000084, -2.709004317999927 ], [ 115.306237040000042, -2.709214741999972 ], [ 115.307408953000049, -2.709609397999941 ], [ 115.307441632000064, -2.709611876999929 ], [ 115.309719910000013, -2.709784800999955 ], [ 115.31239886000003, -2.709935511999959 ], [ 115.312449735000087, -2.709938373999933 ], [ 115.312416805000112, -2.710121394999931 ], [ 115.311130460000072, -2.711121010999932 ], [ 115.310145523000074, -2.711506985999961 ], [ 115.308390480000071, -2.711676679999925 ], [ 115.305609142000094, -2.711199331999978 ], [ 115.304227594000054, -2.71078186099993 ], [ 115.301651527000104, -2.710003428999926 ], [ 115.301459294000097, -2.709945338999944 ], [ 115.301409943000067, -2.709722423999949 ], [ 115.301238622000028, -2.70970338799998 ], [ 115.300969076000115, -2.70990614699997 ], [ 115.300630321000085, -2.709962406999978 ], [ 115.300415805000057, -2.709913125999947 ], [ 115.30040580900004, -2.709969887999932 ], [ 115.300395591000097, -2.710485073999962 ], [ 115.2997525400001, -2.710505025999964 ], [ 115.298527961000104, -2.710543017999953 ], [ 115.298505266, -2.710543721999954 ], [ 115.293253656000047, -2.71031155299994 ], [ 115.292768228000114, -2.710290089999944 ], [ 115.292803110000023, -2.710182647999943 ], [ 115.292803191000075, -2.710126252999942 ], [ 115.292152281000085, -2.70980093299994 ], [ 115.290425909000078, -2.708303950999948 ], [ 115.287871687, -2.706089112999962 ], [ 115.282652508000069, -2.701563388999944 ], [ 115.28239183900007, -2.701337351999939 ], [ 115.285154955000053, -2.698809306999976 ], [ 115.289466235000077, -2.69486475399998 ], [ 115.288273576000051, -2.692528541999934 ], [ 115.288254781000091, -2.692491726999947 ], [ 115.288647673000014, -2.692633807999925 ], [ 115.291253043000097, -2.693575979999935 ], [ 115.29167322100011, -2.693749709999963 ], [ 115.292083073000072, -2.693919170999948 ], [ 115.292091673000073, -2.693922320999945 ] ] ] } },
{ "type": "Feature", "properties": { "village_id": "63.06.04.2003", "village_name": "Bamban Selatan", "admin_type": "Desa", "district_id": "63.06.04", "district_name": "Angkinang", "regency_code": "63.06", "regency_name": "Hulu Sungai Selatan", "province_name": "Kalimantan Selatan", "area_ha_source": 199.43270166, "boundary_basis": "Hasil Delineasi Batas Desa 2018", "metadata_source": "TASWIL1000020230928_DATA_BATAS_DESAKELURAHAN" }, "geometry": { "type": "Polygon", "coordinates": [ [ [ 115.312416805000112, -2.710121394999931 ], [ 115.312329578000117, -2.710606214999927 ], [ 115.312209117000066, -2.713267655999971 ], [ 115.312199047000036, -2.713490129999968 ], [ 115.312190971000064, -2.713556779999976 ], [ 115.311494038000092, -2.719308546999969 ], [ 115.310867608000081, -2.720403578999935 ], [ 115.310144883000021, -2.720957512999973 ], [ 115.309696711000015, -2.721178320999968 ], [ 115.309138762000089, -2.721405986999969 ], [ 115.308344109000018, -2.721624532999954 ], [ 115.307271467000078, -2.721822715999963 ], [ 115.306597933000035, -2.721925218999957 ], [ 115.30584133900004, -2.722040361999973 ], [ 115.30423259600002, -2.722177875999932 ], [ 115.303020913000069, -2.722395826999957 ], [ 115.300698019000038, -2.721993145999932 ], [ 115.299191864000022, -2.721429762999946 ], [ 115.299090319000015, -2.721391779999976 ], [ 115.29837658800011, -2.720552046999956 ], [ 115.298556433000044, -2.719753518999937 ], [ 115.297905045000107, -2.719113482999944 ], [ 115.298099975000014, -2.718802996999955 ], [ 115.298500281000088, -2.718248965999976 ], [ 115.298547276000022, -2.718183923999959 ], [ 115.29857809300006, -2.718134430999953 ], [ 115.298764474000109, -2.717835093999952 ], [ 115.298807643000032, -2.717714084999955 ], [ 115.2990962, -2.716711434999979 ], [ 115.299142753000069, -2.715845221999928 ], [ 115.298886402000107, -2.715434515999959 ], [ 115.298768923000011, -2.715328518999968 ], [ 115.298312820000092, -2.714916977999962 ], [ 115.296636141000022, -2.714276294999934 ], [ 115.295971731, -2.713865011999928 ], [ 115.294527748000064, -2.713329259999966 ], [ 115.293753786000025, -2.712697393999974 ], [ 115.293312004000086, -2.711991789999956 ], [ 115.292831654000111, -2.711383314999978 ], [ 115.292743220000034, -2.710664430999941 ], [ 115.292768228000114, -2.710290089999944 ], [ 115.293253656000047, -2.71031155299994 ], [ 115.298505266, -2.710543721999954 ], [ 115.298527961000104, -2.710543017999953 ], [ 115.2997525400001, -2.710505025999964 ], [ 115.300395591000097, -2.710485073999962 ], [ 115.30040580900004, -2.709969887999932 ], [ 115.300415805000057, -2.709913125999947 ], [ 115.300630321000085, -2.709962406999978 ], [ 115.300969076000115, -2.70990614699997 ], [ 115.301238622000028, -2.70970338799998 ], [ 115.301409943000067, -2.709722423999949 ], [ 115.301459294000097, -2.709945338999944 ], [ 115.301651527000104, -2.710003428999926 ], [ 115.304227594000054, -2.71078186099993 ], [ 115.305609142000094, -2.711199331999978 ], [ 115.308390480000071, -2.711676679999925 ], [ 115.310145523000074, -2.711506985999961 ], [ 115.311130460000072, -2.711121010999932 ], [ 115.312416805000112, -2.710121394999931 ] ] ] } },
{ "type": "Feature", "properties": { "village_id": "63.06.04.2001", "village_name": "Bamban Utara", "admin_type": "Desa", "district_id": "63.06.04", "district_name": "Angkinang", "regency_code": "63.06", "regency_name": "Hulu Sungai Selatan", "province_name": "Kalimantan Selatan", "area_ha_source": 157.820292395, "boundary_basis": "Hasil Delineasi Batas Desa 2018", "metadata_source": "TASWIL1000020230928_DATA_BATAS_DESAKELURAHAN" }, "geometry": { "type": "Polygon", "coordinates": [ [ [ 115.312449735000087, -2.709938373999933 ], [ 115.31239886000003, -2.709935511999959 ], [ 115.309719910000013, -2.709784800999955 ], [ 115.307441632000064, -2.709611876999929 ], [ 115.307408953000049, -2.709609397999941 ], [ 115.306237040000042, -2.709214741999972 ], [ 115.305612196000084, -2.709004317999927 ], [ 115.304971513000055, -2.708056545999966 ], [ 115.304119044000117, -2.707375942999931 ], [ 115.303945457000054, -2.707237350999947 ], [ 115.303681773000108, -2.706527236999932 ], [ 115.303561697000077, -2.706203861999938 ], [ 115.303218213000036, -2.705150685999968 ], [ 115.303039753, -2.704603409999947 ], [ 115.303039753, -2.704258388999961 ], [ 115.303170625, -2.70319952899996 ], [ 115.303330169000105, -2.702425738999978 ], [ 115.303332525000087, -2.70241430599998 ], [ 115.303408571000091, -2.702045489999932 ], [ 115.303527543000087, -2.701284061999957 ], [ 115.30397964000008, -2.700260893999939 ], [ 115.304294921000064, -2.698981920999927 ], [ 115.304309087000092, -2.697829358999968 ], [ 115.304348800000071, -2.697823943999936 ], [ 115.30445885000006, -2.69784773799995 ], [ 115.304485619000047, -2.697895327999959 ], [ 115.304476696000052, -2.697954813999957 ], [ 115.304461825000089, -2.698014300999944 ], [ 115.304467773000056, -2.698085683999977 ], [ 115.304518337000104, -2.698133273999929 ], [ 115.304571875000079, -2.698133273999929 ], [ 115.304675976000112, -2.698136247999969 ], [ 115.304744386000039, -2.698171939999952 ], [ 115.304789, -2.698234400999979 ], [ 115.304866333000064, -2.698258194999937 ], [ 115.304916897000112, -2.698252246999971 ], [ 115.304964486000017, -2.698216554999931 ], [ 115.305029921000028, -2.698186810999971 ], [ 115.305118346000086, -2.698143064999954 ], [ 115.305226226000059, -2.698183836999931 ], [ 115.305288687000029, -2.698258194999937 ], [ 115.305368994000105, -2.698395013999971 ], [ 115.305446327000027, -2.698478294999973 ], [ 115.305568274000052, -2.69850506399996 ], [ 115.305654529000094, -2.698564550999947 ], [ 115.305711042000098, -2.698656754999945 ], [ 115.305803246000096, -2.698731112999951 ], [ 115.305943039000113, -2.698763830999951 ], [ 115.306076884000049, -2.698769778999974 ], [ 115.30613934500002, -2.698793573999978 ], [ 115.306201805000114, -2.698861983999961 ], [ 115.306240472000013, -2.69905233999998 ], [ 115.306246420000093, -2.699215927999944 ], [ 115.306338624000091, -2.69935572199995 ], [ 115.30651411000008, -2.69949848899995 ], [ 115.306647954000027, -2.699516334999942 ], [ 115.306723020000049, -2.69949404099998 ], [ 115.306817281, -2.699466045999941 ], [ 115.306859506000023, -2.69944566099997 ], [ 115.306886285000019, -2.699432732999981 ], [ 115.306955290000019, -2.699399420999953 ], [ 115.30702429400003, -2.699366107999936 ], [ 115.307093298000041, -2.699332795999965 ], [ 115.307176579000043, -2.699338744999977 ], [ 115.307224974000064, -2.699459822999927 ], [ 115.30728446, -2.699602590999973 ], [ 115.307373690000077, -2.699769152999977 ], [ 115.307433177, -2.699947612999949 ], [ 115.307489689000022, -2.700057662999939 ], [ 115.30758189300002, -2.700137969999957 ], [ 115.307736558000101, -2.700167712999928 ], [ 115.307906094000032, -2.700143917999981 ], [ 115.308007302000078, -2.700098027999957 ], [ 115.308046405000027, -2.700092906999942 ], [ 115.30804854400003, -2.700092626999947 ], [ 115.308123078000108, -2.700082865999946 ], [ 115.308170186000098, -2.70007669599994 ], [ 115.308199749000096, -2.70007282399996 ], [ 115.308276420000084, -2.700062782999964 ], [ 115.30842791200007, -2.700039773999947 ], [ 115.308444447000056, -2.700081456999953 ], [ 115.308536652000043, -2.700191506999943 ], [ 115.308694291000052, -2.700274788999934 ], [ 115.308771623000098, -2.700267649999944 ], [ 115.308832538000047, -2.700210542999969 ], [ 115.30885640200006, -2.70013497399998 ], [ 115.308866802000011, -2.700102039999933 ], [ 115.308868705, -2.70003922199993 ], [ 115.308876320000081, -2.699980210999968 ], [ 115.308929620000072, -2.699911682999925 ], [ 115.309060192000061, -2.699836377999929 ], [ 115.309240302000035, -2.699711807999961 ], [ 115.30938465700001, -2.69966874399995 ], [ 115.309494742000084, -2.699635902999944 ], [ 115.30967320100001, -2.699639471999944 ], [ 115.309826676000057, -2.699682302999975 ], [ 115.309916132000012, -2.699741269999947 ], [ 115.310030120000079, -2.699846485999956 ], [ 115.310122919000037, -2.699839346999966 ], [ 115.310292990000107, -2.699786284999959 ], [ 115.310436861000085, -2.699766563999958 ], [ 115.310437593000074, -2.699766463999936 ], [ 115.310492459000102, -2.699709130999963 ], [ 115.310543672000108, -2.699655613999937 ], [ 115.310610297000039, -2.699546158999965 ], [ 115.310581743000057, -2.699412908999932 ], [ 115.310576984000022, -2.699293935999947 ], [ 115.310615056000074, -2.699217792999946 ], [ 115.310695957, -2.699165444999949 ], [ 115.310872037000081, -2.699141649999945 ], [ 115.311114743000076, -2.699094060999926 ], [ 115.311267028000088, -2.699079783999935 ], [ 115.311390760000108, -2.699041712999929 ], [ 115.311462144000075, -2.698965569999928 ], [ 115.311657260000061, -2.698913221999931 ], [ 115.311871411000084, -2.698884667999948 ], [ 115.312076045000026, -2.698865632999969 ], [ 115.312261643000056, -2.69881804299996 ], [ 115.312409169000034, -2.698770453999941 ], [ 115.312556696000115, -2.698703828999953 ], [ 115.312742294000032, -2.698632445999976 ], [ 115.312885062000078, -2.698665757999947 ], [ 115.313046865000047, -2.698594373999924 ], [ 115.313132525000015, -2.69851823099998 ], [ 115.313146802, -2.698461123999948 ], [ 115.31316107900011, -2.69833263299995 ], [ 115.31331336400001, -2.698170829999981 ], [ 115.313570346, -2.698004267999977 ], [ 115.313770221000027, -2.697842463999962 ], [ 115.313893953000047, -2.697752044999959 ], [ 115.314036721000093, -2.697571205999964 ], [ 115.314117622000026, -2.697476026999936 ], [ 115.314274667000063, -2.697385607999934 ], [ 115.314536407000105, -2.697276152999962 ], [ 115.314702970000099, -2.697204768999939 ], [ 115.314864773000068, -2.697185732999969 ], [ 115.315007541000114, -2.69720000999996 ], [ 115.315169344000083, -2.697228563999943 ], [ 115.315283558000033, -2.697238080999966 ], [ 115.315407290000053, -2.697166697999933 ], [ 115.315511986000047, -2.697090554999932 ], [ 115.31561668300003, -2.697071518999962 ], [ 115.315835593000088, -2.69707627799994 ], [ 115.316059262000067, -2.697004893999974 ], [ 115.316168718000085, -2.696885920999932 ], [ 115.316249619000018, -2.696785983999973 ], [ 115.316439976000083, -2.696690804999946 ], [ 115.316706476000036, -2.696567072999926 ], [ 115.31699677000006, -2.696448099999941 ], [ 115.317210922000072, -2.696338644999969 ], [ 115.317410796000104, -2.696200635999958 ], [ 115.317653501000109, -2.69605310999998 ], [ 115.317767715000059, -2.69599124399997 ], [ 115.31798531700008, -2.695880955999939 ], [ 115.318135223000013, -2.695823848999964 ], [ 115.318338667000035, -2.695766741999932 ], [ 115.31858494100004, -2.695770310999933 ], [ 115.31888475300002, -2.695763171999943 ], [ 115.319291641000063, -2.695741756999951 ], [ 115.319612869000025, -2.695559728999967 ], [ 115.31973779000009, -2.695384837999939 ], [ 115.319937665000111, -2.69525277799994 ], [ 115.320107725000071, -2.695178838999936 ], [ 115.320183939000117, -2.695145701999934 ], [ 115.317094284000063, -2.700541559999976 ], [ 115.316802307000103, -2.701027241999952 ], [ 115.315479814000014, -2.703227105999929 ], [ 115.314300149000019, -2.705189374999975 ], [ 115.313922172000048, -2.705818100999977 ], [ 115.31332321900004, -2.706814398999938 ], [ 115.313190525000095, -2.707035121999979 ], [ 115.313147782000101, -2.70717985999994 ], [ 115.312631504000024, -2.708928087999936 ], [ 115.312506560000088, -2.709622537999962 ], [ 115.312459980000085, -2.709881432999964 ], [ 115.312449735000087, -2.709938373999933 ] ] ] } },
{ "type": "Feature", "properties": { "village_id": "63.06.05.2010", "village_name": "Bangkau", "admin_type": "Desa", "district_id": "63.06.05", "district_name": "Kandangan", "regency_code": "63.06", "regency_name": "Hulu Sungai Selatan", "province_name": "Kalimantan Selatan", "area_ha_source": 2727.9425440499999, "boundary_basis": "Hasil Delineasi Batas Desa 2018", "metadata_source": "TASWIL1000020230928_DATA_BATAS_DESAKELURAHAN" }, "geometry": { "type": "Polygon", "coordinates": [ [ [ 115.18885750000004, -2.632591666999929 ], [ 115.193401943000026, -2.639572734999945 ], [ 115.201986259000023, -2.65275976199996 ], [ 115.206168333000051, -2.659184166999978 ], [ 115.210290476000068, -2.663010321999934 ], [ 115.210480318, -2.66318653299993 ], [ 115.210617143000036, -2.66331353299995 ], [ 115.210918548000109, -2.663593294999941 ], [ 115.210918889000027, -2.663593610999953 ], [ 115.213523002000102, -2.666010226999958 ], [ 115.214641800000095, -2.667048471999976 ], [ 115.223421221000081, -2.675195775999953 ], [ 115.220595299000024, -2.680450015999952 ], [ 115.218042058000037, -2.68516342099997 ], [ 115.216476956000065, -2.686848469999973 ], [ 115.216122257000052, -2.687230352999961 ], [ 115.215830872000083, -2.687544069999944 ], [ 115.211850441000024, -2.69037534399996 ], [ 115.204911568000057, -2.695239689999937 ], [ 115.200023777000069, -2.698854463999965 ], [ 115.199995354000066, -2.698813863999931 ], [ 115.199750606000066, -2.698953302999939 ], [ 115.194980796000095, -2.701670744999944 ], [ 115.194862745000023, -2.701737998999931 ], [ 115.189028207000092, -2.705311540999958 ], [ 115.186435382000013, -2.706691703999979 ], [ 115.185523893000095, -2.707070149999936 ], [ 115.183113899000091, -2.708070760999931 ], [ 115.18173743300008, -2.708150098999965 ], [ 115.179146548000062, -2.708227602999955 ], [ 115.174450676000106, -2.708301913999946 ], [ 115.17285908100007, -2.708299501999932 ], [ 115.165038686000116, -2.696985631999951 ], [ 115.172953900000039, -2.691452504999972 ], [ 115.175765055000056, -2.689487333999978 ], [ 115.17610253600003, -2.686163478999958 ], [ 115.177985527000033, -2.667615184999931 ], [ 115.177985563000107, -2.667614829999934 ], [ 115.179847012000096, -2.649278745999936 ], [ 115.180440186000055, -2.644646024999929 ], [ 115.180710699000088, -2.64253330899993 ], [ 115.180897682000023, -2.639773564999928 ], [ 115.180045895000035, -2.638361635999956 ], [ 115.179204215000027, -2.637561737999931 ], [ 115.17910907800001, -2.637471323999932 ], [ 115.179109162000032, -2.637413481999943 ], [ 115.178746111, -2.636847221999972 ], [ 115.178717548, -2.636674891999974 ], [ 115.17852812700005, -2.635532028999933 ], [ 115.178870055000061, -2.635240782999972 ], [ 115.178937081000072, -2.635245244999965 ], [ 115.179384732000017, -2.635275046999936 ], [ 115.179753227000106, -2.635297046999938 ], [ 115.180187205000038, -2.635322955999925 ], [ 115.180341275000046, -2.635332153999968 ], [ 115.18124071200009, -2.635260770999935 ], [ 115.181345905000057, -2.635097694999956 ], [ 115.181596600000034, -2.634709052999938 ], [ 115.182072491000099, -2.634128464999947 ], [ 115.182472241000028, -2.633785820999947 ], [ 115.182636432000095, -2.633710762999954 ], [ 115.183138490000033, -2.633481250999978 ], [ 115.184014132000016, -2.63316716199995 ], [ 115.185232416000076, -2.632807862999925 ], [ 115.186138991, -2.632700787999966 ], [ 115.186674370000105, -2.63260084999996 ], [ 115.187074120000034, -2.632465220999961 ], [ 115.187659467000117, -2.632258207999939 ], [ 115.188109184000041, -2.632179684999926 ], [ 115.188508934000083, -2.63212257899994 ], [ 115.188608730000055, -2.632256880999932 ], [ 115.18885750000004, -2.632591666999929 ] ] ] } },
{ "type": "Feature", "properties": { "village_id": "63.06.07.2004", "village_name": "Banjarbaru", "admin_type": "Desa", "district_id": "63.06.07", "district_name": "Daha Selatan", "regency_code": "63.06", "regency_name": "Hulu Sungai Selatan", "province_name": "Kalimantan Selatan", "area_ha_source": 167.54027889599999, "boundary_basis": "Hasil Delineasi Batas Desa 2018", "metadata_source": "TASWIL1000020230928_DATA_BATAS_DESAKELURAHAN" }, "geometry": { "type": "Polygon", "coordinates": [ [ [ 115.121094965000111, -2.640412622999975 ], [ 115.120884364000062, -2.640755313999932 ], [ 115.120844553000097, -2.640820091999956 ], [ 115.120673741000019, -2.64109803599996 ], [ 115.119917396, -2.642328752999958 ], [ 115.119884271000046, -2.642399586999943 ], [ 115.11918464900009, -2.643895531999931 ], [ 115.113917917000094, -2.655156534999946 ], [ 115.113570881000101, -2.653787402999967 ], [ 115.113569787000074, -2.653771742999936 ], [ 115.113313857000094, -2.650109697999937 ], [ 115.113214432000063, -2.648687027999927 ], [ 115.112981871000102, -2.645359397999925 ], [ 115.11295800500011, -2.645017899999971 ], [ 115.112677484000073, -2.641003996999927 ], [ 115.112564885000097, -2.639392852999947 ], [ 115.112451345000068, -2.637768226999981 ], [ 115.112396218000072, -2.637215865999963 ], [ 115.11230923200003, -2.636344317999942 ], [ 115.112271161000081, -2.635816077999948 ], [ 115.112237849000053, -2.635102238999934 ], [ 115.112195559000043, -2.634510198999976 ], [ 115.112161705000062, -2.634036239999944 ], [ 115.112158212000054, -2.63374287399995 ], [ 115.112156947000017, -2.633636490999947 ], [ 115.112137911000104, -2.633436617999962 ], [ 115.112445813000022, -2.633252059999961 ], [ 115.112017176000109, -2.632805473999952 ], [ 115.117233586000111, -2.632204054999931 ], [ 115.117448478000028, -2.632632232999924 ], [ 115.120039012, -2.634374722999951 ], [ 115.121677967000096, -2.634758463999958 ], [ 115.121885091000081, -2.634983210999962 ], [ 115.1245767690001, -2.634746983999946 ], [ 115.122143052000069, -2.638707172999943 ], [ 115.121094965000111, -2.640412622999975 ] ] ] } },
{ "type": "Feature", "properties": { "village_id": "63.06.07.2013", "village_name": "Banua Hanyar", "admin_type": "Desa", "district_id": "63.06.07", "district_name": "Daha Selatan", "regency_code": "63.06", "regency_name": "Hulu Sungai Selatan", "province_name": "Kalimantan Selatan", "area_ha_source": 781.53318092300003, "boundary_basis": "Hasil Delineasi Batas Desa 2018", "metadata_source": "TASWIL1000020230928_DATA_BATAS_DESAKELURAHAN" }, "geometry": { "type": "Polygon", "coordinates": [ [ [ 115.075998775000016, -2.628897388999974 ], [ 115.077551071000016, -2.629928559999939 ], [ 115.07759494600009, -2.629957703999935 ], [ 115.077600424000025, -2.62996134499997 ], [ 115.078331938000019, -2.630717161999939 ], [ 115.078376940000112, -2.630763658999967 ], [ 115.079005808000034, -2.631413419999944 ], [ 115.079679357000032, -2.632109344999947 ], [ 115.079736188000084, -2.632168063999927 ], [ 115.079997211000091, -2.63243775799998 ], [ 115.079996750000078, -2.63295825299997 ], [ 115.07999408, -2.635962586999938 ], [ 115.079993533000106, -2.635978267999974 ], [ 115.079990534000103, -2.636064261999934 ], [ 115.07987838300005, -2.639279765999959 ], [ 115.078722674, -2.672404395999934 ], [ 115.078223828000091, -2.686695938999947 ], [ 115.078267548000099, -2.686725944999978 ], [ 115.077975843000104, -2.691582291999964 ], [ 115.067345363000072, -2.680378089999977 ], [ 115.065328380000096, -2.678252240999939 ], [ 115.065393853000046, -2.678245759999925 ], [ 115.065674316000013, -2.678082772999971 ], [ 115.069405841000048, -2.675914207999938 ], [ 115.069842102000052, -2.674955865999948 ], [ 115.07023708700001, -2.67408818499996 ], [ 115.070320971000115, -2.671710092999945 ], [ 115.066841098000054, -2.66889632799996 ], [ 115.066691351000031, -2.668775244999949 ], [ 115.065465230000086, -2.666798175999929 ], [ 115.064747560000114, -2.66435163999995 ], [ 115.064827824000076, -2.663297627999953 ], [ 115.064911247000055, -2.662202097999966 ], [ 115.065663627000049, -2.65952946699997 ], [ 115.066068390000055, -2.657004085999972 ], [ 115.066908418000025, -2.655432794999967 ], [ 115.068521843000099, -2.652414832999966 ], [ 115.068587556000011, -2.652291910999963 ], [ 115.068967145000101, -2.649033052999926 ], [ 115.069243897000092, -2.64665701499996 ], [ 115.069291689000011, -2.646246679999933 ], [ 115.069323508000025, -2.644076225999925 ], [ 115.06937485100002, -2.640573811999957 ], [ 115.069415545000084, -2.637797215999967 ], [ 115.069452426000112, -2.635280551999927 ], [ 115.069463900000073, -2.634497701999976 ], [ 115.069470899000066, -2.634019924999961 ], [ 115.069847604000074, -2.631925103999947 ], [ 115.069870034000019, -2.631800369999951 ], [ 115.069982988000106, -2.631172223999954 ], [ 115.070650114000046, -2.630194922999976 ], [ 115.071027473000072, -2.629642108999974 ], [ 115.071307843000113, -2.629409496999926 ], [ 115.071566559000075, -2.629194850999966 ], [ 115.072579283000096, -2.628354631999969 ], [ 115.073230126000112, -2.628237644999956 ], [ 115.073466244000087, -2.628195201999972 ], [ 115.074209728000028, -2.62806156299996 ], [ 115.075967487000071, -2.628882773999976 ], [ 115.075998775000016, -2.628897388999974 ] ] ] } },
{ "type": "Feature", "properties": { "village_id": "63.06.05.2013", "village_name": "Bariang", "admin_type": "Desa", "district_id": "63.06.05", "district_name": "Kandangan", "regency_code": "63.06", "regency_name": "Hulu Sungai Selatan", "province_name": "Kalimantan Selatan", "area_ha_source": 176.41663176399999, "boundary_basis": "Hasil Delineasi Batas Desa 2018", "metadata_source": "TASWIL1000020230928_DATA_BATAS_DESAKELURAHAN" }, "geometry": { "type": "Polygon", "coordinates": [ [ [ 115.248897250000027, -2.773716691999937 ], [ 115.249523779000015, -2.774403996999979 ], [ 115.249936547000061, -2.776671811999961 ], [ 115.250692866, -2.780827191999947 ], [ 115.250851563000083, -2.781699104999973 ], [ 115.250882889000081, -2.781871218999925 ], [ 115.250959593000061, -2.782292645999974 ], [ 115.250995270000089, -2.782488665999949 ], [ 115.251625212000022, -2.788091841999972 ], [ 115.25162500700003, -2.788230596999938 ], [ 115.251746138000044, -2.788346943999954 ], [ 115.249706174000039, -2.788596311999925 ], [ 115.248645411000098, -2.788112696999974 ], [ 115.246798636000108, -2.786594987999933 ], [ 115.245121123000104, -2.784762609999973 ], [ 115.244154589000118, -2.783706844999926 ], [ 115.241822591000073, -2.781159548999938 ], [ 115.241448578000018, -2.780751004999956 ], [ 115.239748861000066, -2.781301145999976 ], [ 115.239119084000095, -2.781504981999944 ], [ 115.238575624000077, -2.778543150999951 ], [ 115.23725266800011, -2.776541260999977 ], [ 115.237072407000028, -2.77626848999995 ], [ 115.235818817000109, -2.77519046499998 ], [ 115.239922985000021, -2.774272981999957 ], [ 115.240139972000065, -2.774224473999936 ], [ 115.240733803000012, -2.773728372999926 ], [ 115.240757065000025, -2.773708939999949 ], [ 115.240519672, -2.772159214999931 ], [ 115.241597113000012, -2.771810474999938 ], [ 115.242849144000047, -2.771405221999942 ], [ 115.248897250000027, -2.773716691999937 ] ] ] } },
{ "type": "Feature", "properties": { "village_id": "63.06.01.2012", "village_name": "Baru", "admin_type": "Desa", "district_id": "63.06.01", "district_name": "Sungai Raya", "regency_code": "63.06", "regency_name": "Hulu Sungai Selatan", "province_name": "Kalimantan Selatan", "area_ha_source": 173.31578641300001, "boundary_basis": "Hasil Delineasi Batas Desa 2018", "metadata_source": "TASWIL1000020230928_DATA_BATAS_DESAKELURAHAN" }, "geometry": { "type": "Polygon", "coordinates": [ [ [ 115.214316930000109, -2.852030771999978 ], [ 115.213172785000097, -2.852454028999944 ], [ 115.212777963, -2.852849778999939 ], [ 115.211322805, -2.852603587999965 ], [ 115.211312150000026, -2.852648271999954 ], [ 115.211261541000113, -2.85286052999993 ], [ 115.210124268000072, -2.852725462999956 ], [ 115.209311499000023, -2.852613937999934 ], [ 115.210495046, -2.850595429999942 ], [ 115.205158011000094, -2.844521716999964 ], [ 115.206627236000031, -2.843720810999969 ], [ 115.207905226000094, -2.840960901999949 ], [ 115.207982749000053, -2.840793487999974 ], [ 115.209740295000074, -2.836997924999935 ], [ 115.209812479000107, -2.836453205999931 ], [ 115.209813709000059, -2.836443918999976 ], [ 115.209945299000083, -2.835450883999954 ], [ 115.20974409400003, -2.83218058999995 ], [ 115.210092072000066, -2.830469665999942 ], [ 115.209943307000117, -2.828958729999954 ], [ 115.209932677000097, -2.828850779999925 ], [ 115.210210968000069, -2.830130959999963 ], [ 115.210374979000107, -2.830885436999949 ], [ 115.21053749400005, -2.831633029999978 ], [ 115.211058379000065, -2.832383702999948 ], [ 115.211059408000096, -2.832385185999954 ], [ 115.211069935000069, -2.832400356999926 ], [ 115.211960153000064, -2.83319660199993 ], [ 115.212487428000031, -2.834547399999963 ], [ 115.213624257000106, -2.834770811999931 ], [ 115.215502648000097, -2.836271561999979 ], [ 115.216345152000031, -2.839906256999939 ], [ 115.216739455000038, -2.841607349999947 ], [ 115.217793020000045, -2.844106269999941 ], [ 115.217899037000052, -2.844357726999931 ], [ 115.215322778000086, -2.847646569999938 ], [ 115.214316930000109, -2.852030771999978 ] ] ] } },
{ "type": "Feature", "properties": { "village_id": "63.06.11.2002", "village_name": "Baru", "admin_type": "Desa", "district_id": "63.06.11", "district_name": "Daha Barat", "regency_code": "63.06", "regency_name": "Hulu Sungai Selatan", "province_name": "Kalimantan Selatan", "area_ha_source": 3181.2243386199998, "boundary_basis": "Hasil Delineasi Batas Desa 2018", "metadata_source": "TASWIL1000020230928_DATA_BATAS_DESAKELURAHAN" }, "geometry": { "type": "Polygon", "coordinates": [ [ [ 115.061780418000012, -2.678603337999959 ], [ 115.061394839000059, -2.67864149299993 ], [ 115.060583113, -2.678721816999939 ], [ 115.05904982800007, -2.679185783999969 ], [ 115.058551261000048, -2.679336648999936 ], [ 115.056572663000111, -2.680072482999947 ], [ 115.054939591000107, -2.681709527999942 ], [ 115.054057099000033, -2.682594163999966 ], [ 115.053896212000041, -2.682755442999962 ], [ 115.049132655000108, -2.687181737999936 ], [ 115.048525097000038, -2.687643882999964 ], [ 115.047634402000085, -2.68832139999995 ], [ 115.045106868000062, -2.689528977999942 ], [ 115.044719471, -2.68971406199995 ], [ 115.043194511000024, -2.690056523999942 ], [ 115.042580935000046, -2.690194313999939 ], [ 115.03852125200001, -2.688897896999947 ], [ 115.038112887000011, -2.688261003999969 ], [ 115.037348405000103, -2.687068699999941 ], [ 115.034391063000044, -2.681568587999948 ], [ 115.032361844000093, -2.68054417299993 ], [ 115.032278279000025, -2.680547355999977 ], [ 115.031185885000014, -2.680588949999958 ], [ 115.030330870000057, -2.680621504999976 ], [ 115.027704712000059, -2.681543677999969 ], [ 115.027645325000094, -2.681512502999965 ], [ 115.026704442000096, -2.678952920999961 ], [ 115.024747712000021, -2.680196455999976 ], [ 115.0232796680001, -2.67567586399997 ], [ 115.023183626000105, -2.675648115999934 ], [ 114.939331661000097, -2.651419128999976 ], [ 114.935453645000052, -2.650298579999969 ], [ 114.935220748, -2.650232565999943 ], [ 114.934794695000051, -2.650111801999969 ], [ 114.933836857000074, -2.648445683999967 ], [ 114.933829997000089, -2.64843375199996 ], [ 114.933829480000099, -2.648432912999965 ], [ 114.933826001000057, -2.648426876999963 ], [ 114.933825980000051, -2.648426840999946 ], [ 114.933824461000086, -2.648424205999959 ], [ 114.93372118100001, -2.648245019999933 ], [ 114.933677812000042, -2.648169775999975 ], [ 114.933417919000021, -2.647718873999963 ], [ 114.93338803600011, -2.647667028999933 ], [ 114.933170394000058, -2.647289428999954 ], [ 114.93308748600009, -2.647145586999955 ], [ 114.932885125000098, -2.646794500999931 ], [ 114.932829042000094, -2.646697199999949 ], [ 114.932670433000112, -2.646422019999932 ], [ 114.932596785000101, -2.646294242999943 ], [ 114.932556690000069, -2.646224680999978 ], [ 114.932324243000039, -2.645821395999974 ], [ 114.932275464000099, -2.64573676599997 ], [ 114.932115384000099, -2.645459033999941 ], [ 114.931843429000082, -2.64498720499995 ], [ 114.931623996000098, -2.644606497999973 ], [ 114.930795616000069, -2.643169296999929 ], [ 114.930754014000058, -2.643097119999936 ], [ 114.929860264000013, -2.641546503999962 ], [ 114.929666156000053, -2.641209735999951 ], [ 114.929467471000066, -2.640865026999961 ], [ 114.928978674000064, -2.640016986999967 ], [ 114.928966057000025, -2.63999509599995 ], [ 114.928807484000117, -2.639719979999938 ], [ 114.928787906000025, -2.63968601199997 ], [ 114.926968729, -2.636529822999933 ], [ 114.926105617000076, -2.635032361999947 ], [ 114.919254884000111, -2.623146651999946 ], [ 114.919378071000096, -2.62315302199994 ], [ 114.91971607500011, -2.623266066999975 ], [ 114.919755690000102, -2.623279981999929 ], [ 114.921366256000056, -2.623845652999933 ], [ 114.926364906000117, -2.625601303999929 ], [ 115.01903445500011, -2.658149184999957 ], [ 115.022790622000116, -2.659236608999947 ], [ 115.04438525, -2.662140256999976 ], [ 115.055395322000095, -2.668675342999961 ], [ 115.058239184000058, -2.671875369999952 ], [ 115.059331102000101, -2.674301285999945 ], [ 115.059973260000106, -2.676466289999951 ], [ 115.059983991000081, -2.676502469999946 ], [ 115.061780418000012, -2.678603337999959 ] ] ] } },
{ "type": "Feature", "properties": { "village_id": "63.06.07.2015", "village_name": "Baruh Jaya", "admin_type": "Desa", "district_id": "63.06.07", "district_name": "Daha Selatan", "regency_code": "63.06", "regency_name": "Hulu Sungai Selatan", "province_name": "Kalimantan Selatan", "area_ha_source": 4863.2575324899999, "boundary_basis": "Hasil Delineasi Batas Desa 2018", "metadata_source": "TASWIL1000020230928_DATA_BATAS_DESAKELURAHAN" }, "geometry": { "type": "Polygon", "coordinates": [ [ [ 114.905740982000111, -2.520503965999978 ], [ 114.905681247000075, -2.521446540999932 ], [ 114.905450980000069, -2.525079808999976 ], [ 114.907018174000086, -2.525304794999954 ], [ 114.909479734000115, -2.525658177999958 ], [ 114.935801805000096, -2.553415464999944 ], [ 114.947301446000097, -2.565541868999958 ], [ 114.96008757900006, -2.577520976999949 ], [ 114.975830801000029, -2.589903518999961 ], [ 114.994441813000094, -2.601432114999966 ], [ 115.011017802000083, -2.60826588499998 ], [ 115.074146422000013, -2.623365879999938 ], [ 115.077026744000023, -2.624049104999926 ], [ 115.08197395000002, -2.625222588999975 ], [ 115.08302544300011, -2.62547200399996 ], [ 115.083619560000102, -2.625431201999959 ], [ 115.08364885200001, -2.625619875999973 ], [ 115.084273809000024, -2.62964531199998 ], [ 115.085193792000041, -2.635571040999935 ], [ 115.084886777000065, -2.635589037999978 ], [ 115.084879408, -2.635586279999927 ], [ 115.084491851000053, -2.635441244999924 ], [ 115.083699954000053, -2.635144895999929 ], [ 115.082418496000059, -2.63466533899998 ], [ 115.082322512000019, -2.634629418999964 ], [ 115.082002500000044, -2.634509660999925 ], [ 115.080565102000037, -2.633024514999931 ], [ 115.079997211000091, -2.63243775799998 ], [ 115.079736188000084, -2.632168063999927 ], [ 115.079679357000032, -2.632109344999947 ], [ 115.079005808000034, -2.631413419999944 ], [ 115.078376940000112, -2.630763658999967 ], [ 115.078331938000019, -2.630717161999939 ], [ 115.077600424000025, -2.62996134499997 ], [ 115.07759494600009, -2.629957703999935 ], [ 115.077551071000016, -2.629928559999939 ], [ 115.075998775000016, -2.628897388999974 ], [ 115.076344944000084, -2.627060673999949 ], [ 115.076420542000051, -2.626659554999947 ], [ 115.076402346, -2.626655980999942 ], [ 115.072183861000099, -2.625827218999973 ], [ 115.067798291000031, -2.624965617999976 ], [ 115.067404986000042, -2.624888346999967 ], [ 115.034814177000044, -2.618485009999972 ], [ 115.015625878000037, -2.61467569399997 ], [ 114.995016469, -2.61065962899994 ], [ 114.954655544000047, -2.59453498299996 ], [ 114.882875734000095, -2.559098801999937 ], [ 114.882609040000034, -2.558967141999972 ], [ 114.882445492000102, -2.558886401999928 ], [ 114.882222145000014, -2.558794374999934 ], [ 114.882161181000015, -2.558790768999927 ], [ 114.879919839000081, -2.554902142999936 ], [ 114.879854008000052, -2.554787928999929 ], [ 114.878380605000075, -2.552231641999924 ], [ 114.865589942000042, -2.530040424999925 ], [ 114.865575506000027, -2.530015379999952 ], [ 114.864600392000057, -2.528323599999965 ], [ 114.864554483, -2.528243949999933 ], [ 114.864555859, -2.528244032999964 ], [ 114.87024370000006, -2.528822924999929 ], [ 114.876464808000037, -2.52848058099994 ], [ 114.876519184000017, -2.529019262999952 ], [ 114.878195634, -2.528819795999937 ], [ 114.879477225000073, -2.528628365999964 ], [ 114.880586864000065, -2.528435000999934 ], [ 114.882496171000071, -2.527910240999972 ], [ 114.885153330000094, -2.52709187399995 ], [ 114.887775447000081, -2.526227136999978 ], [ 114.890361867000024, -2.525297731999956 ], [ 114.894113255000093, -2.523916912999937 ], [ 114.895248745000117, -2.523445749999951 ], [ 114.897517947000097, -2.522541900999954 ], [ 114.899271208000073, -2.52177267199994 ], [ 114.903071036000028, -2.520115307999959 ], [ 114.905729690000044, -2.520501691999925 ], [ 114.905740982000111, -2.520503965999978 ] ] ] } },
{ "type": "Feature", "properties": { "village_id": "63.06.08.2012", "village_name": "Baruh Kembang", "admin_type": "Desa", "district_id": "63.06.08", "district_name": "Daha Utara", "regency_code": "63.06", "regency_name": "Hulu Sungai Selatan", "province_name": "Kalimantan Selatan", "area_ha_source": 130.966632901, "boundary_basis": "Hasil Delineasi Batas Desa 2018", "metadata_source": "TASWIL1000020230928_DATA_BATAS_DESAKELURAHAN" }, "geometry": { "type": "Polygon", "coordinates": [ [ [ 115.118288765000102, -2.617862610999964 ], [ 115.1188052870001, -2.619845948999966 ], [ 115.119442869000068, -2.622294131999979 ], [ 115.114916400000084, -2.623298532999968 ], [ 115.113433078000071, -2.623627668999973 ], [ 115.11121155100011, -2.624111889999938 ], [ 115.110631807000118, -2.624252776999924 ], [ 115.109923085000105, -2.624425005999967 ], [ 115.109648816000117, -2.624500496999929 ], [ 115.109399008000082, -2.624893411999949 ], [ 115.109051749000059, -2.625644872999942 ], [ 115.108809042000075, -2.626140991999932 ], [ 115.108723383000097, -2.62626234399994 ], [ 115.108584185000041, -2.626290896999933 ], [ 115.108393782, -2.626295041999924 ], [ 115.107333222000079, -2.626892424999937 ], [ 115.106080991000113, -2.62515732199995 ], [ 115.105428989000075, -2.624217977999933 ], [ 115.105340301000069, -2.624048141999936 ], [ 115.104994544000078, -2.62338602799997 ], [ 115.104826045000095, -2.623063350999928 ], [ 115.104603421000093, -2.622637034999968 ], [ 115.104431402000046, -2.622307620999948 ], [ 115.104035042000078, -2.621548595999968 ], [ 115.103388670000072, -2.619749282999976 ], [ 115.102998441000068, -2.617788605999976 ], [ 115.102940246000117, -2.617120922999959 ], [ 115.102824911000084, -2.616250458999957 ], [ 115.105935884000019, -2.616572702999974 ], [ 115.106167184000014, -2.61657889199995 ], [ 115.106295777000014, -2.616939139999943 ], [ 115.106381438000085, -2.616967693999925 ], [ 115.10721662800006, -2.616960554999935 ], [ 115.107523579000031, -2.617039075999969 ], [ 115.108166032000099, -2.617096183999934 ], [ 115.108651443000099, -2.617074768999942 ], [ 115.109108301000106, -2.61695341799998 ], [ 115.109400972000117, -2.616974831999926 ], [ 115.109678011000028, -2.616813198999978 ], [ 115.118288765000102, -2.617862610999964 ] ] ] } },
{ "type": "Feature", "properties": { "village_id": "63.06.01.2011", "village_name": "Batang Kulur Kanan", "admin_type": "Desa", "district_id": "63.06.01", "district_name": "Sungai Raya", "regency_code": "63.06", "regency_name": "Hulu Sungai Selatan", "province_name": "Kalimantan Selatan", "area_ha_source": 190.415709128, "boundary_basis": "Hasil Delineasi Batas Desa 2018", "metadata_source": "TASWIL1000020230928_DATA_BATAS_DESAKELURAHAN" }, "geometry": { "type": "Polygon", "coordinates": [ [ [ 115.225086169000065, -2.848413821999941 ], [ 115.225127548000046, -2.848508924999976 ], [ 115.22515700800011, -2.848694393999949 ], [ 115.225145883000096, -2.848768306999943 ], [ 115.225364672000069, -2.849050009999928 ], [ 115.225450225000031, -2.849121919999959 ], [ 115.225592668000104, -2.849337470999956 ], [ 115.225678066000114, -2.849509867999927 ], [ 115.226006308000024, -2.84959650899998 ], [ 115.226334814000097, -2.849510884999972 ], [ 115.226691876000018, -2.849425304999954 ], [ 115.226934322000034, -2.849597944999971 ], [ 115.227219691000073, -2.849713229999963 ], [ 115.227462401000025, -2.849713604999977 ], [ 115.227810363000117, -2.849647249999975 ], [ 115.228189259000033, -2.850055282999961 ], [ 115.229376953000042, -2.85849342399996 ], [ 115.228323642000078, -2.858269311999948 ], [ 115.226400959000102, -2.858353533999946 ], [ 115.223819840000033, -2.858466592999946 ], [ 115.223809732000063, -2.858467228999928 ], [ 115.222499139000092, -2.858549653999944 ], [ 115.221209599000076, -2.860386130999927 ], [ 115.21924535900007, -2.860587343999953 ], [ 115.218367870000066, -2.858713445999967 ], [ 115.217184167000028, -2.857792357999926 ], [ 115.215556383000035, -2.859389974999942 ], [ 115.21497833, -2.86095518299993 ], [ 115.213487143000066, -2.861803995999935 ], [ 115.212079135000067, -2.862229592999938 ], [ 115.212066030000074, -2.862209023999981 ], [ 115.211673236000024, -2.861293715999977 ], [ 115.211402543000077, -2.859860273999971 ], [ 115.211528655000052, -2.856750515999977 ], [ 115.21244101000002, -2.855044515999964 ], [ 115.213231688000064, -2.853582242999948 ], [ 115.212595362000116, -2.853276350999977 ], [ 115.211232446000054, -2.852982553999936 ], [ 115.211261541000113, -2.85286052999993 ], [ 115.211312150000026, -2.852648271999954 ], [ 115.211322805, -2.852603587999965 ], [ 115.212777963, -2.852849778999939 ], [ 115.213172785000097, -2.852454028999944 ], [ 115.214316930000109, -2.852030771999978 ], [ 115.220035823000103, -2.849915143999965 ], [ 115.221962256000097, -2.849202472999934 ], [ 115.224018933000025, -2.848441617999924 ], [ 115.224581021000063, -2.848233676999939 ], [ 115.224684781000065, -2.848270679999928 ], [ 115.225086169000065, -2.848413821999941 ] ] ] } },
{ "type": "Feature", "properties": { "village_id": "63.06.01.2009", "village_name": "Batang Kulur Kiri", "admin_type": "Desa", "district_id": "63.06.01", "district_name": "Sungai Raya", "regency_code": "63.06", "regency_name": "Hulu Sungai Selatan", "province_name": "Kalimantan Selatan", "area_ha_source": 610.75238985399994, "boundary_basis": "Hasil Delineasi Batas Desa 2018", "metadata_source": "TASWIL1000020230928_DATA_BATAS_DESAKELURAHAN" }, "geometry": { "type": "Polygon", "coordinates": [ [ [ 115.24228813700006, -2.836383798999975 ], [ 115.242337249000116, -2.836414218999948 ], [ 115.242308089000062, -2.836430775999929 ], [ 115.242309054000089, -2.836439153999947 ], [ 115.242426914000021, -2.837462219999964 ], [ 115.24317015400004, -2.843913777999944 ], [ 115.243834558000117, -2.849681137999937 ], [ 115.243865926000012, -2.850055827999938 ], [ 115.244203878, -2.850099003999958 ], [ 115.244282050000038, -2.850108990999956 ], [ 115.245337759000108, -2.850148356999966 ], [ 115.256368929000018, -2.862856931999943 ], [ 115.261063205000028, -2.866873607999935 ], [ 115.261288186000115, -2.866891025999962 ], [ 115.266865329000098, -2.867322788999957 ], [ 115.26841497800001, -2.867442757999925 ], [ 115.268737224, -2.867612133999955 ], [ 115.271542357000044, -2.868291097999929 ], [ 115.274632412000074, -2.870002970999963 ], [ 115.274641681000048, -2.870008106999933 ], [ 115.274650950000023, -2.870013240999981 ], [ 115.274214106000045, -2.871561172999975 ], [ 115.272147966000034, -2.871236173999932 ], [ 115.269888900000069, -2.872520803999976 ], [ 115.270129033000103, -2.875097302999961 ], [ 115.268524809000041, -2.877271304999965 ], [ 115.26615722300005, -2.879446128999973 ], [ 115.265278009000099, -2.88061573799996 ], [ 115.264476230000014, -2.881682331999968 ], [ 115.263740744000074, -2.883950647999939 ], [ 115.260015127000088, -2.886827727999957 ], [ 115.259516758000018, -2.887006737999968 ], [ 115.250973722000026, -2.882057402999976 ], [ 115.251300902000025, -2.88154740799996 ], [ 115.253725271, -2.87640588599993 ], [ 115.254153817000088, -2.875024946999929 ], [ 115.25379415000009, -2.872966004999967 ], [ 115.25349618100006, -2.871260272999962 ], [ 115.252519450000023, -2.868075128999976 ], [ 115.250960846000112, -2.865976189999969 ], [ 115.248363792000077, -2.862478777999968 ], [ 115.244758728000079, -2.860140727999976 ], [ 115.244755783000073, -2.860126112999978 ], [ 115.244457755000099, -2.858646239999928 ], [ 115.244490165000116, -2.857274226999948 ], [ 115.245250497000029, -2.85581185999996 ], [ 115.245314014000087, -2.853921557999968 ], [ 115.244891326000015, -2.852701297999943 ], [ 115.243952802000081, -2.851693677999947 ], [ 115.242468168000073, -2.850868162999973 ], [ 115.241966268000056, -2.850474419999955 ], [ 115.242350435000048, -2.848520231999942 ], [ 115.241900753000095, -2.845104632999949 ], [ 115.240476152000042, -2.84469083099998 ], [ 115.237110569000038, -2.844441743999937 ], [ 115.236995221000029, -2.844466411999974 ], [ 115.235836550000045, -2.844714197999963 ], [ 115.23492516500005, -2.845810441999959 ], [ 115.233771790000105, -2.846509939999976 ], [ 115.232733443000029, -2.846668170999976 ], [ 115.228918837000037, -2.847249461999979 ], [ 115.226415048000035, -2.846315980999975 ], [ 115.22759338100002, -2.844923961999939 ], [ 115.227609585000096, -2.844904819999954 ], [ 115.228013433000115, -2.844427734999954 ], [ 115.230261526000049, -2.841717586999948 ], [ 115.235166258000049, -2.839492448999977 ], [ 115.235753917000011, -2.839225841999962 ], [ 115.237448788000052, -2.838156789999971 ], [ 115.240662169000075, -2.836129908999965 ], [ 115.240779793000115, -2.836174467999967 ], [ 115.241022472000054, -2.836196371999961 ], [ 115.241472038000097, -2.836304724999934 ], [ 115.241893079000079, -2.836486184999956 ], [ 115.242056930000103, -2.836556801999961 ], [ 115.242057020000061, -2.836556839999957 ], [ 115.24228279600004, -2.836387796999929 ], [ 115.24228813700006, -2.836383798999975 ] ] ] } },
{ "type": "Feature", "properties": { "village_id": "63.06.01.2010", "village_name": "Batang Kulur Tengah", "admin_type": "Desa", "district_id": "63.06.01", "district_name": "Sungai Raya", "regency_code": "63.06", "regency_name": "Hulu Sungai Selatan", "province_name": "Kalimantan Selatan", "area_ha_source": 167.84611016599999, "boundary_basis": "Hasil Delineasi Batas Desa 2018", "metadata_source": "TASWIL1000020230928_DATA_BATAS_DESAKELURAHAN" }, "geometry": { "type": "Polygon", "coordinates": [ [ [ 115.241966268000056, -2.850474419999955 ], [ 115.241892033000113, -2.850852032999967 ], [ 115.238456804000066, -2.851843213999928 ], [ 115.238160524000023, -2.851928699999974 ], [ 115.237674574000039, -2.852242341999954 ], [ 115.236369639000031, -2.853084567999929 ], [ 115.235336526000083, -2.854455031999976 ], [ 115.232811777000052, -2.860380384999928 ], [ 115.232226764000075, -2.859642793999967 ], [ 115.231708633000039, -2.858989527999938 ], [ 115.229376953000042, -2.85849342399996 ], [ 115.228189259000033, -2.850055282999961 ], [ 115.227810363000117, -2.849647249999975 ], [ 115.227462401000025, -2.849713604999977 ], [ 115.227219691000073, -2.849713229999963 ], [ 115.226934322000034, -2.849597944999971 ], [ 115.226691876000018, -2.849425304999954 ], [ 115.226334814000097, -2.849510884999972 ], [ 115.226006308000024, -2.84959650899998 ], [ 115.225678066000114, -2.849509867999927 ], [ 115.225592668000104, -2.849337470999956 ], [ 115.225450225000031, -2.849121919999959 ], [ 115.225364672000069, -2.849050009999928 ], [ 115.225145883000096, -2.848768306999943 ], [ 115.22515700800011, -2.848694393999949 ], [ 115.225127548000046, -2.848508924999976 ], [ 115.225086169000065, -2.848413821999941 ], [ 115.225050535000037, -2.84829945499996 ], [ 115.225092588000052, -2.84803035799996 ], [ 115.225307120000025, -2.847785450999936 ], [ 115.225297275000116, -2.847573771999976 ], [ 115.225416142000086, -2.847438523999926 ], [ 115.225613592000059, -2.847213860999943 ], [ 115.22637308700007, -2.846300335999956 ], [ 115.226415048000035, -2.846315980999975 ], [ 115.228918837000037, -2.847249461999979 ], [ 115.232733443000029, -2.846668170999976 ], [ 115.233771790000105, -2.846509939999976 ], [ 115.23492516500005, -2.845810441999959 ], [ 115.235836550000045, -2.844714197999963 ], [ 115.236995221000029, -2.844466411999974 ], [ 115.237110569000038, -2.844441743999937 ], [ 115.240476152000042, -2.84469083099998 ], [ 115.241900753000095, -2.845104632999949 ], [ 115.242350435000048, -2.848520231999942 ], [ 115.241966268000056, -2.850474419999955 ] ] ] } },
{ "type": "Feature", "properties": { "village_id": "63.06.02.2010", "village_name": "Batu Bini", "admin_type": "Desa", "district_id": "63.06.02", "district_name": "Padang Batung", "regency_code": "63.06", "regency_name": "Hulu Sungai Selatan", "province_name": "Kalimantan Selatan", "area_ha_source": 2056.30598736, "boundary_basis": "Hasil Delineasi Batas Desa 2018", "metadata_source": "TASWIL1000020230928_DATA_BATAS_DESAKELURAHAN" }, "geometry": { "type": "Polygon", "coordinates": [ [ [ 115.34433823400002, -2.800679330999969 ], [ 115.337108608000108, -2.812273906999962 ], [ 115.337648007000098, -2.812775988999931 ], [ 115.338235267000073, -2.813869851999925 ], [ 115.335740536000117, -2.81641665799998 ], [ 115.336236623000104, -2.81792027399996 ], [ 115.336400727000068, -2.819262928999933 ], [ 115.336200854000026, -2.820533562999969 ], [ 115.335387078000053, -2.822946335999973 ], [ 115.334544748000098, -2.827372131999937 ], [ 115.33318419200009, -2.83039452099996 ], [ 115.343331253000088, -2.829498286999979 ], [ 115.344641522000074, -2.829564965999964 ], [ 115.350897842000109, -2.829883325999958 ], [ 115.351619438000057, -2.829920043999948 ], [ 115.358707463000087, -2.831321168999978 ], [ 115.358070521000059, -2.837011633999964 ], [ 115.357932755000093, -2.838242408999974 ], [ 115.35799957800009, -2.838335842999925 ], [ 115.358154816000024, -2.838552900999957 ], [ 115.363508205000016, -2.846038138999972 ], [ 115.36543357000005, -2.847437612999954 ], [ 115.366542603000084, -2.85079881799993 ], [ 115.367394834000038, -2.853381724999963 ], [ 115.360260513000071, -2.853113782999969 ], [ 115.356801356, -2.853047583999967 ], [ 115.348675753000066, -2.852892044999976 ], [ 115.347771652, -2.852874735999933 ], [ 115.34739710000008, -2.852867562999961 ], [ 115.345585312000026, -2.852864944999965 ], [ 115.344271247000052, -2.853227386999947 ], [ 115.343380847000049, -2.852842168999928 ], [ 115.343003781000107, -2.852679039999941 ], [ 115.341737490000014, -2.85131092599994 ], [ 115.34028911200005, -2.85058014599997 ], [ 115.339008099000011, -2.852905991999933 ], [ 115.338123958000097, -2.854101520999961 ], [ 115.337370737000015, -2.854259083999978 ], [ 115.336419596000042, -2.853760203999968 ], [ 115.334831835000045, -2.853533736999964 ], [ 115.333388209000077, -2.852570784999955 ], [ 115.331880098000056, -2.851985194999941 ], [ 115.331436498000016, -2.851677977999941 ], [ 115.331301004000011, -2.851048307999974 ], [ 115.330962268, -2.849775038999951 ], [ 115.329995255000085, -2.848474499999952 ], [ 115.328491698000107, -2.847123723999971 ], [ 115.327510803000109, -2.846206974999973 ], [ 115.326582620000067, -2.846144820999939 ], [ 115.326473141000065, -2.845606418999978 ], [ 115.326449345000015, -2.845059142999958 ], [ 115.326639703000069, -2.844392893999952 ], [ 115.326663497000027, -2.844012179999936 ], [ 115.326235194000105, -2.84379802899997 ], [ 115.325592740000047, -2.843750438999962 ], [ 115.325116847000118, -2.843726645999936 ], [ 115.324736134000091, -2.843036600999937 ], [ 115.324474394000049, -2.842489324999974 ], [ 115.324498188, -2.841989637999973 ], [ 115.324450599000102, -2.841704103999973 ], [ 115.324331626000117, -2.841347183999972 ], [ 115.323808145000044, -2.840728523999928 ], [ 115.322737387000075, -2.839776739999934 ], [ 115.322094932000027, -2.839443614999936 ], [ 115.321856986000057, -2.838896338999973 ], [ 115.322237701000063, -2.838372857999957 ], [ 115.322237702000052, -2.838182500999949 ], [ 115.321452478000083, -2.837682813999947 ], [ 115.320191364000038, -2.83720692199995 ], [ 115.319429935000016, -2.836992769999938 ], [ 115.319287167000084, -2.836802413999976 ], [ 115.319548909000105, -2.83642169999996 ], [ 115.319691676000048, -2.836207548999937 ], [ 115.314411219000021, -2.834386285999926 ], [ 115.307052502000033, -2.832598761999975 ], [ 115.306578051000088, -2.832376216999933 ], [ 115.303972545000079, -2.830702924999969 ], [ 115.303799621000053, -2.830441284999949 ], [ 115.302825585000051, -2.828967536999926 ], [ 115.301919687, -2.823198863999949 ], [ 115.302074096000069, -2.823069867999948 ], [ 115.303552201000116, -2.821835006999947 ], [ 115.309444374, -2.818974491999938 ], [ 115.309789612000031, -2.818519477999928 ], [ 115.310896796000065, -2.817060234999929 ], [ 115.313490255000033, -2.813642084999969 ], [ 115.314514685000063, -2.812291886999958 ], [ 115.315877751000016, -2.810495355999933 ], [ 115.321628427000064, -2.802915818999963 ], [ 115.321874775000083, -2.800452185999973 ], [ 115.331853028000069, -2.800728044999971 ], [ 115.33684797, -2.800656160999949 ], [ 115.33927200100004, -2.800858035999966 ], [ 115.34433823400002, -2.800679330999969 ] ] ] } },
{ "type": "Feature", "properties": { "village_id": "63.06.02.2015", "village_name": "Batu Laki", "admin_type": "Desa", "district_id": "63.06.02", "district_name": "Padang Batung", "regency_code": "63.06", "regency_name": "Hulu Sungai Selatan", "province_name": "Kalimantan Selatan", "area_ha_source": 4271.9408215800004, "boundary_basis": "Hasil Delineasi Batas Desa 2018", "metadata_source": "TASWIL1000020230928_DATA_BATAS_DESAKELURAHAN" }, "geometry": { "type": "Polygon", "coordinates": [ [ [ 115.304623317000051, -2.849539354999933 ], [ 115.313381272000015, -2.84983146899998 ], [ 115.313469085000065, -2.858172323999952 ], [ 115.313454672000034, -2.859261731999936 ], [ 115.313439876000075, -2.860379886999965 ], [ 115.31241576900004, -2.860690266999939 ], [ 115.311486512000101, -2.860944359999962 ], [ 115.313266827, -2.867188599999963 ], [ 115.312374669000064, -2.881567336999979 ], [ 115.333401218000063, -2.894559822999952 ], [ 115.338061733000018, -2.898246309999934 ], [ 115.339575024000055, -2.899443308999935 ], [ 115.36040112, -2.915916271999947 ], [ 115.37006142000007, -2.923557143999972 ], [ 115.37014097000008, -2.923620063999977 ], [ 115.370140805, -2.923620107999966 ], [ 115.3696481610001, -2.923750825999946 ], [ 115.369229828000016, -2.923861826999939 ], [ 115.364907480000056, -2.926321152999947 ], [ 115.364347008000095, -2.926640049999946 ], [ 115.363182815000073, -2.927553969999963 ], [ 115.361874854, -2.928580748999934 ], [ 115.360150704000034, -2.930106542999965 ], [ 115.358312113000011, -2.931849203999946 ], [ 115.356755655000029, -2.932678897999949 ], [ 115.355099863000078, -2.934159560999944 ], [ 115.353024880000021, -2.935124128999973 ], [ 115.351311329000055, -2.935926446999929 ], [ 115.351033431000019, -2.936052641999936 ], [ 115.348591985000098, -2.936582574999932 ], [ 115.346623534000059, -2.936588692999976 ], [ 115.344434063000108, -2.937227509999957 ], [ 115.342602838000062, -2.937197651999952 ], [ 115.338292212000056, -2.936567231999959 ], [ 115.336255079000011, -2.935506124999961 ], [ 115.334691027000076, -2.933677048999925 ], [ 115.333096449000095, -2.932725121999965 ], [ 115.331280915000093, -2.93255058099993 ], [ 115.329190415000085, -2.933370379999928 ], [ 115.32865657100001, -2.933967127999949 ], [ 115.328621000000112, -2.933963 ], [ 115.328442030000019, -2.933932751999976 ], [ 115.328424, -2.93391 ], [ 115.328411, -2.933887 ], [ 115.328221, -2.933673 ], [ 115.32812, -2.933617 ], [ 115.327864, -2.933458 ], [ 115.327655, -2.933237 ], [ 115.327627, -2.933197 ], [ 115.327505, -2.933013 ], [ 115.327474, -2.932998 ], [ 115.327470730000073, -2.932967929999961 ], [ 115.327470667000057, -2.932967332999965 ], [ 115.327470497000036, -2.932965767999974 ], [ 115.327470427000094, -2.932965130999946 ], [ 115.327470410000046, -2.932964971999979 ], [ 115.327470301000062, -2.932963970999936 ], [ 115.327469, -2.932952 ], [ 115.327461965000111, -2.932938411999942 ], [ 115.327424, -2.932856 ], [ 115.327323, -2.932649 ], [ 115.327252, -2.932487 ], [ 115.327204, -2.932262 ], [ 115.327183000000105, -2.932157 ], [ 115.327148, -2.932005 ], [ 115.327138000000105, -2.93196 ], [ 115.327096, -2.931836 ], [ 115.327088000000117, -2.931818 ], [ 115.327023, -2.931695 ], [ 115.326985, -2.931617 ], [ 115.32698, -2.931603 ], [ 115.32693, -2.931522 ], [ 115.326841, -2.931416 ], [ 115.326825, -2.931396 ], [ 115.326775000000112, -2.931338 ], [ 115.326709, -2.931275 ], [ 115.326677, -2.931281 ], [ 115.326642000000106, -2.931245 ], [ 115.326552000000106, -2.931169 ], [ 115.326398, -2.931013 ], [ 115.326345, -2.930869 ], [ 115.326302, -2.930805 ], [ 115.326177, -2.930712 ], [ 115.326162349000015, -2.930685782999944 ], [ 115.326151593000077, -2.930653531999951 ], [ 115.32615144600004, -2.930653 ], [ 115.326136878000057, -2.930600391999974 ], [ 115.326134, -2.93059 ], [ 115.326026, -2.930216 ], [ 115.325848, -2.929727 ], [ 115.325685, -2.929401 ], [ 115.325592, -2.929269 ], [ 115.325441, -2.929005 ], [ 115.325442, -2.928957 ], [ 115.325243000000114, -2.928752 ], [ 115.32523, -2.928698 ], [ 115.325211, -2.928676 ], [ 115.325186, -2.928705 ], [ 115.325126, -2.928634 ], [ 115.32513, -2.92859 ], [ 115.325135, -2.928577 ], [ 115.325114, -2.928601 ], [ 115.32509, -2.928538 ], [ 115.325023000000101, -2.928416 ], [ 115.324876, -2.928294 ], [ 115.324673, -2.928145 ], [ 115.324517, -2.928022 ], [ 115.324351, -2.927895 ], [ 115.32405, -2.927747 ], [ 115.323835, -2.927634 ], [ 115.323628, -2.927555 ], [ 115.323569, -2.927599 ], [ 115.323459, -2.927544 ], [ 115.323279, -2.927652 ], [ 115.322915, -2.927866 ], [ 115.322693, -2.927951 ], [ 115.322577, -2.927964 ], [ 115.322451000000115, -2.92797 ], [ 115.322217, -2.927964 ], [ 115.321906, -2.927926 ], [ 115.321879, -2.927912 ], [ 115.321845, -2.927915 ], [ 115.32177, -2.927882 ], [ 115.321631, -2.927877 ], [ 115.321551000000113, -2.927867 ], [ 115.321523, -2.927861 ], [ 115.321384, -2.927836 ], [ 115.32132, -2.92782 ], [ 115.321139, -2.927766 ], [ 115.321018, -2.927678 ], [ 115.320995, -2.927654 ], [ 115.320955, -2.92756 ], [ 115.32085, -2.927435 ], [ 115.320753, -2.927359 ], [ 115.320638, -2.927264 ], [ 115.32059, -2.927219 ], [ 115.320569, -2.927173 ], [ 115.320504, -2.927104 ], [ 115.320339000000104, -2.927014 ], [ 115.320160000000101, -2.926936 ], [ 115.319779, -2.926774 ], [ 115.319725, -2.926727 ], [ 115.319351, -2.926612 ], [ 115.31902, -2.926573 ], [ 115.31877, -2.926559 ], [ 115.318708, -2.926522 ], [ 115.318695, -2.926497 ], [ 115.318421, -2.926349 ], [ 115.318362, -2.926291 ], [ 115.318312000000105, -2.926181 ], [ 115.318155, -2.925765 ], [ 115.318003, -2.925247 ], [ 115.317865, -2.924961 ], [ 115.317822, -2.92484 ], [ 115.317785, -2.924781 ], [ 115.317799, -2.924709 ], [ 115.317676, -2.924463 ], [ 115.31733, -2.924361 ], [ 115.316932, -2.924373 ], [ 115.316683, -2.924443 ], [ 115.31628400000011, -2.92454 ], [ 115.315825, -2.924326 ], [ 115.315700000000106, -2.924257 ], [ 115.315295000000106, -2.924096 ], [ 115.31497800000011, -2.924075 ], [ 115.314710000000105, -2.924062 ], [ 115.314446, -2.923986 ], [ 115.314104, -2.923802 ], [ 115.314039, -2.923779 ], [ 115.313972, -2.923753 ], [ 115.313877, -2.923748 ], [ 115.313786, -2.923676 ], [ 115.313454, -2.923697 ], [ 115.313045000000102, -2.923723 ], [ 115.312821, -2.923731 ], [ 115.312685000000101, -2.923744 ], [ 115.312489, -2.923775 ], [ 115.312459000000104, -2.923761 ], [ 115.312394, -2.923762 ], [ 115.312235000000101, -2.923788 ], [ 115.312092, -2.923802 ], [ 115.311959000000115, -2.923816 ], [ 115.311709, -2.9238 ], [ 115.311534, -2.923777 ], [ 115.311444, -2.923752 ], [ 115.310872, -2.923657 ], [ 115.310713, -2.923649 ], [ 115.310668, -2.923651 ], [ 115.310479134000047, -2.923771833999979 ], [ 115.310296000000108, -2.923889 ], [ 115.310192, -2.923888 ], [ 115.3101190000001, -2.923873 ], [ 115.310071000000107, -2.923899 ], [ 115.309959, -2.923929 ], [ 115.309676, -2.923979 ], [ 115.309485000000109, -2.924 ], [ 115.3094, -2.924015 ], [ 115.309363, -2.924023 ], [ 115.309347000000116, -2.924029 ], [ 115.309077000000116, -2.924312 ], [ 115.309042, -2.92434 ], [ 115.308887, -2.924412 ], [ 115.308812637000074, -2.92446115499996 ], [ 115.30871, -2.924529 ], [ 115.308614, -2.924567 ], [ 115.308416, -2.92458 ], [ 115.308329, -2.924576 ], [ 115.308288, -2.924575 ], [ 115.308227000000102, -2.92456 ], [ 115.308202, -2.924551 ], [ 115.308051, -2.924501 ], [ 115.307902, -2.924432 ], [ 115.307572, -2.924256 ], [ 115.307386, -2.924133 ], [ 115.307280000000105, -2.924103 ], [ 115.307259, -2.924103 ], [ 115.307173, -2.924035 ], [ 115.306754, -2.923827 ], [ 115.3067, -2.923795 ], [ 115.306477928000049, -2.923701211999969 ], [ 115.306288000000109, -2.923621 ], [ 115.306099, -2.923547 ], [ 115.305898, -2.923466 ], [ 115.305826, -2.923438 ], [ 115.30542, -2.92331 ], [ 115.305197, -2.923246 ], [ 115.305146, -2.923243 ], [ 115.304908, -2.923264 ], [ 115.304580000000101, -2.923282 ], [ 115.304234, -2.923303 ], [ 115.304148, -2.92329 ], [ 115.303793, -2.92314 ], [ 115.303596, -2.923007 ], [ 115.303339, -2.922819 ], [ 115.302815, -2.922421 ], [ 115.302572, -2.922266 ], [ 115.302384, -2.92217 ], [ 115.302333, -2.922149 ], [ 115.302158, -2.922113 ], [ 115.302112, -2.922135 ], [ 115.301961, -2.922104 ], [ 115.301874000000112, -2.92212 ], [ 115.301783000000114, -2.922176 ], [ 115.301749, -2.922158 ], [ 115.301568, -2.922176 ], [ 115.301441, -2.922236 ], [ 115.300691, -2.922765 ], [ 115.299383, -2.925371 ], [ 115.299367, -2.925401 ], [ 115.299336, -2.925559 ], [ 115.29933, -2.92563 ], [ 115.299317, -2.92578 ], [ 115.29930800000011, -2.925867 ], [ 115.299302, -2.92602 ], [ 115.299299, -2.926048 ], [ 115.299279, -2.926288 ], [ 115.299276119000069, -2.926505008999925 ], [ 115.299276, -2.926514 ], [ 115.299293, -2.92674 ], [ 115.299296, -2.926794 ], [ 115.299282, -2.927027 ], [ 115.299238345000049, -2.927228437999929 ], [ 115.299204, -2.927445 ], [ 115.299158, -2.927684 ], [ 115.29912800000011, -2.92774 ], [ 115.298981, -2.927968 ], [ 115.298875, -2.928288 ], [ 115.298632065000106, -2.928800212999931 ], [ 115.298626, -2.928813 ], [ 115.298622573000102, -2.92883403999997 ], [ 115.298590000000104, -2.929034 ], [ 115.298562, -2.929114 ], [ 115.298497000000111, -2.92939 ], [ 115.298468, -2.929559 ], [ 115.298419, -2.929857 ], [ 115.29836440400004, -2.929921379999939 ], [ 115.298140000000103, -2.930186 ], [ 115.297915000000103, -2.930413 ], [ 115.297829, -2.930507 ], [ 115.297528, -2.930913 ], [ 115.297379, -2.93122 ], [ 115.297356, -2.931262 ], [ 115.297218, -2.931555 ], [ 115.296931357000062, -2.932165587999975 ], [ 115.296762, -2.932454 ], [ 115.296683, -2.932465 ], [ 115.296659, -2.932475 ], [ 115.296394, -2.932514 ], [ 115.296244000000115, -2.932548 ], [ 115.296218, -2.932553 ], [ 115.296039804000088, -2.932599444999937 ], [ 115.29603, -2.932602 ], [ 115.295891909000034, -2.93278038699998 ], [ 115.295829439000045, -2.932830507999938 ], [ 115.295769957000061, -2.93287823199995 ], [ 115.295769, -2.932879 ], [ 115.295758, -2.932887 ], [ 115.295741, -2.932891 ], [ 115.295699540000101, -2.932908505999933 ], [ 115.295696, -2.93291 ], [ 115.295488, -2.932927 ], [ 115.295373, -2.932829 ], [ 115.295288, -2.932731 ], [ 115.294713000000115, -2.932515 ], [ 115.294161, -2.932258 ], [ 115.294131000000107, -2.932232 ], [ 115.293919, -2.932064 ], [ 115.293792, -2.931992 ], [ 115.293776, -2.931976 ], [ 115.293645, -2.931904 ], [ 115.293507, -2.931794 ], [ 115.293344, -2.931717 ], [ 115.293191, -2.931698 ], [ 115.293079, -2.931683 ], [ 115.292969, -2.931682 ], [ 115.292784, -2.931693 ], [ 115.292652, -2.931714 ], [ 115.292583, -2.93174 ], [ 115.292579989000046, -2.931740828999978 ], [ 115.292376000000104, -2.931797 ], [ 115.29219, -2.931893 ], [ 115.291998, -2.932043 ], [ 115.291708, -2.932308 ], [ 115.291662, -2.932329 ], [ 115.291326, -2.932541 ], [ 115.29108, -2.932586 ], [ 115.290964, -2.932537 ], [ 115.290812, -2.932382 ], [ 115.290727, -2.93223 ], [ 115.290658, -2.932045 ], [ 115.290653, -2.931971 ], [ 115.290722, -2.931672 ], [ 115.290802, -2.931481 ], [ 115.290715, -2.931189 ], [ 115.290641, -2.931137 ], [ 115.290551654000069, -2.931080744999974 ], [ 115.290506, -2.931052 ], [ 115.290476, -2.931023 ], [ 115.290347000000111, -2.930879 ], [ 115.290287, -2.930825 ], [ 115.290263267000114, -2.930801411999937 ], [ 115.290124000000105, -2.930663 ], [ 115.289751, -2.930367 ], [ 115.289720000000102, -2.93034 ], [ 115.289706, -2.930325 ], [ 115.289706, -2.930319 ], [ 115.289668, -2.930312 ], [ 115.289651, -2.930302 ], [ 115.289622, -2.930292 ], [ 115.289489000000117, -2.930277 ], [ 115.289406, -2.930239 ], [ 115.289343, -2.930211 ], [ 115.289314000000104, -2.930196 ], [ 115.289276, -2.930149 ], [ 115.289006, -2.929918 ], [ 115.28863600000011, -2.929667 ], [ 115.28845, -2.929508 ], [ 115.288075, -2.929233 ], [ 115.287907, -2.929088 ], [ 115.287922, -2.929087 ], [ 115.287814, -2.928992 ], [ 115.287598000000116, -2.928801 ], [ 115.287407886000096, -2.928537576999929 ], [ 115.287209, -2.928262 ], [ 115.287016000000108, -2.928075 ], [ 115.286771005000105, -2.927875134999965 ], [ 115.286712, -2.927827 ], [ 115.286382000000117, -2.927673 ], [ 115.286017, -2.927556 ], [ 115.285802000000103, -2.92749 ], [ 115.285662000000116, -2.927417 ], [ 115.285436000000118, -2.927358 ], [ 115.285195, -2.927387 ], [ 115.284748, -2.927399 ], [ 115.284704, -2.927386 ], [ 115.284508, -2.927435 ], [ 115.284374, -2.927485 ], [ 115.284360000000106, -2.927487 ], [ 115.284297, -2.927509 ], [ 115.283986, -2.927411 ], [ 115.283794, -2.927314 ], [ 115.283557, -2.927324 ], [ 115.283375, -2.927357 ], [ 115.283250803000101, -2.927348566999967 ], [ 115.283213, -2.927346 ], [ 115.28312, -2.92733 ], [ 115.282172538000054, -2.927493259999949 ], [ 115.28163637900002, -2.927585646999944 ], [ 115.281601813000066, -2.927499723999972 ], [ 115.281427456000074, -2.925137741999947 ], [ 115.281361373000095, -2.924242560999971 ], [ 115.281095811000114, -2.920645100999934 ], [ 115.28107826300004, -2.920407394999927 ], [ 115.280994017000012, -2.919266161999928 ], [ 115.280956868000089, -2.918762911999977 ], [ 115.280952515000081, -2.918703935999929 ], [ 115.280934648000084, -2.918461896999929 ], [ 115.280902428000104, -2.918025432999968 ], [ 115.280880025000101, -2.91772197399996 ], [ 115.281094231000111, -2.917491301999974 ], [ 115.281465364000042, -2.916734349999956 ], [ 115.28390441900001, -2.911759722999932 ], [ 115.286730028000079, -2.900219337999943 ], [ 115.288157707000096, -2.893437873999972 ], [ 115.290388451000013, -2.88508001699995 ], [ 115.292024329000014, -2.881629799999928 ], [ 115.295503961, -2.873115779999978 ], [ 115.299519632000056, -2.861255662999952 ], [ 115.297918519000063, -2.860358135999945 ], [ 115.296922211000037, -2.859932683999943 ], [ 115.295306976, -2.859472789999927 ], [ 115.296869617000084, -2.854877825999949 ], [ 115.297361545000058, -2.853502723999952 ], [ 115.297693698000103, -2.852978020999956 ], [ 115.298905368000078, -2.851063943999975 ], [ 115.298992699000109, -2.849351551999973 ], [ 115.304623317000051, -2.849539354999933 ] ] ] } },
{ "type": "Feature", "properties": { "village_id": "63.06.07.2005", "village_name": "Bayanan", "admin_type": "Desa", "district_id": "63.06.07", "district_name": "Daha Selatan", "regency_code": "63.06", "regency_name": "Hulu Sungai Selatan", "province_name": "Kalimantan Selatan", "area_ha_source": 298.35109897199999, "boundary_basis": "Hasil Delineasi Batas Desa 2018", "metadata_source": "TASWIL1000020230928_DATA_BATAS_DESAKELURAHAN" }, "geometry": { "type": "Polygon", "coordinates": [ [ [ 115.110407626000097, -2.630940383999928 ], [ 115.111184586000036, -2.631243125999958 ], [ 115.111151256000085, -2.631553750999956 ], [ 115.111137643, -2.631680591999952 ], [ 115.111251981, -2.632008263999978 ], [ 115.111651731000052, -2.632400874999973 ], [ 115.112017176000109, -2.632805473999952 ], [ 115.112445813000022, -2.633252059999961 ], [ 115.112137911000104, -2.633436617999962 ], [ 115.112156947000017, -2.633636490999947 ], [ 115.112158212000054, -2.63374287399995 ], [ 115.112161705000062, -2.634036239999944 ], [ 115.112195559000043, -2.634510198999976 ], [ 115.112237849000053, -2.635102238999934 ], [ 115.112271161000081, -2.635816077999948 ], [ 115.11230923200003, -2.636344317999942 ], [ 115.112396218000072, -2.637215865999963 ], [ 115.112451345000068, -2.637768226999981 ], [ 115.112564885000097, -2.639392852999947 ], [ 115.112677484000073, -2.641003996999927 ], [ 115.11295800500011, -2.645017899999971 ], [ 115.112981871000102, -2.645359397999925 ], [ 115.113214432000063, -2.648687027999927 ], [ 115.113313857000094, -2.650109697999937 ], [ 115.113569787000074, -2.653771742999936 ], [ 115.113570881000101, -2.653787402999967 ], [ 115.113917917000094, -2.655156534999946 ], [ 115.104081886000017, -2.676186838999968 ], [ 115.104416880000031, -2.670598932999951 ], [ 115.104680320000057, -2.666204619999974 ], [ 115.104823368000098, -2.663818498999944 ], [ 115.105096852000088, -2.659256593999942 ], [ 115.105218735000108, -2.657223534999957 ], [ 115.10544776800009, -2.65340311999995 ], [ 115.105690429000106, -2.649355370999956 ], [ 115.105969860000073, -2.64469429299993 ], [ 115.106245831000024, -2.640090949999944 ], [ 115.107069164000109, -2.637309318999939 ], [ 115.107165208000083, -2.636984838999979 ], [ 115.107458122000025, -2.635995224999931 ], [ 115.107758265000029, -2.633899748999966 ], [ 115.107998259000055, -2.633397170999956 ], [ 115.10840819100008, -2.632711118999964 ], [ 115.108430483, -2.632673813999929 ], [ 115.108916733000115, -2.631860038999946 ], [ 115.108962414000075, -2.63188839299994 ], [ 115.109054742000012, -2.631945698999971 ], [ 115.109191028000055, -2.631702031999964 ], [ 115.109573784000077, -2.631017708999934 ], [ 115.109758502000091, -2.630687451999961 ], [ 115.110407626000097, -2.630940383999928 ] ] ] } },
{ "type": "Feature", "properties": { "village_id": "63.06.01.2008", "village_name": "Bumi Berkat", "admin_type": "Desa", "district_id": "63.06.01", "district_name": "Sungai Raya", "regency_code": "63.06", "regency_name": "Hulu Sungai Selatan", "province_name": "Kalimantan Selatan", "area_ha_source": 673.08783327000003, "boundary_basis": "Hasil Delineasi Batas Desa 2018", "metadata_source": "TASWIL1000020230928_DATA_BATAS_DESAKELURAHAN" }, "geometry": { "type": "Polygon", "coordinates": [ [ [ 115.209311499000023, -2.852613937999934 ], [ 115.210124268000072, -2.852725462999956 ], [ 115.211261541000113, -2.85286052999993 ], [ 115.211232446000054, -2.852982553999936 ], [ 115.212595362000116, -2.853276350999977 ], [ 115.213231688000064, -2.853582242999948 ], [ 115.21244101000002, -2.855044515999964 ], [ 115.211528655000052, -2.856750515999977 ], [ 115.211402543000077, -2.859860273999971 ], [ 115.211673236000024, -2.861293715999977 ], [ 115.212066030000074, -2.862209023999981 ], [ 115.212079135000067, -2.862229592999938 ], [ 115.212030449000054, -2.862244308999948 ], [ 115.211819093000031, -2.867521082999929 ], [ 115.211635898000054, -2.871374689999925 ], [ 115.211619082000084, -2.871728436999945 ], [ 115.211609146000114, -2.871727703999966 ], [ 115.211575282000013, -2.872174578999932 ], [ 115.211525305, -2.872574393999969 ], [ 115.211513940000032, -2.872877781999932 ], [ 115.211520836000091, -2.873657942999955 ], [ 115.211355824000066, -2.873636965999935 ], [ 115.211159016000011, -2.873588929999926 ], [ 115.210845576000111, -2.873561341999959 ], [ 115.210689091000063, -2.87355025599993 ], [ 115.210413946000017, -2.873495626999954 ], [ 115.210295263000035, -2.873468342999956 ], [ 115.210025592000079, -2.873364945999981 ], [ 115.209901563000017, -2.873305135999942 ], [ 115.209894857000108, -2.873300309999934 ], [ 115.209788360000061, -2.873223663999966 ], [ 115.209729125000081, -2.873142277999932 ], [ 115.2096267820001, -2.873017465999965 ], [ 115.209583702000032, -2.872957782999947 ], [ 115.209529847000113, -2.872887243999969 ], [ 115.209459859000049, -2.872778742999969 ], [ 115.209405993000018, -2.872713623999971 ], [ 115.209341337000069, -2.872648486999935 ], [ 115.209249736000061, -2.872556209999971 ], [ 115.209114957000111, -2.872469284999966 ], [ 115.209001771000089, -2.872376973999963 ], [ 115.208883148000041, -2.872311752999963 ], [ 115.20872677300008, -2.872230212999966 ], [ 115.208511034000026, -2.87214857999993 ], [ 115.208249556000055, -2.872056874999942 ], [ 115.208127258000104, -2.871999069999958 ], [ 115.207924620000085, -2.871956500999943 ], [ 115.207829608000111, -2.871948171999975 ], [ 115.207790777000014, -2.871944767999935 ], [ 115.207503943, -2.871936633999951 ], [ 115.207308871, -2.87194784899998 ], [ 115.20714823000003, -2.871951435999961 ], [ 115.207029704000092, -2.871928203999971 ], [ 115.206793626000035, -2.871879651999961 ], [ 115.206591917000083, -2.871840998999971 ], [ 115.206390241, -2.871780439999952 ], [ 115.206112248000068, -2.871703331999925 ], [ 115.205845152000052, -2.871631717999946 ], [ 115.205762769000103, -2.871618 ], [ 115.205552109000109, -2.87158292099997 ], [ 115.205446421000033, -2.871569144999967 ], [ 115.205319036000105, -2.871563498999933 ], [ 115.205210614000066, -2.871563327999979 ], [ 115.205096773000037, -2.87156314799995 ], [ 115.204982945000097, -2.871554802999981 ], [ 115.204844754000078, -2.87152464199994 ], [ 115.204752779000046, -2.871497069999975 ], [ 115.204687105000062, -2.87145845799995 ], [ 115.204635138000071, -2.871411615999932 ], [ 115.204580407000094, -2.87138127299994 ], [ 115.20452018900005, -2.871356422999952 ], [ 115.204468157000065, -2.871350838999945 ], [ 115.204391458000032, -2.871356219999939 ], [ 115.204325679000021, -2.871383621999939 ], [ 115.204246203000025, -2.871413752999956 ], [ 115.204169509000053, -2.87141638199995 ], [ 115.204095561000031, -2.871413514999972 ], [ 115.203986021000105, -2.871402339999975 ], [ 115.203905917000043, -2.871348873999978 ], [ 115.203834569000037, -2.871317586999965 ], [ 115.203753917000085, -2.871280049999939 ], [ 115.203701179000063, -2.871258144999956 ], [ 115.203695983000102, -2.871256613999947 ], [ 115.203626708000115, -2.871236203999956 ], [ 115.203580155000054, -2.871229895999932 ], [ 115.203527373000043, -2.871236046999968 ], [ 115.203508717000091, -2.871254722999936 ], [ 115.203490034000083, -2.871292102999973 ], [ 115.203465127000072, -2.871338824999953 ], [ 115.203421619000096, -2.871369931999936 ], [ 115.203291175000118, -2.871410251999976 ], [ 115.203146859000071, -2.871442453999975 ], [ 115.203030796, -2.871442270999978 ], [ 115.202917884000044, -2.871432641999945 ], [ 115.202839478000101, -2.871423066999967 ], [ 115.202757966000036, -2.871394586999941 ], [ 115.202667114000064, -2.871318839999958 ], [ 115.202617014000111, -2.871262057999957 ], [ 115.202563772000076, -2.871208420999949 ], [ 115.202513638000028, -2.871173688999932 ], [ 115.202460349000035, -2.87114840299995 ], [ 115.202360006000049, -2.871126193999942 ], [ 115.202231372000028, -2.871141740999974 ], [ 115.202206242000102, -2.871163752999962 ], [ 115.202181083000028, -2.871204665999926 ], [ 115.202152778000027, -2.871251872999949 ], [ 115.202115092000099, -2.871280164999973 ], [ 115.202030396000055, -2.871280030999969 ], [ 115.201964539000073, -2.87127047599995 ], [ 115.201908135000053, -2.871232585999962 ], [ 115.201854878000063, -2.871188398999948 ], [ 115.201765732000013, -2.87112594499996 ], [ 115.201690176000056, -2.871083296999927 ], [ 115.201686559000109, -2.871081254999979 ], [ 115.201628958000015, -2.871050407999974 ], [ 115.201585211000065, -2.871026979999954 ], [ 115.201492842000107, -2.870982424999966 ], [ 115.201432036000028, -2.870950162999975 ], [ 115.201339250000046, -2.870885683999973 ], [ 115.20123042900002, -2.87083404699996 ], [ 115.201102350000042, -2.870808111999963 ], [ 115.20100629600006, -2.870785442999932 ], [ 115.200884694000024, -2.87071448599994 ], [ 115.200775873000111, -2.870662847999938 ], [ 115.200663905000056, -2.870575822999967 ], [ 115.200530889000106, -2.870468235999965 ], [ 115.200447895000025, -2.870421759999942 ], [ 115.20029110300004, -2.870351995999954 ], [ 115.200180406000072, -2.870314744999973 ], [ 115.20006963600008, -2.87032383899998 ], [ 115.199880380000081, -2.870355980999932 ], [ 115.199837063000018, -2.87035591199998 ], [ 115.199774238000032, -2.870355812999946 ], [ 115.199557438000056, -2.870295221999925 ], [ 115.199465187000101, -2.870267268999953 ], [ 115.199359125000115, -2.870216123999967 ], [ 115.199257695000028, -2.870155715999942 ], [ 115.199183952000112, -2.870095351999964 ], [ 115.199137905000043, -2.870030396999937 ], [ 115.199082593000071, -2.869988599999942 ], [ 115.199022690000106, -2.869932891999952 ], [ 115.198925837000047, -2.869895662999966 ], [ 115.198792087000015, -2.869844472999944 ], [ 115.198667553000064, -2.869802565999976 ], [ 115.198556834000101, -2.869779217999962 ], [ 115.198459960000037, -2.869755892999933 ], [ 115.198363108000081, -2.869718663999947 ], [ 115.198225241000046, -2.869641870999942 ], [ 115.198177117000114, -2.869600846999958 ], [ 115.198084542000061, -2.869541139999967 ], [ 115.198014172000057, -2.86950380299993 ], [ 115.197910440000101, -2.86946641399993 ], [ 115.197836323000047, -2.869455128999959 ], [ 115.19775109200009, -2.869440103999978 ], [ 115.197695508000038, -2.869428848999974 ], [ 115.19760657900008, -2.869406371999958 ], [ 115.197551020000105, -2.869380226999965 ], [ 115.197488017000069, -2.869372681999948 ], [ 115.19738049700004, -2.869387401999973 ], [ 115.197291478000011, -2.869424485999957 ], [ 115.197147377000078, -2.869504956999947 ], [ 115.197131946000013, -2.869513573999939 ], [ 115.196968704000028, -2.869606377999958 ], [ 115.196851234000064, -2.869649472999924 ], [ 115.196657922000099, -2.869687137999961 ], [ 115.196540208000101, -2.869737579999935 ], [ 115.196388834000118, -2.869821720999937 ], [ 115.196287888000029, -2.869897503999937 ], [ 115.196165854000014, -2.870023880999952 ], [ 115.196069029000114, -2.870150298999931 ], [ 115.195921703000067, -2.870331482999973 ], [ 115.195760418000077, -2.870528933999935 ], [ 115.195577852000042, -2.870662725999978 ], [ 115.195482530000049, -2.870719955999959 ], [ 115.195382426000037, -2.870791523999969 ], [ 115.195272844000101, -2.870834385999956 ], [ 115.195125197000038, -2.870858060999979 ], [ 115.194939461000104, -2.870881674999964 ], [ 115.194791764000115, -2.870938820999925 ], [ 115.194624826000108, -2.871016984999926 ], [ 115.194560799000101, -2.871038304999956 ], [ 115.194543835000104, -2.871043953999958 ], [ 115.194430479000061, -2.871060032999935 ], [ 115.194327952000094, -2.871054450999964 ], [ 115.194112139000026, -2.871021590999931 ], [ 115.193971860000033, -2.870999689999962 ], [ 115.193754216000116, -2.870988504999957 ], [ 115.193654980000019, -2.870987174999925 ], [ 115.19357, -2.87098 ], [ 115.19347498400009, -2.870993479999925 ], [ 115.19345832700003, -2.870993453999972 ], [ 115.193351255000039, -2.870993283999951 ], [ 115.193200150000052, -2.870993043999931 ], [ 115.19304911200004, -2.870949447999976 ], [ 115.192858154000078, -2.870853647999979 ], [ 115.192701329000101, -2.87075705999996 ], [ 115.192588148000027, -2.870634267999947 ], [ 115.192518518000043, -2.870546576999971 ], [ 115.192265816000031, -2.870414804999939 ], [ 115.192108934000089, -2.870353248999947 ], [ 115.191856193000035, -2.870247749999976 ], [ 115.191524947000062, -2.870150885999976 ], [ 115.191228517000013, -2.870097865999981 ], [ 115.191057856000043, -2.87013763799996 ], [ 115.19103968200011, -2.870143493999933 ], [ 115.1910218270001, -2.870149246999972 ], [ 115.190842847000113, -2.870206913999937 ], [ 115.190697203000013, -2.870248452999931 ], [ 115.190447643000084, -2.87024805599998 ], [ 115.190281324000011, -2.870212981999941 ], [ 115.190179396000076, -2.870199465999974 ], [ 115.190121914000088, -2.870191843999976 ], [ 115.189941751000106, -2.870142824999959 ], [ 115.18971298800011, -2.870142460999944 ], [ 115.18943566400003, -2.870162903999926 ], [ 115.189348971000072, -2.870181088999971 ], [ 115.189172150000104, -2.870218178999949 ], [ 115.188924137000072, -2.87034313099997 ], [ 115.188841456000091, -2.870359600999961 ], [ 115.188753280000014, -2.870364993999942 ], [ 115.188723279000101, -2.870361178999929 ], [ 115.188665130000118, -2.870353785999953 ], [ 115.18858251000006, -2.870331518999933 ], [ 115.188444835000041, -2.870275961999937 ], [ 115.188340217000018, -2.870225990999927 ], [ 115.188301678000016, -2.870203792999973 ], [ 115.188202612000055, -2.870126161999963 ], [ 115.188076029000058, -2.870026350999979 ], [ 115.187993496000104, -2.869948745999977 ], [ 115.187872416, -2.869854476999933 ], [ 115.18775681000011, -2.869782352999948 ], [ 115.187580580000031, -2.869715665999934 ], [ 115.187459430000104, -2.869665668999971 ], [ 115.187365848000013, -2.86960464699996 ], [ 115.187294353000084, -2.869515991999947 ], [ 115.187222961000089, -2.869360929999971 ], [ 115.187123285000098, -2.869177401999934 ], [ 115.187073260000034, -2.869121403999941 ], [ 115.187012098000082, -2.869065387999967 ], [ 115.186973198000032, -2.869014998999944 ], [ 115.186956556000041, -2.868975828999965 ], [ 115.18693441500011, -2.868891914999949 ], [ 115.186917791000042, -2.868841560999954 ], [ 115.186895579000065, -2.868802381999956 ], [ 115.186867826000025, -2.868746419999979 ], [ 115.18686582700002, -2.868741985999975 ], [ 115.186840081000014, -2.868684863999931 ], [ 115.186823484000115, -2.86861773499993 ], [ 115.186812565000082, -2.86856617199993 ], [ 115.186806901000068, -2.868539421999969 ], [ 115.186806998000066, -2.868477910999957 ], [ 115.186795968000069, -2.868410790999974 ], [ 115.186751527000069, -2.868343617999926 ], [ 115.186690791000046, -2.86829279899996 ], [ 115.186642168000049, -2.868252716999962 ], [ 115.186580244000083, -2.868225947999974 ], [ 115.186531619000107, -2.86818586499993 ], [ 115.186496293, -2.868132469999978 ], [ 115.186474219000047, -2.868096874999935 ], [ 115.186443307000104, -2.86805237599998 ], [ 115.186403554000094, -2.867998971999953 ], [ 115.18636820100005, -2.867963355999962 ], [ 115.186306319000096, -2.867909917999953 ], [ 115.186248870000099, -2.867852041999924 ], [ 115.186191435000069, -2.86778527499996 ], [ 115.18616496900006, -2.867727448999972 ], [ 115.18610759, -2.867625121999936 ], [ 115.186048913000036, -2.867479312999933 ], [ 115.186011147000045, -2.867415874999949 ], [ 115.185979691000057, -2.867352446999973 ], [ 115.185935645000086, -2.86726998599994 ], [ 115.185872645000018, -2.867200169999933 ], [ 115.185778112000094, -2.867117628999949 ], [ 115.185689880000041, -2.867041434999976 ], [ 115.185515011, -2.866929067999934 ], [ 115.185466025000096, -2.866897472999938 ], [ 115.185417075000032, -2.866842239999926 ], [ 115.185399465000046, -2.866814634999969 ], [ 115.185395607000032, -2.86677326299997 ], [ 115.185401551000041, -2.866735844999937 ], [ 115.185413379000011, -2.866698437999958 ], [ 115.185423266000043, -2.866647237999928 ], [ 115.18541940800003, -2.866605865999929 ], [ 115.185397876000025, -2.866559719999941 ], [ 115.185278713000116, -2.866411073999927 ], [ 115.18516425200005, -2.866280262999965 ], [ 115.185128090000035, -2.866215459999978 ], [ 115.185075816000108, -2.866146584999967 ], [ 115.185047673000099, -2.866106074999948 ], [ 115.185015522000072, -2.866053417999979 ], [ 115.184999448000099, -2.866025065999963 ], [ 115.184959237000044, -2.865972395999961 ], [ 115.184898870000097, -2.86592374199995 ], [ 115.18486267000003, -2.865883217999965 ], [ 115.18481440000005, -2.865830535999976 ], [ 115.184774255000093, -2.865740723999977 ], [ 115.184747479000066, -2.865690891999975 ], [ 115.18471080900008, -2.865622646999952 ], [ 115.184668075000104, -2.865543115999969 ], [ 115.184463774000051, -2.865230180999959 ], [ 115.184161447000065, -2.864744329999951 ], [ 115.183928231000095, -2.864421660999938 ], [ 115.183479193000039, -2.863756235999972 ], [ 115.183153469000104, -2.863340384999958 ], [ 115.183061519000034, -2.863234512999952 ], [ 115.18296298700011, -2.863128628999959 ], [ 115.18284471700008, -2.863022714999943 ], [ 115.182706675000077, -2.862936592999972 ], [ 115.18256206500007, -2.862843852999958 ], [ 115.182397829000024, -2.862678393999943 ], [ 115.182200715000022, -2.862499667999941 ], [ 115.181924757000047, -2.862248128999966 ], [ 115.181563119000089, -2.86186119599995 ], [ 115.181213127000092, -2.861538601999939 ], [ 115.180870054000025, -2.861188521999964 ], [ 115.180774540000016, -2.861070907999931 ], [ 115.180583415000115, -2.86089974999993 ], [ 115.180215493000105, -2.860591087999978 ], [ 115.179675503000112, -2.860155842999973 ], [ 115.17925510300006, -2.85975200799993 ], [ 115.179095155000027, -2.859598362999975 ], [ 115.178667664000045, -2.85914233699998 ], [ 115.178106271000047, -2.858493793999969 ], [ 115.177698729000099, -2.858018370999957 ], [ 115.1773051240001, -2.857554533999974 ], [ 115.177168810000012, -2.857339886999966 ], [ 115.176981239000042, -2.857133734999934 ], [ 115.176836369000057, -2.856927651999968 ], [ 115.176691488000074, -2.856730144999972 ], [ 115.176472580000109, -2.856483513999933 ], [ 115.176301455000043, -2.856301533999954 ], [ 115.176149291000115, -2.856172183999945 ], [ 115.176009134000083, -2.856106761999968 ], [ 115.175883129000113, -2.856056634999959 ], [ 115.175732828000037, -2.855996842999957 ], [ 115.174636015000033, -2.855648998999925 ], [ 115.174043815000118, -2.855461206999962 ], [ 115.172605617000045, -2.855025674999979 ], [ 115.17088998700001, -2.854479184999946 ], [ 115.171424931000047, -2.853519952999932 ], [ 115.171638679000012, -2.853289077999932 ], [ 115.171625325000036, -2.853283142999942 ], [ 115.173140506000095, -2.851655324999967 ], [ 115.193212102000075, -2.853581339999948 ], [ 115.193844839, -2.853642049999962 ], [ 115.202667059000078, -2.854488493999952 ], [ 115.205678830000011, -2.85503392499993 ], [ 115.20636309300005, -2.854776670999968 ], [ 115.208662322, -2.853912249999951 ], [ 115.208962033000034, -2.853312850999941 ], [ 115.209311499000023, -2.852613937999934 ] ] ] } },
{ "type": "Feature", "properties": { "village_id": "63.06.02.2013", "village_name": "Durian Rabung", "admin_type": "Desa", "district_id": "63.06.02", "district_name": "Padang Batung", "regency_code": "63.06", "regency_name": "Hulu Sungai Selatan", "province_name": "Kalimantan Selatan", "area_ha_source": 184.97900007600001, "boundary_basis": "Hasil Delineasi Batas Desa 2018", "metadata_source": "TASWIL1000020230928_DATA_BATAS_DESAKELURAHAN" }, "geometry": { "type": "Polygon", "coordinates": [ [ [ 115.302074096000069, -2.823069867999948 ], [ 115.301919687, -2.823198863999949 ], [ 115.302825585000051, -2.828967536999926 ], [ 115.303799621000053, -2.830441284999949 ], [ 115.303972545000079, -2.830702924999969 ], [ 115.306578051000088, -2.832376216999933 ], [ 115.306373337000082, -2.832545227999958 ], [ 115.305588451000062, -2.833332119999966 ], [ 115.304542395000112, -2.834066090999954 ], [ 115.303444776000106, -2.834327156999962 ], [ 115.301667762000079, -2.834692293999979 ], [ 115.300674718000096, -2.834900972999947 ], [ 115.298255403000098, -2.834855457999936 ], [ 115.298140630000034, -2.834897230999957 ], [ 115.297507138000014, -2.834943471999964 ], [ 115.297103409000101, -2.834972941999979 ], [ 115.296663068000043, -2.835788850999961 ], [ 115.296184797000024, -2.836317092999934 ], [ 115.295642280000038, -2.836631180999973 ], [ 115.294614352000053, -2.836888162999969 ], [ 115.293657809000024, -2.836659733999966 ], [ 115.293250922000084, -2.83640989099996 ], [ 115.293172399000014, -2.836217154999929 ], [ 115.293172399000014, -2.83578171399995 ], [ 115.293165261000013, -2.834960799999976 ], [ 115.293149917000051, -2.834381550999979 ], [ 115.292658436000011, -2.83407563999998 ], [ 115.292280102000063, -2.834175576999939 ], [ 115.292199573000062, -2.833382345999951 ], [ 115.29201816300008, -2.832651804999955 ], [ 115.292016777000072, -2.832380522999927 ], [ 115.292102941000053, -2.831848395999941 ], [ 115.292720624000026, -2.831040171999973 ], [ 115.293113368000036, -2.830622947999927 ], [ 115.29355586600002, -2.830434192999974 ], [ 115.294035965000035, -2.830192513999975 ], [ 115.294452372000023, -2.829597648999936 ], [ 115.294642728000099, -2.829026578999958 ], [ 115.29470221400004, -2.82841981699994 ], [ 115.294618933000038, -2.827622696999924 ], [ 115.294546208000042, -2.82685590799997 ], [ 115.294540183000095, -2.826514811999971 ], [ 115.294607847000066, -2.826044041999978 ], [ 115.294901669000069, -2.825515381999935 ], [ 115.295323022000048, -2.824756690999948 ], [ 115.295260583000072, -2.824199482999973 ], [ 115.294082500000059, -2.823973043999956 ], [ 115.293740806000073, -2.823477607999962 ], [ 115.293843019000064, -2.822783149999964 ], [ 115.293653235000079, -2.821863085999951 ], [ 115.293858683000053, -2.820800061999932 ], [ 115.29401529900008, -2.819864190999965 ], [ 115.294040297000038, -2.819051306999938 ], [ 115.293959845000018, -2.818653740999935 ], [ 115.293777111000054, -2.818186898999954 ], [ 115.29419946400003, -2.818233688999953 ], [ 115.294440300000019, -2.818388290999962 ], [ 115.294615232000069, -2.818652970999949 ], [ 115.294976614, -2.818796732999942 ], [ 115.295470028000068, -2.81856609099998 ], [ 115.296052223000061, -2.817564338999944 ], [ 115.296479956000098, -2.817289527999947 ], [ 115.296753697000099, -2.817422142999931 ], [ 115.297070930000018, -2.817786190999925 ], [ 115.297299975000101, -2.818513691999954 ], [ 115.297365384000045, -2.818745158999945 ], [ 115.297431015000029, -2.818822378999926 ], [ 115.297485800000118, -2.818822458999932 ], [ 115.297639299000025, -2.818756579999956 ], [ 115.297760039000082, -2.818613526999968 ], [ 115.297891590000063, -2.818569649999972 ], [ 115.297943633000045, -2.818575541999962 ], [ 115.298088789000076, -2.818591974999947 ], [ 115.29808864600011, -2.818691133999948 ], [ 115.298143031000109, -2.81896665499994 ], [ 115.298197593000054, -2.819120981999959 ], [ 115.298373022000078, -2.81904411599993 ], [ 115.298483060000081, -2.818724765999946 ], [ 115.298614724000117, -2.818603764999978 ], [ 115.29887747500004, -2.818758397999943 ], [ 115.298997621000012, -2.81902299799998 ], [ 115.298893062000047, -2.819342356999925 ], [ 115.299386093000066, -2.819376132999935 ], [ 115.29981318900002, -2.819542025999965 ], [ 115.299770715000022, -2.819924015999959 ], [ 115.299331424000115, -2.82006042699993 ], [ 115.299428626, -2.820268626999962 ], [ 115.299624465000079, -2.82122745099997 ], [ 115.2996461890001, -2.821359693999966 ], [ 115.29970068800003, -2.821558091999975 ], [ 115.299821154000028, -2.82160233899998 ], [ 115.29997478000007, -2.821448317999966 ], [ 115.300018865000084, -2.821272099999931 ], [ 115.30019458400011, -2.820996917999935 ], [ 115.300293391000082, -2.820864849999964 ], [ 115.300479602000109, -2.820909193999967 ], [ 115.300588871000059, -2.821118689999935 ], [ 115.30062139100005, -2.821361126999932 ], [ 115.300719623000077, -2.821625694999966 ], [ 115.301080927000044, -2.821824542999934 ], [ 115.301245288000018, -2.821824784999933 ], [ 115.301639960000102, -2.821682133999957 ], [ 115.301892203000079, -2.821528256999954 ], [ 115.302089419000026, -2.821539563999977 ], [ 115.302275599000041, -2.821605943999941 ], [ 115.302331891000108, -2.821651360999965 ], [ 115.30243976700001, -2.821738396999933 ], [ 115.302461379000079, -2.821947763999958 ], [ 115.302406367000117, -2.822101931999953 ], [ 115.302307543000097, -2.822245014999964 ], [ 115.30200068900001, -2.82227761799993 ], [ 115.301628171000061, -2.822255035999945 ], [ 115.30145264500004, -2.822398007999936 ], [ 115.30137564000006, -2.822607228999971 ], [ 115.30137538300005, -2.822783512999933 ], [ 115.301682141000015, -2.822817015999931 ], [ 115.301956460000042, -2.822552996999946 ], [ 115.302098777000083, -2.822641344999965 ], [ 115.302142254000046, -2.822883799999943 ], [ 115.302074096000069, -2.823069867999948 ] ] ] } },
{ "type": "Feature", "properties": { "village_id": "63.06.05.2007", "village_name": "Gambah Dalam", "admin_type": "Desa", "district_id": "63.06.05", "district_name": "Kandangan", "regency_code": "63.06", "regency_name": "Hulu Sungai Selatan", "province_name": "Kalimantan Selatan", "area_ha_source": 202.31033341599999, "boundary_basis": "Hasil Delineasi Batas Desa 2018", "metadata_source": "TASWIL1000020230928_DATA_BATAS_DESAKELURAHAN" }, "geometry": { "type": "Polygon", "coordinates": [ [ [ 115.268405509000104, -2.758828917999949 ], [ 115.268360875000099, -2.758922607999978 ], [ 115.268311468000093, -2.759026311999946 ], [ 115.26783699200007, -2.759895268999969 ], [ 115.267830220000064, -2.75990767299993 ], [ 115.267760850000059, -2.76003471599995 ], [ 115.267703317000041, -2.760276733999945 ], [ 115.267637794000052, -2.760458232999952 ], [ 115.267175077000047, -2.761739958999954 ], [ 115.267090794000069, -2.762113771999964 ], [ 115.267388487000062, -2.762371865999967 ], [ 115.267388700000083, -2.762372050999943 ], [ 115.267407315000014, -2.762388189999967 ], [ 115.267901029000086, -2.762816226999973 ], [ 115.267696249000096, -2.764191151999967 ], [ 115.26768981400005, -2.764234349999924 ], [ 115.267414249000012, -2.766084527999965 ], [ 115.267411575000096, -2.766102479999972 ], [ 115.267393396000102, -2.766224530999978 ], [ 115.267136062000077, -2.766812830999925 ], [ 115.266985342000112, -2.76665318199997 ], [ 115.2669721850001, -2.766639245999954 ], [ 115.266601632000061, -2.766345598999976 ], [ 115.266518648000101, -2.766142104999972 ], [ 115.266452851000054, -2.765915933999963 ], [ 115.266400268000098, -2.765735185999972 ], [ 115.266234006000104, -2.765531568999961 ], [ 115.266091415, -2.765411728999936 ], [ 115.265981974000056, -2.765392142999929 ], [ 115.265942839000104, -2.765385138999932 ], [ 115.265889217000108, -2.765375541999958 ], [ 115.265527639000084, -2.765312802999972 ], [ 115.26511370500009, -2.765254771999935 ], [ 115.265013771000099, -2.765254624999955 ], [ 115.264785243, -2.765326067999979 ], [ 115.264299929000117, -2.765267931999972 ], [ 115.263985870000056, -2.765253113999961 ], [ 115.263615099000049, -2.764965454999981 ], [ 115.263386719000096, -2.764936407999926 ], [ 115.263186640000072, -2.765079670999967 ], [ 115.263057820000085, -2.765309171999945 ], [ 115.262886397000102, -2.765380697999944 ], [ 115.262715185000047, -2.765308667999932 ], [ 115.262458356000025, -2.765207799999928 ], [ 115.262272952000103, -2.76507832599998 ], [ 115.262016102000075, -2.764991813999927 ], [ 115.261859104000109, -2.764962871999955 ], [ 115.261802165000063, -2.76484794299995 ], [ 115.261845329000039, -2.76461831499995 ], [ 115.261659798000096, -2.76457497499996 ], [ 115.261431814000048, -2.764273169999967 ], [ 115.26136062, -2.764143863999948 ], [ 115.261289636000015, -2.763871001999973 ], [ 115.261261313000091, -2.763713048999932 ], [ 115.261118821000082, -2.763526213999967 ], [ 115.260890588000052, -2.763396676999946 ], [ 115.260690885000031, -2.763281538999934 ], [ 115.260534158000041, -2.763065971999936 ], [ 115.260334749000094, -2.762749853999935 ], [ 115.260092407000116, -2.762505450999925 ], [ 115.259932261000017, -2.762382383999977 ], [ 115.259905192000019, -2.762361582999972 ], [ 115.259792938000032, -2.762275318999968 ], [ 115.259636023000098, -2.762188953999953 ], [ 115.259436072000085, -2.762246081999933 ], [ 115.259078995000095, -2.762360402999946 ], [ 115.2589222900001, -2.762130479999939 ], [ 115.258965370000055, -2.761958275999973 ], [ 115.258951428000046, -2.761728564999942 ], [ 115.258866106000028, -2.761498747999951 ], [ 115.258452468000087, -2.761239737999972 ], [ 115.257967198000074, -2.761152888999959 ], [ 115.257638801000098, -2.761181115999932 ], [ 115.257310425000014, -2.761194987999943 ], [ 115.257182001000047, -2.761151731999973 ], [ 115.257153658000107, -2.761008132999962 ], [ 115.257182463000049, -2.760835907999933 ], [ 115.257268391000025, -2.760649410999974 ], [ 115.257354572000054, -2.760290646999977 ], [ 115.257283484000027, -2.760089562999951 ], [ 115.257083846000114, -2.759931356999971 ], [ 115.256755637000083, -2.75983038399994 ], [ 115.256612916000108, -2.759801461999928 ], [ 115.256298901000036, -2.759757932999946 ], [ 115.255970588000082, -2.759728736999932 ], [ 115.255742125000097, -2.759757112999978 ], [ 115.255527731000029, -2.759929062999959 ], [ 115.255427525000073, -2.760115538999969 ], [ 115.255284426000117, -2.760345017999953 ], [ 115.25515577200008, -2.760459672999957 ], [ 115.255126968000013, -2.760631897999929 ], [ 115.255183760000023, -2.760847316999957 ], [ 115.254983933000062, -2.760818309999934 ], [ 115.254769999000018, -2.760674437999967 ], [ 115.254498665000028, -2.760731459999931 ], [ 115.254284563000056, -2.760702432999949 ], [ 115.254149352000013, -2.760490252999944 ], [ 115.254028177, -2.76030009699997 ], [ 115.25366133600005, -2.759893408999972 ], [ 115.253340054000091, -2.759602538999957 ], [ 115.253322679, -2.759586808999927 ], [ 115.253282145000071, -2.759550110999953 ], [ 115.253126091000013, -2.758875166999928 ], [ 115.2525717420001, -2.757213881999974 ], [ 115.251959962000115, -2.756106644999932 ], [ 115.251932362000048, -2.756056691999959 ], [ 115.251824214000067, -2.755860958999961 ], [ 115.251278791000118, -2.754604038999958 ], [ 115.250839431000031, -2.754041129999962 ], [ 115.250660086000039, -2.753372131999924 ], [ 115.250584397000011, -2.753089794999937 ], [ 115.250526533000084, -2.752873946999955 ], [ 115.250508584000045, -2.752806988999964 ], [ 115.250490268000021, -2.75273866699996 ], [ 115.250483145000089, -2.752712092999957 ], [ 115.250453426000036, -2.752601234999929 ], [ 115.250449442000104, -2.752586372999929 ], [ 115.250448454000093, -2.75258269099993 ], [ 115.250464504000092, -2.752577791999954 ], [ 115.250469264000117, -2.752576938999937 ], [ 115.250469496000051, -2.752576896999926 ], [ 115.250598700000069, -2.75255373899995 ], [ 115.250602810000032, -2.752553002999946 ], [ 115.250812259000099, -2.752515462999952 ], [ 115.250821622000103, -2.752513783999973 ], [ 115.251517125000078, -2.752389125999969 ], [ 115.25152602300011, -2.752387530999954 ], [ 115.252154226000016, -2.752274936999925 ], [ 115.252181891000077, -2.752271003999965 ], [ 115.25218505700002, -2.752270553999949 ], [ 115.253253721000078, -2.75211864399995 ], [ 115.25406763, -2.752004996999972 ], [ 115.254653100000041, -2.751905368999928 ], [ 115.255181466000067, -2.751805656999977 ], [ 115.255467093000107, -2.751734298999963 ], [ 115.255757856000059, -2.751456023999935 ], [ 115.255759792000049, -2.751454171999967 ], [ 115.255781607000017, -2.751433292999934 ], [ 115.256522793000045, -2.750937991999933 ], [ 115.25663901300004, -2.750860326999941 ], [ 115.258298947000071, -2.750111256999958 ], [ 115.258342759000016, -2.750091486999963 ], [ 115.258383264000031, -2.750073207999947 ], [ 115.258403996000084, -2.750063851999926 ], [ 115.258470458000033, -2.750033859999974 ], [ 115.258791471000109, -2.74988899799996 ], [ 115.258990979000032, -2.749806044999957 ], [ 115.259022280000067, -2.749793029999978 ], [ 115.259024396000086, -2.749792149999962 ], [ 115.260210756000106, -2.749298874999965 ], [ 115.260212165000098, -2.749298288999967 ], [ 115.260628505000113, -2.749125179999965 ], [ 115.261016444, -2.748963878999973 ], [ 115.26101746900008, -2.748963452999931 ], [ 115.261135443000057, -2.748914400999979 ], [ 115.261137801000018, -2.748913576999939 ], [ 115.261158543000079, -2.748945049999975 ], [ 115.261557992, -2.749475040999926 ], [ 115.261863409000057, -2.749687506999976 ], [ 115.261971585000083, -2.749762759999953 ], [ 115.262413546000062, -2.750179721999928 ], [ 115.262612769000043, -2.750625039999932 ], [ 115.262612872000091, -2.750553261999926 ], [ 115.262897690000045, -2.751041771999951 ], [ 115.263011256000027, -2.75148696499997 ], [ 115.263195953000036, -2.75210452999994 ], [ 115.263211285000011, -2.752182197999957 ], [ 115.263266815000065, -2.752463525999929 ], [ 115.263352162000047, -2.752678987999957 ], [ 115.263708361000113, -2.753167601999962 ], [ 115.26378494800008, -2.753265443999965 ], [ 115.26379771400002, -2.753281752999953 ], [ 115.26413586000001, -2.753713743999981 ], [ 115.264202203000082, -2.754016028999956 ], [ 115.264277686000014, -2.754359958999942 ], [ 115.264604585000029, -2.755365336999944 ], [ 115.264697587000114, -2.755459127999927 ], [ 115.265060762000076, -2.755825386999959 ], [ 115.265109306000113, -2.755919596999945 ], [ 115.265244765000034, -2.756182475999935 ], [ 115.265245834000098, -2.756184550999933 ], [ 115.265730397000084, -2.756759488999933 ], [ 115.266072282000096, -2.757276794999939 ], [ 115.266228946000069, -2.757535427999926 ], [ 115.266355318000024, -2.757709853999927 ], [ 115.266499657000054, -2.757909072999951 ], [ 115.266756131000079, -2.758253986999932 ], [ 115.266878625000118, -2.75834664599995 ], [ 115.267041346000042, -2.758469738999963 ], [ 115.267113771000027, -2.758507745999964 ], [ 115.267269956000064, -2.758589702999927 ], [ 115.267397986000105, -2.758656885999926 ], [ 115.267600689, -2.758750667999948 ], [ 115.267740389000096, -2.758815299999981 ], [ 115.267801766000048, -2.758816224999975 ], [ 115.267812481000078, -2.758816385999978 ], [ 115.267874637000091, -2.75881732199997 ], [ 115.267901703, -2.758817728999929 ], [ 115.268026436000014, -2.758819607999953 ], [ 115.268405509000104, -2.758828917999949 ] ] ] } },
{ "type": "Feature", "properties": { "village_id": "63.06.05.2008", "village_name": "Gambah Dalam Barat", "admin_type": "Desa", "district_id": "63.06.05", "district_name": "Kandangan", "regency_code": "63.06", "regency_name": "Hulu Sungai Selatan", "province_name": "Kalimantan Selatan", "area_ha_source": 163.014286728, "boundary_basis": "Hasil Delineasi Batas Desa 2018", "metadata_source": "TASWIL1000020230928_DATA_BATAS_DESAKELURAHAN" }, "geometry": { "type": "Polygon", "coordinates": [ [ [ 115.263473702000056, -2.747880083999974 ], [ 115.26353778500004, -2.748179630999971 ], [ 115.26355465600011, -2.748258463999946 ], [ 115.263555179000036, -2.748260911999978 ], [ 115.26355267800011, -2.748261231999948 ], [ 115.263535362000084, -2.74826348199997 ], [ 115.263489319000087, -2.748269451999931 ], [ 115.262683948000017, -2.748373887999946 ], [ 115.262583377000055, -2.748408992999941 ], [ 115.262581408000074, -2.748409679999952 ], [ 115.262391015000048, -2.748476137999944 ], [ 115.262021287000039, -2.748605192999946 ], [ 115.262019139000017, -2.748605942999973 ], [ 115.261930190000044, -2.748636990999955 ], [ 115.261424043000034, -2.748813662999964 ], [ 115.261424007000073, -2.748813675999941 ], [ 115.261137801000018, -2.748913576999939 ], [ 115.261135443000057, -2.748914400999979 ], [ 115.26101746900008, -2.748963452999931 ], [ 115.261016444, -2.748963878999973 ], [ 115.260628505000113, -2.749125179999965 ], [ 115.260212165000098, -2.749298288999967 ], [ 115.260210756000106, -2.749298874999965 ], [ 115.259024396000086, -2.749792149999962 ], [ 115.259022280000067, -2.749793029999978 ], [ 115.258990979000032, -2.749806044999957 ], [ 115.258791471000109, -2.74988899799996 ], [ 115.258470458000033, -2.750033859999974 ], [ 115.258403996000084, -2.750063851999926 ], [ 115.258383264000031, -2.750073207999947 ], [ 115.258342759000016, -2.750091486999963 ], [ 115.258298947000071, -2.750111256999958 ], [ 115.25663901300004, -2.750860326999941 ], [ 115.256522793000045, -2.750937991999933 ], [ 115.255781607000017, -2.751433292999934 ], [ 115.255759792000049, -2.751454171999967 ], [ 115.255757856000059, -2.751456023999935 ], [ 115.255467093000107, -2.751734298999963 ], [ 115.255181466000067, -2.751805656999977 ], [ 115.254653100000041, -2.751905368999928 ], [ 115.25406763, -2.752004996999972 ], [ 115.253253721000078, -2.75211864399995 ], [ 115.25218505700002, -2.752270553999949 ], [ 115.252181891000077, -2.752271003999965 ], [ 115.252154226000016, -2.752274936999925 ], [ 115.25152602300011, -2.752387530999954 ], [ 115.251517125000078, -2.752389125999969 ], [ 115.250821622000103, -2.752513783999973 ], [ 115.250812259000099, -2.752515462999952 ], [ 115.250602810000032, -2.752553002999946 ], [ 115.250598700000069, -2.75255373899995 ], [ 115.250469496000051, -2.752576896999926 ], [ 115.250469264000117, -2.752576938999937 ], [ 115.250464504000092, -2.752577791999954 ], [ 115.250448454000093, -2.75258269099993 ], [ 115.250439902000039, -2.752579784999966 ], [ 115.250372469000013, -2.752517361999935 ], [ 115.249930230000018, -2.752137145999939 ], [ 115.249930161000066, -2.752137087999927 ], [ 115.249877502000118, -2.752091813999925 ], [ 115.249859384000047, -2.752076236999926 ], [ 115.249562451000088, -2.751820948999978 ], [ 115.248714551000035, -2.751091963999954 ], [ 115.248186829000019, -2.750632306999933 ], [ 115.247861086000057, -2.750348576999954 ], [ 115.247860622000076, -2.750348172999963 ], [ 115.247214557, -2.749785435999968 ], [ 115.247198620000063, -2.749771554999938 ], [ 115.247205791000056, -2.749714544999961 ], [ 115.247206754000104, -2.749706892999939 ], [ 115.247245457000076, -2.749399222999955 ], [ 115.247182597, -2.749212239999963 ], [ 115.247081284000046, -2.748787739999955 ], [ 115.246927150000033, -2.748428622999938 ], [ 115.246844746000079, -2.747830352999927 ], [ 115.246827967000058, -2.747482702999946 ], [ 115.246827916000029, -2.747481628999935 ], [ 115.24681010200004, -2.747112522999942 ], [ 115.246823081000116, -2.746370837999962 ], [ 115.246848740000019, -2.745090836999964 ], [ 115.246873737000101, -2.744265428999938 ], [ 115.247076678000099, -2.743787208999947 ], [ 115.2474461380001, -2.743333159999963 ], [ 115.248041477000015, -2.742987109999945 ], [ 115.24825579100002, -2.742867794999938 ], [ 115.248232294000104, -2.742664389999959 ], [ 115.248042417000079, -2.742341109999927 ], [ 115.248078561000057, -2.742030125999975 ], [ 115.247877535000043, -2.741192420999937 ], [ 115.24787918800007, -2.74005594099998 ], [ 115.248036847000094, -2.739582635999966 ], [ 115.248046406000071, -2.739553938999961 ], [ 115.24807037000005, -2.739481997999974 ], [ 115.248083466000026, -2.738656570999979 ], [ 115.248080055000059, -2.738343135999969 ], [ 115.249866439000016, -2.736364500999969 ], [ 115.251513486000022, -2.737890904999972 ], [ 115.252852817000075, -2.739671612999928 ], [ 115.253949143000114, -2.740536983999959 ], [ 115.254048040000043, -2.740615047999938 ], [ 115.254145662000042, -2.740693315999977 ], [ 115.25416765600005, -2.740720457999942 ], [ 115.254689984000038, -2.741365050999946 ], [ 115.254934087000038, -2.74166629299998 ], [ 115.255856126000026, -2.742804158999945 ], [ 115.257134560000054, -2.74452344599996 ], [ 115.258291626000073, -2.745813201999965 ], [ 115.258478494000087, -2.746189713999968 ], [ 115.259125216000029, -2.747492762999968 ], [ 115.260299175000114, -2.747551607999981 ], [ 115.262116937000087, -2.747630434999962 ], [ 115.263473702000056, -2.747880083999974 ] ] ] } },
{ "type": "Feature", "properties": { "village_id": "63.06.05.2005", "village_name": "Gambah Luar", "admin_type": "Desa", "district_id": "63.06.05", "district_name": "Kandangan", "regency_code": "63.06", "regency_name": "Hulu Sungai Selatan", "province_name": "Kalimantan Selatan", "area_ha_source": 175.489617474, "boundary_basis": "Hasil Delineasi Batas Desa 2018", "metadata_source": "TASWIL1000020230928_DATA_BATAS_DESAKELURAHAN" }, "geometry": { "type": "Polygon", "coordinates": [ [ [ 115.271495264, -2.748281535999979 ], [ 115.271523216000105, -2.748331674999974 ], [ 115.271566166000071, -2.748408716999961 ], [ 115.271625927000059, -2.749267516999964 ], [ 115.271929589000024, -2.750188008999942 ], [ 115.272121161000086, -2.75068241799994 ], [ 115.272476531000052, -2.75159954999998 ], [ 115.273268347000112, -2.752398079999978 ], [ 115.274853660000076, -2.752829743999939 ], [ 115.275951525000096, -2.752892677999967 ], [ 115.276812044000053, -2.752867508999941 ], [ 115.278646846000015, -2.752813840999977 ], [ 115.279388967000045, -2.752792133999947 ], [ 115.279659350000088, -2.752876638999965 ], [ 115.280108084000062, -2.753016886999944 ], [ 115.279934203000039, -2.754368376999935 ], [ 115.279897434000077, -2.754654177999953 ], [ 115.27989409700001, -2.754691131999948 ], [ 115.279890288000047, -2.75473332599995 ], [ 115.279878388000043, -2.75473031599995 ], [ 115.279852904000109, -2.755021734999957 ], [ 115.279791403000104, -2.755725070999972 ], [ 115.279671272000087, -2.757098863999943 ], [ 115.279559444000029, -2.75837771199997 ], [ 115.279560350000111, -2.75837783299994 ], [ 115.279561253000111, -2.758377953999968 ], [ 115.279502956000101, -2.759023697999964 ], [ 115.278759760000071, -2.760683176999976 ], [ 115.278591069000072, -2.761059842999941 ], [ 115.278556851000076, -2.761060864999934 ], [ 115.277909427000054, -2.76108020199996 ], [ 115.277378491000036, -2.761096058999954 ], [ 115.276843486000075, -2.761112037999965 ], [ 115.276147532000095, -2.760904168999957 ], [ 115.276108537000027, -2.760907347999932 ], [ 115.276110952000067, -2.760893242999941 ], [ 115.276052440000058, -2.760875767999948 ], [ 115.276103874000114, -2.75959598999998 ], [ 115.276104624000027, -2.759577312999966 ], [ 115.276123713000061, -2.759102327999926 ], [ 115.276136388000054, -2.758786955999938 ], [ 115.273848156000099, -2.757687632999932 ], [ 115.273822076000101, -2.757675103999929 ], [ 115.273677943000052, -2.757605857999977 ], [ 115.272165901000108, -2.756879431999948 ], [ 115.271869401000117, -2.756736984999975 ], [ 115.271834812000066, -2.756720367999947 ], [ 115.268847197000014, -2.755285030999971 ], [ 115.268832410000073, -2.755277925999962 ], [ 115.268828144000054, -2.755297709999979 ], [ 115.268827629000043, -2.75565407299996 ], [ 115.268827104000025, -2.756018478999977 ], [ 115.268844525000077, -2.757065797999928 ], [ 115.268710346000034, -2.758189061999929 ], [ 115.268428693000033, -2.758780252999941 ], [ 115.268407212000056, -2.758825343999945 ], [ 115.268405509000104, -2.758828917999949 ], [ 115.268026436000014, -2.758819607999953 ], [ 115.267901703, -2.758817728999929 ], [ 115.267874637000091, -2.75881732199997 ], [ 115.267812481000078, -2.758816385999978 ], [ 115.267801766000048, -2.758816224999975 ], [ 115.267740389000096, -2.758815299999981 ], [ 115.267600689, -2.758750667999948 ], [ 115.267397986000105, -2.758656885999926 ], [ 115.267269956000064, -2.758589702999927 ], [ 115.267113771000027, -2.758507745999964 ], [ 115.267041346000042, -2.758469738999963 ], [ 115.266878625000118, -2.75834664599995 ], [ 115.266756131000079, -2.758253986999932 ], [ 115.266499657000054, -2.757909072999951 ], [ 115.266355318000024, -2.757709853999927 ], [ 115.266228946000069, -2.757535427999926 ], [ 115.266072282000096, -2.757276794999939 ], [ 115.265730397000084, -2.756759488999933 ], [ 115.265245834000098, -2.756184550999933 ], [ 115.265244765000034, -2.756182475999935 ], [ 115.265109306000113, -2.755919596999945 ], [ 115.265060762000076, -2.755825386999959 ], [ 115.264697587000114, -2.755459127999927 ], [ 115.264604585000029, -2.755365336999944 ], [ 115.264277686000014, -2.754359958999942 ], [ 115.264202203000082, -2.754016028999956 ], [ 115.26413586000001, -2.753713743999981 ], [ 115.26379771400002, -2.753281752999953 ], [ 115.26378494800008, -2.753265443999965 ], [ 115.263708361000113, -2.753167601999962 ], [ 115.263352162000047, -2.752678987999957 ], [ 115.263266815000065, -2.752463525999929 ], [ 115.263211285000011, -2.752182197999957 ], [ 115.263195953000036, -2.75210452999994 ], [ 115.263011256000027, -2.75148696499997 ], [ 115.262897690000045, -2.751041771999951 ], [ 115.262612872000091, -2.750553261999926 ], [ 115.262612769000043, -2.750625039999932 ], [ 115.262413546000062, -2.750179721999928 ], [ 115.261971585000083, -2.749762759999953 ], [ 115.261863409000057, -2.749687506999976 ], [ 115.261557992, -2.749475040999926 ], [ 115.261158543000079, -2.748945049999975 ], [ 115.261137801000018, -2.748913576999939 ], [ 115.261424007000073, -2.748813675999941 ], [ 115.261424043000034, -2.748813662999964 ], [ 115.261930190000044, -2.748636990999955 ], [ 115.262019139000017, -2.748605942999973 ], [ 115.262021287000039, -2.748605192999946 ], [ 115.262391015000048, -2.748476137999944 ], [ 115.262581408000074, -2.748409679999952 ], [ 115.262583377000055, -2.748408992999941 ], [ 115.262683948000017, -2.748373887999946 ], [ 115.263489319000087, -2.748269451999931 ], [ 115.263535362000084, -2.74826348199997 ], [ 115.26355267800011, -2.748261231999948 ], [ 115.263555179000036, -2.748260911999978 ], [ 115.26355465600011, -2.748258463999946 ], [ 115.26353778500004, -2.748179630999971 ], [ 115.263473702000056, -2.747880083999974 ], [ 115.263479886000027, -2.747879968999939 ], [ 115.26334923200011, -2.746565904999954 ], [ 115.26354776300002, -2.74644116199994 ], [ 115.264619110000012, -2.745768009999949 ], [ 115.265280558000086, -2.746682974999942 ], [ 115.266891838000106, -2.74550474199998 ], [ 115.269447569000022, -2.745965465999973 ], [ 115.27037503300005, -2.746252440999967 ], [ 115.270736918000011, -2.746429527999965 ], [ 115.27099949, -2.746558016999927 ], [ 115.271495264, -2.748281535999979 ] ] ] } },
{ "type": "Feature", "properties": { "village_id": "63.06.05.2006", "village_name": "Gambah Luar Muka", "admin_type": "Desa", "district_id": "63.06.05", "district_name": "Kandangan", "regency_code": "63.06", "regency_name": "Hulu Sungai Selatan", "province_name": "Kalimantan Selatan", "area_ha_source": 166.920313002, "boundary_basis": "Hasil Delineasi Batas Desa 2018", "metadata_source": "TASWIL1000020230928_DATA_BATAS_DESAKELURAHAN" }, "geometry": { "type": "Polygon", "coordinates": [ [ [ 115.278591069000072, -2.761059842999941 ], [ 115.278792377000059, -2.76349616899995 ], [ 115.27882653100005, -2.763909513999977 ], [ 115.278906465000091, -2.764876935999951 ], [ 115.280270277000113, -2.767984311999953 ], [ 115.280723240000043, -2.769016363999981 ], [ 115.28076318, -2.769107366999947 ], [ 115.280824689000042, -2.769247508999968 ], [ 115.280557049000095, -2.769372931999953 ], [ 115.280324645000064, -2.769481843999927 ], [ 115.278727872000104, -2.770230137999931 ], [ 115.278054295000061, -2.770223168999962 ], [ 115.27722528400011, -2.770214590999956 ], [ 115.276042620000112, -2.770202352999945 ], [ 115.27468181200004, -2.770188268999959 ], [ 115.274635506000095, -2.770187789999966 ], [ 115.272831270000097, -2.770169114999931 ], [ 115.267351488000031, -2.768169426999975 ], [ 115.267240934000029, -2.768129083999952 ], [ 115.267065090000074, -2.768053690999977 ], [ 115.266966797, -2.768011547999947 ], [ 115.266887075000113, -2.767962520999959 ], [ 115.26668698800006, -2.767839467999977 ], [ 115.26670678500011, -2.767794212999945 ], [ 115.266709342000013, -2.76778836699998 ], [ 115.26672196200002, -2.767759517999934 ], [ 115.266744826000036, -2.767707243999951 ], [ 115.266777086000047, -2.767633496999963 ], [ 115.266792733000102, -2.767597722999938 ], [ 115.267136062000077, -2.766812830999925 ], [ 115.267393396000102, -2.766224530999978 ], [ 115.267411575000096, -2.766102479999972 ], [ 115.267414249000012, -2.766084527999965 ], [ 115.26768981400005, -2.764234349999924 ], [ 115.267696249000096, -2.764191151999967 ], [ 115.267901029000086, -2.762816226999973 ], [ 115.267407315000014, -2.762388189999967 ], [ 115.267388700000083, -2.762372050999943 ], [ 115.267388487000062, -2.762371865999967 ], [ 115.267090794000069, -2.762113771999964 ], [ 115.267175077000047, -2.761739958999954 ], [ 115.267637794000052, -2.760458232999952 ], [ 115.267703317000041, -2.760276733999945 ], [ 115.267760850000059, -2.76003471599995 ], [ 115.267830220000064, -2.75990767299993 ], [ 115.26783699200007, -2.759895268999969 ], [ 115.268311468000093, -2.759026311999946 ], [ 115.268360875000099, -2.758922607999978 ], [ 115.268405509000104, -2.758828917999949 ], [ 115.268407212000056, -2.758825343999945 ], [ 115.268428693000033, -2.758780252999941 ], [ 115.268710346000034, -2.758189061999929 ], [ 115.268844525000077, -2.757065797999928 ], [ 115.268827104000025, -2.756018478999977 ], [ 115.268827629000043, -2.75565407299996 ], [ 115.268828144000054, -2.755297709999979 ], [ 115.268832410000073, -2.755277925999962 ], [ 115.268847197000014, -2.755285030999971 ], [ 115.271834812000066, -2.756720367999947 ], [ 115.271869401000117, -2.756736984999975 ], [ 115.272165901000108, -2.756879431999948 ], [ 115.273677943000052, -2.757605857999977 ], [ 115.273822076000101, -2.757675103999929 ], [ 115.273848156000099, -2.757687632999932 ], [ 115.276136388000054, -2.758786955999938 ], [ 115.276123713000061, -2.759102327999926 ], [ 115.276104624000027, -2.759577312999966 ], [ 115.276103874000114, -2.75959598999998 ], [ 115.276052440000058, -2.760875767999948 ], [ 115.276110952000067, -2.760893242999941 ], [ 115.276108537000027, -2.760907347999932 ], [ 115.276147532000095, -2.760904168999957 ], [ 115.276843486000075, -2.761112037999965 ], [ 115.277378491000036, -2.761096058999954 ], [ 115.277909427000054, -2.76108020199996 ], [ 115.278556851000076, -2.761060864999934 ], [ 115.278591069000072, -2.761059842999941 ] ] ] } },
{ "type": "Feature", "properties": { "village_id": "63.06.06.2003", "village_name": "Garunggang", "admin_type": "Desa", "district_id": "63.06.06", "district_name": "Simpur", "regency_code": "63.06", "regency_name": "Hulu Sungai Selatan", "province_name": "Kalimantan Selatan", "area_ha_source": 1588.22505458, "boundary_basis": "Hasil Delineasi Batas Desa 2018", "metadata_source": "TASWIL1000020230928_DATA_BATAS_DESAKELURAHAN" }, "geometry": { "type": "Polygon", "coordinates": [ [ [ 115.208820600000081, -2.801875134999932 ], [ 115.208834624000019, -2.801869919999945 ], [ 115.208934996000039, -2.801832591999926 ], [ 115.209970989000112, -2.801447319999966 ], [ 115.211957096000106, -2.80417608099998 ], [ 115.212168702000099, -2.804466812999976 ], [ 115.21231698400004, -2.80467054199994 ], [ 115.212517881000053, -2.804946560999952 ], [ 115.213617014000079, -2.806456682999965 ], [ 115.213731860000053, -2.806614473999957 ], [ 115.214055785000028, -2.807059520999928 ], [ 115.214144437000073, -2.807181322999952 ], [ 115.214007901000059, -2.807646728999941 ], [ 115.21398750600008, -2.807716252999967 ], [ 115.21380173700004, -2.808349477999968 ], [ 115.213440061000028, -2.809301262999952 ], [ 115.213238800000113, -2.809583024999938 ], [ 115.213222079000047, -2.809606434999978 ], [ 115.212964167000109, -2.809967511999957 ], [ 115.212558190000095, -2.810362212999962 ], [ 115.21228407600006, -2.810628713999961 ], [ 115.212278884000057, -2.810633761999952 ], [ 115.211970937000046, -2.810923591999938 ], [ 115.21350949400005, -2.812321770999972 ], [ 115.213718885000048, -2.812588271999971 ], [ 115.21397107700011, -2.812963668999942 ], [ 115.207331225000075, -2.812240348999978 ], [ 115.206708671000115, -2.811898455999938 ], [ 115.205571049000014, -2.811804311999936 ], [ 115.204832582000108, -2.811781091999933 ], [ 115.20419189800009, -2.811760683999978 ], [ 115.201352197, -2.811476010999968 ], [ 115.199193260000015, -2.81125958299998 ], [ 115.199052858000073, -2.811245506999967 ], [ 115.198799191000035, -2.811220077999963 ], [ 115.196723379000105, -2.811011982999958 ], [ 115.19539028600002, -2.810878343999946 ], [ 115.194414491000089, -2.810780522999949 ], [ 115.192970089000028, -2.810635724999941 ], [ 115.192511732000071, -2.810589775999972 ], [ 115.191418545000033, -2.810480186999939 ], [ 115.190567694000038, -2.810332517999939 ], [ 115.189115227000116, -2.810080437999943 ], [ 115.188563192000061, -2.809947187999967 ], [ 115.18808730100011, -2.809813937999934 ], [ 115.187668514000052, -2.809756830999959 ], [ 115.187116481000089, -2.809756830999959 ], [ 115.186850196000023, -2.809662256999957 ], [ 115.186848970000028, -2.809658440999954 ], [ 115.18632548000005, -2.808028594999939 ], [ 115.186120722000055, -2.807391094999957 ], [ 115.180231073000073, -2.797481995999931 ], [ 115.17944284400005, -2.796155822999935 ], [ 115.174473567000064, -2.789678614999957 ], [ 115.163023003000035, -2.795356227999946 ], [ 115.157579628, -2.780018138999935 ], [ 115.154472439000074, -2.771262844999967 ], [ 115.148991599000055, -2.756696027999965 ], [ 115.128895355000054, -2.732026925999946 ], [ 115.128031610000107, -2.730966623999961 ], [ 115.126812341000118, -2.729469889999962 ], [ 115.126996358000042, -2.729299613999956 ], [ 115.127910197, -2.728454004999946 ], [ 115.129345845000103, -2.726487424999959 ], [ 115.129560798000057, -2.726231865999978 ], [ 115.131403021000096, -2.724041603999979 ], [ 115.131661682000072, -2.723654593999925 ], [ 115.131791893000013, -2.723459770999966 ], [ 115.131865063000077, -2.723350291999964 ], [ 115.135589477000053, -2.71777773499997 ], [ 115.178642294000042, -2.786498953999967 ], [ 115.179869336000024, -2.788457513999958 ], [ 115.182409685000039, -2.79249092699996 ], [ 115.183557866000115, -2.794313938999949 ], [ 115.184031257000015, -2.795065561999934 ], [ 115.184768773000087, -2.796236542999964 ], [ 115.185916137000049, -2.798058255999933 ], [ 115.18657913800007, -2.799110931999962 ], [ 115.186730762000025, -2.799351671999943 ], [ 115.188209666000034, -2.801699785999972 ], [ 115.189195452000035, -2.803264955999964 ], [ 115.191723628000091, -2.803592131999949 ], [ 115.19222263000006, -2.803624571999933 ], [ 115.196504127000026, -2.803902902999937 ], [ 115.198822745000029, -2.804053631999977 ], [ 115.200112950000062, -2.80416943299997 ], [ 115.200228423000112, -2.80417979799995 ], [ 115.200256244000116, -2.804182293999929 ], [ 115.201865493000014, -2.804326731999936 ], [ 115.202157708000072, -2.804352958999971 ], [ 115.204716254000118, -2.803401485999927 ], [ 115.208820600000081, -2.801875134999932 ] ] ] } },
{ "type": "Feature", "properties": { "village_id": "63.06.03.2009", "village_name": "Gumbil", "admin_type": "Desa", "district_id": "63.06.03", "district_name": "Telaga Langsat", "regency_code": "63.06", "regency_name": "Hulu Sungai Selatan", "province_name": "Kalimantan Selatan", "area_ha_source": 785.47932186599996, "boundary_basis": "Hasil Delineasi Batas Desa 2018", "metadata_source": "TASWIL1000020230928_DATA_BATAS_DESAKELURAHAN" }, "geometry": { "type": "Polygon", "coordinates": [ [ [ 115.345788925000079, -2.713344537999944 ], [ 115.34583679900004, -2.71341380299998 ], [ 115.345888160000072, -2.713438756999949 ], [ 115.345988065000029, -2.713460907999945 ], [ 115.346090829000104, -2.713480189999927 ], [ 115.346125082000071, -2.713487893999968 ], [ 115.3461565, -2.713480318999927 ], [ 115.346234767000055, -2.71347114799994 ], [ 115.346276045000081, -2.71346631199998 ], [ 115.346302144000106, -2.713463253999976 ], [ 115.346308150000027, -2.713461827999936 ], [ 115.346378309000102, -2.713445172999968 ], [ 115.346426851000047, -2.713443325999947 ], [ 115.346488695000062, -2.713458723999963 ], [ 115.346549578, -2.713479863999964 ], [ 115.346580977000031, -2.713487562999944 ], [ 115.346615117000056, -2.713499035999973 ], [ 115.34669602200006, -2.713574815999948 ], [ 115.346737826000094, -2.713628470999936 ], [ 115.346772963000035, -2.713685944999952 ], [ 115.346814786000095, -2.71372619899995 ], [ 115.346884221000096, -2.713758835999954 ], [ 115.346927028000096, -2.713774208999951 ], [ 115.346956459000012, -2.713788891999968 ], [ 115.346975481000072, -2.713839356999927 ], [ 115.346997333000104, -2.713867142999959 ], [ 115.347047743000076, -2.713892095999938 ], [ 115.347099119000063, -2.713905565999937 ], [ 115.347153356000035, -2.713916167999969 ], [ 115.347160629000086, -2.713919154999928 ], [ 115.347265601000117, -2.713962262999928 ], [ 115.347330292000038, -2.713983407999933 ], [ 115.347396911000033, -2.713986370999976 ], [ 115.347454976000108, -2.713980707999951 ], [ 115.347504787000048, -2.713970511999946 ], [ 115.347532528000102, -2.713985204999972 ], [ 115.347549599000104, -2.714029732999961 ], [ 115.347515200000089, -2.714128744999925 ], [ 115.347455164000053, -2.714184651999972 ], [ 115.347395112000072, -2.714252043999977 ], [ 115.347343647000116, -2.714302219999979 ], [ 115.347316458000023, -2.71434955899997 ], [ 115.347296393000079, -2.714406956999937 ], [ 115.347294908000094, -2.714448587999925 ], [ 115.347300561000111, -2.714491664999969 ], [ 115.347324177000019, -2.714521907999938 ], [ 115.347374751000075, -2.714526221999961 ], [ 115.347470473000044, -2.714474669999959 ], [ 115.34755476700002, -2.714428845999976 ], [ 115.347644706000096, -2.714430404999973 ], [ 115.347716075000108, -2.714440551999928 ], [ 115.347761738000031, -2.714456407999933 ], [ 115.347825976000081, -2.714460802999952 ], [ 115.347888762000025, -2.714483858999927 ], [ 115.347969848000048, -2.714652926999975 ], [ 115.348022621000041, -2.714690325999925 ], [ 115.34807030200011, -2.714739972999951 ], [ 115.348112347000097, -2.714848367999934 ], [ 115.348109381000086, -2.714930194999965 ], [ 115.348104982000109, -2.715014891999942 ], [ 115.348117709, -2.715105353999945 ], [ 115.348137597000118, -2.715178598999955 ], [ 115.348193177000098, -2.715250456999968 ], [ 115.348241621000057, -2.715320868999925 ], [ 115.348285781000072, -2.715392711999925 ], [ 115.348328530000117, -2.715451630999951 ], [ 115.348366026, -2.715509063999946 ], [ 115.348390137000024, -2.715591282999981 ], [ 115.348392573000069, -2.715599589999954 ], [ 115.348359291000065, -2.715687167999931 ], [ 115.348318754000047, -2.715751714999953 ], [ 115.348303896000061, -2.715887580999947 ], [ 115.34830140400004, -2.715970126999935 ], [ 115.348292986000047, -2.716037110999935 ], [ 115.348242889000062, -2.716131555999937 ], [ 115.348213049000037, -2.716203296999936 ], [ 115.348192727000082, -2.716275049999979 ], [ 115.348179524000102, -2.716359973999943 ], [ 115.348141343000066, -2.716441273999976 ], [ 115.348113932000047, -2.716477125999972 ], [ 115.348093501000108, -2.716540685999973 ], [ 115.348075620000031, -2.716566501999978 ], [ 115.348040815000104, -2.716584773999955 ], [ 115.348025788000086, -2.71661993999993 ], [ 115.348040006000019, -2.71666302899996 ], [ 115.34803876400008, -2.716701309999962 ], [ 115.347992278000106, -2.716765850999934 ], [ 115.34795767300011, -2.716842369999938 ], [ 115.347929042000032, -2.716899755999975 ], [ 115.347943253000039, -2.716947629999936 ], [ 115.347976486000107, -2.717005101999973 ], [ 115.347970491000069, -2.717039786999976 ], [ 115.347919288000071, -2.717073214999971 ], [ 115.347870466000018, -2.717105448999973 ], [ 115.347814444000051, -2.71718313599996 ], [ 115.347777492000091, -2.717235724999966 ], [ 115.347763156000042, -2.717278774999954 ], [ 115.34774763300004, -2.717320625999946 ], [ 115.347732125000107, -2.717351709999946 ], [ 115.347715960000073, -2.717398227999979 ], [ 115.347720119000087, -2.717431849999969 ], [ 115.347753365000017, -2.717480945999966 ], [ 115.347784192000063, -2.717557555999974 ], [ 115.347797205, -2.717611409999961 ], [ 115.347773262000032, -2.71772144199997 ], [ 115.347757734000083, -2.717766881999978 ], [ 115.347738593000031, -2.717844618999948 ], [ 115.347739659000013, -2.717935543999943 ], [ 115.347752634000017, -2.718018110999935 ], [ 115.347775168000112, -2.718069584999967 ], [ 115.347795962000077, -2.718085631999941 ], [ 115.347858164000058, -2.718164199999933 ], [ 115.34793804800006, -2.718211685999961 ], [ 115.348010809000016, -2.718247675999976 ], [ 115.348109286000067, -2.718270781999934 ], [ 115.348223521000023, -2.718253711999978 ], [ 115.348282041000061, -2.718263840999953 ], [ 115.348333407000041, -2.718285446999971 ], [ 115.348397588000012, -2.718331474999957 ], [ 115.348443167000028, -2.718409061999978 ], [ 115.348503058, -2.718460826999944 ], [ 115.348572949000072, -2.718508299999939 ], [ 115.348672836000105, -2.718544326999961 ], [ 115.348744191000037, -2.718564524999977 ], [ 115.348805563000042, -2.718577529999948 ], [ 115.348847484000089, -2.718575417999944 ], [ 115.349001399000031, -2.718503743999975 ], [ 115.349081431000059, -2.718442600999936 ], [ 115.349153805000014, -2.718413986999963 ], [ 115.349309894000044, -2.718414201999963 ], [ 115.349395524000101, -2.718435374999956 ], [ 115.349494440000058, -2.718485279999925 ], [ 115.349648590000015, -2.718512289999978 ], [ 115.349819952000075, -2.718479984999931 ], [ 115.350004667, -2.71842664199994 ], [ 115.350134167000078, -2.718382793999979 ], [ 115.350197016000038, -2.718359908999957 ], [ 115.350268717000063, -2.71833320199994 ], [ 115.350391269000056, -2.718291265999937 ], [ 115.350459797000099, -2.718291360999956 ], [ 115.350518780000016, -2.718310582999948 ], [ 115.350553005000052, -2.718339342999968 ], [ 115.350583401000108, -2.718387892999942 ], [ 115.350625169000068, -2.718463863999943 ], [ 115.350655515000085, -2.718546214999947 ], [ 115.350659204000067, -2.718632357999979 ], [ 115.350647698000103, -2.718695509999975 ], [ 115.350643828000102, -2.718741444999978 ], [ 115.350643761000015, -2.718791213999964 ], [ 115.350666550000028, -2.718829527999958 ], [ 115.350712191000071, -2.718862132999959 ], [ 115.350762598000074, -2.718876479999949 ], [ 115.350870125000029, -2.71890637599995 ], [ 115.35098047800011, -2.718944810999972 ], [ 115.351052771000013, -2.718975536999949 ], [ 115.3511580710001, -2.719039804999966 ], [ 115.351241031000086, -2.719115530999943 ], [ 115.351318985000034, -2.719182633999935 ], [ 115.351396933000046, -2.719253565999963 ], [ 115.35146730200006, -2.719299602999968 ], [ 115.351508433000049, -2.719311585999947 ], [ 115.351726230000054, -2.719265502999974 ], [ 115.351893826000037, -2.719202564999932 ], [ 115.352025213000047, -2.71917211899995 ], [ 115.352091717, -2.719169498999975 ], [ 115.352166081000064, -2.719166568999981 ], [ 115.35227645100008, -2.71919351899993 ], [ 115.352345784000022, -2.719220969999981 ], [ 115.352373478000118, -2.719231935999971 ], [ 115.352497136000011, -2.719285701999979 ], [ 115.352607512000077, -2.719306909999943 ], [ 115.352676042000098, -2.719305089999978 ], [ 115.352731513000094, -2.719295177999925 ], [ 115.352900748000025, -2.719240315999969 ], [ 115.353093129000058, -2.719148698999959 ], [ 115.353174939000041, -2.719121401999928 ], [ 115.353207394000037, -2.719110571999977 ], [ 115.353350208000052, -2.719074398999965 ], [ 115.353502569000057, -2.719017181999959 ], [ 115.353565466000077, -2.718957928999941 ], [ 115.353612174000091, -2.718905352999968 ], [ 115.353651247000016, -2.718868079999936 ], [ 115.35369438500004, -2.718844330999957 ], [ 115.353749802000038, -2.718851385999926 ], [ 115.353812829000049, -2.718871810999929 ], [ 115.353881790000059, -2.718903010999952 ], [ 115.353956717000074, -2.718921057999978 ], [ 115.353991205000057, -2.718931873999963 ], [ 115.354029282000056, -2.718927139999948 ], [ 115.354049547000045, -2.718897258999959 ], [ 115.354069859000106, -2.718833878999931 ], [ 115.354075877000014, -2.718782443999942 ], [ 115.354115210000032, -2.718728660999943 ], [ 115.354154524000023, -2.718689234999943 ], [ 115.354190320000043, -2.718612716999928 ], [ 115.354204659000061, -2.718566077999981 ], [ 115.354209474000072, -2.718524211999977 ], [ 115.354235140000014, -2.718459692999943 ], [ 115.354256013000054, -2.71842143899994 ], [ 115.354268545000082, -2.718391545999964 ], [ 115.354263822, -2.718365219999953 ], [ 115.354256708000094, -2.718347264999977 ], [ 115.354259121000041, -2.718322742999931 ], [ 115.35428867600001, -2.718293498999969 ], [ 115.35431363400005, -2.718269714999963 ], [ 115.354340051, -2.718244537999965 ], [ 115.354352635000055, -2.718232545999967 ], [ 115.354369712000107, -2.718221263999965 ], [ 115.354375910000044, -2.718225916999927 ], [ 115.35960108300003, -2.722148730999947 ], [ 115.363832245000026, -2.731294719999937 ], [ 115.367251340000053, -2.735638396999946 ], [ 115.37543916900006, -2.739782124999977 ], [ 115.375798133000103, -2.73996379099998 ], [ 115.376038704000052, -2.740387803999965 ], [ 115.375809279, -2.740475553999943 ], [ 115.375695964000101, -2.740530226999965 ], [ 115.374442392000105, -2.741135056999951 ], [ 115.372967875000086, -2.741556516999935 ], [ 115.370125127000051, -2.741658497999936 ], [ 115.367707059000054, -2.740303303999951 ], [ 115.366835256000059, -2.739814704999958 ], [ 115.364444240000012, -2.738474663999966 ], [ 115.357615296000063, -2.735150052999927 ], [ 115.352450187000045, -2.732635435999953 ], [ 115.351684953000017, -2.732293572999936 ], [ 115.349735247000012, -2.731422548999944 ], [ 115.339289192000024, -2.726755776999937 ], [ 115.339180550000037, -2.726707240999929 ], [ 115.33368430500002, -2.724251752999976 ], [ 115.327015911000103, -2.721272562999957 ], [ 115.328626593000081, -2.717816640999956 ], [ 115.326717157000076, -2.717296834999956 ], [ 115.328333796000038, -2.712866622999968 ], [ 115.329580608000015, -2.709608001999925 ], [ 115.330094932000065, -2.708263774999978 ], [ 115.331846504000055, -2.704145638999933 ], [ 115.331867137000017, -2.70410107999993 ], [ 115.333273056000053, -2.701466349999976 ], [ 115.333242013000017, -2.701446058999977 ], [ 115.333217647000083, -2.701429276999932 ], [ 115.333199835000073, -2.701404726999954 ], [ 115.33317610000006, -2.701362223999979 ], [ 115.333154137000065, -2.70132809699993 ], [ 115.333124552000072, -2.701299846999973 ], [ 115.333098545000098, -2.701274607999949 ], [ 115.336741136000114, -2.702748214999929 ], [ 115.337690219000024, -2.703132165999932 ], [ 115.337702695000075, -2.703143380999961 ], [ 115.337718215000109, -2.703157330999943 ], [ 115.337754105000045, -2.703189591999944 ], [ 115.337807004000069, -2.70322275999996 ], [ 115.33783746000006, -2.703240919999928 ], [ 115.337920288000078, -2.703221892999977 ], [ 115.337944078000078, -2.703224796999962 ], [ 115.338000194000074, -2.703252628999962 ], [ 115.338042037000037, -2.703277570999944 ], [ 115.338103671000113, -2.703295514999979 ], [ 115.338107787000013, -2.703312818999962 ], [ 115.338115704000074, -2.70334610499998 ], [ 115.338122762000012, -2.703404973999966 ], [ 115.338159781000059, -2.70347824199996 ], [ 115.338175597000031, -2.703561590999925 ], [ 115.338177172000087, -2.703569886999958 ], [ 115.338179940000032, -2.703601080999931 ], [ 115.338182417000098, -2.703629013999944 ], [ 115.338183786000059, -2.703672084999937 ], [ 115.338232242000117, -2.703733882999927 ], [ 115.338283561000026, -2.703788508999935 ], [ 115.33837776300004, -2.703804428999945 ], [ 115.338426688000027, -2.703829513999949 ], [ 115.338456180000094, -2.703880624999954 ], [ 115.338464728000076, -2.703892598999971 ], [ 115.338481828000113, -2.703916550999963 ], [ 115.338530309000021, -2.703959686999951 ], [ 115.338561995000077, -2.703987634999976 ], [ 115.338594096000065, -2.70400323299998 ], [ 115.33863929100005, -2.704012865999971 ], [ 115.338693999000043, -2.704026100999954 ], [ 115.338734424000108, -2.704044101999955 ], [ 115.338770058000023, -2.704084826999974 ], [ 115.338792414000068, -2.704122925999968 ], [ 115.338793741000018, -2.704166211999961 ], [ 115.338797509000074, -2.704195048999964 ], [ 115.33880389, -2.704227358999958 ], [ 115.338815265000108, -2.704261111999926 ], [ 115.338822359, -2.704293423999957 ], [ 115.338812322000081, -2.704325710999967 ], [ 115.338809030000107, -2.704344474999971 ], [ 115.33880728500003, -2.704354416999934 ], [ 115.338811530000044, -2.704383134999944 ], [ 115.338830593000012, -2.704399796999951 ], [ 115.338850741000101, -2.704418361999956 ], [ 115.338882133000084, -2.704430607999939 ], [ 115.338922827000033, -2.704425639999954 ], [ 115.338964242000088, -2.704415646999962 ], [ 115.33898066200004, -2.704413515999931 ], [ 115.338994155000023, -2.704412490999971 ], [ 115.338999224000077, -2.70441210599995 ], [ 115.339013493000039, -2.704417149999927 ], [ 115.339017770000055, -2.70442146299996 ], [ 115.339022746000069, -2.704436543999975 ], [ 115.339011296000081, -2.704458062999947 ], [ 115.339009818000022, -2.704495387999941 ], [ 115.339011912000046, -2.704529127999933 ], [ 115.339024095000013, -2.704581304999977 ], [ 115.339032352000117, -2.704633955999952 ], [ 115.339052508, -2.704684230999931 ], [ 115.339072682000051, -2.704721344999939 ], [ 115.339113094000027, -2.704748916999961 ], [ 115.339180866000106, -2.704778919999967 ], [ 115.339221304000034, -2.704787349999947 ], [ 115.339247456000066, -2.704802937999943 ], [ 115.339252183000099, -2.704825675999928 ], [ 115.339252644000112, -2.704852542999959 ], [ 115.339269590000072, -2.704885755999953 ], [ 115.339291696000032, -2.704902296999933 ], [ 115.33934522800007, -2.704905241999938 ], [ 115.339438047000044, -2.704888141999959 ], [ 115.339493028000106, -2.704876013999979 ], [ 115.339543013000025, -2.70486172699998 ], [ 115.339594440000042, -2.704838826999946 ], [ 115.339715080000019, -2.704833969999925 ], [ 115.339797884000063, -2.704833364999956 ], [ 115.339896397000075, -2.704829192999966 ], [ 115.340033941000115, -2.704817179999964 ], [ 115.340075570000067, -2.704824414999962 ], [ 115.340115986000114, -2.704849593999938 ], [ 115.340150443000084, -2.704881942999975 ], [ 115.340178827000045, -2.704917119999948 ], [ 115.340228093000064, -2.704995623999935 ], [ 115.340239434000068, -2.705054978999954 ], [ 115.340235533000055, -2.705123883999931 ], [ 115.340244910000024, -2.705227261999937 ], [ 115.340277158000049, -2.705309615999965 ], [ 115.340303713000026, -2.705378561999964 ], [ 115.340331030000016, -2.705414710999946 ], [ 115.340339738000011, -2.705482933999974 ], [ 115.34032963300001, -2.70556475199993 ], [ 115.340342376000081, -2.705642291999936 ], [ 115.340372261000084, -2.705712679999976 ], [ 115.340420480000034, -2.705767522999963 ], [ 115.340564810000046, -2.705845021999949 ], [ 115.340663249000045, -2.705895404999978 ], [ 115.340751713000031, -2.705931416999931 ], [ 115.34083389500006, -2.705958001999932 ], [ 115.340869651000048, -2.705995743999949 ], [ 115.340897197000118, -2.706030674999965 ], [ 115.340937104000091, -2.706079541999941 ], [ 115.340951323000013, -2.706121193999934 ], [ 115.340952688000016, -2.706167135999976 ], [ 115.340949759000068, -2.706221685999935 ], [ 115.340941367000028, -2.706283707999944 ], [ 115.340925304000052, -2.706358037999962 ], [ 115.340902409000023, -2.706396767999934 ], [ 115.340898087000028, -2.706425474999946 ], [ 115.340903747000084, -2.706462808999959 ], [ 115.340936533000104, -2.70649874399993 ], [ 115.34097646400005, -2.706530382999972 ], [ 115.340994981000108, -2.706536994999965 ], [ 115.341139197000075, -2.706543686999964 ], [ 115.341280802000028, -2.70651995399993 ], [ 115.341353431000016, -2.706476984999938 ], [ 115.341392714000108, -2.706460290999928 ], [ 115.341462711000077, -2.706465291999962 ], [ 115.341493765000109, -2.706514265999942 ], [ 115.341525841000021, -2.706547807999925 ], [ 115.341526948000023, -2.706608822999954 ], [ 115.341518585000017, -2.706633935999946 ], [ 115.341493548000017, -2.706673380999973 ], [ 115.341472081, -2.706712830999948 ], [ 115.341466056000058, -2.706769050999981 ], [ 115.341487407000045, -2.706815738999978 ], [ 115.341509981000058, -2.706837304999965 ], [ 115.341543258000115, -2.706862472999944 ], [ 115.341562965000094, -2.70689181399996 ], [ 115.341568191000079, -2.706899594999925 ], [ 115.341602643000101, -2.706935532999978 ], [ 115.341623907000098, -2.706962895999936 ], [ 115.341664384000069, -2.707026541999937 ], [ 115.341671449000046, -2.707080386999962 ], [ 115.3417011250001, -2.707129477999956 ], [ 115.341720083000041, -2.70718573299996 ], [ 115.341740446000017, -2.707234354999969 ], [ 115.341759264000075, -2.707244407999951 ], [ 115.34180569800003, -2.707216955999968 ], [ 115.341862915000092, -2.707135681999944 ], [ 115.341948678000108, -2.707058036999967 ], [ 115.341991583000095, -2.707001866999974 ], [ 115.342018985000095, -2.706973191999964 ], [ 115.342046599000014, -2.70694538999993 ], [ 115.342068984000093, -2.706950331999963 ], [ 115.342086799000072, -2.706971889999977 ], [ 115.34210577500005, -2.707016180999972 ], [ 115.342097368000054, -2.70707359499994 ], [ 115.342072295000094, -2.707139359999928 ], [ 115.342059103000111, -2.707217104999927 ], [ 115.342059027, -2.707273333999979 ], [ 115.342063709000058, -2.707329569999956 ], [ 115.342070782000064, -2.707377432999976 ], [ 115.342092156000035, -2.707407371999977 ], [ 115.342117866000081, -2.707442869999966 ], [ 115.342118238000012, -2.707474403999925 ], [ 115.342106280000053, -2.707518651999976 ], [ 115.34210147500005, -2.707553339999947 ], [ 115.342101556000102, -2.707553921999931 ], [ 115.34210736700004, -2.707595219999973 ], [ 115.342121617000089, -2.707614381999974 ], [ 115.342172751000021, -2.707631201999959 ], [ 115.342238163000047, -2.707646843999953 ], [ 115.342270251000059, -2.707670814999972 ], [ 115.342286838000064, -2.707722281999963 ], [ 115.342309386000011, -2.707762988999946 ], [ 115.342360524000014, -2.707777414999953 ], [ 115.342425966000064, -2.707770325999945 ], [ 115.34248664900008, -2.707764427999962 ], [ 115.342521122000107, -2.707784813999979 ], [ 115.342532972000072, -2.707819524999934 ], [ 115.342535671000064, -2.707847044999937 ], [ 115.342535637000083, -2.707872167999938 ], [ 115.342541323000091, -2.707890120999934 ], [ 115.34255986300002, -2.707904502999952 ], [ 115.342584859000112, -2.707913764999944 ], [ 115.342626214, -2.707929 ], [ 115.342691860000059, -2.707947753999974 ], [ 115.34272326100006, -2.707953539999949 ], [ 115.342764656000099, -2.707959227999936 ], [ 115.342789603000028, -2.707984735999958 ], [ 115.342838323000024, -2.708026674999928 ], [ 115.342889411000101, -2.708078188999934 ], [ 115.342928638000103, -2.708102169999961 ], [ 115.342944087000092, -2.708114154999976 ], [ 115.342953263000027, -2.708140353999966 ], [ 115.343021781000061, -2.708197049999967 ], [ 115.343074523000041, -2.708255981999969 ], [ 115.343101521000108, -2.708349335999969 ], [ 115.343104232000087, -2.708455575999949 ], [ 115.343119785000113, -2.70856757699994 ], [ 115.343161642000041, -2.708669683999972 ], [ 115.343172088000074, -2.708685926999976 ], [ 115.343218627000056, -2.70875829199997 ], [ 115.34329936000006, -2.708880431999944 ], [ 115.343365753000057, -2.709050404999971 ], [ 115.343425049000075, -2.709189264999964 ], [ 115.343422549000024, -2.709277791999966 ], [ 115.343431949000092, -2.709363942999971 ], [ 115.343429429000025, -2.709466826999972 ], [ 115.343454999000073, -2.709515627999963 ], [ 115.343448288000104, -2.709596058999978 ], [ 115.343448178000017, -2.709677410999973 ], [ 115.343450386000086, -2.709804227999939 ], [ 115.343425790000083, -2.709925013999964 ], [ 115.343414977000066, -2.710008907999963 ], [ 115.343409600000086, -2.710050621999926 ], [ 115.343395242000042, -2.710110419999978 ], [ 115.343364219000023, -2.710177373999954 ], [ 115.343292179000059, -2.710211740999966 ], [ 115.343221759000016, -2.710304230999952 ], [ 115.343224640000017, -2.710373025999957 ], [ 115.34328989800008, -2.710501722999936 ], [ 115.343337356, -2.71059749799997 ], [ 115.343405411000049, -2.710684674999925 ], [ 115.343447211000012, -2.710738220999929 ], [ 115.343554171000051, -2.710822112999949 ], [ 115.343646274000093, -2.710894020999945 ], [ 115.343726356000047, -2.71095977899995 ], [ 115.343854239000052, -2.711064787999931 ], [ 115.343916568000054, -2.71116058299998 ], [ 115.343943169000113, -2.711283245999937 ], [ 115.343947030000095, -2.711415401999943 ], [ 115.343945935000079, -2.711421018999943 ], [ 115.34392499, -2.711528473999977 ], [ 115.343957614000033, -2.711597309999945 ], [ 115.344016973000066, -2.71169010999995 ], [ 115.344094169000073, -2.711788914999943 ], [ 115.344141606000107, -2.711899642999924 ], [ 115.34418309900002, -2.712007372999949 ], [ 115.344206953000025, -2.712057835999929 ], [ 115.344269145000112, -2.712160026999925 ], [ 115.344319602000041, -2.71223785899997 ], [ 115.344390873000066, -2.712318712999945 ], [ 115.344447298000091, -2.712381598999968 ], [ 115.344533491000107, -2.712426580999932 ], [ 115.344612289000111, -2.712483754999937 ], [ 115.344636485000024, -2.712538341999959 ], [ 115.344636421000018, -2.712585718999946 ], [ 115.344619781, -2.712682393999955 ], [ 115.344579034000049, -2.712792370999978 ], [ 115.34454324, -2.712868409999942 ], [ 115.344529556000111, -2.712899308999965 ], [ 115.3445030580001, -2.713021427999934 ], [ 115.344517243000041, -2.713088443999936 ], [ 115.344531582000059, -2.713119313999925 ], [ 115.344552830000111, -2.713165059999938 ], [ 115.344623243000115, -2.71322794699995 ], [ 115.344636008000066, -2.713239347999945 ], [ 115.344704887000034, -2.71333036599998 ], [ 115.344802325000046, -2.713416637999956 ], [ 115.344880764000095, -2.713476563999961 ], [ 115.344997273000104, -2.713536542999975 ], [ 115.345063259000085, -2.713560670999925 ], [ 115.34513521000008, -2.713586979999945 ], [ 115.345249379000052, -2.713618240999949 ], [ 115.345375487000069, -2.713618414999928 ], [ 115.345501693000074, -2.713546806999943 ], [ 115.345601678000094, -2.713509378999959 ], [ 115.345678865000082, -2.713440573999947 ], [ 115.345706936000056, -2.713416398999925 ], [ 115.345716489000097, -2.713383069999963 ], [ 115.345721798000113, -2.71336454599998 ], [ 115.345716039000081, -2.713335019999931 ], [ 115.345737553000049, -2.713327240999945 ], [ 115.345788925000079, -2.713344537999944 ] ] ] } },
{ "type": "Feature", "properties": { "village_id": "63.06.07.2010", "village_name": "Habirau", "admin_type": "Desa", "district_id": "63.06.07", "district_name": "Daha Selatan", "regency_code": "63.06", "regency_name": "Hulu Sungai Selatan", "province_name": "Kalimantan Selatan", "area_ha_source": 382.41897601699998, "boundary_basis": "Hasil Delineasi Batas Desa 2018", "metadata_source": "TASWIL1000020230928_DATA_BATAS_DESAKELURAHAN" }, "geometry": { "type": "Polygon", "coordinates": [ [ [ 115.099050243000079, -2.683298735999927 ], [ 115.092854680000073, -2.68993812399998 ], [ 115.093735593000019, -2.640634869999928 ], [ 115.093014108000034, -2.636454424999954 ], [ 115.092983126000036, -2.636274914999944 ], [ 115.092795094000053, -2.635185419999971 ], [ 115.092750760000058, -2.634928530999957 ], [ 115.092600032000064, -2.634055193999927 ], [ 115.092664766000098, -2.634029754999972 ], [ 115.092743837000057, -2.633998683999948 ], [ 115.093654450000031, -2.633640836999973 ], [ 115.093730225000058, -2.633619627999963 ], [ 115.094608445000063, -2.633373788999961 ], [ 115.094772002000013, -2.633328004999953 ], [ 115.096569696000074, -2.632824777999929 ], [ 115.096807315000092, -2.632758260999935 ], [ 115.096822303000067, -2.632799362999947 ], [ 115.096878815000082, -2.632793677999928 ], [ 115.097901038000032, -2.632690835999938 ], [ 115.098943242000018, -2.63240529899997 ], [ 115.099245345000099, -2.632281526999975 ], [ 115.099236460000043, -2.633376305999946 ], [ 115.099226160000057, -2.634645286999955 ], [ 115.099225887000102, -2.634678683999937 ], [ 115.099101368000106, -2.650010562999967 ], [ 115.099092202000065, -2.65597811799995 ], [ 115.099050243000079, -2.683298735999927 ] ] ] } },
{ "type": "Feature", "properties": { "village_id": "63.06.07.2011", "village_name": "Habirau Tengah", "admin_type": "Desa", "district_id": "63.06.07", "district_name": "Daha Selatan", "regency_code": "63.06", "regency_name": "Hulu Sungai Selatan", "province_name": "Kalimantan Selatan", "area_ha_source": 577.10322771599999, "boundary_basis": "Hasil Delineasi Batas Desa 2018", "metadata_source": "TASWIL1000020230928_DATA_BATAS_DESAKELURAHAN" }, "geometry": { "type": "Polygon", "coordinates": [ [ [ 115.092854680000073, -2.68993812399998 ], [ 115.08898690500007, -2.694082889999947 ], [ 115.083941652000021, -2.697870003999981 ], [ 115.083893812000042, -2.697819583999944 ], [ 115.084499178000101, -2.691002871999956 ], [ 115.084388459000024, -2.690926883999964 ], [ 115.085484100000031, -2.645008298999926 ], [ 115.088550578000081, -2.638538729999937 ], [ 115.088783803000069, -2.638046674999941 ], [ 115.088746925, -2.637776593999945 ], [ 115.088611268000022, -2.636783149999928 ], [ 115.088554526000053, -2.636367615999973 ], [ 115.08841068400011, -2.635314224999945 ], [ 115.088439257000118, -2.63530764099994 ], [ 115.089533027000016, -2.63505558199995 ], [ 115.089593578000063, -2.635041626999964 ], [ 115.090674041000057, -2.634792630999925 ], [ 115.090793518000055, -2.634765097999946 ], [ 115.090840288000095, -2.634746717999974 ], [ 115.09176453900011, -2.634383516999947 ], [ 115.092600032000064, -2.634055193999927 ], [ 115.092750760000058, -2.634928530999957 ], [ 115.092795094000053, -2.635185419999971 ], [ 115.092983126000036, -2.636274914999944 ], [ 115.093014108000034, -2.636454424999954 ], [ 115.093735593000019, -2.640634869999928 ], [ 115.092854680000073, -2.68993812399998 ] ] ] } },
{ "type": "Feature", "properties": { "village_id": "63.06.08.2019", "village_name": "Hakurung", "admin_type": "Desa", "district_id": "63.06.08", "district_name": "Daha Utara", "regency_code": "63.06", "regency_name": "Hulu Sungai Selatan", "province_name": "Kalimantan Selatan", "area_ha_source": 2633.9227520499999, "boundary_basis": "Hasil Delineasi Batas Desa 2018", "metadata_source": "TASWIL1000020230928_DATA_BATAS_DESAKELURAHAN" }, "geometry": { "type": "Polygon", "coordinates": [ [ [ 115.052221630000076, -2.517807096999945 ], [ 115.052994101000081, -2.518062375999932 ], [ 115.053855424000062, -2.518361632999927 ], [ 115.053874211000107, -2.518368159999966 ], [ 115.061248413000044, -2.520930240999974 ], [ 115.062709520000112, -2.521437885999944 ], [ 115.065679307000096, -2.522469703999946 ], [ 115.075341380000054, -2.525826678999977 ], [ 115.081709471000067, -2.527906634999965 ], [ 115.097644930000115, -2.533111499999961 ], [ 115.108039768000026, -2.536633859999938 ], [ 115.114449013000012, -2.538805674999935 ], [ 115.118727399000022, -2.539065839999978 ], [ 115.134712252000099, -2.540037863999942 ], [ 115.135013485000059, -2.540056181999944 ], [ 115.135095633000105, -2.540061176999927 ], [ 115.135088389000089, -2.540082929999926 ], [ 115.135069117000057, -2.540141866999932 ], [ 115.135049845000026, -2.540200802999948 ], [ 115.135041350000051, -2.540226780999944 ], [ 115.135030573000108, -2.540259739999954 ], [ 115.135006838000095, -2.540332325999941 ], [ 115.134999067000081, -2.540356090999978 ], [ 115.134983103000081, -2.540404910999939 ], [ 115.134959368000068, -2.540477496999927 ], [ 115.134944984000072, -2.540554632999942 ], [ 115.134930601000065, -2.540631768999958 ], [ 115.134916217000068, -2.540708903999928 ], [ 115.134901833000072, -2.540786039999944 ], [ 115.134897775000013, -2.540857642999924 ], [ 115.134896952000076, -2.540872160999925 ], [ 115.134893717000068, -2.540929244999973 ], [ 115.134892071000081, -2.540958282999952 ], [ 115.134889659, -2.541000847999953 ], [ 115.134887190000086, -2.541044403999933 ], [ 115.134884694000107, -2.541125743999942 ], [ 115.134882199000117, -2.54120708399995 ], [ 115.134879703000024, -2.541288423999958 ], [ 115.134889108000039, -2.54136499599997 ], [ 115.134898513000053, -2.541441567999925 ], [ 115.134907918000067, -2.541518139999937 ], [ 115.134931454000025, -2.541584379999961 ], [ 115.134932795000054, -2.541588154999943 ], [ 115.134954989000107, -2.541650618999938 ], [ 115.134957672000041, -2.541658170999938 ], [ 115.134978525000065, -2.541716858999962 ], [ 115.134982550000018, -2.541728185999943 ], [ 115.135007427, -2.541798201999939 ], [ 115.135043006000046, -2.541870026999959 ], [ 115.135078585000088, -2.541941851999979 ], [ 115.13509577800005, -2.541976561999945 ], [ 115.135114164000015, -2.542013677999932 ], [ 115.135149743000056, -2.542085502999953 ], [ 115.135212101000093, -2.542144806999943 ], [ 115.13527446, -2.542204110999933 ], [ 115.135336818000042, -2.542263414999979 ], [ 115.135399177000068, -2.542322718999969 ], [ 115.13544628000011, -2.542365065999945 ], [ 115.135464748000118, -2.542381668999951 ], [ 115.135530318000065, -2.542440617999944 ], [ 115.135595889000115, -2.542499567999926 ], [ 115.135661459000062, -2.542558516999975 ], [ 115.135727030000112, -2.542617466999957 ], [ 115.135754777000102, -2.542640478999942 ], [ 115.135791182000048, -2.542670672999975 ], [ 115.135820076000073, -2.542694636999954 ], [ 115.135855333000109, -2.542723877999947 ], [ 115.135885375000043, -2.542748793999976 ], [ 115.135919485000045, -2.542777083999965 ], [ 115.135950674000014, -2.542802951999931 ], [ 115.135983636000105, -2.542830288999937 ], [ 115.136015972000109, -2.542857107999964 ], [ 115.136047788000042, -2.542883494999955 ], [ 115.1361155190001, -2.542929049999941 ], [ 115.136121081000056, -2.542932790999942 ], [ 115.136183250000045, -2.542974604999927 ], [ 115.13619437400007, -2.542982086999928 ], [ 115.136250980000113, -2.543020159999969 ], [ 115.136267666000094, -2.54303138299997 ], [ 115.136318711000058, -2.543065714999955 ], [ 115.136386442000116, -2.54311126999994 ], [ 115.136454173000061, -2.543156824999926 ], [ 115.13650847200006, -2.54319456199994 ], [ 115.136518337000098, -2.543201417999967 ], [ 115.136575100000073, -2.543240867999941 ], [ 115.136582501000021, -2.543246010999951 ], [ 115.136641730000065, -2.543287174999932 ], [ 115.136646664000068, -2.543290603999935 ], [ 115.136708361000046, -2.54333348199998 ], [ 115.136710828000105, -2.543335196999976 ], [ 115.136723220000022, -2.543343809999953 ], [ 115.136774992000028, -2.54337978999996 ], [ 115.136845309000023, -2.54342291599994 ], [ 115.136847720000105, -2.543424394999931 ], [ 115.136915626000018, -2.543466041999977 ], [ 115.136920448000069, -2.543469 ], [ 115.13698996100004, -2.543511633999969 ], [ 115.136993176000033, -2.543513605999976 ], [ 115.137064298000041, -2.543557225999962 ], [ 115.13706590400011, -2.543558210999947 ], [ 115.137138632000074, -2.543602815999975 ], [ 115.137194788000102, -2.543640184999958 ], [ 115.137205651000045, -2.543647412999974 ], [ 115.137250945, -2.543677553999942 ], [ 115.137272669000026, -2.543692009999972 ], [ 115.137307102000022, -2.543714922999925 ], [ 115.137307182000086, -2.543714975999933 ], [ 115.137339688000111, -2.543736606999971 ], [ 115.137406706000093, -2.54378120399997 ], [ 115.137473725000063, -2.543825800999969 ], [ 115.1375364700001, -2.543864649999932 ], [ 115.137599215000023, -2.543903498999953 ], [ 115.137600752000026, -2.543904450999946 ], [ 115.137600850000013, -2.543904510999937 ], [ 115.137661960000059, -2.543942347999973 ], [ 115.137724705000096, -2.543981196999937 ], [ 115.137787450000019, -2.544020045999957 ], [ 115.137860178000096, -2.544064650999928 ], [ 115.13793290600006, -2.544109255999956 ], [ 115.138005633000034, -2.544153861999973 ], [ 115.138074019000101, -2.544195803999969 ], [ 115.138078361000112, -2.544198466999944 ], [ 115.13808981000011, -2.544205488999978 ], [ 115.138151089000075, -2.544243071999972 ], [ 115.138183360000085, -2.544265799999948 ], [ 115.138212295000017, -2.544286177999936 ], [ 115.138233808000109, -2.54430132899995 ], [ 115.138273501000072, -2.544329283999957 ], [ 115.138284259000102, -2.54433685999993 ], [ 115.138334707000013, -2.544372389999978 ], [ 115.138349343000073, -2.544382697999936 ], [ 115.138353382000105, -2.544384072999947 ], [ 115.138751669000044, -2.544519682999976 ], [ 115.146329614000024, -2.547099847999959 ], [ 115.145350345000111, -2.54729131199997 ], [ 115.144094611000014, -2.547975846999975 ], [ 115.142519483000115, -2.54883449099998 ], [ 115.142226549000043, -2.549080464999975 ], [ 115.14162250000004, -2.549587679999945 ], [ 115.139503461000118, -2.55185079599994 ], [ 115.138227670000106, -2.553213296999957 ], [ 115.137185916000021, -2.554325853999956 ], [ 115.128476731000092, -2.563626959999965 ], [ 115.127961018000065, -2.564177711999946 ], [ 115.12665353400007, -2.565574015999971 ], [ 115.121963219, -2.570582940999941 ], [ 115.120554769000023, -2.572087046999968 ], [ 115.119993502000057, -2.57268642899993 ], [ 115.118898115000093, -2.57385620499997 ], [ 115.11647133800011, -2.576447762999976 ], [ 115.115753159000064, -2.577214703999971 ], [ 115.1150077960001, -2.579770734999954 ], [ 115.114575907000017, -2.583155793999936 ], [ 115.114319103000071, -2.583889984999928 ], [ 115.113900064000063, -2.585709349999945 ], [ 115.107881973000076, -2.578277470999979 ], [ 115.100568035000038, -2.569245250999927 ], [ 115.048180345000105, -2.516542332999961 ], [ 115.048180450000018, -2.516471602999957 ], [ 115.052221630000076, -2.517807096999945 ] ] ] } },
{ "type": "Feature", "properties": { "village_id": "63.06.10.2001", "village_name": "Halunuk", "admin_type": "Desa", "district_id": "63.06.10", "district_name": "Loksado", "regency_code": "63.06", "regency_name": "Hulu Sungai Selatan", "province_name": "Kalimantan Selatan", "area_ha_source": 2290.4910545500002, "boundary_basis": "Hasil Delineasi Batas Desa 2018", "metadata_source": "TASWIL1000020230928_DATA_BATAS_DESAKELURAHAN" }, "geometry": { "type": "Polygon", "coordinates": [ [ [ 115.380150554000011, -2.782961347999958 ], [ 115.383935559000065, -2.783014143999935 ], [ 115.386922555000069, -2.783055800999932 ], [ 115.387577251000039, -2.793539342999964 ], [ 115.387697809000088, -2.795469834999949 ], [ 115.388811092000083, -2.804884210999944 ], [ 115.388041741000052, -2.810337599999968 ], [ 115.388039839000044, -2.81035107799994 ], [ 115.387034165000046, -2.817479373999959 ], [ 115.387307124000017, -2.823707791999936 ], [ 115.387297641000032, -2.83057277599994 ], [ 115.389033186, -2.83261443899994 ], [ 115.389155850000066, -2.832758737999939 ], [ 115.389827442000069, -2.833548784999948 ], [ 115.389848387000029, -2.833525449999968 ], [ 115.389870065000082, -2.833501298999977 ], [ 115.39309060100004, -2.833617526999944 ], [ 115.397302249000063, -2.833760294999934 ], [ 115.399920603000055, -2.833823023999969 ], [ 115.399445431000117, -2.835303346999979 ], [ 115.406844682000042, -2.836514164999926 ], [ 115.408833185000049, -2.836573942999962 ], [ 115.405708490000052, -2.837680486999943 ], [ 115.40439978500001, -2.838370530999953 ], [ 115.403281440000114, -2.838965395999935 ], [ 115.401520638000079, -2.839940974999934 ], [ 115.399712247000025, -2.840987937999955 ], [ 115.397946687000058, -2.842034900999977 ], [ 115.395803053, -2.843685149999942 ], [ 115.392571787000065, -2.851120751999929 ], [ 115.389327892000097, -2.858585209999944 ], [ 115.387748477000059, -2.862219502999949 ], [ 115.38247444000001, -2.876535257999933 ], [ 115.380403074000014, -2.87151683999997 ], [ 115.380133762000014, -2.870864354999981 ], [ 115.380446175000088, -2.868234804999929 ], [ 115.380250881000052, -2.866161123999973 ], [ 115.37642981700003, -2.85934132899996 ], [ 115.374546678000115, -2.857638924999947 ], [ 115.374296215000072, -2.857412498999963 ], [ 115.367817499000012, -2.85466271599995 ], [ 115.367394834000038, -2.853381724999963 ], [ 115.366542603000084, -2.85079881799993 ], [ 115.36543357000005, -2.847437612999954 ], [ 115.363508205000016, -2.846038138999972 ], [ 115.358154816000024, -2.838552900999957 ], [ 115.35799957800009, -2.838335842999925 ], [ 115.357932755000093, -2.838242408999974 ], [ 115.358070521000059, -2.837011633999964 ], [ 115.358707463000087, -2.831321168999978 ], [ 115.359600330000035, -2.829412941999976 ], [ 115.361053724000044, -2.826544504999958 ], [ 115.361951925000085, -2.824771792999968 ], [ 115.362278008000089, -2.824253610999961 ], [ 115.364871994000055, -2.820131430999936 ], [ 115.365593054000101, -2.818516862999957 ], [ 115.365854333000016, -2.817931816999931 ], [ 115.366083848000017, -2.817417895999938 ], [ 115.367211231000056, -2.813944753999976 ], [ 115.368446100000028, -2.810140480999962 ], [ 115.368712798000047, -2.809318840999936 ], [ 115.369723615000112, -2.806204743999956 ], [ 115.372678707000091, -2.798907129999975 ], [ 115.372701636000102, -2.798850505999951 ], [ 115.373658663000015, -2.796487122999963 ], [ 115.374928870000076, -2.793350270999952 ], [ 115.378782507000096, -2.782942262999939 ], [ 115.380150554000011, -2.782961347999958 ] ] ] } },
{ "type": "Feature", "properties": { "village_id": "63.06.03.2005", "village_name": "Hamak", "admin_type": "Desa", "district_id": "63.06.03", "district_name": "Telaga Langsat", "regency_code": "63.06", "regency_name": "Hulu Sungai Selatan", "province_name": "Kalimantan Selatan", "area_ha_source": 1298.6181373100001, "boundary_basis": "Hasil Delineasi Batas Desa 2018", "metadata_source": "TASWIL1000020230928_DATA_BATAS_DESAKELURAHAN" }, "geometry": { "type": "Polygon", "coordinates": [ [ [ 115.375809279, -2.740475553999943 ], [ 115.375833641000099, -2.740521196999964 ], [ 115.375764059000062, -2.740673003999973 ], [ 115.373974500000031, -2.744577264999975 ], [ 115.373115939000058, -2.746011741999951 ], [ 115.371695246000058, -2.748385411999948 ], [ 115.369834457000024, -2.751990884999941 ], [ 115.369161795000082, -2.753294226999969 ], [ 115.368314806000058, -2.756765540999936 ], [ 115.366843054000014, -2.76078003799995 ], [ 115.366177223000022, -2.762596207999934 ], [ 115.366162233000068, -2.762637096999924 ], [ 115.366198912000073, -2.762879845999976 ], [ 115.365272772000026, -2.765878183999973 ], [ 115.364488136000091, -2.771347224999943 ], [ 115.364161288000105, -2.773560869999926 ], [ 115.364142808000111, -2.77390840399994 ], [ 115.36382887700006, -2.77981197899993 ], [ 115.363555483000027, -2.782255271999929 ], [ 115.362946201000113, -2.782327718999966 ], [ 115.36112128100001, -2.783154780999951 ], [ 115.361029998000049, -2.78319615099997 ], [ 115.359850507000033, -2.783730697999943 ], [ 115.359847473000059, -2.783731079999939 ], [ 115.359844439000085, -2.783731460999945 ], [ 115.358797312000092, -2.783863100999952 ], [ 115.353802550000069, -2.783791110999971 ], [ 115.352944853000054, -2.783525440999938 ], [ 115.35291087600001, -2.783445446999963 ], [ 115.349950938, -2.77647669199996 ], [ 115.348816157000101, -2.773123464999969 ], [ 115.34685959, -2.771692514999927 ], [ 115.344046932000083, -2.77065958399993 ], [ 115.342402711000091, -2.770055749999926 ], [ 115.342276841000057, -2.765537499999937 ], [ 115.341678562000084, -2.761011045999965 ], [ 115.341526686000066, -2.759861982999951 ], [ 115.342198696000082, -2.752541826999959 ], [ 115.344120883000073, -2.746671595999942 ], [ 115.345963941000036, -2.74104290799994 ], [ 115.346169242000087, -2.740728938999951 ], [ 115.348956497000017, -2.736466323999935 ], [ 115.351684953000017, -2.732293572999936 ], [ 115.352450187000045, -2.732635435999953 ], [ 115.357615296000063, -2.735150052999927 ], [ 115.364444240000012, -2.738474663999966 ], [ 115.366835256000059, -2.739814704999958 ], [ 115.367707059000054, -2.740303303999951 ], [ 115.370125127000051, -2.741658497999936 ], [ 115.372967875000086, -2.741556516999935 ], [ 115.374442392000105, -2.741135056999951 ], [ 115.375695964000101, -2.740530226999965 ], [ 115.375809279, -2.740475553999943 ] ] ] } },
{ "type": "Feature", "properties": { "village_id": "63.06.03.2006", "village_name": "Hamak Timur", "admin_type": "Desa", "district_id": "63.06.03", "district_name": "Telaga Langsat", "regency_code": "63.06", "regency_name": "Hulu Sungai Selatan", "province_name": "Kalimantan Selatan", "area_ha_source": 601.87493109399998, "boundary_basis": "Hasil Delineasi Batas Desa 2018", "metadata_source": "TASWIL1000020230928_DATA_BATAS_DESAKELURAHAN" }, "geometry": { "type": "Polygon", "coordinates": [ [ [ 115.380150554000011, -2.782961347999958 ], [ 115.378782507000096, -2.782942262999939 ], [ 115.372751343000118, -2.781572058999927 ], [ 115.371565947000022, -2.781302747999973 ], [ 115.369028194000066, -2.781604518999927 ], [ 115.366534028000046, -2.781901098999981 ], [ 115.363555483000027, -2.782255271999929 ], [ 115.36382887700006, -2.77981197899993 ], [ 115.364142808000111, -2.77390840399994 ], [ 115.364161288000105, -2.773560869999926 ], [ 115.364488136000091, -2.771347224999943 ], [ 115.365272772000026, -2.765878183999973 ], [ 115.366198912000073, -2.762879845999976 ], [ 115.366162233000068, -2.762637096999924 ], [ 115.366177223000022, -2.762596207999934 ], [ 115.366843054000014, -2.76078003799995 ], [ 115.368314806000058, -2.756765540999936 ], [ 115.369161795000082, -2.753294226999969 ], [ 115.369834457000024, -2.751990884999941 ], [ 115.371695246000058, -2.748385411999948 ], [ 115.373115939000058, -2.746011741999951 ], [ 115.376327442000047, -2.748561142999961 ], [ 115.377841566000029, -2.750003027999981 ], [ 115.381038050000029, -2.753056417999971 ], [ 115.382298361000039, -2.755344908999973 ], [ 115.382545434, -2.759495311999956 ], [ 115.381869086000052, -2.761900899999944 ], [ 115.381532527000104, -2.762449173999926 ], [ 115.381503630000111, -2.762617300999977 ], [ 115.381140868000102, -2.764727875999938 ], [ 115.380843052000046, -2.766990754999938 ], [ 115.380421064000075, -2.77019705999993 ], [ 115.380159715000104, -2.771889848999933 ], [ 115.380257476000111, -2.773755831999949 ], [ 115.380285960000037, -2.774299502999952 ], [ 115.380283033000069, -2.776448492999975 ], [ 115.380279839000082, -2.778792847999966 ], [ 115.380081998000037, -2.781397416999937 ], [ 115.380150554000011, -2.782961347999958 ] ] ] } },
{ "type": "Feature", "properties": { "village_id": "63.06.03.2007", "village_name": "Hamak Utara", "admin_type": "Desa", "district_id": "63.06.03", "district_name": "Telaga Langsat", "regency_code": "63.06", "regency_name": "Hulu Sungai Selatan", "province_name": "Kalimantan Selatan", "area_ha_source": 1393.83071958, "boundary_basis": "Hasil Delineasi Batas Desa 2018", "metadata_source": "TASWIL1000020230928_DATA_BATAS_DESAKELURAHAN" }, "geometry": { "type": "Polygon", "coordinates": [ [ [ 115.409793916000012, -2.766588820999971 ], [ 115.409893563000082, -2.766604614999949 ], [ 115.410418373000084, -2.766687794999939 ], [ 115.411287784000024, -2.766825593999954 ], [ 115.411904891000063, -2.766923402999964 ], [ 115.412562656000091, -2.767027655999925 ], [ 115.413090226, -2.767111273999944 ], [ 115.413520264000113, -2.767179432999967 ], [ 115.413534507, -2.767181689999973 ], [ 115.413799128000051, -2.767133563999948 ], [ 115.414360824000028, -2.767031410999948 ], [ 115.414546574000042, -2.766997628999945 ], [ 115.414674892000107, -2.766974291999929 ], [ 115.415459627000018, -2.766831575999959 ], [ 115.416700014000071, -2.76739394599997 ], [ 115.418773503000011, -2.767266105999965 ], [ 115.418926963000104, -2.767347002999941 ], [ 115.41977850100011, -2.767795891999981 ], [ 115.420377930000086, -2.768212804999962 ], [ 115.421321899000077, -2.768839220999951 ], [ 115.422002967000026, -2.769291175999967 ], [ 115.422519314000056, -2.769808079999962 ], [ 115.423269411000092, -2.770558983999933 ], [ 115.423424682000018, -2.77080308099994 ], [ 115.423675270000103, -2.771197021999967 ], [ 115.42402206700001, -2.771742210999946 ], [ 115.424106925000046, -2.771875612999963 ], [ 115.424127019000025, -2.771907201999966 ], [ 115.424184873000058, -2.77199815299997 ], [ 115.424143779000019, -2.77208722599994 ], [ 115.424126731000115, -2.772124177999956 ], [ 115.424002188000031, -2.772394132999978 ], [ 115.423559415000113, -2.773353865999979 ], [ 115.423476243000096, -2.773528977999945 ], [ 115.422666537000055, -2.775233752999952 ], [ 115.422979583000028, -2.77612045199993 ], [ 115.423780623000084, -2.77631144299994 ], [ 115.426296666000098, -2.776845136999953 ], [ 115.426413373000059, -2.776869891999979 ], [ 115.428114155000117, -2.777230654999926 ], [ 115.429633573000046, -2.777128782999966 ], [ 115.42954669300002, -2.777162429999976 ], [ 115.429458151000063, -2.77719671899996 ], [ 115.428695980000043, -2.777491890999954 ], [ 115.428496553000059, -2.777608205999968 ], [ 115.426135648000013, -2.778186951999942 ], [ 115.424052406000101, -2.778697627999975 ], [ 115.420942715000024, -2.779985200999931 ], [ 115.418719804000034, -2.780905589999975 ], [ 115.414454077000073, -2.782400404999976 ], [ 115.406374766000113, -2.782981637999967 ], [ 115.405642291000049, -2.783034330999953 ], [ 115.402353874000028, -2.783270883999933 ], [ 115.391413570000054, -2.783118416999969 ], [ 115.388179306000097, -2.783073323999929 ], [ 115.386922555000069, -2.783055800999932 ], [ 115.383935559000065, -2.783014143999935 ], [ 115.380150554000011, -2.782961347999958 ], [ 115.380081998000037, -2.781397416999937 ], [ 115.380279839000082, -2.778792847999966 ], [ 115.380283033000069, -2.776448492999975 ], [ 115.380285960000037, -2.774299502999952 ], [ 115.380257476000111, -2.773755831999949 ], [ 115.380159715000104, -2.771889848999933 ], [ 115.380421064000075, -2.77019705999993 ], [ 115.380843052000046, -2.766990754999938 ], [ 115.381140868000102, -2.764727875999938 ], [ 115.381503630000111, -2.762617300999977 ], [ 115.381532527000104, -2.762449173999926 ], [ 115.381869086000052, -2.761900899999944 ], [ 115.382545434, -2.759495311999956 ], [ 115.382298361000039, -2.755344908999973 ], [ 115.381038050000029, -2.753056417999971 ], [ 115.377841566000029, -2.750003027999981 ], [ 115.376327442000047, -2.748561142999961 ], [ 115.373115939000058, -2.746011741999951 ], [ 115.373974500000031, -2.744577264999975 ], [ 115.375764059000062, -2.740673003999973 ], [ 115.375833641000099, -2.740521196999964 ], [ 115.375809279, -2.740475553999943 ], [ 115.376038704000052, -2.740387803999965 ], [ 115.378217640000116, -2.744228230999965 ], [ 115.378247502000022, -2.744280863999961 ], [ 115.378236143000095, -2.74603528199998 ], [ 115.379943911000055, -2.746761088999961 ], [ 115.381616878000045, -2.746618671999954 ], [ 115.384233072000029, -2.747282406999943 ], [ 115.387550845000078, -2.747883784999942 ], [ 115.394051164000075, -2.749348598999973 ], [ 115.399489017000064, -2.751761528999964 ], [ 115.399854976000029, -2.753842042999963 ], [ 115.400619342000027, -2.753906379999933 ], [ 115.401165438000021, -2.755788179999968 ], [ 115.402639722000117, -2.756329514999948 ], [ 115.403439701000025, -2.756623255999955 ], [ 115.404428028000098, -2.756533177999927 ], [ 115.406470910000053, -2.756346986999972 ], [ 115.407152796000105, -2.756664106999949 ], [ 115.407504535000044, -2.75682768799993 ], [ 115.408501790000059, -2.757606777999968 ], [ 115.407913067000095, -2.760716986999967 ], [ 115.407864590000031, -2.763432491999936 ], [ 115.407864473000018, -2.763439045999974 ], [ 115.408544470000038, -2.766080693999925 ], [ 115.409793916000012, -2.766588820999971 ] ] ] } },
{ "type": "Feature", "properties": { "village_id": "63.06.01.2001", "village_name": "Hamalau", "admin_type": "Desa", "district_id": "63.06.01", "district_name": "Sungai Raya", "regency_code": "63.06", "regency_name": "Hulu Sungai Selatan", "province_name": "Kalimantan Selatan", "area_ha_source": 164.454174943, "boundary_basis": "Hasil Delineasi Batas Desa 2018", "metadata_source": "TASWIL1000020230928_DATA_BATAS_DESAKELURAHAN" }, "geometry": { "type": "Polygon", "coordinates": [ [ [ 115.267068351000034, -2.799859455999979 ], [ 115.266413957000054, -2.802553846999956 ], [ 115.265942321000011, -2.804495724999924 ], [ 115.265810879000014, -2.805036915999949 ], [ 115.265810639000051, -2.805198833999953 ], [ 115.26580802, -2.806961745999956 ], [ 115.265805210000053, -2.808853644999942 ], [ 115.265575683000066, -2.808810234999953 ], [ 115.265375892000066, -2.808752513999934 ], [ 115.264933284000108, -2.808766209999931 ], [ 115.264576150000039, -2.808909232999952 ], [ 115.264443753000023, -2.80913000399994 ], [ 115.264047160000018, -2.809410892999949 ], [ 115.263676002000011, -2.809381626999937 ], [ 115.263375318000044, -2.810188058999927 ], [ 115.263045441000031, -2.810193822999963 ], [ 115.261970936000012, -2.810212600999932 ], [ 115.261896542000045, -2.810545936999972 ], [ 115.261490435000042, -2.812964801999954 ], [ 115.261488240000062, -2.812977871999976 ], [ 115.261363599000106, -2.812936564999973 ], [ 115.257790901000021, -2.811752537999951 ], [ 115.257571791000032, -2.811679922999929 ], [ 115.254085772000053, -2.811674685999947 ], [ 115.255791763000047, -2.807459046999952 ], [ 115.255950933, -2.804143903999943 ], [ 115.256015179000087, -2.802805750999937 ], [ 115.257906024000022, -2.797888872999977 ], [ 115.258197154000072, -2.797131818999958 ], [ 115.258263470000088, -2.797131007999951 ], [ 115.261122521000061, -2.797347588999969 ], [ 115.261536275000026, -2.797378931999958 ], [ 115.261750664000033, -2.797395171999938 ], [ 115.262939520000032, -2.797946105999927 ], [ 115.263049013000114, -2.797996844999943 ], [ 115.26365153800009, -2.798276063999936 ], [ 115.266550071000097, -2.799619278999955 ], [ 115.267068351000034, -2.799859455999979 ] ] ] } },
{ "type": "Feature", "properties": { "village_id": "63.06.08.2016", "village_name": "Hamayung", "admin_type": "Desa", "district_id": "63.06.08", "district_name": "Daha Utara", "regency_code": "63.06", "regency_name": "Hulu Sungai Selatan", "province_name": "Kalimantan Selatan", "area_ha_source": 702.80425147000005, "boundary_basis": "Hasil Delineasi Batas Desa 2018", "metadata_source": "TASWIL1000020230928_DATA_BATAS_DESAKELURAHAN" }, "geometry": { "type": "Polygon", "coordinates": [ [ [ 115.15816119100009, -2.595616364999955 ], [ 115.152219544000104, -2.597822350999934 ], [ 115.152000828000041, -2.597903552999981 ], [ 115.144624929000088, -2.600641977999942 ], [ 115.12584916600008, -2.589005523999958 ], [ 115.121905867, -2.586561629999949 ], [ 115.121788433, -2.586488845999952 ], [ 115.114986346000023, -2.583285156999978 ], [ 115.114575907000017, -2.583155793999936 ], [ 115.1150077960001, -2.579770734999954 ], [ 115.115753159000064, -2.577214703999971 ], [ 115.11647133800011, -2.576447762999976 ], [ 115.118898115000093, -2.57385620499997 ], [ 115.119993502000057, -2.57268642899993 ], [ 115.120554769000023, -2.572087046999968 ], [ 115.121963219, -2.570582940999941 ], [ 115.12665353400007, -2.565574015999971 ], [ 115.126340915000014, -2.571700799999974 ], [ 115.135857505000104, -2.578384880999977 ], [ 115.135992790000046, -2.578489399999967 ], [ 115.152524234000111, -2.591261338999971 ], [ 115.15816119100009, -2.595616364999955 ] ] ] } },
{ "type": "Feature", "properties": { "village_id": "63.06.08.2017", "village_name": "Hamayung Utara", "admin_type": "Desa", "district_id": "63.06.08", "district_name": "Daha Utara", "regency_code": "63.06", "regency_name": "Hulu Sungai Selatan", "province_name": "Kalimantan Selatan", "area_ha_source": 410.77647666799999, "boundary_basis": "Hasil Delineasi Batas Desa 2018", "metadata_source": "TASWIL1000020230928_DATA_BATAS_DESAKELURAHAN" }, "geometry": { "type": "Polygon", "coordinates": [ [ [ 115.162378291000095, -2.594049298999948 ], [ 115.16237830700004, -2.594050627999934 ], [ 115.162327424000068, -2.594069716999968 ], [ 115.162318509000102, -2.59407306199995 ], [ 115.161968772000023, -2.594202679999967 ], [ 115.15816119100009, -2.595616364999955 ], [ 115.152524234000111, -2.591261338999971 ], [ 115.135992790000046, -2.578489399999967 ], [ 115.135857505000104, -2.578384880999977 ], [ 115.126340915000014, -2.571700799999974 ], [ 115.12665353400007, -2.565574015999971 ], [ 115.127961018000065, -2.564177711999946 ], [ 115.131108487, -2.571040538999966 ], [ 115.13165088300002, -2.57243198499998 ], [ 115.133434385000101, -2.57287721299997 ], [ 115.133981592000055, -2.572830168999928 ], [ 115.135004902000105, -2.572556541999973 ], [ 115.135789849000048, -2.572033302999955 ], [ 115.136878618000082, -2.57099904599994 ], [ 115.13795798600006, -2.569397440999978 ], [ 115.138133376000042, -2.56913719299996 ], [ 115.143584934000046, -2.572854015999951 ], [ 115.16005592800002, -2.585737019999954 ], [ 115.160126480000031, -2.585792202999926 ], [ 115.160197031000052, -2.585847385999955 ], [ 115.160267582000074, -2.585902567999938 ], [ 115.160338132000106, -2.585957749999977 ], [ 115.160408683000014, -2.58601293199996 ], [ 115.160479234000036, -2.586068113999943 ], [ 115.160549785000057, -2.586123295999926 ], [ 115.160620336000079, -2.586178478999955 ], [ 115.160690887000101, -2.586233660999937 ], [ 115.160761438, -2.586288842999977 ], [ 115.16083199000002, -2.58634402499996 ], [ 115.160902541000041, -2.586399207999932 ], [ 115.160973092000063, -2.586454389999972 ], [ 115.161043643000085, -2.586509571999954 ], [ 115.161114193000117, -2.586564754999927 ], [ 115.161184744000025, -2.586619936999966 ], [ 115.161255295000046, -2.586675118999949 ], [ 115.161325846000068, -2.586730301999978 ], [ 115.16139639700009, -2.586785483999961 ], [ 115.161466948000111, -2.586840665999944 ], [ 115.161537499000019, -2.586895848999973 ], [ 115.16160805100003, -2.586951030999955 ], [ 115.161678602000052, -2.587006212999938 ], [ 115.161749153000073, -2.587061395999967 ], [ 115.161819704000095, -2.58711657899994 ], [ 115.161827005000077, -2.587205284999925 ], [ 115.161834309000028, -2.587293991999957 ], [ 115.16184161000001, -2.587382697999942 ], [ 115.161848913000085, -2.587471404999974 ], [ 115.161856215000057, -2.587560110999959 ], [ 115.161863518000018, -2.587648817999934 ], [ 115.161870821000093, -2.587737523999976 ], [ 115.161878123000065, -2.587826229999962 ], [ 115.161885426000026, -2.587914936999937 ], [ 115.161892728000112, -2.588003642999979 ], [ 115.161900031000073, -2.588092349999954 ], [ 115.161907333000045, -2.588181055999939 ], [ 115.161914635000016, -2.588269761999925 ], [ 115.161921938000091, -2.588358468999957 ], [ 115.161929239000074, -2.588447174999942 ], [ 115.161936543000024, -2.588535881999974 ], [ 115.161943844, -2.588624587999959 ], [ 115.161951148000071, -2.588713294999934 ], [ 115.161958449000053, -2.588802000999976 ], [ 115.161965752000015, -2.588890706999962 ], [ 115.161973053000111, -2.588979413999937 ], [ 115.161980356000072, -2.589068119999979 ], [ 115.161987657000054, -2.589156826999954 ], [ 115.161994960000015, -2.589245532999939 ], [ 115.162002262000101, -2.589334239999971 ], [ 115.162009564000073, -2.589422945999956 ], [ 115.162028449000104, -2.589652352999963 ], [ 115.162376188000053, -2.593876585999965 ], [ 115.162378291000095, -2.594049298999948 ] ] ] } },
{ "type": "Feature", "properties": { "village_id": "63.06.10.2010", "village_name": "Haratai", "admin_type": "Desa", "district_id": "63.06.10", "district_name": "Loksado", "regency_code": "63.06", "regency_name": "Hulu Sungai Selatan", "province_name": "Kalimantan Selatan", "area_ha_source": 4647.4853957300002, "boundary_basis": "Hasil Delineasi Batas Desa 2018", "metadata_source": "TASWIL1000020230928_DATA_BATAS_DESAKELURAHAN" }, "geometry": { "type": "Polygon", "coordinates": [ [ [ 115.597942712000076, -2.72126448399996 ], [ 115.597817648000046, -2.721494285999938 ], [ 115.597686995000117, -2.721734356999946 ], [ 115.596981288000052, -2.723031076999973 ], [ 115.596728749000022, -2.723495110999977 ], [ 115.596534063000036, -2.723852840999939 ], [ 115.596303393000085, -2.724276690999943 ], [ 115.596023494000065, -2.726450763999935 ], [ 115.595768031000034, -2.728435026999932 ], [ 115.595599753000101, -2.729742097999974 ], [ 115.595469162000086, -2.730756432999954 ], [ 115.59541514700004, -2.731175988999951 ], [ 115.595291960000054, -2.732132813999954 ], [ 115.595240765000085, -2.732530457999928 ], [ 115.595044834000078, -2.734052304999977 ], [ 115.594736158000046, -2.736449876999927 ], [ 115.594543184000031, -2.737758022999969 ], [ 115.594528646000072, -2.737856571999941 ], [ 115.593837546000032, -2.742541438999979 ], [ 115.593752485000095, -2.743118050999954 ], [ 115.593657736000068, -2.743760337999959 ], [ 115.593353252000043, -2.745824381999967 ], [ 115.59325375200001, -2.746498870999972 ], [ 115.593183788000033, -2.74697314399998 ], [ 115.593170658000076, -2.747062145999962 ], [ 115.59271435200003, -2.750335704999941 ], [ 115.592649764000043, -2.750799058999974 ], [ 115.592586745000062, -2.751251156999956 ], [ 115.592419126000095, -2.752453657999979 ], [ 115.592341288000057, -2.753012066999929 ], [ 115.592272661000038, -2.753504397999961 ], [ 115.592145195000057, -2.754418842999939 ], [ 115.592065501000093, -2.754707559999929 ], [ 115.592047504000107, -2.754772758999934 ], [ 115.591994960000079, -2.754963115999942 ], [ 115.591886922000072, -2.755354517999933 ], [ 115.591595657000084, -2.756409719999965 ], [ 115.591545493000012, -2.756591452999942 ], [ 115.591474041000083, -2.756850309999948 ], [ 115.590472555000019, -2.758536177999929 ], [ 115.590217467000116, -2.759000426999933 ], [ 115.589907756000116, -2.75956408899998 ], [ 115.589574957000082, -2.760169768999958 ], [ 115.589449037, -2.761049668999931 ], [ 115.589394894000066, -2.761428002999935 ], [ 115.589193866000073, -2.762832739999965 ], [ 115.588887555000042, -2.765076996999937 ], [ 115.588630642000112, -2.766746023999929 ], [ 115.588568334000115, -2.76715080799994 ], [ 115.588309190000018, -2.767602704999945 ], [ 115.587587526000107, -2.768861151999943 ], [ 115.586521104000099, -2.770999449999977 ], [ 115.586328005000041, -2.771386636999978 ], [ 115.585870408, -2.773027875999958 ], [ 115.585639693000076, -2.773855372999947 ], [ 115.58486645000005, -2.776590154999951 ], [ 115.584779349000087, -2.77689821599995 ], [ 115.584621614000071, -2.778310278999925 ], [ 115.58443296300004, -2.779999106999981 ], [ 115.58424177400002, -2.781140705999974 ], [ 115.584232766000014, -2.781194493999976 ], [ 115.584164435000048, -2.781602500999952 ], [ 115.584153259000118, -2.781669234999924 ], [ 115.573889450000024, -2.781309345999944 ], [ 115.555926288000023, -2.780679264999947 ], [ 115.546153777000086, -2.78033636899994 ], [ 115.534373453000057, -2.776787530999968 ], [ 115.530754732000105, -2.777302747999954 ], [ 115.527984294000021, -2.778079028999969 ], [ 115.520413757000028, -2.78020026799993 ], [ 115.519528860000037, -2.779033657999946 ], [ 115.516992775000062, -2.775690185999963 ], [ 115.515587519000064, -2.773837544999935 ], [ 115.515591951000033, -2.773090455999977 ], [ 115.516607853000096, -2.765019348999942 ], [ 115.520544537000092, -2.760083789999953 ], [ 115.522323659000108, -2.75785321799998 ], [ 115.525718697000116, -2.753596648999974 ], [ 115.528855017000069, -2.75021209099998 ], [ 115.530558318000089, -2.748373955999966 ], [ 115.538026053000067, -2.740314946999945 ], [ 115.54180347800002, -2.736238355999944 ], [ 115.54411681800002, -2.733741860999942 ], [ 115.545054587000095, -2.732729838999944 ], [ 115.547558643000116, -2.730027524999969 ], [ 115.54770260500004, -2.729165358999978 ], [ 115.547702618000017, -2.729165277999925 ], [ 115.547750836000091, -2.729163079999978 ], [ 115.547758254000087, -2.729162741999971 ], [ 115.547759270000029, -2.729162695999946 ], [ 115.547760580000045, -2.729162635999955 ], [ 115.547797599000091, -2.729160947999958 ], [ 115.554458203000081, -2.72446601799993 ], [ 115.565017292000107, -2.720553496999969 ], [ 115.565091813000095, -2.720445855999969 ], [ 115.569083877000025, -2.714679568999941 ], [ 115.573676963000025, -2.71206217799994 ], [ 115.573676997, -2.712062164999963 ], [ 115.574097544000097, -2.711906518999967 ], [ 115.575065446000053, -2.711548295999933 ], [ 115.580192472000022, -2.71163575199995 ], [ 115.584113863000084, -2.712110674999963 ], [ 115.586723320000033, -2.713018175999935 ], [ 115.58807372800004, -2.713589555999931 ], [ 115.591499354, -2.71575517499997 ], [ 115.597942712000076, -2.72126448399996 ] ] ] } },
{ "type": "Feature", "properties": { "village_id": "63.06.01.2006", "village_name": "Hariti", "admin_type": "Desa", "district_id": "63.06.01", "district_name": "Sungai Raya", "regency_code": "63.06", "regency_name": "Hulu Sungai Selatan", "province_name": "Kalimantan Selatan", "area_ha_source": 392.86044134000002, "boundary_basis": "Hasil Delineasi Batas Desa 2018", "metadata_source": "TASWIL1000020230928_DATA_BATAS_DESAKELURAHAN" }, "geometry": { "type": "Polygon", "coordinates": [ [ [ 115.250973722000026, -2.882057402999976 ], [ 115.246102612000072, -2.879235331999951 ], [ 115.245775724000055, -2.878597501999934 ], [ 115.245721531000072, -2.878491758999928 ], [ 115.245596195000076, -2.878247200999965 ], [ 115.24600415000009, -2.877192390999937 ], [ 115.246784115000082, -2.876444573999947 ], [ 115.24654828000007, -2.875661139999977 ], [ 115.24519521700006, -2.874739795999972 ], [ 115.244824405000031, -2.873649735999948 ], [ 115.243843512000012, -2.872933245999945 ], [ 115.24269206300005, -2.873033604999932 ], [ 115.242184766000037, -2.872624262999977 ], [ 115.240628517, -2.871719625999958 ], [ 115.23998567000001, -2.871378167999978 ], [ 115.239715926000031, -2.870628730999954 ], [ 115.239243013000078, -2.869878978999964 ], [ 115.238803024000049, -2.869742111999926 ], [ 115.238023273000067, -2.870353738999938 ], [ 115.237413925000055, -2.870250655999939 ], [ 115.236737481000091, -2.869738912999935 ], [ 115.236398867000048, -2.869738387999973 ], [ 115.236435079000103, -2.868206360999977 ], [ 115.236690119000059, -2.867640374999951 ], [ 115.23769221900011, -2.865416509999932 ], [ 115.237185916000044, -2.864360290999969 ], [ 115.235326002000079, -2.862757237999972 ], [ 115.234515186000067, -2.861547340999948 ], [ 115.233195649000095, -2.86086437299997 ], [ 115.232811777000052, -2.860380384999928 ], [ 115.235336526000083, -2.854455031999976 ], [ 115.236369639000031, -2.853084567999929 ], [ 115.237674574000039, -2.852242341999954 ], [ 115.238160524000023, -2.851928699999974 ], [ 115.238456804000066, -2.851843213999928 ], [ 115.241892033000113, -2.850852032999967 ], [ 115.241966268000056, -2.850474419999955 ], [ 115.242468168000073, -2.850868162999973 ], [ 115.243952802000081, -2.851693677999947 ], [ 115.244891326000015, -2.852701297999943 ], [ 115.245314014000087, -2.853921557999968 ], [ 115.245250497000029, -2.85581185999996 ], [ 115.244490165000116, -2.857274226999948 ], [ 115.244457755000099, -2.858646239999928 ], [ 115.244755783000073, -2.860126112999978 ], [ 115.244758728000079, -2.860140727999976 ], [ 115.248363792000077, -2.862478777999968 ], [ 115.250960846000112, -2.865976189999969 ], [ 115.252519450000023, -2.868075128999976 ], [ 115.25349618100006, -2.871260272999962 ], [ 115.25379415000009, -2.872966004999967 ], [ 115.254153817000088, -2.875024946999929 ], [ 115.253725271, -2.87640588599993 ], [ 115.251300902000025, -2.88154740799996 ], [ 115.250973722000026, -2.882057402999976 ] ] ] } },
{ "type": "Feature", "properties": { "village_id": "63.06.10.2005", "village_name": "Hulu Banyu", "admin_type": "Desa", "district_id": "63.06.10", "district_name": "Loksado", "regency_code": "63.06", "regency_name": "Hulu Sungai Selatan", "province_name": "Kalimantan Selatan", "area_ha_source": 2137.1815579899999, "boundary_basis": "Hasil Delineasi Batas Desa 2018", "metadata_source": "TASWIL1000020230928_DATA_BATAS_DESAKELURAHAN" }, "geometry": { "type": "Polygon", "coordinates": [ [ [ 115.47432088700009, -2.779928539999958 ], [ 115.467009261000044, -2.790966545999936 ], [ 115.465955067000095, -2.792557977999934 ], [ 115.465871607000054, -2.792745304999926 ], [ 115.464622749000114, -2.795548365999935 ], [ 115.463378134000095, -2.797790446999954 ], [ 115.462405885000067, -2.799119907999966 ], [ 115.460378814000023, -2.800520569999946 ], [ 115.460086782000076, -2.800940705999949 ], [ 115.460024152000074, -2.801030810999976 ], [ 115.459471826000026, -2.80188349499997 ], [ 115.458972975000052, -2.802653620999934 ], [ 115.455570060000014, -2.80118112599996 ], [ 115.455385549000084, -2.801539670999944 ], [ 115.455015203000016, -2.801980213999968 ], [ 115.454719303000047, -2.802431966999961 ], [ 115.454528943000014, -2.802836476999971 ], [ 115.454267204000075, -2.803859643999942 ], [ 115.454163093000034, -2.805062090999968 ], [ 115.454104317000088, -2.80527467099995 ], [ 115.454434795000111, -2.815146818999949 ], [ 115.454718999000079, -2.823637929999961 ], [ 115.455007615000113, -2.832261048999953 ], [ 115.455074698000089, -2.834265454999979 ], [ 115.449651530000096, -2.834828454999979 ], [ 115.442368714000054, -2.835584511999969 ], [ 115.441946724000104, -2.835628321999934 ], [ 115.441448610000066, -2.83568003299996 ], [ 115.441056237000112, -2.835720766999941 ], [ 115.440825217000111, -2.835744749999947 ], [ 115.439984629000037, -2.835832013999948 ], [ 115.439896632000114, -2.835841149999965 ], [ 115.43983731600008, -2.835847306999938 ], [ 115.435720892000063, -2.829158757999949 ], [ 115.43500829300001, -2.825172972999951 ], [ 115.434800039000038, -2.824008140999979 ], [ 115.43353155200009, -2.816913152999973 ], [ 115.433541603000094, -2.816856495999957 ], [ 115.434945504000098, -2.808942598999977 ], [ 115.436021690000075, -2.80685116799998 ], [ 115.436497581000026, -2.805780410999944 ], [ 115.436878296000032, -2.804971393999949 ], [ 115.436830706000023, -2.804162377999944 ], [ 115.436545171000034, -2.803638895999939 ], [ 115.43618825100009, -2.803091619999975 ], [ 115.434885357000098, -2.801779425999939 ], [ 115.434357159000115, -2.800900440999953 ], [ 115.433452892000105, -2.79939563399995 ], [ 115.42907595600002, -2.79211184899998 ], [ 115.428888946000029, -2.791800639999963 ], [ 115.427971561000049, -2.790436565999926 ], [ 115.42584045600006, -2.787267782999947 ], [ 115.420942715000024, -2.779985200999931 ], [ 115.424052406000101, -2.778697627999975 ], [ 115.426135648000013, -2.778186951999942 ], [ 115.428496553000059, -2.777608205999968 ], [ 115.428695980000043, -2.777491890999954 ], [ 115.429458151000063, -2.77719671899996 ], [ 115.42954669300002, -2.777162429999976 ], [ 115.429633573000046, -2.777128782999966 ], [ 115.429701149000039, -2.777124251999965 ], [ 115.4299095020001, -2.77702192199996 ], [ 115.431188630000065, -2.776393696999946 ], [ 115.431768731000034, -2.775969416999942 ], [ 115.43272985100009, -2.775617991999979 ], [ 115.4337870600001, -2.775520234999931 ], [ 115.433790413000111, -2.775519924999969 ], [ 115.434561648000113, -2.776161687999945 ], [ 115.434606836000057, -2.776199289999965 ], [ 115.434658397000021, -2.776393595999934 ], [ 115.435044258000062, -2.777847710999936 ], [ 115.435293429000012, -2.778786707999927 ], [ 115.435716155000023, -2.779246345999979 ], [ 115.435958402000097, -2.779509746999963 ], [ 115.436316746000102, -2.77989938199994 ], [ 115.436359366000033, -2.779945723999958 ], [ 115.437269533000062, -2.78094174499995 ], [ 115.437641497000072, -2.781195718999925 ], [ 115.438543557000116, -2.781811638999955 ], [ 115.439211310000019, -2.782024260999947 ], [ 115.43967016900001, -2.782170367999925 ], [ 115.440882500000043, -2.782556388999978 ], [ 115.44199453300007, -2.781619651999961 ], [ 115.442135452000116, -2.781456408999929 ], [ 115.442159754000045, -2.781428257999949 ], [ 115.442733058000044, -2.780764132999934 ], [ 115.443237765000049, -2.780560051999942 ], [ 115.44345132, -2.780473699999959 ], [ 115.443525746000091, -2.780443604999959 ], [ 115.44376818100011, -2.78027476099993 ], [ 115.444848451000098, -2.779522407999934 ], [ 115.445191035000107, -2.779258922999929 ], [ 115.445211715000028, -2.779243017999931 ], [ 115.445798948000061, -2.778527991999965 ], [ 115.446004138000035, -2.778278148999959 ], [ 115.446085285000095, -2.778179342999977 ], [ 115.446299117000081, -2.777918977999946 ], [ 115.446353713, -2.777847710999936 ], [ 115.4473685480001, -2.776522993999947 ], [ 115.447462725000037, -2.776380890999974 ], [ 115.447942970000099, -2.77565625099993 ], [ 115.448483453000108, -2.774289929999952 ], [ 115.448568705000071, -2.774074414999973 ], [ 115.448669353000014, -2.773950402999958 ], [ 115.449353190000011, -2.773107824999954 ], [ 115.4496808990001, -2.772704043999966 ], [ 115.449697848000028, -2.772683159999929 ], [ 115.44977524300009, -2.772521763999976 ], [ 115.450590667000029, -2.770821314999978 ], [ 115.450575277000098, -2.769039668999937 ], [ 115.45045213100002, -2.767839007999953 ], [ 115.450407363000068, -2.76740252299993 ], [ 115.450632084000063, -2.766829324999946 ], [ 115.450720055000033, -2.766604935999965 ], [ 115.45085735400005, -2.766254727999979 ], [ 115.450857423000116, -2.766254551999964 ], [ 115.451298021000071, -2.765916542999946 ], [ 115.452246109000043, -2.765189206999935 ], [ 115.453367897000021, -2.764766581999936 ], [ 115.453755130000104, -2.764620694999962 ], [ 115.454542633000074, -2.764324009999939 ], [ 115.454556179000065, -2.764315709999948 ], [ 115.454556304000107, -2.764315849999946 ], [ 115.454726773000061, -2.764485228999945 ], [ 115.455682879000051, -2.765367622999975 ], [ 115.466564848000075, -2.775410629999953 ], [ 115.467835622000052, -2.776583431999939 ], [ 115.471679279000114, -2.778663759999972 ], [ 115.473514725000086, -2.779657165999936 ], [ 115.47432088700009, -2.779928539999958 ] ] ] } },
{ "type": "Feature", "properties": { "village_id": "63.06.01.2007", "village_name": "Ida Manggala", "admin_type": "Desa", "district_id": "63.06.01", "district_name": "Sungai Raya", "regency_code": "63.06", "regency_name": "Hulu Sungai Selatan", "province_name": "Kalimantan Selatan", "area_ha_source": 724.45320009199997, "boundary_basis": "Hasil Delineasi Batas Desa 2018", "metadata_source": "TASWIL1000020230928_DATA_BATAS_DESAKELURAHAN" }, "geometry": { "type": "Polygon", "coordinates": [ [ [ 115.229376953000042, -2.85849342399996 ], [ 115.231708633000039, -2.858989527999938 ], [ 115.232226764000075, -2.859642793999967 ], [ 115.232811777000052, -2.860380384999928 ], [ 115.233195649000095, -2.86086437299997 ], [ 115.234515186000067, -2.861547340999948 ], [ 115.235326002000079, -2.862757237999972 ], [ 115.237185916000044, -2.864360290999969 ], [ 115.23769221900011, -2.865416509999932 ], [ 115.236690119000059, -2.867640374999951 ], [ 115.236435079000103, -2.868206360999977 ], [ 115.236398867000048, -2.869738387999973 ], [ 115.236737481000091, -2.869738912999935 ], [ 115.237413925000055, -2.870250655999939 ], [ 115.238023273000067, -2.870353738999938 ], [ 115.238803024000049, -2.869742111999926 ], [ 115.239243013000078, -2.869878978999964 ], [ 115.239715926000031, -2.870628730999954 ], [ 115.23998567000001, -2.871378167999978 ], [ 115.240628517, -2.871719625999958 ], [ 115.242184766000037, -2.872624262999977 ], [ 115.24269206300005, -2.873033604999932 ], [ 115.243843512000012, -2.872933245999945 ], [ 115.244824405000031, -2.873649735999948 ], [ 115.24519521700006, -2.874739795999972 ], [ 115.24654828000007, -2.875661139999977 ], [ 115.246784115000082, -2.876444573999947 ], [ 115.24600415000009, -2.877192390999937 ], [ 115.245596195000076, -2.878247200999965 ], [ 115.245721531000072, -2.878491758999928 ], [ 115.245775724000055, -2.878597501999934 ], [ 115.246102612000072, -2.879235331999951 ], [ 115.250973722000026, -2.882057402999976 ], [ 115.259516758000018, -2.887006737999968 ], [ 115.257634670000016, -2.887682767999934 ], [ 115.256961663000084, -2.88896978899993 ], [ 115.258434671000032, -2.891149638999934 ], [ 115.258694860000105, -2.891534683999964 ], [ 115.259070202000089, -2.892090137999958 ], [ 115.259261578000064, -2.892380762999949 ], [ 115.258855997000069, -2.892320809999944 ], [ 115.253382543000043, -2.894662350999965 ], [ 115.253292110000075, -2.89461883499996 ], [ 115.252393115000018, -2.894186238999964 ], [ 115.24860091700009, -2.892361429999937 ], [ 115.247638846000086, -2.891898478999963 ], [ 115.247638848000065, -2.891277808999973 ], [ 115.2471110890001, -2.891277801999934 ], [ 115.247111128000029, -2.890027805999978 ], [ 115.246527772000036, -2.890027800999974 ], [ 115.246527776000107, -2.888972243999945 ], [ 115.244500024000104, -2.888972257999967 ], [ 115.244499996000059, -2.889916685999935 ], [ 115.243723041000067, -2.889809463999939 ], [ 115.24264, -2.88966 ], [ 115.23823, -2.88386 ], [ 115.237397055000088, -2.88242839399993 ], [ 115.236257136000063, -2.880469183999935 ], [ 115.232169890000023, -2.87344431799994 ], [ 115.231782256000088, -2.872778080999979 ], [ 115.23152, -2.87197 ], [ 115.231527997000057, -2.869601271999954 ], [ 115.23168, -2.86832 ], [ 115.230730739000023, -2.868119031999925 ], [ 115.229759816000069, -2.868155803999969 ], [ 115.229093655000042, -2.86807820599995 ], [ 115.228616658000078, -2.868163595999931 ], [ 115.228295538000111, -2.86808414199993 ], [ 115.228059895000115, -2.868126840999935 ], [ 115.227759948000084, -2.868205328999977 ], [ 115.227388847000043, -2.868132973999934 ], [ 115.227146341000093, -2.867996219999952 ], [ 115.226910842000052, -2.867945609999936 ], [ 115.226718009000024, -2.868002730999933 ], [ 115.226425467000013, -2.86790896499997 ], [ 115.226225561000092, -2.867971520999959 ], [ 115.226117260000024, -2.868031723999934 ], [ 115.225942888000077, -2.86805560099998 ], [ 115.225804577000076, -2.868085570999938 ], [ 115.225690236000105, -2.868163875999926 ], [ 115.225666032000049, -2.86826646999998 ], [ 115.225689938000073, -2.868357064999941 ], [ 115.225719913000034, -2.868411445999925 ], [ 115.225731833000054, -2.868477872999961 ], [ 115.225677590000032, -2.868568345999961 ], [ 115.225553884000078, -2.868586770999968 ], [ 115.225480571000048, -2.868629565999925 ], [ 115.225419391000059, -2.868721419999929 ], [ 115.225407022000013, -2.868825607999952 ], [ 115.225406804000045, -2.86896659599995 ], [ 115.225430974, -2.869126010999935 ], [ 115.225473474000069, -2.869273194999948 ], [ 115.225497721000011, -2.869383570999958 ], [ 115.225491446000092, -2.869493898999963 ], [ 115.225460804000022, -2.869573539999976 ], [ 115.225269153000113, -2.869811952999953 ], [ 115.22516349600005, -2.870004733999963 ], [ 115.22509504300001, -2.870185124999978 ], [ 115.225076230000013, -2.870328248999954 ], [ 115.225134750000052, -2.870468327999959 ], [ 115.225134586000081, -2.87057451499993 ], [ 115.225092150000023, -2.870666477999976 ], [ 115.22500745100001, -2.870737136999935 ], [ 115.224852304000024, -2.87077936999998 ], [ 115.224718359, -2.870786239999973 ], [ 115.224464624, -2.870764605999966 ], [ 115.224302549000072, -2.870728957999972 ], [ 115.224182769000095, -2.870693374999973 ], [ 115.224034814000106, -2.870643589999929 ], [ 115.223922137000045, -2.87057262299993 ], [ 115.223795319000033, -2.870529948999945 ], [ 115.223682576000101, -2.870501456999932 ], [ 115.223457049000103, -2.870472787999972 ], [ 115.223273760000097, -2.870479580999927 ], [ 115.22320318200002, -2.870536103999939 ], [ 115.223139598000103, -2.870628033999935 ], [ 115.2230266360001, -2.870741123999949 ], [ 115.222829119000039, -2.870832843999949 ], [ 115.222610466000106, -2.870917451999958 ], [ 115.22240604000001, -2.870917131999931 ], [ 115.221910402000049, -2.87087035299993 ], [ 115.221775576000027, -2.870870141999944 ], [ 115.221674413000073, -2.87089819299996 ], [ 115.221584372000052, -2.870999601999927 ], [ 115.221511132000046, -2.871134886999926 ], [ 115.221522211000092, -2.871236454999973 ], [ 115.221550151000088, -2.871332406999954 ], [ 115.221538749000047, -2.871439580999947 ], [ 115.221425126000099, -2.871585295999978 ], [ 115.221380257000078, -2.871648170999947 ], [ 115.221366708, -2.871724582999946 ], [ 115.221380035000038, -2.87179204499995 ], [ 115.221402351000052, -2.871837040999935 ], [ 115.221411201000024, -2.871904495999956 ], [ 115.221406627000079, -2.871967433999941 ], [ 115.221361005000063, -2.87204904999993 ], [ 115.221335914000065, -2.87212425599995 ], [ 115.221335797000052, -2.872199500999955 ], [ 115.22139276200005, -2.87227841999993 ], [ 115.221435494000048, -2.872332232999952 ], [ 115.221474614000044, -2.872414705999972 ], [ 115.221474509000018, -2.872482918999935 ], [ 115.221474481000087, -2.872500700999979 ], [ 115.221460070000035, -2.872590255999967 ], [ 115.221420678000072, -2.872683355999925 ], [ 115.221367049000037, -2.872754934999932 ], [ 115.221334832000025, -2.872822963999965 ], [ 115.221327563000045, -2.872908946999928 ], [ 115.221329966000098, -2.872999247999928 ], [ 115.221142752000105, -2.872971894999978 ], [ 115.220999688, -2.872978853999939 ], [ 115.220835145000024, -2.873000146999971 ], [ 115.220455875000084, -2.873114480999959 ], [ 115.220169537000061, -2.87326487699994 ], [ 115.220062125000027, -2.873343721999959 ], [ 115.219926112000053, -2.873415338999962 ], [ 115.219825942000057, -2.87343673099997 ], [ 115.219532640000011, -2.873465003999968 ], [ 115.219389587000023, -2.873464779999949 ], [ 115.219246523000038, -2.873471738999967 ], [ 115.219132013000035, -2.873514657999976 ], [ 115.219017471000029, -2.873579124999935 ], [ 115.218910014000016, -2.873686701999929 ], [ 115.218802580000101, -2.873779912999964 ], [ 115.218723746000023, -2.873880352999947 ], [ 115.218630560000065, -2.874009500999932 ], [ 115.218537408000088, -2.874117100999968 ], [ 115.21840850600006, -2.874217460999944 ], [ 115.218183557000089, -2.87430496199994 ], [ 115.218122123000057, -2.874322484999936 ], [ 115.218041558000095, -2.874345464999976 ], [ 115.217940112000065, -2.874386030999972 ], [ 115.217813257000103, -2.874467282999944 ], [ 115.21771168500004, -2.874589298999979 ], [ 115.217605014000014, -2.87473166999996 ], [ 115.217554085000074, -2.87488430999997 ], [ 115.217523401000108, -2.87505734399997 ], [ 115.217500173000076, -2.875246082999979 ], [ 115.21745485100007, -2.875314123999942 ], [ 115.217409573000054, -2.875353785999948 ], [ 115.217347360000076, -2.875379229999965 ], [ 115.217254097000023, -2.875381921999974 ], [ 115.217160841, -2.875378937999926 ], [ 115.217095887000028, -2.875350454999932 ], [ 115.216997032000108, -2.875313405999975 ], [ 115.216872748000014, -2.87527347799994 ], [ 115.216760598000064, -2.875221894999925 ], [ 115.216701139000065, -2.875209091999977 ], [ 115.216644190000011, -2.875210273999926 ], [ 115.216593544000034, -2.875225444999955 ], [ 115.216547959000081, -2.875243165999962 ], [ 115.216508727000019, -2.875244374999966 ], [ 115.216463175000058, -2.875239219999969 ], [ 115.216422705000014, -2.875222634999943 ], [ 115.216379699000072, -2.875208586999975 ], [ 115.216327803000013, -2.875214860999961 ], [ 115.216303733000018, -2.875231344999975 ], [ 115.216276655000115, -2.875250449999953 ], [ 115.216201863000038, -2.875283589999981 ], [ 115.216127236000034, -2.87529283899994 ], [ 115.216071278000072, -2.875292750999961 ], [ 115.215912824000043, -2.875231622999934 ], [ 115.215819640000063, -2.875179962999937 ], [ 115.215735767000069, -2.875137683999981 ], [ 115.215595965000034, -2.875076585999977 ], [ 115.215479443000049, -2.875038937999932 ], [ 115.215297645000078, -2.874996505999945 ], [ 115.215059415000042, -2.874981816999934 ], [ 115.214925948000086, -2.874996497999973 ], [ 115.214811016000112, -2.875011206999943 ], [ 115.214703485000086, -2.875033372999951 ], [ 115.214603408000016, -2.875029493999932 ], [ 115.214514451000014, -2.875025630999971 ], [ 115.214406996000093, -2.874999403999936 ], [ 115.214287818000116, -2.874990389999937 ], [ 115.214123994000033, -2.874979516999929 ], [ 115.213941029000011, -2.874971405999929 ], [ 115.213607988000035, -2.874936573999946 ], [ 115.213479888000052, -2.874927794999962 ], [ 115.213334721000024, -2.874910412999952 ], [ 115.213155455000106, -2.874850090999928 ], [ 115.212984744000096, -2.874781204999977 ], [ 115.21284821100005, -2.874703795999949 ], [ 115.212677621000012, -2.87455771599997 ], [ 115.212532612000018, -2.874437406999959 ], [ 115.212461707000102, -2.874357571999951 ], [ 115.212445340000045, -2.874339143999975 ], [ 115.212387672000091, -2.874274212999978 ], [ 115.212268273000063, -2.874162521999949 ], [ 115.211918939000043, -2.873883297999953 ], [ 115.211803662000079, -2.873794482999926 ], [ 115.211681586000054, -2.87371247599998 ], [ 115.211573033000036, -2.873664578999978 ], [ 115.211520836000091, -2.873657942999955 ], [ 115.211513940000032, -2.872877781999932 ], [ 115.211525305, -2.872574393999969 ], [ 115.211575282000013, -2.872174578999932 ], [ 115.211609146000114, -2.871727703999966 ], [ 115.211619082000084, -2.871728436999945 ], [ 115.211635898000054, -2.871374689999925 ], [ 115.211819093000031, -2.867521082999929 ], [ 115.212030449000054, -2.862244308999948 ], [ 115.212079135000067, -2.862229592999938 ], [ 115.213487143000066, -2.861803995999935 ], [ 115.21497833, -2.86095518299993 ], [ 115.215556383000035, -2.859389974999942 ], [ 115.217184167000028, -2.857792357999926 ], [ 115.218367870000066, -2.858713445999967 ], [ 115.21924535900007, -2.860587343999953 ], [ 115.221209599000076, -2.860386130999927 ], [ 115.222499139000092, -2.858549653999944 ], [ 115.223809732000063, -2.858467228999928 ], [ 115.223819840000033, -2.858466592999946 ], [ 115.226400959000102, -2.858353533999946 ], [ 115.228323642000078, -2.858269311999948 ], [ 115.229376953000042, -2.85849342399996 ] ] ] } },
{ "type": "Feature", "properties": { "village_id": "63.06.05.1004", "village_name": "Jambu Hilir", "admin_type": "Kelurahan", "district_id": "63.06.05", "district_name": "Kandangan", "regency_code": "63.06", "regency_name": "Hulu Sungai Selatan", "province_name": "Kalimantan Selatan", "area_ha_source": 322.06036365699998, "boundary_basis": "Hasil Delineasi Batas Desa 2018", "metadata_source": "TASWIL1000020230928_DATA_BATAS_DESAKELURAHAN" }, "geometry": { "type": "Polygon", "coordinates": [ [ [ 115.285440269000105, -2.792842245999964 ], [ 115.285442222000029, -2.792845559999932 ], [ 115.285444023000082, -2.792844087999924 ], [ 115.285447627000053, -2.792841143999965 ], [ 115.285463346000029, -2.792840461999958 ], [ 115.28570825700001, -2.793157564999944 ], [ 115.286138064000056, -2.793081125999947 ], [ 115.286456912000062, -2.792995463999944 ], [ 115.286875602, -2.792779139999936 ], [ 115.287299242000017, -2.792614751999963 ], [ 115.287713539000038, -2.792580342999941 ], [ 115.288088474, -2.792590566999934 ], [ 115.288401737000072, -2.792720146999955 ], [ 115.288666724000109, -2.792998197999964 ], [ 115.288968945000079, -2.793531811999969 ], [ 115.289497228000073, -2.794884559999957 ], [ 115.28976190800006, -2.795189617999938 ], [ 115.290632138000092, -2.795800232999966 ], [ 115.290763104, -2.796406464999961 ], [ 115.290763817000084, -2.796409765999954 ], [ 115.290194706000079, -2.797094440999956 ], [ 115.289039673000048, -2.79699753899996 ], [ 115.28746804900004, -2.796880982999937 ], [ 115.286907498, -2.797297897999954 ], [ 115.286878709, -2.797361580999961 ], [ 115.286851823, -2.798070935999931 ], [ 115.286811438000086, -2.799136479999959 ], [ 115.287142499000083, -2.799565772999927 ], [ 115.287208372, -2.799651192999931 ], [ 115.287936286000104, -2.799666900999966 ], [ 115.288061989000084, -2.799669613999924 ], [ 115.288582420000012, -2.799680843999965 ], [ 115.28910204400006, -2.799692056999959 ], [ 115.289371558000084, -2.799895926999966 ], [ 115.288588387000118, -2.801309861999925 ], [ 115.288430075000065, -2.801960368999971 ], [ 115.288783183000078, -2.802975524999965 ], [ 115.28830085900006, -2.804215462999935 ], [ 115.288236948000076, -2.804510271999959 ], [ 115.288197904000072, -2.805047024999965 ], [ 115.28914924500009, -2.808272253999974 ], [ 115.289225060000035, -2.808511453999927 ], [ 115.282346221000012, -2.810070694999979 ], [ 115.279425948000039, -2.806183802999954 ], [ 115.279338571000039, -2.806067503999941 ], [ 115.277827700000103, -2.804056524999964 ], [ 115.275998948000051, -2.801622436999935 ], [ 115.27597387600008, -2.801589064999973 ], [ 115.274274712000079, -2.799327454999968 ], [ 115.273062204000098, -2.797626756999932 ], [ 115.272700732000089, -2.797119747999943 ], [ 115.271710947000088, -2.795731444999944 ], [ 115.270178437000027, -2.793581893999942 ], [ 115.269049338000059, -2.791998181999929 ], [ 115.267925595000065, -2.791091483999935 ], [ 115.267914460000043, -2.791082500999948 ], [ 115.267922831000078, -2.790926938999974 ], [ 115.267988689000049, -2.789703060999955 ], [ 115.268863815000032, -2.789370154999972 ], [ 115.26902662100008, -2.789247749999959 ], [ 115.269091309000032, -2.789199115999963 ], [ 115.26928118, -2.788856645999942 ], [ 115.269420032000085, -2.788679483999942 ], [ 115.26948987500009, -2.788590370999941 ], [ 115.269458304000068, -2.78856576499993 ], [ 115.269073737000099, -2.788266046999979 ], [ 115.268865738000045, -2.788056280999967 ], [ 115.268695723000064, -2.787770404999947 ], [ 115.268582630000083, -2.787408444999926 ], [ 115.268614837000086, -2.787343914999951 ], [ 115.268704934000084, -2.787163386999964 ], [ 115.268734572000085, -2.787104002999968 ], [ 115.268779013000085, -2.787006073999976 ], [ 115.268829562000064, -2.786894684999936 ], [ 115.269094762, -2.786837951999928 ], [ 115.269530281000016, -2.786857636999969 ], [ 115.269932950000111, -2.78687322899998 ], [ 115.270041549000098, -2.786877433999962 ], [ 115.270218415000045, -2.78694239999993 ], [ 115.270249744000012, -2.78695390799993 ], [ 115.270477737000078, -2.786440118999963 ], [ 115.270440031000021, -2.786325812999962 ], [ 115.270471216000033, -2.786243714999955 ], [ 115.270660956000029, -2.785744216999944 ], [ 115.270696666000049, -2.785650210999961 ], [ 115.271046526000077, -2.785366275999934 ], [ 115.271094813000104, -2.785327089999953 ], [ 115.271277335000036, -2.785407411999927 ], [ 115.271832878000055, -2.785651887999961 ], [ 115.272210894000068, -2.786147528999948 ], [ 115.272588909000092, -2.78664317199997 ], [ 115.273156433000054, -2.787043884999946 ], [ 115.273648877000028, -2.786987484999941 ], [ 115.274255359000108, -2.786645627999974 ], [ 115.274330850000069, -2.786640679999948 ], [ 115.274644038000019, -2.78662014799994 ], [ 115.27482352100003, -2.786608380999951 ], [ 115.275031439000031, -2.786875271999975 ], [ 115.275106578000077, -2.787294300999974 ], [ 115.27511108300007, -2.787431535999929 ], [ 115.275124709000011, -2.787846538999929 ], [ 115.275197103000096, -2.788566677999938 ], [ 115.275199375000057, -2.788589276999971 ], [ 115.275520859000039, -2.788894417999927 ], [ 115.275823463000052, -2.789161449999938 ], [ 115.275633066000069, -2.789865712999926 ], [ 115.2756322890001, -2.79039888099993 ], [ 115.275669802000039, -2.790646478999975 ], [ 115.276143144000116, -2.790704301999938 ], [ 115.276654443000098, -2.790705055999979 ], [ 115.276817506000043, -2.790590637999969 ], [ 115.277223137000078, -2.790306015999931 ], [ 115.277469672000052, -2.790198665999981 ], [ 115.277658965000114, -2.790116239999975 ], [ 115.278264784000044, -2.790231382999934 ], [ 115.278708959000028, -2.790812810999967 ], [ 115.278728908000062, -2.79090167499993 ], [ 115.278803033000031, -2.791231867999954 ], [ 115.279370397000093, -2.791746831999944 ], [ 115.27997593900011, -2.79205239099997 ], [ 115.280486659000076, -2.792453019999925 ], [ 115.280922128000043, -2.792510786999969 ], [ 115.28135721000001, -2.79283513699994 ], [ 115.281811120000043, -2.793235681999931 ], [ 115.282038781000097, -2.793487141999947 ], [ 115.282208162000074, -2.793674227999929 ], [ 115.282226102000095, -2.794359759999963 ], [ 115.282130697000071, -2.794854706999956 ], [ 115.282445638000013, -2.795472698999959 ], [ 115.282470595000063, -2.795521669999971 ], [ 115.282811326000115, -2.795617379999953 ], [ 115.283133397000029, -2.795522644999949 ], [ 115.283361252000077, -2.795104059999971 ], [ 115.283418699000094, -2.794666181999958 ], [ 115.283854835000056, -2.794266943999958 ], [ 115.28461290100006, -2.793868178999958 ], [ 115.284935717000053, -2.793259313999954 ], [ 115.285383060000072, -2.79289388899997 ], [ 115.285382, -2.792884726999944 ], [ 115.285440269000105, -2.792842245999964 ] ] ] } },
{ "type": "Feature", "properties": { "village_id": "63.06.02.2006", "village_name": "Jambu Hulu", "admin_type": "Desa", "district_id": "63.06.02", "district_name": "Padang Batung", "regency_code": "63.06", "regency_name": "Hulu Sungai Selatan", "province_name": "Kalimantan Selatan", "area_ha_source": 553.72613201299998, "boundary_basis": "Hasil Delineasi Batas Desa 2018", "metadata_source": "TASWIL1000020230928_DATA_BATAS_DESAKELURAHAN" }, "geometry": { "type": "Polygon", "coordinates": [ [ [ 115.293447387000015, -2.814270560999944 ], [ 115.293056181000111, -2.814765874999978 ], [ 115.292750769, -2.815431242999978 ], [ 115.292694735000055, -2.815909698999974 ], [ 115.292991278000045, -2.816993426999943 ], [ 115.293659631000082, -2.817760145999955 ], [ 115.293777111000054, -2.818186898999954 ], [ 115.293959845000018, -2.818653740999935 ], [ 115.294040297000038, -2.819051306999938 ], [ 115.29401529900008, -2.819864190999965 ], [ 115.293858683000053, -2.820800061999932 ], [ 115.293653235000079, -2.821863085999951 ], [ 115.293843019000064, -2.822783149999964 ], [ 115.293740806000073, -2.823477607999962 ], [ 115.294082500000059, -2.823973043999956 ], [ 115.295260583000072, -2.824199482999973 ], [ 115.295323022000048, -2.824756690999948 ], [ 115.294901669000069, -2.825515381999935 ], [ 115.294607847000066, -2.826044041999978 ], [ 115.294540183000095, -2.826514811999971 ], [ 115.294546208000042, -2.82685590799997 ], [ 115.294618933000038, -2.827622696999924 ], [ 115.29470221400004, -2.82841981699994 ], [ 115.294642728000099, -2.829026578999958 ], [ 115.294452372000023, -2.829597648999936 ], [ 115.294035965000035, -2.830192513999975 ], [ 115.29355586600002, -2.830434192999974 ], [ 115.293113368000036, -2.830622947999927 ], [ 115.292720624000026, -2.831040171999973 ], [ 115.292102941000053, -2.831848395999941 ], [ 115.292016777000072, -2.832380522999927 ], [ 115.29201816300008, -2.832651804999955 ], [ 115.292199573000062, -2.833382345999951 ], [ 115.292280102000063, -2.834175576999939 ], [ 115.292206376000081, -2.834808236999947 ], [ 115.291937241000028, -2.835721668999952 ], [ 115.291568424000047, -2.83629273899993 ], [ 115.289664855000069, -2.837696620999964 ], [ 115.289188964000118, -2.838231998999959 ], [ 115.287696570000094, -2.839943336999966 ], [ 115.28512571300007, -2.840204588999939 ], [ 115.284765318000041, -2.840092500999958 ], [ 115.286095505000048, -2.838334712999938 ], [ 115.287066325000069, -2.836892758999966 ], [ 115.287166262000028, -2.835907664999979 ], [ 115.286552363000055, -2.835165270999937 ], [ 115.28492481, -2.833609102999958 ], [ 115.283382921000111, -2.832110041999954 ], [ 115.281926691000081, -2.830596705999938 ], [ 115.281098637000014, -2.829511670999977 ], [ 115.280641782000089, -2.828783554999973 ], [ 115.271930740000016, -2.822056140999962 ], [ 115.271933261000072, -2.820347463999951 ], [ 115.271606116000044, -2.817346364999935 ], [ 115.270948068000052, -2.813886348999972 ], [ 115.270206978000033, -2.812319057999957 ], [ 115.277185822000092, -2.811208078999925 ], [ 115.279342477000114, -2.810864745999936 ], [ 115.281733808000013, -2.810232589999941 ], [ 115.282346221000012, -2.810070694999979 ], [ 115.289225060000035, -2.808511453999927 ], [ 115.289410665000105, -2.809097050999981 ], [ 115.28957709000008, -2.809622127999944 ], [ 115.289728613000079, -2.81091141099995 ], [ 115.289804014000083, -2.811025077999943 ], [ 115.290226074000088, -2.811661339999944 ], [ 115.291167960000053, -2.811960201999966 ], [ 115.293007266000018, -2.81299856399994 ], [ 115.293576046000112, -2.813682492999931 ], [ 115.29365606500005, -2.814006344999939 ], [ 115.293447387000015, -2.814270560999944 ] ] ] } },
{ "type": "Feature", "properties": { "village_id": "63.06.02.2014", "village_name": "Jelatang", "admin_type": "Desa", "district_id": "63.06.02", "district_name": "Padang Batung", "regency_code": "63.06", "regency_name": "Hulu Sungai Selatan", "province_name": "Kalimantan Selatan", "area_ha_source": 485.75758402000002, "boundary_basis": "Hasil Delineasi Batas Desa 2018", "metadata_source": "TASWIL1000020230928_DATA_BATAS_DESAKELURAHAN" }, "geometry": { "type": "Polygon", "coordinates": [ [ [ 115.314411219000021, -2.834386285999926 ], [ 115.304623317000051, -2.849539354999933 ], [ 115.298992699000109, -2.849351551999973 ], [ 115.298905368000078, -2.851063943999975 ], [ 115.297693698000103, -2.852978020999956 ], [ 115.297361545000058, -2.853502723999952 ], [ 115.296869617000084, -2.854877825999949 ], [ 115.295306976, -2.859472789999927 ], [ 115.293091279, -2.858826233999935 ], [ 115.290382567000051, -2.858101135999959 ], [ 115.289146193000079, -2.857737047999933 ], [ 115.288641687000109, -2.857339070999956 ], [ 115.288032189000091, -2.856723256999942 ], [ 115.287606623000102, -2.856589540999948 ], [ 115.287297294000041, -2.856649027999936 ], [ 115.287047448000067, -2.856910767999977 ], [ 115.286952271000018, -2.857469941999966 ], [ 115.286865083000066, -2.857896921999952 ], [ 115.286773810000113, -2.858136190999971 ], [ 115.286452583000028, -2.858338444999958 ], [ 115.285940999000104, -2.858374137999931 ], [ 115.285524593000105, -2.858314649999954 ], [ 115.284529796000015, -2.85773772899995 ], [ 115.283708807000039, -2.857297323999944 ], [ 115.28282390600009, -2.856886974999952 ], [ 115.282395603000055, -2.856518156999925 ], [ 115.282324218000099, -2.855828113999962 ], [ 115.282395603000055, -2.855304632999946 ], [ 115.282693035000079, -2.854971508999938 ], [ 115.28306185100007, -2.854697869999939 ], [ 115.283644819000074, -2.854602690999968 ], [ 115.284357162000106, -2.854623539999977 ], [ 115.285477005000075, -2.854519409999966 ], [ 115.286476378000089, -2.85412680099995 ], [ 115.287113401000056, -2.853252382999926 ], [ 115.287963541000067, -2.851794926999958 ], [ 115.288033007000081, -2.850853173999951 ], [ 115.287773184000116, -2.850248277999981 ], [ 115.287071244000117, -2.850034125999969 ], [ 115.286845195000069, -2.849927049999962 ], [ 115.286607248000109, -2.849439261999976 ], [ 115.286425608000059, -2.848478762999946 ], [ 115.286547762000055, -2.847987789999934 ], [ 115.286761914000067, -2.847559486999955 ], [ 115.287047448000067, -2.847262052999952 ], [ 115.287356777000014, -2.847083593999969 ], [ 115.287737492000019, -2.84703600499995 ], [ 115.288189590000115, -2.847154977999935 ], [ 115.288760661000083, -2.84754758899993 ], [ 115.289193841000042, -2.847961876999932 ], [ 115.289771930000029, -2.848201940999957 ], [ 115.290485770000032, -2.848201940999957 ], [ 115.29075940700011, -2.848047275999932 ], [ 115.29105684000001, -2.847654664999936 ], [ 115.291523725000047, -2.846655504999944 ], [ 115.29160411600003, -2.84621508999993 ], [ 115.292353646000038, -2.84463274899997 ], [ 115.292543895000108, -2.843848974999958 ], [ 115.292377442000088, -2.84330025099996 ], [ 115.291859387000045, -2.842610728999944 ], [ 115.29112822500008, -2.841979650999974 ], [ 115.290386316000081, -2.841703246999941 ], [ 115.288686969000082, -2.841580782999927 ], [ 115.287856465000118, -2.841301503999944 ], [ 115.287606624000091, -2.840944586999967 ], [ 115.287696570000094, -2.839943336999966 ], [ 115.289188964000118, -2.838231998999959 ], [ 115.289664855000069, -2.837696620999964 ], [ 115.291568424000047, -2.83629273899993 ], [ 115.291937241000028, -2.835721668999952 ], [ 115.292206376000081, -2.834808236999947 ], [ 115.292280102000063, -2.834175576999939 ], [ 115.292658436000011, -2.83407563999998 ], [ 115.293149917000051, -2.834381550999979 ], [ 115.293165261000013, -2.834960799999976 ], [ 115.293172399000014, -2.83578171399995 ], [ 115.293172399000014, -2.836217154999929 ], [ 115.293250922000084, -2.83640989099996 ], [ 115.293657809000024, -2.836659733999966 ], [ 115.294614352000053, -2.836888162999969 ], [ 115.295642280000038, -2.836631180999973 ], [ 115.296184797000024, -2.836317092999934 ], [ 115.296663068000043, -2.835788850999961 ], [ 115.297103409000101, -2.834972941999979 ], [ 115.297507138000014, -2.834943471999964 ], [ 115.298140630000034, -2.834897230999957 ], [ 115.298255403000098, -2.834855457999936 ], [ 115.300674718000096, -2.834900972999947 ], [ 115.301667762000079, -2.834692293999979 ], [ 115.303444776000106, -2.834327156999962 ], [ 115.304542395000112, -2.834066090999954 ], [ 115.305588451000062, -2.833332119999966 ], [ 115.306373337000082, -2.832545227999958 ], [ 115.306578051000088, -2.832376216999933 ], [ 115.307052502000033, -2.832598761999975 ], [ 115.314411219000021, -2.834386285999926 ] ] ] } },
{ "type": "Feature", "properties": { "village_id": "63.06.02.2009", "village_name": "Jembatan Merah", "admin_type": "Desa", "district_id": "63.06.02", "district_name": "Padang Batung", "regency_code": "63.06", "regency_name": "Hulu Sungai Selatan", "province_name": "Kalimantan Selatan", "area_ha_source": 125.543853472, "boundary_basis": "Hasil Delineasi Batas Desa 2018", "metadata_source": "TASWIL1000020230928_DATA_BATAS_DESAKELURAHAN" }, "geometry": { "type": "Polygon", "coordinates": [ [ [ 115.3046583900001, -2.808721213999945 ], [ 115.302031467, -2.80866410699997 ], [ 115.30117486100005, -2.808721213999945 ], [ 115.300146932000075, -2.808930606999979 ], [ 115.299880433000112, -2.809082891999935 ], [ 115.299794773000031, -2.809463605999952 ], [ 115.299795385000039, -2.81093066699998 ], [ 115.298291939000023, -2.811294815999929 ], [ 115.29802286000006, -2.811533752999935 ], [ 115.296674962000111, -2.812730661999979 ], [ 115.296460891000038, -2.812920751999968 ], [ 115.296180415000094, -2.814242867999951 ], [ 115.293447387000015, -2.814270560999944 ], [ 115.29365606500005, -2.814006344999939 ], [ 115.293576046000112, -2.813682492999931 ], [ 115.293007266000018, -2.81299856399994 ], [ 115.291167960000053, -2.811960201999966 ], [ 115.290226074000088, -2.811661339999944 ], [ 115.289804014000083, -2.811025077999943 ], [ 115.289728613000079, -2.81091141099995 ], [ 115.28957709000008, -2.809622127999944 ], [ 115.289410665000105, -2.809097050999981 ], [ 115.289225060000035, -2.808511453999927 ], [ 115.28914924500009, -2.808272253999974 ], [ 115.288197904000072, -2.805047024999965 ], [ 115.288236948000076, -2.804510271999959 ], [ 115.288378241000032, -2.804505662999929 ], [ 115.28999443400005, -2.804452941999955 ], [ 115.294947101000048, -2.804140093999933 ], [ 115.296676142000024, -2.804030868999973 ], [ 115.298881060000099, -2.805018772999972 ], [ 115.301717378000035, -2.805846824999946 ], [ 115.304372855000111, -2.806408377999958 ], [ 115.305238980000013, -2.806513073999952 ], [ 115.3046583900001, -2.808721213999945 ] ] ] } },
{ "type": "Feature", "properties": { "village_id": "63.06.02.2005", "village_name": "Kaliring", "admin_type": "Desa", "district_id": "63.06.02", "district_name": "Padang Batung", "regency_code": "63.06", "regency_name": "Hulu Sungai Selatan", "province_name": "Kalimantan Selatan", "area_ha_source": 521.45592937100002, "boundary_basis": "Hasil Delineasi Batas Desa 2018", "metadata_source": "TASWIL1000020230928_DATA_BATAS_DESAKELURAHAN" }, "geometry": { "type": "Polygon", "coordinates": [ [ [ 115.303872333000072, -2.796015587999932 ], [ 115.305458114000089, -2.795829094999931 ], [ 115.310115653000025, -2.793860197999948 ], [ 115.31111463700006, -2.793437885999936 ], [ 115.312354688000028, -2.79356157899997 ], [ 115.313825195000049, -2.793318873999965 ], [ 115.314282051000077, -2.793461641999954 ], [ 115.314938782000013, -2.79384711299997 ], [ 115.315309978000073, -2.794061265999972 ], [ 115.316337905000069, -2.794261141999925 ], [ 115.317280173000086, -2.794275415999948 ], [ 115.318151055000044, -2.794175479999979 ], [ 115.319707223000023, -2.793718622999961 ], [ 115.320349677000081, -2.793632961999947 ], [ 115.32093502500004, -2.793747176999943 ], [ 115.3215917550001, -2.794018434999941 ], [ 115.321948675000044, -2.794575228999975 ], [ 115.322005783, -2.795831583999927 ], [ 115.321977227000048, -2.796288440999945 ], [ 115.322362701000088, -2.79653114599995 ], [ 115.32277913900009, -2.796853060999979 ], [ 115.322133837000024, -2.797861357999977 ], [ 115.321896421000019, -2.800235716999964 ], [ 115.321874775000083, -2.800452185999973 ], [ 115.321628427000064, -2.802915818999963 ], [ 115.315877751000016, -2.810495355999933 ], [ 115.311708733000046, -2.811309551999955 ], [ 115.309924138000042, -2.810845555999947 ], [ 115.308103850000066, -2.809929465999971 ], [ 115.307116374000088, -2.809384887999954 ], [ 115.306364464000012, -2.809384885999975 ], [ 115.30629784000007, -2.809175492999941 ], [ 115.306181087000027, -2.807928654999955 ], [ 115.30536255200002, -2.808861404999959 ], [ 115.3046583900001, -2.808721213999945 ], [ 115.305238980000013, -2.806513073999952 ], [ 115.304372855000111, -2.806408377999958 ], [ 115.301717378000035, -2.805846824999946 ], [ 115.298881060000099, -2.805018772999972 ], [ 115.296676142000024, -2.804030868999973 ], [ 115.294947101000048, -2.804140093999933 ], [ 115.28999443400005, -2.804452941999955 ], [ 115.288378241000032, -2.804505662999929 ], [ 115.288236948000076, -2.804510271999959 ], [ 115.28830085900006, -2.804215462999935 ], [ 115.288783183000078, -2.802975524999965 ], [ 115.288430075000065, -2.801960368999971 ], [ 115.288588387000118, -2.801309861999925 ], [ 115.289371558000084, -2.799895926999966 ], [ 115.28910204400006, -2.799692056999959 ], [ 115.288582420000012, -2.799680843999965 ], [ 115.288061989000084, -2.799669613999924 ], [ 115.287936286000104, -2.799666900999966 ], [ 115.287208372, -2.799651192999931 ], [ 115.287142499000083, -2.799565772999927 ], [ 115.286811438000086, -2.799136479999959 ], [ 115.286851823, -2.798070935999931 ], [ 115.286878709, -2.797361580999961 ], [ 115.286907498, -2.797297897999954 ], [ 115.28746804900004, -2.796880982999937 ], [ 115.289039673000048, -2.79699753899996 ], [ 115.290194706000079, -2.797094440999956 ], [ 115.290763817000084, -2.796409765999954 ], [ 115.290763104, -2.796406464999961 ], [ 115.290632138000092, -2.795800232999966 ], [ 115.28976190800006, -2.795189617999938 ], [ 115.289497228000073, -2.794884559999957 ], [ 115.288968945000079, -2.793531811999969 ], [ 115.288666724000109, -2.792998197999964 ], [ 115.288401737000072, -2.792720146999955 ], [ 115.288371173000087, -2.792594074999954 ], [ 115.289218137000034, -2.792238130999976 ], [ 115.291002527000046, -2.791850337999961 ], [ 115.292169329000103, -2.792339924999965 ], [ 115.294188406000103, -2.793187118999981 ], [ 115.297874383000021, -2.795109575999959 ], [ 115.300027869000019, -2.796321310999929 ], [ 115.300091984, -2.796314735999943 ], [ 115.301230004000104, -2.796198033999929 ], [ 115.302307621000068, -2.796199600999955 ], [ 115.303872333000072, -2.796015587999932 ] ] ] } },
{ "type": "Feature", "properties": { "village_id": "63.06.09.2006", "village_name": "Kalumpang", "admin_type": "Desa", "district_id": "63.06.09", "district_name": "Kalumpang", "regency_code": "63.06", "regency_name": "Hulu Sungai Selatan", "province_name": "Kalimantan Selatan", "area_ha_source": 1492.0748122499999, "boundary_basis": "Hasil Delineasi Batas Desa 2018", "metadata_source": "TASWIL1000020230928_DATA_BATAS_DESAKELURAHAN" }, "geometry": { "type": "Polygon", "coordinates": [ [ [ 115.163023003000035, -2.795356227999946 ], [ 115.162216171000068, -2.823153067999954 ], [ 115.162216859000068, -2.823200818999965 ], [ 115.162509826000019, -2.828338527999961 ], [ 115.169107683000107, -2.830819034999934 ], [ 115.169046415000025, -2.830843872999935 ], [ 115.166466483000022, -2.83188979199997 ], [ 115.166026281000086, -2.833650593999948 ], [ 115.164866911000104, -2.849925825999946 ], [ 115.164833032000047, -2.850401422999937 ], [ 115.164774866000016, -2.851217944999973 ], [ 115.164645551000035, -2.852480312999944 ], [ 115.164498327000047, -2.852434462999952 ], [ 115.162861519000103, -2.851909126999942 ], [ 115.162823341000035, -2.851896451999949 ], [ 115.160641684000097, -2.85117213999996 ], [ 115.160608094000054, -2.851162949999946 ], [ 115.158815989000118, -2.850672632999931 ], [ 115.158726185000091, -2.850643283999943 ], [ 115.157238873000097, -2.850157205999949 ], [ 115.155988124000032, -2.849792691999937 ], [ 115.155497674000117, -2.849650715999928 ], [ 115.154560982000021, -2.849379559999932 ], [ 115.153996999000015, -2.849175597999931 ], [ 115.153325812000048, -2.848932864999938 ], [ 115.152888261000044, -2.848842619999971 ], [ 115.152269204000049, -2.848639735999939 ], [ 115.151964721000013, -2.848539947999939 ], [ 115.150472382000089, -2.848068958999932 ], [ 115.150409256000103, -2.848049035999964 ], [ 115.149258885000108, -2.847672737999972 ], [ 115.148855510000089, -2.847533748999979 ], [ 115.14760655200007, -2.847156435999977 ], [ 115.146742785000015, -2.846897024999976 ], [ 115.14634391300001, -2.846693676999962 ], [ 115.145704278000039, -2.846367585999928 ], [ 115.144775731000095, -2.845911849999936 ], [ 115.144182000000114, -2.845677825999928 ], [ 115.143439820000026, -2.845396949999952 ], [ 115.142623526000079, -2.845022727999947 ], [ 115.14253528200004, -2.844978473999959 ], [ 115.142016270000113, -2.84471819099997 ], [ 115.14112719000002, -2.844315440999935 ], [ 115.140792169000065, -2.844219709999948 ], [ 115.140261196000097, -2.844074820999936 ], [ 115.140198869000074, -2.844054943999936 ], [ 115.140218476000086, -2.84337762499996 ], [ 115.140218068000081, -2.843334592999952 ], [ 115.140264594000087, -2.843349668999963 ], [ 115.140281144000028, -2.842760477999946 ], [ 115.14038749100007, -2.838974291999932 ], [ 115.140220190000036, -2.835101354999949 ], [ 115.140175265000039, -2.834263948999933 ], [ 115.140130077000094, -2.833589356999937 ], [ 115.139925859000073, -2.83110028699997 ], [ 115.139834667000059, -2.830262805999951 ], [ 115.139678826000022, -2.828785494999977 ], [ 115.139675154000088, -2.828750696999975 ], [ 115.139468856, -2.827564142999961 ], [ 115.139424334000068, -2.826470886999971 ], [ 115.139167093000083, -2.82503522199994 ], [ 115.139493870000024, -2.824797062999949 ], [ 115.140326991000052, -2.824722260999977 ], [ 115.141236203000062, -2.824419145999968 ], [ 115.141813383000112, -2.824536182999964 ], [ 115.142371750000052, -2.824649404999946 ], [ 115.144490666000024, -2.825566537999975 ], [ 115.147291016000054, -2.826560907999976 ], [ 115.149317265000036, -2.826594623999938 ], [ 115.149322253000037, -2.826556866999965 ], [ 115.151290158000052, -2.826547878999975 ], [ 115.15246915900002, -2.826375103999965 ], [ 115.153766180000048, -2.826340093999931 ], [ 115.154436244000067, -2.826078826999947 ], [ 115.154982574000087, -2.825830181999947 ], [ 115.155356511000036, -2.825406398999974 ], [ 115.155431339000074, -2.824508450999929 ], [ 115.155682029000104, -2.822899458999927 ], [ 115.155794213000036, -2.822575265999944 ], [ 115.157191308000051, -2.821791506999944 ], [ 115.157526944000097, -2.821392811999942 ], [ 115.157849993000013, -2.821106378999957 ], [ 115.158108627000047, -2.819455650999942 ], [ 115.158655902000078, -2.817123779999974 ], [ 115.159286461000079, -2.814446886999974 ], [ 115.159561668000038, -2.813513077999971 ], [ 115.159841757000095, -2.812708748999967 ], [ 115.159847274000072, -2.81239951799995 ], [ 115.160131168000021, -2.811793787999932 ], [ 115.16020255300009, -2.811377380999943 ], [ 115.160214450000012, -2.810175753999943 ], [ 115.16030962800005, -2.809426223999935 ], [ 115.160880698000028, -2.807427476999976 ], [ 115.160994318, -2.806504245999975 ], [ 115.160930073000031, -2.80514795299996 ], [ 115.160637399000052, -2.804476944999976 ], [ 115.16023764900001, -2.803855905999967 ], [ 115.159359629000051, -2.803127790999952 ], [ 115.158431637000035, -2.802271184999938 ], [ 115.157746354000096, -2.801707252999961 ], [ 115.157453679000014, -2.80102196799993 ], [ 115.156770775000041, -2.799530045999973 ], [ 115.155794252000078, -2.798429823999925 ], [ 115.154752640000083, -2.796437363999928 ], [ 115.154581670000084, -2.791744448999964 ], [ 115.154619742000023, -2.791135306999934 ], [ 115.154048672000044, -2.790069309999978 ], [ 115.153877351, -2.789536308999971 ], [ 115.153782171000103, -2.788603560999945 ], [ 115.15363345600008, -2.784587030999944 ], [ 115.153365766000093, -2.782951150999963 ], [ 115.151102743000024, -2.77910977199997 ], [ 115.149122919000092, -2.775742797999953 ], [ 115.147678233000079, -2.773285895999948 ], [ 115.146215237000092, -2.770797848999962 ], [ 115.144221247000019, -2.767406766999954 ], [ 115.139223503000039, -2.758907295999961 ], [ 115.123921974000041, -2.732884276999926 ], [ 115.124131644000045, -2.732726093999929 ], [ 115.125852185000099, -2.731428029999961 ], [ 115.126695583000014, -2.729577929999948 ], [ 115.126812341000118, -2.729469889999962 ], [ 115.128031610000107, -2.730966623999961 ], [ 115.128895355000054, -2.732026925999946 ], [ 115.148991599000055, -2.756696027999965 ], [ 115.154472439000074, -2.771262844999967 ], [ 115.157579628, -2.780018138999935 ], [ 115.163023003000035, -2.795356227999946 ] ] ] } },
{ "type": "Feature", "properties": { "village_id": "63.06.10.2007", "village_name": "Kamawakan", "admin_type": "Desa", "district_id": "63.06.10", "district_name": "Loksado", "regency_code": "63.06", "regency_name": "Hulu Sungai Selatan", "province_name": "Kalimantan Selatan", "area_ha_source": 3806.6016587300001, "boundary_basis": "Hasil Delineasi Batas Desa 2018", "metadata_source": "TASWIL1000020230928_DATA_BATAS_DESAKELURAHAN" }, "geometry": { "type": "MultiPolygon", "coordinates": [ [ [ [ 115.555741278000028, -2.831134980999934 ], [ 115.555741389000104, -2.831135 ], [ 115.555741388000115, -2.831135042999961 ], [ 115.555741278000028, -2.831134980999934 ] ] ], [ [ [ 115.555741278000028, -2.831134980999934 ], [ 115.555740888000059, -2.831134912999971 ], [ 115.552718974000072, -2.830190715999947 ], [ 115.552244230000042, -2.830174047999947 ], [ 115.551774209000087, -2.830157544999963 ], [ 115.550775511000097, -2.830122479999943 ], [ 115.550621731000092, -2.830129368999962 ], [ 115.550490302000071, -2.830135255999949 ], [ 115.548940923000032, -2.830204659999936 ], [ 115.548805392000077, -2.830210730999966 ], [ 115.547417820000078, -2.830390761999979 ], [ 115.546871405000047, -2.830461656999944 ], [ 115.546579395000094, -2.830499543999963 ], [ 115.544657179000069, -2.831971320999969 ], [ 115.543180360000065, -2.833376525999938 ], [ 115.542994344000022, -2.833553521999931 ], [ 115.542380719000107, -2.83490758399995 ], [ 115.542286244000024, -2.835116058999972 ], [ 115.54235755000002, -2.836102695999955 ], [ 115.542388962000018, -2.836537327999963 ], [ 115.542392250000034, -2.836582825999926 ], [ 115.542409843000087, -2.83682625199998 ], [ 115.542376665, -2.838585830999932 ], [ 115.542369055000108, -2.838989415999947 ], [ 115.542347953000103, -2.839530771999932 ], [ 115.542337434000046, -2.839800631999935 ], [ 115.541992650000111, -2.840386613999954 ], [ 115.54183760300009, -2.840694432999953 ], [ 115.541714702000036, -2.840938431999973 ], [ 115.541413502000069, -2.841859729999953 ], [ 115.541209484000092, -2.842976146999945 ], [ 115.541106395000043, -2.84354026799997 ], [ 115.541077726000026, -2.843697149999969 ], [ 115.541076282000063, -2.844845757999963 ], [ 115.540883845000053, -2.846472709999944 ], [ 115.540183708000086, -2.847135650999974 ], [ 115.539886086000024, -2.847417460999964 ], [ 115.539829399000041, -2.847471136999957 ], [ 115.539785410000036, -2.84751278899995 ], [ 115.539337866000096, -2.847936555999979 ], [ 115.538215957000034, -2.848383660999957 ], [ 115.537044415000082, -2.849323580999965 ], [ 115.537034099000039, -2.849331856999925 ], [ 115.536786574000075, -2.849530443999925 ], [ 115.536214432000065, -2.850295451999955 ], [ 115.535439673000042, -2.851311280999937 ], [ 115.534925513000076, -2.851985424999953 ], [ 115.534315603000096, -2.852677397999969 ], [ 115.533802509000111, -2.853259527999967 ], [ 115.533242180000116, -2.853974250999954 ], [ 115.533156833000021, -2.85408311499998 ], [ 115.533001489000071, -2.854313031999936 ], [ 115.532592192000038, -2.854918812999927 ], [ 115.532585930000096, -2.854928080999969 ], [ 115.532365137000056, -2.855162503999964 ], [ 115.531810232000112, -2.855751660999942 ], [ 115.531647214000031, -2.855924740999967 ], [ 115.530866825000089, -2.856585119999977 ], [ 115.530152003000012, -2.857254219999959 ], [ 115.529973808000022, -2.857511644999931 ], [ 115.529001038000047, -2.858916931999943 ], [ 115.528399700000023, -2.859785640999974 ], [ 115.527362077000021, -2.861284617999956 ], [ 115.527265388000046, -2.861424296999928 ], [ 115.52653569600011, -2.862478427999974 ], [ 115.526298116000021, -2.862821641999972 ], [ 115.525943017000031, -2.864206688999957 ], [ 115.525509479000107, -2.865897683999947 ], [ 115.525460479000117, -2.866088805999937 ], [ 115.525341377000018, -2.866553358999965 ], [ 115.525182154000049, -2.867411682999943 ], [ 115.525081238000098, -2.867955689999974 ], [ 115.525025432, -2.868256522999957 ], [ 115.524926264000101, -2.868791107999925 ], [ 115.524862082000027, -2.86913709099997 ], [ 115.524382865, -2.870116340999971 ], [ 115.523672508000118, -2.871567911999932 ], [ 115.522901672000103, -2.872236566999959 ], [ 115.522810871000047, -2.872315331999971 ], [ 115.522125417000098, -2.872909922999952 ], [ 115.521172067000066, -2.87351702999996 ], [ 115.520606300000054, -2.873726816999977 ], [ 115.51984879400004, -2.874007700999925 ], [ 115.519020001000058, -2.874456487999964 ], [ 115.518600739000021, -2.874762233999945 ], [ 115.518330264000042, -2.874996553999949 ], [ 115.518297529000051, -2.875045095999951 ], [ 115.518188768000073, -2.875206377999973 ], [ 115.517055257000038, -2.876887250999971 ], [ 115.517001355000048, -2.87696718199993 ], [ 115.516372481000076, -2.877899733999925 ], [ 115.516044439000098, -2.878386184999954 ], [ 115.515934792000053, -2.878560775999972 ], [ 115.515062536000073, -2.879949661999945 ], [ 115.514999071000034, -2.880050716999961 ], [ 115.514828166000029, -2.880322847999935 ], [ 115.514499334000107, -2.881078644999945 ], [ 115.513878341, -2.882505956999978 ], [ 115.513610769000024, -2.883120951999956 ], [ 115.513101792000043, -2.883886407999967 ], [ 115.513084881000054, -2.883911840999929 ], [ 115.512919521000072, -2.884160527999938 ], [ 115.512840182000105, -2.884279846999959 ], [ 115.512422135000065, -2.884908551999956 ], [ 115.51238726400004, -2.884960993999925 ], [ 115.512323085000048, -2.885057513999925 ], [ 115.512079400000061, -2.885158026999932 ], [ 115.511930801000062, -2.885219319999976 ], [ 115.511579761, -2.88536411399997 ], [ 115.511154379000118, -2.885539571999971 ], [ 115.509894241000097, -2.886059337999939 ], [ 115.508321376000026, -2.886332400999947 ], [ 115.507894971000042, -2.886406428999976 ], [ 115.507704914000101, -2.886455475999981 ], [ 115.507660350000037, -2.886466975999952 ], [ 115.507599759000072, -2.886482611999952 ], [ 115.506980826000017, -2.886596654999948 ], [ 115.506109819000017, -2.886665325999957 ], [ 115.506108889000075, -2.886665277999953 ], [ 115.506108702, -2.886664841999959 ], [ 115.506108163000022, -2.886663601999942 ], [ 115.505988423000076, -2.886371131999965 ], [ 115.504814776000103, -2.883504443999925 ], [ 115.504566476000036, -2.88330994599994 ], [ 115.502852377000067, -2.881967262999979 ], [ 115.500251222000088, -2.880958924999959 ], [ 115.500113393000106, -2.880905495999968 ], [ 115.499983780000093, -2.880498344999978 ], [ 115.499533720000045, -2.880307825999978 ], [ 115.497817029000089, -2.879925705999938 ], [ 115.495466984000018, -2.879587963999938 ], [ 115.493452980000029, -2.879576245999942 ], [ 115.491438659000096, -2.879166590999944 ], [ 115.489096554000071, -2.878783627999951 ], [ 115.488752789000046, -2.878652981999949 ], [ 115.487257739000029, -2.87808479499995 ], [ 115.485754759000088, -2.877440671999977 ], [ 115.483824477000098, -2.87640708899994 ], [ 115.481833228000028, -2.875355334999938 ], [ 115.479954419000023, -2.873841929999969 ], [ 115.479887640000015, -2.873788138999942 ], [ 115.478392478000046, -2.872981230999926 ], [ 115.476439107000033, -2.87347602799997 ], [ 115.474440327000025, -2.874721400999931 ], [ 115.474378401000081, -2.874725214999955 ], [ 115.474522531000048, -2.874437759999978 ], [ 115.476141568000116, -2.871208749999937 ], [ 115.476161353000066, -2.871169291999934 ], [ 115.476205878000087, -2.871080487999961 ], [ 115.478507118000039, -2.86649082699995 ], [ 115.478636550000033, -2.864368980999927 ], [ 115.478780375000042, -2.862011131999964 ], [ 115.478887468000039, -2.860255427999959 ], [ 115.477034602000117, -2.854391206999935 ], [ 115.477787527000032, -2.847782149999944 ], [ 115.481401225000013, -2.842679836999935 ], [ 115.48387665100006, -2.839184643999943 ], [ 115.486468492000085, -2.835365975999935 ], [ 115.4865245740001, -2.835378356999968 ], [ 115.487509263000106, -2.835595732999934 ], [ 115.489394702000027, -2.836011953999957 ], [ 115.494040331000065, -2.823908228999926 ], [ 115.508124335000048, -2.816264846999957 ], [ 115.510050163000074, -2.816746266999928 ], [ 115.510069213000065, -2.816751027999942 ], [ 115.510147119000067, -2.81677050199994 ], [ 115.518426975000011, -2.818840260999934 ], [ 115.519852803000049, -2.819272825999974 ], [ 115.550887174000081, -2.828687526999943 ], [ 115.552052304000085, -2.829040966999969 ], [ 115.555741278000028, -2.831134980999934 ] ] ] ] } },
{ "type": "Feature", "properties": { "village_id": "63.06.05.1003", "village_name": "Kandangan Barat", "admin_type": "Kelurahan", "district_id": "63.06.05", "district_name": "Kandangan", "regency_code": "63.06", "regency_name": "Hulu Sungai Selatan", "province_name": "Kalimantan Selatan", "area_ha_source": 328.77571441200001, "boundary_basis": "Hasil Delineasi Batas Desa 2018", "metadata_source": "TASWIL1000020230928_DATA_BATAS_DESAKELURAHAN" }, "geometry": { "type": "Polygon", "coordinates": [ [ [ 115.267136062000077, -2.766812830999925 ], [ 115.266792733000102, -2.767597722999938 ], [ 115.266777086000047, -2.767633496999963 ], [ 115.266744826000036, -2.767707243999951 ], [ 115.26672196200002, -2.767759517999934 ], [ 115.266709342000013, -2.76778836699998 ], [ 115.26670678500011, -2.767794212999945 ], [ 115.26668698800006, -2.767839467999977 ], [ 115.266887075000113, -2.767962520999959 ], [ 115.266966797, -2.768011547999947 ], [ 115.266960155000106, -2.768026621999979 ], [ 115.266922113000078, -2.768111312999963 ], [ 115.266920281000012, -2.768115389999934 ], [ 115.266911528000037, -2.768134876999966 ], [ 115.266893055000082, -2.768176002999951 ], [ 115.266452535000099, -2.769156719999955 ], [ 115.266448761000106, -2.769165118999979 ], [ 115.2660174990001, -2.77012522299998 ], [ 115.265916850000053, -2.770347447999939 ], [ 115.265514509000013, -2.771235789999935 ], [ 115.265509248000058, -2.771247406999976 ], [ 115.265351500000065, -2.771595702999946 ], [ 115.265166504000035, -2.772019203999946 ], [ 115.265156972000113, -2.772041024999965 ], [ 115.265099346000056, -2.77217294899998 ], [ 115.264913553000042, -2.77259827499995 ], [ 115.264896841000109, -2.772636532999968 ], [ 115.264749880000068, -2.772972963999962 ], [ 115.264184042000011, -2.774285675999977 ], [ 115.263968761000115, -2.774830885999961 ], [ 115.263967031000107, -2.774835270999972 ], [ 115.2639561310001, -2.774862872999961 ], [ 115.263940440000056, -2.774902611999948 ], [ 115.263767613000027, -2.775935966999953 ], [ 115.263748668000062, -2.776090111999963 ], [ 115.263676244000067, -2.776679387999934 ], [ 115.26361590700003, -2.777170331999969 ], [ 115.263511573000073, -2.777445696999962 ], [ 115.263510194000105, -2.777449334999972 ], [ 115.263505062000036, -2.777462881999952 ], [ 115.263458256000035, -2.777586414999973 ], [ 115.263236775000109, -2.778010800999937 ], [ 115.263216727000099, -2.778094123999949 ], [ 115.262997034000023, -2.778472651999948 ], [ 115.26293294300001, -2.778676660999963 ], [ 115.262809627000024, -2.779069183999979 ], [ 115.262552462000031, -2.780106571999966 ], [ 115.262547655000049, -2.780234313999927 ], [ 115.262545798000019, -2.780283676999943 ], [ 115.262545607000106, -2.780288746999929 ], [ 115.262513056000103, -2.781153802999938 ], [ 115.262555908000081, -2.781223029999978 ], [ 115.263563784000098, -2.782851213999948 ], [ 115.263958302000106, -2.783488542999976 ], [ 115.264605919000019, -2.784489471999962 ], [ 115.264807019000045, -2.784800283999971 ], [ 115.264988029000051, -2.785080043999926 ], [ 115.264227582000103, -2.78558357199995 ], [ 115.264180382000063, -2.785563148999927 ], [ 115.2633984040001, -2.785696751999978 ], [ 115.263359853000111, -2.785838860999945 ], [ 115.262176153000041, -2.784914024999978 ], [ 115.261835961000088, -2.784456520999925 ], [ 115.261230377000061, -2.784189040999934 ], [ 115.260795948, -2.783426731999953 ], [ 115.260567526000045, -2.783372084999939 ], [ 115.259754792000081, -2.783177647999935 ], [ 115.259080691, -2.78238056899994 ], [ 115.258658362, -2.781881191999958 ], [ 115.257920084000034, -2.781708721999962 ], [ 115.257323904000032, -2.780963638999935 ], [ 115.257050590000063, -2.780622060999974 ], [ 115.256946818000074, -2.779866088999938 ], [ 115.256825755000023, -2.778984152999953 ], [ 115.256703378000111, -2.77849841099993 ], [ 115.256098162000058, -2.777983390999964 ], [ 115.256402097000091, -2.777336428999945 ], [ 115.256891736000057, -2.77690328999995 ], [ 115.257046779, -2.776766137999971 ], [ 115.256990835000011, -2.776175765999938 ], [ 115.256517811000094, -2.775908482999967 ], [ 115.255172840000114, -2.776230193999936 ], [ 115.254359278000038, -2.776162390999957 ], [ 115.253544493000049, -2.776094485999977 ], [ 115.252505732000031, -2.775173837999944 ], [ 115.252296304000083, -2.77498822299998 ], [ 115.250226130000101, -2.772690644999955 ], [ 115.249678009000036, -2.771985293999933 ], [ 115.249600950000058, -2.770927897999968 ], [ 115.249599044000092, -2.770901744999946 ], [ 115.249529512000095, -2.769947633999948 ], [ 115.24912563800001, -2.767728699999964 ], [ 115.24854154500008, -2.765728475999936 ], [ 115.248420681000084, -2.764214498999934 ], [ 115.248762902000067, -2.763281972999948 ], [ 115.248926133000055, -2.762773378999952 ], [ 115.249428714000032, -2.761207436999939 ], [ 115.24975090800001, -2.761017498999934 ], [ 115.249898317000088, -2.761089589999926 ], [ 115.250101908000033, -2.761189156999933 ], [ 115.250591780000036, -2.761923521999961 ], [ 115.251048266000112, -2.761651979999954 ], [ 115.251368707000097, -2.761461365999935 ], [ 115.252207033000104, -2.760926661999974 ], [ 115.252950125000098, -2.760430097999972 ], [ 115.253370067000105, -2.760113204999925 ], [ 115.25366133600005, -2.759893408999972 ], [ 115.254028177, -2.76030009699997 ], [ 115.254149352000013, -2.760490252999944 ], [ 115.254284563000056, -2.760702432999949 ], [ 115.254498665000028, -2.760731459999931 ], [ 115.254769999000018, -2.760674437999967 ], [ 115.254983933000062, -2.760818309999934 ], [ 115.255183760000023, -2.760847316999957 ], [ 115.255126968000013, -2.760631897999929 ], [ 115.25515577200008, -2.760459672999957 ], [ 115.255284426000117, -2.760345017999953 ], [ 115.255427525000073, -2.760115538999969 ], [ 115.255527731000029, -2.759929062999959 ], [ 115.255742125000097, -2.759757112999978 ], [ 115.255970588000082, -2.759728736999932 ], [ 115.256298901000036, -2.759757932999946 ], [ 115.256612916000108, -2.759801461999928 ], [ 115.256755637000083, -2.75983038399994 ], [ 115.257083846000114, -2.759931356999971 ], [ 115.257283484000027, -2.760089562999951 ], [ 115.257354572000054, -2.760290646999977 ], [ 115.257268391000025, -2.760649410999974 ], [ 115.257182463000049, -2.760835907999933 ], [ 115.257153658000107, -2.761008132999962 ], [ 115.257182001000047, -2.761151731999973 ], [ 115.257310425000014, -2.761194987999943 ], [ 115.257638801000098, -2.761181115999932 ], [ 115.257967198000074, -2.761152888999959 ], [ 115.258452468000087, -2.761239737999972 ], [ 115.258866106000028, -2.761498747999951 ], [ 115.258951428000046, -2.761728564999942 ], [ 115.258965370000055, -2.761958275999973 ], [ 115.2589222900001, -2.762130479999939 ], [ 115.259078995000095, -2.762360402999946 ], [ 115.259436072000085, -2.762246081999933 ], [ 115.259636023000098, -2.762188953999953 ], [ 115.259792938000032, -2.762275318999968 ], [ 115.259905192000019, -2.762361582999972 ], [ 115.259932261000017, -2.762382383999977 ], [ 115.260092407000116, -2.762505450999925 ], [ 115.260334749000094, -2.762749853999935 ], [ 115.260534158000041, -2.763065971999936 ], [ 115.260690885000031, -2.763281538999934 ], [ 115.260890588000052, -2.763396676999946 ], [ 115.261118821000082, -2.763526213999967 ], [ 115.261261313000091, -2.763713048999932 ], [ 115.261289636000015, -2.763871001999973 ], [ 115.26136062, -2.764143863999948 ], [ 115.261431814000048, -2.764273169999967 ], [ 115.261659798000096, -2.76457497499996 ], [ 115.261845329000039, -2.76461831499995 ], [ 115.261802165000063, -2.76484794299995 ], [ 115.261859104000109, -2.764962871999955 ], [ 115.262016102000075, -2.764991813999927 ], [ 115.262272952000103, -2.76507832599998 ], [ 115.262458356000025, -2.765207799999928 ], [ 115.262715185000047, -2.765308667999932 ], [ 115.262886397000102, -2.765380697999944 ], [ 115.263057820000085, -2.765309171999945 ], [ 115.263186640000072, -2.765079670999967 ], [ 115.263386719000096, -2.764936407999926 ], [ 115.263615099000049, -2.764965454999981 ], [ 115.263985870000056, -2.765253113999961 ], [ 115.264299929000117, -2.765267931999972 ], [ 115.264785243, -2.765326067999979 ], [ 115.265013771000099, -2.765254624999955 ], [ 115.26511370500009, -2.765254771999935 ], [ 115.265527639000084, -2.765312802999972 ], [ 115.265889217000108, -2.765375541999958 ], [ 115.265942839000104, -2.765385138999932 ], [ 115.265981974000056, -2.765392142999929 ], [ 115.266091415, -2.765411728999936 ], [ 115.266234006000104, -2.765531568999961 ], [ 115.266400268000098, -2.765735185999972 ], [ 115.266452851000054, -2.765915933999963 ], [ 115.266518648000101, -2.766142104999972 ], [ 115.266601632000061, -2.766345598999976 ], [ 115.2669721850001, -2.766639245999954 ], [ 115.266985342000112, -2.76665318199997 ], [ 115.267136062000077, -2.766812830999925 ] ] ] } },
{ "type": "Feature", "properties": { "village_id": "63.06.05.1001", "village_name": "Kandangan Kota", "admin_type": "Kelurahan", "district_id": "63.06.05", "district_name": "Kandangan", "regency_code": "63.06", "regency_name": "Hulu Sungai Selatan", "province_name": "Kalimantan Selatan", "area_ha_source": 156.53282849000001, "boundary_basis": "Hasil Delineasi Batas Desa 2018", "metadata_source": "TASWIL1000020230928_DATA_BATAS_DESAKELURAHAN" }, "geometry": { "type": "Polygon", "coordinates": [ [ [ 115.275565615, -2.779310066999926 ], [ 115.276227014000028, -2.780381057999932 ], [ 115.276824587000078, -2.781348694999963 ], [ 115.276967626000101, -2.781580315999975 ], [ 115.278134381000086, -2.78346961699998 ], [ 115.278389600000082, -2.783882885999958 ], [ 115.279125303000114, -2.785074192999957 ], [ 115.280707183000118, -2.788300978999928 ], [ 115.284408999000107, -2.790657597999939 ], [ 115.284464628000023, -2.791185943999949 ], [ 115.285127136000028, -2.792310653999948 ], [ 115.285361679000061, -2.792708826999956 ], [ 115.285440269000105, -2.792842245999964 ], [ 115.285382, -2.792884726999944 ], [ 115.285383060000072, -2.79289388899997 ], [ 115.284935717000053, -2.793259313999954 ], [ 115.28461290100006, -2.793868178999958 ], [ 115.283854835000056, -2.794266943999958 ], [ 115.283418699000094, -2.794666181999958 ], [ 115.283361252000077, -2.795104059999971 ], [ 115.283133397000029, -2.795522644999949 ], [ 115.282811326000115, -2.795617379999953 ], [ 115.282470595000063, -2.795521669999971 ], [ 115.282445638000013, -2.795472698999959 ], [ 115.282130697000071, -2.794854706999956 ], [ 115.282226102000095, -2.794359759999963 ], [ 115.282208162000074, -2.793674227999929 ], [ 115.282038781000097, -2.793487141999947 ], [ 115.281811120000043, -2.793235681999931 ], [ 115.28135721000001, -2.79283513699994 ], [ 115.280922128000043, -2.792510786999969 ], [ 115.280486659000076, -2.792453019999925 ], [ 115.27997593900011, -2.79205239099997 ], [ 115.279370397000093, -2.791746831999944 ], [ 115.278803033000031, -2.791231867999954 ], [ 115.278728908000062, -2.79090167499993 ], [ 115.278708959000028, -2.790812810999967 ], [ 115.278264784000044, -2.790231382999934 ], [ 115.277658965000114, -2.790116239999975 ], [ 115.277469672000052, -2.790198665999981 ], [ 115.277223137000078, -2.790306015999931 ], [ 115.276817506000043, -2.790590637999969 ], [ 115.276654443000098, -2.790705055999979 ], [ 115.276143144000116, -2.790704301999938 ], [ 115.275669802000039, -2.790646478999975 ], [ 115.2756322890001, -2.79039888099993 ], [ 115.275633066000069, -2.789865712999926 ], [ 115.275823463000052, -2.789161449999938 ], [ 115.275520859000039, -2.788894417999927 ], [ 115.275199375000057, -2.788589276999971 ], [ 115.275197103000096, -2.788566677999938 ], [ 115.275124709000011, -2.787846538999929 ], [ 115.27511108300007, -2.787431535999929 ], [ 115.275106578000077, -2.787294300999974 ], [ 115.275031439000031, -2.786875271999975 ], [ 115.27482352100003, -2.786608380999951 ], [ 115.274644038000019, -2.78662014799994 ], [ 115.274330850000069, -2.786640679999948 ], [ 115.274255359000108, -2.786645627999974 ], [ 115.273648877000028, -2.786987484999941 ], [ 115.273156433000054, -2.787043884999946 ], [ 115.272588909000092, -2.78664317199997 ], [ 115.272210894000068, -2.786147528999948 ], [ 115.271832878000055, -2.785651887999961 ], [ 115.271277335000036, -2.785407411999927 ], [ 115.271094813000104, -2.785327089999953 ], [ 115.271046526000077, -2.785366275999934 ], [ 115.270696666000049, -2.785650210999961 ], [ 115.270660956000029, -2.785744216999944 ], [ 115.270471216000033, -2.786243714999955 ], [ 115.270440031000021, -2.786325812999962 ], [ 115.270477737000078, -2.786440118999963 ], [ 115.270249744000012, -2.78695390799993 ], [ 115.270218415000045, -2.78694239999993 ], [ 115.270041549000098, -2.786877433999962 ], [ 115.269932950000111, -2.78687322899998 ], [ 115.269530281000016, -2.786857636999969 ], [ 115.269094762, -2.786837951999928 ], [ 115.268829562000064, -2.786894684999936 ], [ 115.268779013000085, -2.787006073999976 ], [ 115.268734572000085, -2.787104002999968 ], [ 115.268704934000084, -2.787163386999964 ], [ 115.268614837000086, -2.787343914999951 ], [ 115.268582630000083, -2.787408444999926 ], [ 115.268695723000064, -2.787770404999947 ], [ 115.268865738000045, -2.788056280999967 ], [ 115.269073737000099, -2.788266046999979 ], [ 115.269458304000068, -2.78856576499993 ], [ 115.26948987500009, -2.788590370999941 ], [ 115.269420032000085, -2.788679483999942 ], [ 115.26928118, -2.788856645999942 ], [ 115.269091309000032, -2.789199115999963 ], [ 115.26902662100008, -2.789247749999959 ], [ 115.268863815000032, -2.789370154999972 ], [ 115.267988689000049, -2.789703060999955 ], [ 115.267992327000115, -2.789635448999945 ], [ 115.26787876100002, -2.789597196999978 ], [ 115.267785303000096, -2.789556758999936 ], [ 115.267216388000065, -2.789310591999936 ], [ 115.267162755000072, -2.789240269999937 ], [ 115.266649369000106, -2.788567126999965 ], [ 115.26646611700005, -2.788167962999978 ], [ 115.266290712000114, -2.787785887999974 ], [ 115.265630807000093, -2.787342104999937 ], [ 115.265627814000027, -2.787340091999965 ], [ 115.265609654000059, -2.787327879999964 ], [ 115.26513515900001, -2.786750800999926 ], [ 115.265250929000103, -2.786665288999927 ], [ 115.265117238000016, -2.786440487999926 ], [ 115.26507704900007, -2.78630116599993 ], [ 115.264961671000037, -2.785901209999963 ], [ 115.264227582000103, -2.78558357199995 ], [ 115.264988029000051, -2.785080043999926 ], [ 115.264807019000045, -2.784800283999971 ], [ 115.264605919000019, -2.784489471999962 ], [ 115.263958302000106, -2.783488542999976 ], [ 115.263563784000098, -2.782851213999948 ], [ 115.262555908000081, -2.781223029999978 ], [ 115.262513056000103, -2.781153802999938 ], [ 115.262545607000106, -2.780288746999929 ], [ 115.262545798000019, -2.780283676999943 ], [ 115.262547655000049, -2.780234313999927 ], [ 115.262552462000031, -2.780106571999966 ], [ 115.262809627000024, -2.779069183999979 ], [ 115.26293294300001, -2.778676660999963 ], [ 115.262997034000023, -2.778472651999948 ], [ 115.263052399000117, -2.77851271399993 ], [ 115.263368124000067, -2.778786736999962 ], [ 115.263450001000024, -2.778857799999969 ], [ 115.264000800000076, -2.779600599999981 ], [ 115.264140726000051, -2.779812928999945 ], [ 115.265032400000109, -2.781166 ], [ 115.265086506000102, -2.781235642999945 ], [ 115.265088989000105, -2.781238836999933 ], [ 115.265446317000055, -2.781698763999941 ], [ 115.265448381000056, -2.78170142099998 ], [ 115.265537400000085, -2.781816 ], [ 115.265735501000108, -2.782098499999961 ], [ 115.265964329000099, -2.781936406999932 ], [ 115.266686272000015, -2.781425006999939 ], [ 115.267730801000084, -2.780685099999971 ], [ 115.268029401000035, -2.78112189999996 ], [ 115.268359700000019, -2.78160490099998 ], [ 115.269455729000015, -2.78318687899997 ], [ 115.269566676000068, -2.783347014999947 ], [ 115.269569814000079, -2.78335154499996 ], [ 115.269593716000031, -2.783386044999929 ], [ 115.269676200000049, -2.783505099999957 ], [ 115.271390601, -2.782191499999954 ], [ 115.271586282000044, -2.782058311999947 ], [ 115.271592320000082, -2.782054201999927 ], [ 115.27178670100011, -2.781921899999929 ], [ 115.272220298000093, -2.781717485999934 ], [ 115.272227156000099, -2.781714252999961 ], [ 115.272511742, -2.781452399999978 ], [ 115.273326544000042, -2.78088080699996 ], [ 115.273467121000067, -2.780782190999957 ], [ 115.275565615, -2.779310066999926 ] ] ] } },
{ "type": "Feature", "properties": { "village_id": "63.06.05.1002", "village_name": "Kandangan Utara", "admin_type": "Kelurahan", "district_id": "63.06.05", "district_name": "Kandangan", "regency_code": "63.06", "regency_name": "Hulu Sungai Selatan", "province_name": "Kalimantan Selatan", "area_ha_source": 159.961432516, "boundary_basis": "Hasil Delineasi Batas Desa 2018", "metadata_source": "TASWIL1000020230928_DATA_BATAS_DESAKELURAHAN" }, "geometry": { "type": "Polygon", "coordinates": [ [ [ 115.274635506000095, -2.770187789999966 ], [ 115.27468336000004, -2.770734566999977 ], [ 115.274685003000059, -2.770753333999949 ], [ 115.274854553000068, -2.772690627999964 ], [ 115.275123969000106, -2.775769023999942 ], [ 115.275394506000112, -2.778860238999926 ], [ 115.275565615, -2.779310066999926 ], [ 115.273467121000067, -2.780782190999957 ], [ 115.273326544000042, -2.78088080699996 ], [ 115.272511742, -2.781452399999978 ], [ 115.272227156000099, -2.781714252999961 ], [ 115.272220298000093, -2.781717485999934 ], [ 115.27178670100011, -2.781921899999929 ], [ 115.271592320000082, -2.782054201999927 ], [ 115.271586282000044, -2.782058311999947 ], [ 115.271390601, -2.782191499999954 ], [ 115.269676200000049, -2.783505099999957 ], [ 115.269593716000031, -2.783386044999929 ], [ 115.269569814000079, -2.78335154499996 ], [ 115.269566676000068, -2.783347014999947 ], [ 115.269455729000015, -2.78318687899997 ], [ 115.268359700000019, -2.78160490099998 ], [ 115.268029401000035, -2.78112189999996 ], [ 115.267730801000084, -2.780685099999971 ], [ 115.266686272000015, -2.781425006999939 ], [ 115.265964329000099, -2.781936406999932 ], [ 115.265735501000108, -2.782098499999961 ], [ 115.265537400000085, -2.781816 ], [ 115.265448381000056, -2.78170142099998 ], [ 115.265446317000055, -2.781698763999941 ], [ 115.265088989000105, -2.781238836999933 ], [ 115.265086506000102, -2.781235642999945 ], [ 115.265032400000109, -2.781166 ], [ 115.264140726000051, -2.779812928999945 ], [ 115.264000800000076, -2.779600599999981 ], [ 115.263450001000024, -2.778857799999969 ], [ 115.263368124000067, -2.778786736999962 ], [ 115.263052399000117, -2.77851271399993 ], [ 115.262997034000023, -2.778472651999948 ], [ 115.263216727000099, -2.778094123999949 ], [ 115.263236775000109, -2.778010800999937 ], [ 115.263458256000035, -2.777586414999973 ], [ 115.263505062000036, -2.777462881999952 ], [ 115.263510194000105, -2.777449334999972 ], [ 115.263511573000073, -2.777445696999962 ], [ 115.26361590700003, -2.777170331999969 ], [ 115.263676244000067, -2.776679387999934 ], [ 115.263748668000062, -2.776090111999963 ], [ 115.263767613000027, -2.775935966999953 ], [ 115.263940440000056, -2.774902611999948 ], [ 115.2639561310001, -2.774862872999961 ], [ 115.263967031000107, -2.774835270999972 ], [ 115.263968761000115, -2.774830885999961 ], [ 115.264184042000011, -2.774285675999977 ], [ 115.264749880000068, -2.772972963999962 ], [ 115.264896841000109, -2.772636532999968 ], [ 115.264913553000042, -2.77259827499995 ], [ 115.265099346000056, -2.77217294899998 ], [ 115.265156972000113, -2.772041024999965 ], [ 115.265166504000035, -2.772019203999946 ], [ 115.265351500000065, -2.771595702999946 ], [ 115.265509248000058, -2.771247406999976 ], [ 115.265514509000013, -2.771235789999935 ], [ 115.265916850000053, -2.770347447999939 ], [ 115.2660174990001, -2.77012522299998 ], [ 115.266448761000106, -2.769165118999979 ], [ 115.266452535000099, -2.769156719999955 ], [ 115.266893055000082, -2.768176002999951 ], [ 115.266911528000037, -2.768134876999966 ], [ 115.266920281000012, -2.768115389999934 ], [ 115.266922113000078, -2.768111312999963 ], [ 115.266960155000106, -2.768026621999979 ], [ 115.266966797, -2.768011547999947 ], [ 115.267065090000074, -2.768053690999977 ], [ 115.267240934000029, -2.768129083999952 ], [ 115.267351488000031, -2.768169426999975 ], [ 115.272831270000097, -2.770169114999931 ], [ 115.274635506000095, -2.770187789999966 ] ] ] } },
{ "type": "Feature", "properties": { "village_id": "63.06.06.2011", "village_name": "Kapuh", "admin_type": "Desa", "district_id": "63.06.06", "district_name": "Simpur", "regency_code": "63.06", "regency_name": "Hulu Sungai Selatan", "province_name": "Kalimantan Selatan", "area_ha_source": 244.279238136, "boundary_basis": "Hasil Delineasi Batas Desa 2018", "metadata_source": "TASWIL1000020230928_DATA_BATAS_DESAKELURAHAN" }, "geometry": { "type": "Polygon", "coordinates": [ [ [ 115.247314619, -2.80353467499998 ], [ 115.24683849500002, -2.803962178999939 ], [ 115.245945791000054, -2.806080306999945 ], [ 115.245589096000117, -2.806926630999953 ], [ 115.245522656000048, -2.807010593999962 ], [ 115.240828056000055, -2.812943355999948 ], [ 115.240617358, -2.813209623999967 ], [ 115.238688303000117, -2.815647412999965 ], [ 115.238620244000117, -2.815733420999948 ], [ 115.236514744000033, -2.816200527999968 ], [ 115.231797618000087, -2.817247010999949 ], [ 115.229590224000049, -2.818894213999954 ], [ 115.228810385000088, -2.814588226999945 ], [ 115.228423182000029, -2.812450245999969 ], [ 115.228186683000104, -2.811144387999946 ], [ 115.227338241000098, -2.810783653999977 ], [ 115.226596053000094, -2.810512165999967 ], [ 115.22615534900001, -2.810107287999926 ], [ 115.225198808000073, -2.809179296999957 ], [ 115.224806194000053, -2.808672471999955 ], [ 115.22447782900008, -2.808172785999943 ], [ 115.224111312000105, -2.807690222999952 ], [ 115.223975375, -2.807232081999928 ], [ 115.224068105000015, -2.80709285599994 ], [ 115.225020869000105, -2.805948735999948 ], [ 115.225550733000091, -2.805350181999927 ], [ 115.226690495000071, -2.804062664999947 ], [ 115.226814461000117, -2.804003493999971 ], [ 115.226997580000102, -2.803933108999956 ], [ 115.227367687000083, -2.803828602999943 ], [ 115.227556854000113, -2.803778633999968 ], [ 115.227767433000054, -2.803778633999968 ], [ 115.228197720000026, -2.80382084699994 ], [ 115.231484353000042, -2.805367290999925 ], [ 115.232516451000038, -2.805852917999971 ], [ 115.233466631000056, -2.806299998999975 ], [ 115.233733799000106, -2.806382072999952 ], [ 115.233948324000039, -2.806447972999933 ], [ 115.234566983000036, -2.806428936999964 ], [ 115.234976251000035, -2.806381348999935 ], [ 115.235090464000109, -2.806419419999941 ], [ 115.23520467700007, -2.806533634999937 ], [ 115.235395034000021, -2.806695436999973 ], [ 115.235613945000068, -2.806828687999939 ], [ 115.235994659000085, -2.80695241799998 ], [ 115.236185017000025, -2.80697145399995 ], [ 115.236489587000051, -2.807009524999955 ], [ 115.236822712000048, -2.80695241799998 ], [ 115.237051138000083, -2.80695241799998 ], [ 115.237612691000095, -2.80670495499993 ], [ 115.23790774500003, -2.806295686999931 ], [ 115.237983887000041, -2.80620050999994 ], [ 115.238469297000051, -2.805991116999962 ], [ 115.238811942000098, -2.805800758999965 ], [ 115.2387874960001, -2.805693 ], [ 115.239239587000043, -2.805517003999967 ], [ 115.242272225000079, -2.804336410999952 ], [ 115.242971202000035, -2.804225274999965 ], [ 115.239403968000033, -2.802222868999934 ], [ 115.239903319000064, -2.801354339999932 ], [ 115.240487292000012, -2.800458382999977 ], [ 115.240721372000053, -2.800099247999981 ], [ 115.24094552400004, -2.799755342999958 ], [ 115.241250097000034, -2.79965730899994 ], [ 115.241449970000076, -2.799628754999958 ], [ 115.241659364000043, -2.799695379999946 ], [ 115.241773577000117, -2.79965730899994 ], [ 115.241878273000111, -2.799428880999926 ], [ 115.242087667000078, -2.799190934999956 ], [ 115.242287539000017, -2.79920045199998 ], [ 115.242582592000076, -2.799124308999978 ], [ 115.242915717000074, -2.799029129999951 ], [ 115.243096557000058, -2.798724559999926 ], [ 115.243344020000109, -2.798781666999957 ], [ 115.243448719000071, -2.798972022999976 ], [ 115.243363055000032, -2.799324182999953 ], [ 115.243363055000032, -2.799562130999959 ], [ 115.242925237, -2.800028505999933 ], [ 115.242316094000103, -2.800694753999949 ], [ 115.242395408000107, -2.800916438999934 ], [ 115.242585766000047, -2.801040172999933 ], [ 115.242823711000028, -2.801144867999938 ], [ 115.24297599700003, -2.801221010999939 ], [ 115.243090212000084, -2.801316188999976 ], [ 115.243213942000011, -2.801449439999942 ], [ 115.243413819000011, -2.801573170999973 ], [ 115.243556586000068, -2.80165883199993 ], [ 115.243842123000036, -2.801744491999955 ], [ 115.244080069, -2.801839671999971 ], [ 115.244213319000096, -2.801944366999976 ], [ 115.244394155, -2.80212520699996 ], [ 115.244527407000078, -2.802401224999926 ], [ 115.24459403000003, -2.802639169999964 ], [ 115.244736800000055, -2.80291518699994 ], [ 115.244946191000054, -2.803067472999942 ], [ 115.245336423000026, -2.803124580999963 ], [ 115.245660029000078, -2.803153132999967 ], [ 115.245983638000098, -2.803105543999948 ], [ 115.246193029000096, -2.803172167999946 ], [ 115.246488083000031, -2.803324453999949 ], [ 115.246726028000012, -2.803429151999978 ], [ 115.247314619, -2.80353467499998 ] ] ] } },
{ "type": "Feature", "properties": { "village_id": "63.06.09.2004", "village_name": "Karang Bulan", "admin_type": "Desa", "district_id": "63.06.09", "district_name": "Kalumpang", "regency_code": "63.06", "regency_name": "Hulu Sungai Selatan", "province_name": "Kalimantan Selatan", "area_ha_source": 1465.8025285599999, "boundary_basis": "Hasil Delineasi Batas Desa 2018", "metadata_source": "TASWIL1000020230928_DATA_BATAS_DESAKELURAHAN" }, "geometry": { "type": "Polygon", "coordinates": [ [ [ 115.149322253000037, -2.826556866999965 ], [ 115.149317265000036, -2.826594623999938 ], [ 115.147291016000054, -2.826560907999976 ], [ 115.144490666000024, -2.825566537999975 ], [ 115.142371750000052, -2.824649404999946 ], [ 115.141813383000112, -2.824536182999964 ], [ 115.141236203000062, -2.824419145999968 ], [ 115.140326991000052, -2.824722260999977 ], [ 115.139493870000024, -2.824797062999949 ], [ 115.139167093000083, -2.82503522199994 ], [ 115.139149197000052, -2.824935331999939 ], [ 115.138778974000047, -2.825004513999943 ], [ 115.138421795000113, -2.825011917999973 ], [ 115.136980564000055, -2.809983042999932 ], [ 115.136679711000056, -2.808688115999928 ], [ 115.125316580000117, -2.785106843999927 ], [ 115.118652306000058, -2.771512387999962 ], [ 115.106431957000041, -2.745964957999945 ], [ 115.111403755000083, -2.742244708999976 ], [ 115.114165859000082, -2.740208894999967 ], [ 115.116222791000041, -2.738692825999976 ], [ 115.133146333000013, -2.769348383999954 ], [ 115.13529690900009, -2.773243930999968 ], [ 115.137459979000027, -2.778053647999968 ], [ 115.141505987000073, -2.787050170999976 ], [ 115.146307977000106, -2.797727621999968 ], [ 115.149597688000085, -2.805042423999964 ], [ 115.150698614000021, -2.807490370999972 ], [ 115.150516122000113, -2.809651021999969 ], [ 115.150577619000046, -2.809792381999955 ], [ 115.150279003000037, -2.812619993999931 ], [ 115.15018937100001, -2.813468721999925 ], [ 115.148973052000088, -2.816436410999927 ], [ 115.149046733000091, -2.817730980999954 ], [ 115.149527459000069, -2.825003534999951 ], [ 115.149322253000037, -2.826556866999965 ] ] ] } },
{ "type": "Feature", "properties": { "village_id": "63.06.02.2002", "village_name": "Karang Jawa", "admin_type": "Desa", "district_id": "63.06.02", "district_name": "Padang Batung", "regency_code": "63.06", "regency_name": "Hulu Sungai Selatan", "province_name": "Kalimantan Selatan", "area_ha_source": 361.09997777400002, "boundary_basis": "Hasil Delineasi Batas Desa 2018", "metadata_source": "TASWIL1000020230928_DATA_BATAS_DESAKELURAHAN" }, "geometry": { "type": "Polygon", "coordinates": [ [ [ 115.303872333000072, -2.796015587999932 ], [ 115.302307621000068, -2.796199600999955 ], [ 115.301230004000104, -2.796198033999929 ], [ 115.300091984, -2.796314735999943 ], [ 115.300027869000019, -2.796321310999929 ], [ 115.297874383000021, -2.795109575999959 ], [ 115.294188406000103, -2.793187118999981 ], [ 115.292169329000103, -2.792339924999965 ], [ 115.291002527000046, -2.791850337999961 ], [ 115.289218137000034, -2.792238130999976 ], [ 115.288371173000087, -2.792594074999954 ], [ 115.288174686000048, -2.791667909999944 ], [ 115.288004002000093, -2.790863375999947 ], [ 115.287352981000026, -2.790253736999944 ], [ 115.28635444400004, -2.789198472999942 ], [ 115.284709800000087, -2.787881826999978 ], [ 115.283371541000065, -2.784401442999979 ], [ 115.282696976000011, -2.783068648999972 ], [ 115.282654683000032, -2.782918833999929 ], [ 115.288092020000022, -2.78273586399996 ], [ 115.288151735000042, -2.782740582999963 ], [ 115.288150165000047, -2.782715052999947 ], [ 115.293092812000054, -2.780946012999948 ], [ 115.295341719000021, -2.780355414999974 ], [ 115.298852344000011, -2.776612467999939 ], [ 115.30115790800005, -2.774123994999968 ], [ 115.307877207000047, -2.766871512999955 ], [ 115.307898114000068, -2.766848943999946 ], [ 115.310217734000048, -2.766929737999931 ], [ 115.312030334000042, -2.766823818999967 ], [ 115.311568742000077, -2.767315577999966 ], [ 115.31134286200006, -2.76755621999996 ], [ 115.310970017000045, -2.767789798999956 ], [ 115.310502717000077, -2.768959694999978 ], [ 115.310175242000014, -2.770036145999939 ], [ 115.30998812100006, -2.770644570999934 ], [ 115.309446567, -2.770927699999959 ], [ 115.308142965000116, -2.771609231999946 ], [ 115.307844569000054, -2.771765235999965 ], [ 115.307284735000053, -2.772513591999939 ], [ 115.306118430000083, -2.774057057999926 ], [ 115.305230239000025, -2.776490548999959 ], [ 115.304203753000024, -2.777940564999938 ], [ 115.303459124000028, -2.777658555999949 ], [ 115.302807021000035, -2.777798080999958 ], [ 115.302620096000055, -2.778266035999934 ], [ 115.301359644000058, -2.780511688999979 ], [ 115.301964314000088, -2.780980787999965 ], [ 115.302382924000085, -2.781309148999981 ], [ 115.302102664000017, -2.781917436999947 ], [ 115.302381450000098, -2.782339240999931 ], [ 115.302240280000092, -2.783369128999936 ], [ 115.30262050500005, -2.784399189999931 ], [ 115.302994848000026, -2.786388199999976 ], [ 115.303872333000072, -2.796015587999932 ] ] ] } },
{ "type": "Feature", "properties": { "village_id": "63.06.02.2001", "village_name": "Karang Jawa Muka", "admin_type": "Desa", "district_id": "63.06.02", "district_name": "Padang Batung", "regency_code": "63.06", "regency_name": "Hulu Sungai Selatan", "province_name": "Kalimantan Selatan", "area_ha_source": 140.63041673500001, "boundary_basis": "Hasil Delineasi Batas Desa 2018", "metadata_source": "TASWIL1000020230928_DATA_BATAS_DESAKELURAHAN" }, "geometry": { "type": "Polygon", "coordinates": [ [ [ 115.282654683000032, -2.782918833999929 ], [ 115.282696976000011, -2.783068648999972 ], [ 115.283371541000065, -2.784401442999979 ], [ 115.284709800000087, -2.787881826999978 ], [ 115.28635444400004, -2.789198472999942 ], [ 115.287352981000026, -2.790253736999944 ], [ 115.288004002000093, -2.790863375999947 ], [ 115.288174686000048, -2.791667909999944 ], [ 115.288371173000087, -2.792594074999954 ], [ 115.288401737000072, -2.792720146999955 ], [ 115.288088474, -2.792590566999934 ], [ 115.287713539000038, -2.792580342999941 ], [ 115.287299242000017, -2.792614751999963 ], [ 115.286875602, -2.792779139999936 ], [ 115.286456912000062, -2.792995463999944 ], [ 115.286138064000056, -2.793081125999947 ], [ 115.28570825700001, -2.793157564999944 ], [ 115.285463346000029, -2.792840461999958 ], [ 115.285447627000053, -2.792841143999965 ], [ 115.285444023000082, -2.792844087999924 ], [ 115.285442222000029, -2.792845559999932 ], [ 115.285440269000105, -2.792842245999964 ], [ 115.285361679000061, -2.792708826999956 ], [ 115.285127136000028, -2.792310653999948 ], [ 115.284464628000023, -2.791185943999949 ], [ 115.284408999000107, -2.790657597999939 ], [ 115.280707183000118, -2.788300978999928 ], [ 115.279125303000114, -2.785074192999957 ], [ 115.278389600000082, -2.783882885999958 ], [ 115.278134381000086, -2.78346961699998 ], [ 115.276967626000101, -2.781580315999975 ], [ 115.276824587000078, -2.781348694999963 ], [ 115.276227014000028, -2.780381057999932 ], [ 115.275565615, -2.779310066999926 ], [ 115.275394506000112, -2.778860238999926 ], [ 115.275123969000106, -2.775769023999942 ], [ 115.274854553000068, -2.772690627999964 ], [ 115.274685003000059, -2.770753333999949 ], [ 115.27468336000004, -2.770734566999977 ], [ 115.274635506000095, -2.770187789999966 ], [ 115.27468181200004, -2.770188268999959 ], [ 115.276042620000112, -2.770202352999945 ], [ 115.27722528400011, -2.770214590999956 ], [ 115.278054295000061, -2.770223168999962 ], [ 115.278727872000104, -2.770230137999931 ], [ 115.280324645000064, -2.769481843999927 ], [ 115.280557049000095, -2.769372931999953 ], [ 115.280471447000082, -2.770278815999973 ], [ 115.280374234000078, -2.77203051999993 ], [ 115.280374264000102, -2.77203069199993 ], [ 115.280524490000062, -2.772887620999938 ], [ 115.280625156000042, -2.773141750999969 ], [ 115.280788643000051, -2.773554469999965 ], [ 115.281146901000056, -2.774621335999939 ], [ 115.281146836000062, -2.774621855999953 ], [ 115.281065737000063, -2.775266620999957 ], [ 115.280821232000108, -2.777210544999946 ], [ 115.280821305000018, -2.777210676999971 ], [ 115.281274530000019, -2.778030005999938 ], [ 115.281396338000036, -2.778461475999961 ], [ 115.282071397000095, -2.780852695999954 ], [ 115.282654683000032, -2.782918833999929 ] ] ] } },
{ "type": "Feature", "properties": { "village_id": "63.06.09.2002", "village_name": "Karang Paci", "admin_type": "Desa", "district_id": "63.06.09", "district_name": "Kalumpang", "regency_code": "63.06", "regency_name": "Hulu Sungai Selatan", "province_name": "Kalimantan Selatan", "area_ha_source": 375.38813490500002, "boundary_basis": "Hasil Delineasi Batas Desa 2018", "metadata_source": "TASWIL1000020230928_DATA_BATAS_DESAKELURAHAN" }, "geometry": { "type": "Polygon", "coordinates": [ [ [ 115.139167093000083, -2.82503522199994 ], [ 115.139424334000068, -2.826470886999971 ], [ 115.139468856, -2.827564142999961 ], [ 115.139675154000088, -2.828750696999975 ], [ 115.139678826000022, -2.828785494999977 ], [ 115.139834667000059, -2.830262805999951 ], [ 115.139925859000073, -2.83110028699997 ], [ 115.140130077000094, -2.833589356999937 ], [ 115.140175265000039, -2.834263948999933 ], [ 115.140220190000036, -2.835101354999949 ], [ 115.14038749100007, -2.838974291999932 ], [ 115.140281144000028, -2.842760477999946 ], [ 115.140264594000087, -2.843349668999963 ], [ 115.140218068000081, -2.843334592999952 ], [ 115.140218476000086, -2.84337762499996 ], [ 115.140198869000074, -2.844054943999936 ], [ 115.14003608500002, -2.844003028999964 ], [ 115.139674731000014, -2.843883396999956 ], [ 115.139220046000105, -2.843725645999939 ], [ 115.138479048000022, -2.84356261299996 ], [ 115.137411564000104, -2.843344339999931 ], [ 115.137362154000016, -2.843334236999965 ], [ 115.136265513000012, -2.843096465999963 ], [ 115.135420286000112, -2.842983606999951 ], [ 115.134626353000044, -2.842836525999928 ], [ 115.134276333000116, -2.842775925999945 ], [ 115.133585053000047, -2.842517523999959 ], [ 115.132842577000019, -2.842233310999973 ], [ 115.13184999900011, -2.841859484999929 ], [ 115.131289527000035, -2.841663624999967 ], [ 115.131212656000116, -2.841636761999951 ], [ 115.130844007000064, -2.841507934999925 ], [ 115.129890710000041, -2.841220713999974 ], [ 115.129741199000023, -2.841175666999959 ], [ 115.12866129300005, -2.840886066999929 ], [ 115.127301576000036, -2.840586413999972 ], [ 115.126051590000088, -2.840264905999959 ], [ 115.125013705000015, -2.839979470999936 ], [ 115.12485945800006, -2.839937049999946 ], [ 115.123417825000047, -2.83961007299996 ], [ 115.121839476000105, -2.839257898999961 ], [ 115.121018146000097, -2.839086541999961 ], [ 115.120188147000022, -2.838960053999926 ], [ 115.119469360000039, -2.838828503999935 ], [ 115.11881419000008, -2.838694587999953 ], [ 115.118802595000034, -2.838692216999959 ], [ 115.118381232000047, -2.838606090999974 ], [ 115.117586606000032, -2.838422152999954 ], [ 115.116404194000097, -2.838212947999978 ], [ 115.115086933000043, -2.837947718999942 ], [ 115.114026574000036, -2.837683521999963 ], [ 115.113231838000047, -2.837498451999977 ], [ 115.112844374000019, -2.837411312999961 ], [ 115.112266792000014, -2.837281417999975 ], [ 115.11125125600006, -2.837070636999954 ], [ 115.110449044, -2.83686234299995 ], [ 115.110045547000027, -2.836793172999933 ], [ 115.109867614000109, -2.836758832999976 ], [ 115.109568188000026, -2.836701045999973 ], [ 115.10923863000005, -2.836609161999945 ], [ 115.108829524000043, -2.836494310999967 ], [ 115.108482922, -2.836396688999969 ], [ 115.108311317000016, -2.836349710999968 ], [ 115.108210181000118, -2.836322024999959 ], [ 115.107933390000085, -2.836440969999956 ], [ 115.107644899000093, -2.836621122999929 ], [ 115.107527779000065, -2.836691248999955 ], [ 115.11031094000009, -2.834796807999965 ], [ 115.112658983000074, -2.833386024999925 ], [ 115.113701187000061, -2.832922030999953 ], [ 115.115288158000112, -2.83240929599998 ], [ 115.117077642000027, -2.831894103999957 ], [ 115.117934248000097, -2.831415831999948 ], [ 115.118476765000082, -2.831173126999943 ], [ 115.119254850000061, -2.831073188999937 ], [ 115.119697427, -2.831158849999952 ], [ 115.120332745000042, -2.83143724699994 ], [ 115.120653973000117, -2.831494353999972 ], [ 115.121439194000118, -2.831265925999958 ], [ 115.12226011000007, -2.831244511999955 ], [ 115.122938254000019, -2.831694228999936 ], [ 115.123950984000089, -2.832458318999954 ], [ 115.124783696, -2.832482932999937 ], [ 115.124856855000075, -2.83248141699994 ], [ 115.125824671000032, -2.832461366999951 ], [ 115.126247676000048, -2.832302652999942 ], [ 115.126565342000049, -2.832183462999978 ], [ 115.126866619000111, -2.83183506599994 ], [ 115.126883003000103, -2.831593819999966 ], [ 115.126914006000106, -2.831137371999944 ], [ 115.12698411000008, -2.83069556199996 ], [ 115.127308442000071, -2.830393719999961 ], [ 115.127771753000047, -2.829975808999961 ], [ 115.128304385000092, -2.829604526999958 ], [ 115.128883392000034, -2.829163543999925 ], [ 115.1294160220001, -2.828792260999933 ], [ 115.130527028000074, -2.828375395999956 ], [ 115.131082566000032, -2.828143706999924 ], [ 115.13190376700004, -2.82813340499996 ], [ 115.132482848000109, -2.827645899999936 ], [ 115.132945932000098, -2.827367538999965 ], [ 115.133200459000022, -2.827321431999962 ], [ 115.133617541000035, -2.826880182999957 ], [ 115.134334743000068, -2.826811563999968 ], [ 115.134820809000075, -2.826626274999967 ], [ 115.135492159000023, -2.826301730999944 ], [ 115.136140333000071, -2.826000405999935 ], [ 115.136533876000044, -2.825814967999975 ], [ 115.136632693000024, -2.825745068999936 ], [ 115.136927564000075, -2.825536491999969 ], [ 115.137205631000029, -2.825234570999953 ], [ 115.137738, -2.825026095999931 ], [ 115.138421795000113, -2.825011917999973 ], [ 115.138778974000047, -2.825004513999943 ], [ 115.139149197000052, -2.824935331999939 ], [ 115.139167093000083, -2.82503522199994 ] ] ] } },
{ "type": "Feature", "properties": { "village_id": "63.06.01.2003", "village_name": "Karasikan", "admin_type": "Desa", "district_id": "63.06.01", "district_name": "Sungai Raya", "regency_code": "63.06", "regency_name": "Hulu Sungai Selatan", "province_name": "Kalimantan Selatan", "area_ha_source": 166.09542389399999, "boundary_basis": "Hasil Delineasi Batas Desa 2018", "metadata_source": "TASWIL1000020230928_DATA_BATAS_DESAKELURAHAN" }, "geometry": { "type": "Polygon", "coordinates": [ [ [ 115.265805210000053, -2.808853644999942 ], [ 115.265805189000048, -2.808868 ], [ 115.265803455000082, -2.810035035999931 ], [ 115.265802622000024, -2.810595482999929 ], [ 115.265715404000048, -2.81226559199996 ], [ 115.265583427000024, -2.814792778999959 ], [ 115.265524537000033, -2.815920410999979 ], [ 115.265488733000097, -2.816605982999931 ], [ 115.265386817000035, -2.818879046999939 ], [ 115.264502679000088, -2.821847376999926 ], [ 115.259640963000038, -2.821670661999974 ], [ 115.258500292, -2.821624830999951 ], [ 115.254715373000067, -2.821472742999958 ], [ 115.250715822000075, -2.820751017999953 ], [ 115.251337261000117, -2.818082298999968 ], [ 115.251391399000113, -2.818093169999941 ], [ 115.25199155700011, -2.816962683999975 ], [ 115.253374185000098, -2.814358294999977 ], [ 115.254085772000053, -2.811674685999947 ], [ 115.257571791000032, -2.811679922999929 ], [ 115.257790901000021, -2.811752537999951 ], [ 115.261363599000106, -2.812936564999973 ], [ 115.261488240000062, -2.812977871999976 ], [ 115.261490435000042, -2.812964801999954 ], [ 115.261896542000045, -2.810545936999972 ], [ 115.261970936000012, -2.810212600999932 ], [ 115.263045441000031, -2.810193822999963 ], [ 115.263375318000044, -2.810188058999927 ], [ 115.263676002000011, -2.809381626999937 ], [ 115.264047160000018, -2.809410892999949 ], [ 115.264443753000023, -2.80913000399994 ], [ 115.264576150000039, -2.808909232999952 ], [ 115.264933284000108, -2.808766209999931 ], [ 115.265375892000066, -2.808752513999934 ], [ 115.265575683000066, -2.808810234999953 ], [ 115.265805210000053, -2.808853644999942 ] ] ] } },
{ "type": "Feature", "properties": { "village_id": "63.06.04.2004", "village_name": "Kayu Abang", "admin_type": "Desa", "district_id": "63.06.04", "district_name": "Angkinang", "regency_code": "63.06", "regency_name": "Hulu Sungai Selatan", "province_name": "Kalimantan Selatan", "area_ha_source": 1148.27998976, "boundary_basis": "Hasil Delineasi Batas Desa 2018", "metadata_source": "TASWIL1000020230928_DATA_BATAS_DESAKELURAHAN" }, "geometry": { "type": "MultiPolygon", "coordinates": [ [ [ [ 115.303099583000062, -2.697571125999957 ], [ 115.303159070000106, -2.69757707499997 ], [ 115.303221531000077, -2.69757707499997 ], [ 115.303269120000095, -2.697603843999957 ], [ 115.303328606000036, -2.697660355999972 ], [ 115.303408913000112, -2.697734713999978 ], [ 115.303525172000036, -2.697769735999941 ], [ 115.303691474000061, -2.697797174999948 ], [ 115.303747986000076, -2.69781502099994 ], [ 115.303884805000052, -2.697844763999967 ], [ 115.304081111000073, -2.697862609999959 ], [ 115.30421793000005, -2.697841789999927 ], [ 115.304309087000092, -2.697829358999968 ], [ 115.304294921000064, -2.698981920999927 ], [ 115.303486260000113, -2.698887032999949 ], [ 115.302032939000014, -2.698238638999953 ], [ 115.302049646000114, -2.698228451999967 ], [ 115.302165645000059, -2.698192759999927 ], [ 115.302281643000015, -2.698180862999948 ], [ 115.302439283000012, -2.698145170999965 ], [ 115.30253743600008, -2.698067837999929 ], [ 115.302635588000044, -2.697978608999961 ], [ 115.302703998000084, -2.697945890999961 ], [ 115.30277538200005, -2.697898301999942 ], [ 115.30277538200005, -2.697838814999955 ], [ 115.302781330000016, -2.697779328999957 ], [ 115.302787279000086, -2.69771984199997 ], [ 115.302819997000029, -2.697678201999963 ], [ 115.302900303000115, -2.697645483999963 ], [ 115.302912201000026, -2.697612766999953 ], [ 115.302944444000104, -2.697555555999941 ], [ 115.303046045000087, -2.697535433999974 ], [ 115.303099583000062, -2.697571125999957 ] ] ], [ [ [ 115.24580602900005, -2.687278499999934 ], [ 115.246507970000039, -2.687421266999934 ], [ 115.246924375000049, -2.687397472999976 ], [ 115.247420188000092, -2.687273518999973 ], [ 115.247447857000111, -2.687266601999966 ], [ 115.248304463000068, -2.686992963999955 ], [ 115.248430687000109, -2.686956899999927 ], [ 115.249053993000075, -2.686778812999933 ], [ 115.249434707000091, -2.686671736999926 ], [ 115.249767831000099, -2.686731223999971 ], [ 115.249898372000075, -2.686762805999933 ], [ 115.250505464000071, -2.686909682999953 ], [ 115.252207572000088, -2.687427613999944 ], [ 115.252225815000088, -2.687433164999959 ], [ 115.2532180500001, -2.68774725399993 ], [ 115.253889058000027, -2.688068480999959 ], [ 115.255145413000037, -2.688653827999929 ], [ 115.256192594000026, -2.689326519999952 ], [ 115.256223309, -2.689346250999961 ], [ 115.256288045000019, -2.689373994999926 ], [ 115.256872902000055, -2.689624647999949 ], [ 115.257472526000015, -2.689667478999979 ], [ 115.258243471000014, -2.68967461699998 ], [ 115.258570397000085, -2.689597692999939 ], [ 115.258581719000063, -2.689595028999975 ], [ 115.258728881000025, -2.689560402999973 ], [ 115.259178600000041, -2.689510433999942 ], [ 115.259935268000049, -2.689353389999951 ], [ 115.26139149800008, -2.689017885999931 ], [ 115.263033326000027, -2.688568167999961 ], [ 115.26328417600007, -2.688690376999944 ], [ 115.263311723000015, -2.68870379699996 ], [ 115.263594879000038, -2.688746626999944 ], [ 115.264232575000051, -2.688651448999963 ], [ 115.264717985000061, -2.688584823999975 ], [ 115.265698323000038, -2.688584823999975 ], [ 115.266383704000077, -2.688628340999969 ], [ 115.266400342000111, -2.688629396999943 ], [ 115.266845549000095, -2.688657663999948 ], [ 115.266897571000072, -2.688660966999976 ], [ 115.267639963000079, -2.688917947999926 ], [ 115.268903250000108, -2.689242793999938 ], [ 115.268972461000089, -2.689260590999936 ], [ 115.269048891000011, -2.689247488999968 ], [ 115.269172999000034, -2.689226212999927 ], [ 115.26922391700009, -2.689217483999926 ], [ 115.269305586000087, -2.689203483999961 ], [ 115.270038460000023, -2.689079751999941 ], [ 115.270194238000045, -2.689055258999929 ], [ 115.2710370100001, -2.688922746999935 ], [ 115.271551797000029, -2.688841805999971 ], [ 115.272075278000102, -2.688727590999974 ], [ 115.272313224000072, -2.688727590999974 ], [ 115.27277008100009, -2.688794215999962 ], [ 115.273279288000026, -2.688819258999956 ], [ 115.273294168, -2.688819990999946 ], [ 115.273350669000024, -2.688822769999945 ], [ 115.273588336000103, -2.688838613999962 ], [ 115.273840104000101, -2.688855398999976 ], [ 115.274064508000038, -2.688870358999964 ], [ 115.274892560000012, -2.689013126999953 ], [ 115.276526655000112, -2.689290333999963 ], [ 115.277222744000028, -2.689402099999938 ], [ 115.277793718000112, -2.689493777999928 ], [ 115.278218669000012, -2.689553629999978 ], [ 115.279060781000112, -2.689672236999968 ], [ 115.27934523700003, -2.689734359999932 ], [ 115.279371301000083, -2.689740051999934 ], [ 115.27944927100009, -2.689754068999946 ], [ 115.279640406000112, -2.689788429999965 ], [ 115.279688959000055, -2.689797158999966 ], [ 115.279788896000014, -2.689775743999974 ], [ 115.28022790700004, -2.689590145999944 ], [ 115.280448153000066, -2.689492910999945 ], [ 115.280497025000045, -2.689471333999961 ], [ 115.280513889000076, -2.689463888999967 ], [ 115.280647540000018, -2.689421863999939 ], [ 115.280702609000059, -2.68940454799997 ], [ 115.280802862000087, -2.689385750999975 ], [ 115.280963161000045, -2.689355693999971 ], [ 115.280988144000048, -2.689351009999939 ], [ 115.281238766000115, -2.689310447999958 ], [ 115.281359611000084, -2.689290889999938 ], [ 115.28145595400008, -2.689275296999938 ], [ 115.281561626000098, -2.689258194999979 ], [ 115.281713004000039, -2.689233694999928 ], [ 115.282123147000107, -2.689167315999953 ], [ 115.282361093000077, -2.689129243999957 ], [ 115.282755180000095, -2.689210139999943 ], [ 115.28299284000002, -2.689258924999933 ], [ 115.283400542000095, -2.68938437199995 ], [ 115.28354963400011, -2.689430245999972 ], [ 115.28430731800006, -2.68963635199998 ], [ 115.28492734200006, -2.689805010999976 ], [ 115.285036607000052, -2.689827109999953 ], [ 115.285102686000073, -2.689840473999936 ], [ 115.285856457000023, -2.689992922999977 ], [ 115.285880316000089, -2.689997747999939 ], [ 115.285960358000011, -2.69000895299996 ], [ 115.28664204100005, -2.690104376999955 ], [ 115.287227983000093, -2.690148991999934 ], [ 115.287678809000113, -2.690151728999979 ], [ 115.288260075000039, -2.690244170999961 ], [ 115.288506944, -2.690270939999948 ], [ 115.288682429, -2.690342322999925 ], [ 115.289015553000013, -2.690455347999944 ], [ 115.289271346000078, -2.690505910999946 ], [ 115.289455424000039, -2.690550007999946 ], [ 115.289484902000027, -2.690557069999954 ], [ 115.289743350000094, -2.690582512999924 ], [ 115.289920835000089, -2.690599985999938 ], [ 115.28994413800001, -2.69060227999995 ], [ 115.290262986000016, -2.69060227999995 ], [ 115.29043668700001, -2.690578484999946 ], [ 115.290812518000052, -2.690499820999946 ], [ 115.290862532, -2.690490061999981 ], [ 115.290885995000053, -2.690485483999964 ], [ 115.29094383000006, -2.690474198999937 ], [ 115.290959472000054, -2.690471146999926 ], [ 115.291025128000115, -2.69045833499996 ], [ 115.291032949000055, -2.690456808999954 ], [ 115.29121715000008, -2.69047854799993 ], [ 115.291261808000058, -2.690487723999979 ], [ 115.291390850000084, -2.690514238999981 ], [ 115.291574069000035, -2.690585622999947 ], [ 115.291773944000056, -2.690659386999926 ], [ 115.29177612, -2.690673170999958 ], [ 115.291781082000057, -2.690704595999932 ], [ 115.291771564000101, -2.690761702999964 ], [ 115.291792979000093, -2.690828327999952 ], [ 115.291807256000084, -2.690892573999975 ], [ 115.291819291000024, -2.690932287999942 ], [ 115.291831051000031, -2.690971095999942 ], [ 115.291831817000116, -2.690976582999951 ], [ 115.291845327000033, -2.69107341299997 ], [ 115.291859604000024, -2.691166211999928 ], [ 115.291895296, -2.691239974999974 ], [ 115.291932355000085, -2.691284444999951 ], [ 115.291942885000026, -2.691297081999949 ], [ 115.291944609000097, -2.691302252999947 ], [ 115.291957162000017, -2.691339911999933 ], [ 115.291972834000035, -2.691378219999933 ], [ 115.291992699000048, -2.691426779999972 ], [ 115.291999992000115, -2.691444608999973 ], [ 115.292026167000017, -2.69149695699997 ], [ 115.292073756000036, -2.691556442999968 ], [ 115.292104689000098, -2.691606411999942 ], [ 115.29211658600002, -2.691677795999965 ], [ 115.292114207000054, -2.691706348999958 ], [ 115.292130863000011, -2.691749179999931 ], [ 115.292157037000038, -2.691792009999972 ], [ 115.292190349000066, -2.691839598999934 ], [ 115.292195108000101, -2.691889567999965 ], [ 115.292166555000108, -2.691925259999948 ], [ 115.292097550000108, -2.691949053999963 ], [ 115.292054274000066, -2.691972856999939 ], [ 115.292049961000089, -2.691975228999979 ], [ 115.292038064000053, -2.692013299999928 ], [ 115.292052341000044, -2.692053750999946 ], [ 115.292070751000097, -2.69207584399993 ], [ 115.292076135000116, -2.692082303999939 ], [ 115.292084973000101, -2.692092500999934 ], [ 115.292107068000064, -2.692117995999979 ], [ 115.292102309000029, -2.692151308999939 ], [ 115.29206423800008, -2.692184620999967 ], [ 115.292023787000062, -2.692217933999927 ], [ 115.291995234000069, -2.692251245999955 ], [ 115.291995234000069, -2.692284557999926 ], [ 115.292027125000118, -2.692316449999964 ], [ 115.292030925000063, -2.692320249999966 ], [ 115.292033305000018, -2.692360700999927 ], [ 115.292014269000106, -2.692391633999932 ], [ 115.292011764000108, -2.692397477999975 ], [ 115.291999992000115, -2.692424946999949 ], [ 115.29200452200007, -2.69244759299994 ], [ 115.292007131000105, -2.692460638999933 ], [ 115.292007131000105, -2.692467747999956 ], [ 115.292007131000105, -2.692505847999939 ], [ 115.291988095000079, -2.692539160999956 ], [ 115.291973818000088, -2.692584370999953 ], [ 115.291973818000088, -2.692612923999945 ], [ 115.291997613000035, -2.692646236999963 ], [ 115.291999992000115, -2.692689066999947 ], [ 115.291980957000078, -2.692739035999978 ], [ 115.291966680000087, -2.692784244999928 ], [ 115.291970329000037, -2.692799753999964 ], [ 115.291973241000051, -2.692812129999936 ], [ 115.291976198000043, -2.692824695999946 ], [ 115.291992854000114, -2.692860387999929 ], [ 115.292011890000026, -2.692891320999934 ], [ 115.29206423800008, -2.692938909999953 ], [ 115.292090412000107, -2.692993637999962 ], [ 115.292107068000064, -2.693074539999941 ], [ 115.292107068000064, -2.693134025999939 ], [ 115.292114207000054, -2.693224445999931 ], [ 115.29211658600002, -2.693295828999965 ], [ 115.292123724000021, -2.693386248999957 ], [ 115.292133242000091, -2.69347666799996 ], [ 115.292130863000011, -2.693548051999926 ], [ 115.292136225000036, -2.693671379999955 ], [ 115.292138001000012, -2.693712234999964 ], [ 115.292142760000047, -2.693755064999948 ], [ 115.292127100000016, -2.693780689999926 ], [ 115.29211658600002, -2.693797895999978 ], [ 115.292083274000106, -2.693826448999971 ], [ 115.292078515000071, -2.693869279999944 ], [ 115.292082016000109, -2.693881184999952 ], [ 115.292090412000107, -2.693909729999973 ], [ 115.292091673000073, -2.693922320999945 ], [ 115.292083073000072, -2.693919170999948 ], [ 115.29167322100011, -2.693749709999963 ], [ 115.291253043000097, -2.693575979999935 ], [ 115.288647673000014, -2.692633807999925 ], [ 115.288254781000091, -2.692491726999947 ], [ 115.288273576000051, -2.692528541999934 ], [ 115.289466235000077, -2.69486475399998 ], [ 115.285154955000053, -2.698809306999976 ], [ 115.28239183900007, -2.701337351999939 ], [ 115.282652508000069, -2.701563388999944 ], [ 115.287871687, -2.706089112999962 ], [ 115.290425909000078, -2.708303950999948 ], [ 115.292152281000085, -2.70980093299994 ], [ 115.292803191000075, -2.710126252999942 ], [ 115.292803110000023, -2.710182647999943 ], [ 115.292768228000114, -2.710290089999944 ], [ 115.292743220000034, -2.710664430999941 ], [ 115.292831654000111, -2.711383314999978 ], [ 115.293312004000086, -2.711991789999956 ], [ 115.293753786000025, -2.712697393999974 ], [ 115.294527748000064, -2.713329259999966 ], [ 115.295971731, -2.713865011999928 ], [ 115.296636141000022, -2.714276294999934 ], [ 115.298312820000092, -2.714916977999962 ], [ 115.298768923000011, -2.715328518999968 ], [ 115.298886402000107, -2.715434515999959 ], [ 115.299142753000069, -2.715845221999928 ], [ 115.2990962, -2.716711434999979 ], [ 115.298807643000032, -2.717714084999955 ], [ 115.298764474000109, -2.717835093999952 ], [ 115.29857809300006, -2.718134430999953 ], [ 115.298547276000022, -2.718183923999959 ], [ 115.298500281000088, -2.718248965999976 ], [ 115.298099975000014, -2.718802996999955 ], [ 115.297905045000107, -2.719113482999944 ], [ 115.296844884000052, -2.720084114999963 ], [ 115.293862819000083, -2.719610092999972 ], [ 115.288615897000113, -2.718776036999941 ], [ 115.287438422000037, -2.718697959999929 ], [ 115.285542028, -2.718572209999934 ], [ 115.284150041000089, -2.721162955999944 ], [ 115.282918924000114, -2.722165906999976 ], [ 115.280494742000087, -2.726589151999974 ], [ 115.276823553000099, -2.717551139999955 ], [ 115.274906970000075, -2.715912482999954 ], [ 115.269123242000092, -2.710967417999939 ], [ 115.268132452000032, -2.710120293999978 ], [ 115.266633995, -2.708839110999975 ], [ 115.260241123000014, -2.70337316399997 ], [ 115.243292196000084, -2.688881470999945 ], [ 115.237496289000092, -2.683925764999969 ], [ 115.237328718000072, -2.683782484999938 ], [ 115.237271292000059, -2.683733382999947 ], [ 115.239332387000104, -2.684156384999937 ], [ 115.239688291000107, -2.684229427999981 ], [ 115.239836006000019, -2.684571902999949 ], [ 115.240392755000016, -2.685862719999932 ], [ 115.241011415000116, -2.686029282999925 ], [ 115.241951302000075, -2.68632671499995 ], [ 115.2435812330001, -2.68683829899993 ], [ 115.244937526000058, -2.687111936999941 ], [ 115.245187681000061, -2.68715991199997 ], [ 115.24580602900005, -2.687278499999934 ] ] ] ] } },
{ "type": "Feature", "properties": { "village_id": "63.06.03.2001", "village_name": "Lok Binuang", "admin_type": "Desa", "district_id": "63.06.03", "district_name": "Telaga Langsat", "regency_code": "63.06", "regency_name": "Hulu Sungai Selatan", "province_name": "Kalimantan Selatan", "area_ha_source": 177.41069671100001, "boundary_basis": "Hasil Delineasi Batas Desa 2018", "metadata_source": "TASWIL1000020230928_DATA_BATAS_DESAKELURAHAN" }, "geometry": { "type": "Polygon", "coordinates": [ [ [ 115.32165369300003, -2.727115366999953 ], [ 115.32122150400005, -2.72801317099993 ], [ 115.317231053000114, -2.736302558999967 ], [ 115.316859944000043, -2.737073455999962 ], [ 115.314863203000073, -2.741221204999931 ], [ 115.312474180000095, -2.739313847999938 ], [ 115.307176780000077, -2.735303044999966 ], [ 115.30679856900008, -2.734672684999964 ], [ 115.30597448900005, -2.733527641999956 ], [ 115.305359771000099, -2.73267350499998 ], [ 115.305264149000095, -2.73074530599996 ], [ 115.305205270000101, -2.72955802499996 ], [ 115.305685714000106, -2.728224959999977 ], [ 115.306251920000022, -2.726653926999973 ], [ 115.306449816000054, -2.726164258999972 ], [ 115.311323148000042, -2.726443416999928 ], [ 115.31132540100009, -2.726461739999934 ], [ 115.3114077890001, -2.727132171999926 ], [ 115.311665598000104, -2.728044385999965 ], [ 115.311748514000101, -2.728337763999946 ], [ 115.312389142000029, -2.729328582999926 ], [ 115.312772123000059, -2.729609494999977 ], [ 115.312859470000035, -2.729673562999949 ], [ 115.314016411000011, -2.728728319999959 ], [ 115.315258712000059, -2.72795535399996 ], [ 115.316825596000058, -2.727063021999925 ], [ 115.317143441000098, -2.72688201099993 ], [ 115.31924127700006, -2.726454558999933 ], [ 115.321508768000058, -2.727017971999942 ], [ 115.32165369300003, -2.727115366999953 ] ] ] } },
{ "type": "Feature", "properties": { "village_id": "63.06.10.2008", "village_name": "Lok Lahung", "admin_type": "Desa", "district_id": "63.06.10", "district_name": "Loksado", "regency_code": "63.06", "regency_name": "Hulu Sungai Selatan", "province_name": "Kalimantan Selatan", "area_ha_source": 3574.06718228, "boundary_basis": "Hasil Delineasi Batas Desa 2018", "metadata_source": "TASWIL1000020230928_DATA_BATAS_DESAKELURAHAN" }, "geometry": { "type": "Polygon", "coordinates": [ [ [ 115.584153259000118, -2.781669234999924 ], [ 115.583612571000117, -2.784897711999974 ], [ 115.583572999000012, -2.785133995999956 ], [ 115.582544520000056, -2.787039194999977 ], [ 115.582299288000058, -2.787493472999927 ], [ 115.581072279000068, -2.789492743999972 ], [ 115.579999388000033, -2.79113661599996 ], [ 115.578986313000087, -2.792511348999938 ], [ 115.57815190000008, -2.793736735999971 ], [ 115.577222662000054, -2.794538002999957 ], [ 115.576454512000055, -2.79520036699995 ], [ 115.574667806000093, -2.796723709999981 ], [ 115.57234126100002, -2.798026565999976 ], [ 115.57166182200001, -2.802017848999981 ], [ 115.571445046, -2.804128486999957 ], [ 115.571360787000117, -2.80494886799994 ], [ 115.571293997000112, -2.805938834999949 ], [ 115.571195185000079, -2.80740345199996 ], [ 115.570472675000019, -2.810476888999972 ], [ 115.570377828, -2.81088035199997 ], [ 115.569579589000114, -2.814275925999937 ], [ 115.569460604000028, -2.814782071999957 ], [ 115.567948991000094, -2.817003328999931 ], [ 115.566668664000076, -2.818884719999971 ], [ 115.565584945000069, -2.820549780999954 ], [ 115.565015670000093, -2.821424432999947 ], [ 115.564609916000109, -2.822230089999948 ], [ 115.564519450000034, -2.82240971799996 ], [ 115.564080802000035, -2.822906204999924 ], [ 115.563661547000038, -2.823346693999952 ], [ 115.563099545000114, -2.823633150999967 ], [ 115.562432984000111, -2.823795043999951 ], [ 115.561975942000117, -2.82388062299998 ], [ 115.560902448000093, -2.824291345999939 ], [ 115.559949, -2.825160718999939 ], [ 115.559799321000014, -2.825304586999948 ], [ 115.55958986600001, -2.825680820999935 ], [ 115.559533403000046, -2.825781160999952 ], [ 115.55934137700001, -2.826122406999957 ], [ 115.559094707000099, -2.826493270999947 ], [ 115.55906355500008, -2.826585460999979 ], [ 115.558710848000032, -2.827130435999948 ], [ 115.55790550200004, -2.828514664999943 ], [ 115.557696261000046, -2.828874308999957 ], [ 115.557469297000011, -2.829264413999965 ], [ 115.557068393, -2.829767016999938 ], [ 115.556973023000069, -2.829886577999957 ], [ 115.556657895000058, -2.830281645999946 ], [ 115.556298144000039, -2.830661159999977 ], [ 115.556030075000081, -2.83093003099998 ], [ 115.555976212000019, -2.830968306999978 ], [ 115.555742064000015, -2.831134692999967 ], [ 115.555741389000104, -2.831135 ], [ 115.555741278000028, -2.831134980999934 ], [ 115.552052304000085, -2.829040966999969 ], [ 115.550887174000081, -2.828687526999943 ], [ 115.519852803000049, -2.819272825999974 ], [ 115.518426975000011, -2.818840260999934 ], [ 115.510147119000067, -2.81677050199994 ], [ 115.510069213000065, -2.816751027999942 ], [ 115.510050163000074, -2.816746266999928 ], [ 115.508124335000048, -2.816264846999957 ], [ 115.496157294000113, -2.813273260999949 ], [ 115.496487884000089, -2.812504027999978 ], [ 115.496525955000038, -2.81212807199995 ], [ 115.496323173000064, -2.81160723499994 ], [ 115.49544409300006, -2.811487204999935 ], [ 115.494718331000058, -2.811290501999963 ], [ 115.494425684000021, -2.811211187999959 ], [ 115.49348314100007, -2.810609826999951 ], [ 115.493140256000061, -2.810069918999943 ], [ 115.492607776000114, -2.809231475999979 ], [ 115.492160437000052, -2.808574743999941 ], [ 115.492150920000086, -2.808194029999925 ], [ 115.492306484000096, -2.807840283999951 ], [ 115.492370801000106, -2.807694025999979 ], [ 115.492921866000074, -2.807327906999944 ], [ 115.493359871000052, -2.807215706999955 ], [ 115.494149668000091, -2.807556335999948 ], [ 115.494753060000107, -2.807840283999951 ], [ 115.49544409300006, -2.808165476999932 ], [ 115.496085244000028, -2.808203667999976 ], [ 115.496231901000101, -2.807958605999943 ], [ 115.496221563000063, -2.807840283999951 ], [ 115.496129379000081, -2.806785389999959 ], [ 115.496097939000038, -2.806488959999967 ], [ 115.496062753000047, -2.80615721199996 ], [ 115.495786736000014, -2.805519515999947 ], [ 115.495753137000065, -2.805115800999943 ], [ 115.4957144010001, -2.804650342999935 ], [ 115.496015166, -2.804215571999976 ], [ 115.496612042000038, -2.803819321999924 ], [ 115.497322250000025, -2.803161823999972 ], [ 115.497192543000097, -2.802098082999976 ], [ 115.496892076000108, -2.799633951999965 ], [ 115.499125496000033, -2.798526478999975 ], [ 115.50229881000007, -2.796952932999943 ], [ 115.509782894000068, -2.793241746999968 ], [ 115.519764391000081, -2.788292017999936 ], [ 115.524027097000044, -2.786178137999968 ], [ 115.528726790000064, -2.781836415999976 ], [ 115.527984294000021, -2.778079028999969 ], [ 115.530754732000105, -2.777302747999954 ], [ 115.534373453000057, -2.776787530999968 ], [ 115.546153777000086, -2.78033636899994 ], [ 115.555926288000023, -2.780679264999947 ], [ 115.573889450000024, -2.781309345999944 ], [ 115.584153259000118, -2.781669234999924 ] ] ] } },
{ "type": "Feature", "properties": { "village_id": "63.06.10.2009", "village_name": "Loksado", "admin_type": "Desa", "district_id": "63.06.10", "district_name": "Loksado", "regency_code": "63.06", "regency_name": "Hulu Sungai Selatan", "province_name": "Kalimantan Selatan", "area_ha_source": 1647.20076421, "boundary_basis": "Hasil Delineasi Batas Desa 2018", "metadata_source": "TASWIL1000020230928_DATA_BATAS_DESAKELURAHAN" }, "geometry": { "type": "Polygon", "coordinates": [ [ [ 115.527984294000021, -2.778079028999969 ], [ 115.528726790000064, -2.781836415999976 ], [ 115.524027097000044, -2.786178137999968 ], [ 115.519764391000081, -2.788292017999936 ], [ 115.509782894000068, -2.793241746999968 ], [ 115.50229881000007, -2.796952932999943 ], [ 115.499125496000033, -2.798526478999975 ], [ 115.496892076000108, -2.799633951999965 ], [ 115.497192543000097, -2.802098082999976 ], [ 115.497322250000025, -2.803161823999972 ], [ 115.496612042000038, -2.803819321999924 ], [ 115.496015166, -2.804215571999976 ], [ 115.4957144010001, -2.804650342999935 ], [ 115.495753137000065, -2.805115800999943 ], [ 115.495786736000014, -2.805519515999947 ], [ 115.496062753000047, -2.80615721199996 ], [ 115.496097939000038, -2.806488959999967 ], [ 115.496129379000081, -2.806785389999959 ], [ 115.496221563000063, -2.807840283999951 ], [ 115.496231901000101, -2.807958605999943 ], [ 115.496085244000028, -2.808203667999976 ], [ 115.49544409300006, -2.808165476999932 ], [ 115.494753060000107, -2.807840283999951 ], [ 115.494149668000091, -2.807556335999948 ], [ 115.493359871000052, -2.807215706999955 ], [ 115.492921866000074, -2.807327906999944 ], [ 115.492370801000106, -2.807694025999979 ], [ 115.492306484000096, -2.807840283999951 ], [ 115.492150920000086, -2.808194029999925 ], [ 115.492160437000052, -2.808574743999941 ], [ 115.492607776000114, -2.809231475999979 ], [ 115.493140256000061, -2.810069918999943 ], [ 115.49348314100007, -2.810609826999951 ], [ 115.494425684000021, -2.811211187999959 ], [ 115.494718331000058, -2.811290501999963 ], [ 115.49544409300006, -2.811487204999935 ], [ 115.496323173000064, -2.81160723499994 ], [ 115.496525955000038, -2.81212807199995 ], [ 115.496487884000089, -2.812504027999978 ], [ 115.496157294000113, -2.813273260999949 ], [ 115.495369177000043, -2.814393851999967 ], [ 115.494484019000083, -2.815350395999928 ], [ 115.493898670000021, -2.816128479999975 ], [ 115.493570306000038, -2.816385460999925 ], [ 115.493277807000027, -2.816417085999944 ], [ 115.49309917100004, -2.816392599999972 ], [ 115.492871091000097, -2.81609569699998 ], [ 115.492492410000068, -2.815643069999965 ], [ 115.491557281000041, -2.814929230999951 ], [ 115.491293161000044, -2.814779324999961 ], [ 115.489886762000083, -2.81427986999995 ], [ 115.488866110000117, -2.814094040999976 ], [ 115.488309317000017, -2.814179700999944 ], [ 115.488076686000113, -2.814277510999943 ], [ 115.487681139000074, -2.814443820999941 ], [ 115.48716717700006, -2.814893538999968 ], [ 115.486841709000032, -2.815338303999965 ], [ 115.486914726, -2.816195515999937 ], [ 115.486874501000102, -2.816706687999954 ], [ 115.486638936000077, -2.816913700999976 ], [ 115.486296293, -2.816992223999932 ], [ 115.485646127000109, -2.817072985999971 ], [ 115.485311195, -2.817206375999945 ], [ 115.485138243000051, -2.817136146999928 ], [ 115.4848115100001, -2.816956532999939 ], [ 115.484461728000042, -2.816499674999932 ], [ 115.484356552, -2.816169392999939 ], [ 115.485025662000112, -2.815507440999966 ], [ 115.485239813000021, -2.815164797999955 ], [ 115.485304057, -2.814693664999936 ], [ 115.485389719000068, -2.81380850499994 ], [ 115.485317398, -2.813367824999943 ], [ 115.485381256000096, -2.812834356999929 ], [ 115.485501231000057, -2.812116284999945 ], [ 115.48559502, -2.811554954999963 ], [ 115.485817247000114, -2.810986085999957 ], [ 115.486267739000027, -2.810353526999961 ], [ 115.486253464000015, -2.81005371599997 ], [ 115.486017896000021, -2.809796733999974 ], [ 115.485597631000019, -2.809528801999932 ], [ 115.485456225, -2.809512206999955 ], [ 115.484928287000116, -2.80945025699998 ], [ 115.483854965000091, -2.809496920999948 ], [ 115.482734148000077, -2.809525064999946 ], [ 115.48220599900003, -2.809639689999926 ], [ 115.481673665000017, -2.809470359999978 ], [ 115.481113826000069, -2.809154279999973 ], [ 115.480671248000021, -2.808690283999965 ], [ 115.480371435000052, -2.808283396999968 ], [ 115.48016442200003, -2.807576696999945 ], [ 115.480165661000115, -2.807012261999944 ], [ 115.48024186400005, -2.806555213999957 ], [ 115.480264359000103, -2.806420278999951 ], [ 115.480257220000112, -2.80610618999998 ], [ 115.480088357000113, -2.805202699999938 ], [ 115.479985962000114, -2.804742758999964 ], [ 115.479821779000076, -2.804514329999961 ], [ 115.479633052000054, -2.804340905999936 ], [ 115.479595746000086, -2.804306624999981 ], [ 115.479293539000082, -2.804028919999951 ], [ 115.478817634000052, -2.803708083999936 ], [ 115.478429794000022, -2.80353637199994 ], [ 115.477380452000034, -2.803236559999959 ], [ 115.477059226000051, -2.803129483999953 ], [ 115.476688030000105, -2.803072376999978 ], [ 115.476274003000071, -2.803200868999966 ], [ 115.475767179000059, -2.803429295999933 ], [ 115.475603312000089, -2.803615011999966 ], [ 115.475445952000086, -2.803793353999936 ], [ 115.4751818310001, -2.804128856999967 ], [ 115.475045286000068, -2.804306624999981 ], [ 115.474803497000039, -2.804621405999967 ], [ 115.47451082200007, -2.805192476999935 ], [ 115.474289532000057, -2.805806377999943 ], [ 115.474212695, -2.806023640999967 ], [ 115.474082519000035, -2.806391724999969 ], [ 115.473988716, -2.806367750999925 ], [ 115.472477448000063, -2.80610803899998 ], [ 115.462794417000055, -2.804443955999943 ], [ 115.46179523100011, -2.804272233999939 ], [ 115.458972975000052, -2.802653620999934 ], [ 115.459471826000026, -2.80188349499997 ], [ 115.460024152000074, -2.801030810999976 ], [ 115.460086782000076, -2.800940705999949 ], [ 115.460378814000023, -2.800520569999946 ], [ 115.462405885000067, -2.799119907999966 ], [ 115.463378134000095, -2.797790446999954 ], [ 115.464622749000114, -2.795548365999935 ], [ 115.465871607000054, -2.792745304999926 ], [ 115.465955067000095, -2.792557977999934 ], [ 115.467009261000044, -2.790966545999936 ], [ 115.47432088700009, -2.779928539999958 ], [ 115.475177348000102, -2.780216843999938 ], [ 115.486878367000031, -2.779640438999934 ], [ 115.487478726000063, -2.779610860999981 ], [ 115.490200128000083, -2.779292471999952 ], [ 115.493880399000091, -2.778861887999938 ], [ 115.502205932000038, -2.777887776999933 ], [ 115.506203281000012, -2.777420051999968 ], [ 115.506796425000061, -2.777350647999981 ], [ 115.515587519000064, -2.773837544999935 ], [ 115.516992775000062, -2.775690185999963 ], [ 115.519528860000037, -2.779033657999946 ], [ 115.520413757000028, -2.78020026799993 ], [ 115.527984294000021, -2.778079028999969 ] ] ] } },
{ "type": "Feature", "properties": { "village_id": "63.06.03.2010", "village_name": "Longawang", "admin_type": "Desa", "district_id": "63.06.03", "district_name": "Telaga Langsat", "regency_code": "63.06", "regency_name": "Hulu Sungai Selatan", "province_name": "Kalimantan Selatan", "area_ha_source": 163.17428366600001, "boundary_basis": "Hasil Delineasi Batas Desa 2018", "metadata_source": "TASWIL1000020230928_DATA_BATAS_DESAKELURAHAN" }, "geometry": { "type": "Polygon", "coordinates": [ [ [ 115.333098545000098, -2.701274607999949 ], [ 115.333124552000072, -2.701299846999973 ], [ 115.333154137000065, -2.70132809699993 ], [ 115.33317610000006, -2.701362223999979 ], [ 115.333199835000073, -2.701404726999954 ], [ 115.333217647000083, -2.701429276999932 ], [ 115.333242013000017, -2.701446058999977 ], [ 115.333273056000053, -2.701466349999976 ], [ 115.331867137000017, -2.70410107999993 ], [ 115.331846504000055, -2.704145638999933 ], [ 115.330094932000065, -2.708263774999978 ], [ 115.329580608000015, -2.709608001999925 ], [ 115.328333796000038, -2.712866622999968 ], [ 115.326717157000076, -2.717296834999956 ], [ 115.326701215000071, -2.717340518999947 ], [ 115.324519245000033, -2.716671107999957 ], [ 115.322957899000016, -2.716192097999965 ], [ 115.320816992000118, -2.715535277999948 ], [ 115.319513760000063, -2.715135450999981 ], [ 115.320930729000111, -2.711518144999957 ], [ 115.3217042980001, -2.709543318999977 ], [ 115.321803923000061, -2.709320663999961 ], [ 115.323931963000064, -2.704564539999978 ], [ 115.324377282000114, -2.703569253999945 ], [ 115.325436159000105, -2.701202652999939 ], [ 115.325536894000038, -2.700979213999972 ], [ 115.327310759000056, -2.697791361999975 ], [ 115.327365895000071, -2.697648013999981 ], [ 115.327415989000087, -2.697554767999975 ], [ 115.327482765000013, -2.697442402999968 ], [ 115.327528063000045, -2.69737547099993 ], [ 115.327581148000036, -2.697348616999932 ], [ 115.327669909000065, -2.697382006999931 ], [ 115.327775563000046, -2.697374973999956 ], [ 115.327880027000106, -2.697366983999927 ], [ 115.327960945000086, -2.697351543999957 ], [ 115.328040703000056, -2.69731576199996 ], [ 115.32809425500011, -2.697303873999942 ], [ 115.328147768, -2.697320695999963 ], [ 115.328194121000024, -2.697351864999973 ], [ 115.328246553000099, -2.697394752999969 ], [ 115.328263311000114, -2.697453580999934 ], [ 115.328226793000113, -2.697537513999976 ], [ 115.328201770000078, -2.697566909999978 ], [ 115.328184611000097, -2.69758698399994 ], [ 115.328168660000074, -2.697604715999944 ], [ 115.328148801000111, -2.697627116999968 ], [ 115.328148150000061, -2.697627849999947 ], [ 115.328129289000117, -2.697656845999973 ], [ 115.328156807000028, -2.697700838999936 ], [ 115.328240537000056, -2.69771818199996 ], [ 115.328389407000031, -2.69771776999994 ], [ 115.328475058000095, -2.697761635999939 ], [ 115.328588669000055, -2.697867966999979 ], [ 115.328693204000047, -2.69798296099998 ], [ 115.328794199000072, -2.698064709999926 ], [ 115.328820486000041, -2.698166895999975 ], [ 115.328850783, -2.698283701999969 ], [ 115.32887159500001, -2.698375609999971 ], [ 115.328883596000082, -2.698453692999976 ], [ 115.328920907000111, -2.698505840999928 ], [ 115.329016089000106, -2.698500230999969 ], [ 115.329099882000037, -2.69847163299994 ], [ 115.329191294000111, -2.698439218999965 ], [ 115.329273138000076, -2.698443159999954 ], [ 115.32934926900009, -2.698449007999955 ], [ 115.329432095000016, -2.698499666999965 ], [ 115.329602435000083, -2.698528452999938 ], [ 115.329709474000083, -2.698552526999947 ], [ 115.329779546000054, -2.69858874099998 ], [ 115.329806959000052, -2.698602907999941 ], [ 115.329899666000074, -2.69866763899995 ], [ 115.329998297000088, -2.698753660999955 ], [ 115.329982724000047, -2.69882806499993 ], [ 115.329911277000065, -2.698875820999945 ], [ 115.329816039000093, -2.698923542999978 ], [ 115.329751747000046, -2.698959344999935 ], [ 115.329704137000022, -2.698976026999958 ], [ 115.329658920000043, -2.698983143999953 ], [ 115.329602280000017, -2.698997280999947 ], [ 115.329601732000015, -2.699042881999958 ], [ 115.329694459000052, -2.699093256999959 ], [ 115.329787198000076, -2.699134060999938 ], [ 115.329910909000091, -2.699146194999969 ], [ 115.329923260000101, -2.699147821999929 ], [ 115.330039371000112, -2.69916312099997 ], [ 115.330098839000016, -2.699175166999964 ], [ 115.33021348300008, -2.699224206999929 ], [ 115.330230974000074, -2.699289719999967 ], [ 115.330233725000085, -2.69936581199994 ], [ 115.330233635000013, -2.699431850999929 ], [ 115.330240675000027, -2.699503640999978 ], [ 115.330320890000053, -2.699595128999931 ], [ 115.330431690000069, -2.699713504999977 ], [ 115.330515787000081, -2.699809807999941 ], [ 115.33058991900009, -2.699885998999946 ], [ 115.330680109000014, -2.69995735599997 ], [ 115.330724384000064, -2.700037785999939 ], [ 115.330722799000114, -2.700152632999959 ], [ 115.33071127900007, -2.700225834999969 ], [ 115.330709759000115, -2.700293305999935 ], [ 115.330706544, -2.700355294999952 ], [ 115.330738195000094, -2.700378046999958 ], [ 115.330808177000108, -2.700356608999925 ], [ 115.330879662000029, -2.700280619999944 ], [ 115.33097121000003, -2.700148669999976 ], [ 115.331059854000046, -2.700052604999939 ], [ 115.331095591, -2.700018198999942 ], [ 115.331138706000047, -2.699985117999972 ], [ 115.33123128200009, -2.699968139999953 ], [ 115.331302665000067, -2.699966802999938 ], [ 115.331375421000075, -2.700005664999935 ], [ 115.331523720000064, -2.700132204999932 ], [ 115.33158073300001, -2.70019975699995 ], [ 115.331612154000027, -2.700276991999942 ], [ 115.331613459000096, -2.700280196999927 ], [ 115.331651882000074, -2.700369258999956 ], [ 115.331670324000015, -2.700455421999948 ], [ 115.33170446500003, -2.70056466799997 ], [ 115.331822793000015, -2.700665231999949 ], [ 115.331902660000083, -2.700724203999926 ], [ 115.332011114000011, -2.70075593699994 ], [ 115.332083913000019, -2.700763214999938 ], [ 115.332171808000112, -2.700773307999953 ], [ 115.332330427000102, -2.700798518999932 ], [ 115.33254596200004, -2.700882719999925 ], [ 115.332552410000062, -2.700887397999963 ], [ 115.33257398, -2.700976802999946 ], [ 115.332576091000078, -2.701063249999947 ], [ 115.333098545000098, -2.701274607999949 ] ] ] } },
{ "type": "Feature", "properties": { "village_id": "63.06.10.2003", "village_name": "Lumpangi", "admin_type": "Desa", "district_id": "63.06.10", "district_name": "Loksado", "regency_code": "63.06", "regency_name": "Hulu Sungai Selatan", "province_name": "Kalimantan Selatan", "area_ha_source": 1952.2534133, "boundary_basis": "Hasil Delineasi Batas Desa 2018", "metadata_source": "TASWIL1000020230928_DATA_BATAS_DESAKELURAHAN" }, "geometry": { "type": "Polygon", "coordinates": [ [ [ 115.43983731600008, -2.835847306999938 ], [ 115.439509871000041, -2.835881296999958 ], [ 115.434211211000047, -2.836431321999953 ], [ 115.414535713000078, -2.836581813999942 ], [ 115.410660152000105, -2.836576470999944 ], [ 115.408833185000049, -2.836573942999962 ], [ 115.406844682000042, -2.836514164999926 ], [ 115.399445431000117, -2.835303346999979 ], [ 115.399920603000055, -2.833823023999969 ], [ 115.40396940200003, -2.821209615999976 ], [ 115.403056479000043, -2.820183644999929 ], [ 115.402699559000098, -2.819493601999966 ], [ 115.402437818000067, -2.818470432999959 ], [ 115.402461612000025, -2.817518648999965 ], [ 115.402461612000025, -2.81725690899998 ], [ 115.40288991500006, -2.816090972999973 ], [ 115.403032685000085, -2.814925036999966 ], [ 115.403294424000023, -2.813116645999969 ], [ 115.403318218000095, -2.811950710999952 ], [ 115.403889291000041, -2.81090374799993 ], [ 115.404436566000072, -2.810285087999944 ], [ 115.405150708000065, -2.809567885999968 ], [ 115.405134569000097, -2.809223894999946 ], [ 115.405642291000049, -2.783034330999953 ], [ 115.406374766000113, -2.782981637999967 ], [ 115.414454077000073, -2.782400404999976 ], [ 115.418719804000034, -2.780905589999975 ], [ 115.420942715000024, -2.779985200999931 ], [ 115.42584045600006, -2.787267782999947 ], [ 115.427971561000049, -2.790436565999926 ], [ 115.428888946000029, -2.791800639999963 ], [ 115.42907595600002, -2.79211184899998 ], [ 115.433452892000105, -2.79939563399995 ], [ 115.434357159000115, -2.800900440999953 ], [ 115.434885357000098, -2.801779425999939 ], [ 115.43618825100009, -2.803091619999975 ], [ 115.436545171000034, -2.803638895999939 ], [ 115.436830706000023, -2.804162377999944 ], [ 115.436878296000032, -2.804971393999949 ], [ 115.436497581000026, -2.805780410999944 ], [ 115.436021690000075, -2.80685116799998 ], [ 115.434945504000098, -2.808942598999977 ], [ 115.433541603000094, -2.816856495999957 ], [ 115.43353155200009, -2.816913152999973 ], [ 115.434800039000038, -2.824008140999979 ], [ 115.43500829300001, -2.825172972999951 ], [ 115.435720892000063, -2.829158757999949 ], [ 115.43983731600008, -2.835847306999938 ] ] ] } },
{ "type": "Feature", "properties": { "village_id": "63.06.05.2011", "village_name": "Lungau", "admin_type": "Desa", "district_id": "63.06.05", "district_name": "Kandangan", "regency_code": "63.06", "regency_name": "Hulu Sungai Selatan", "province_name": "Kalimantan Selatan", "area_ha_source": 1828.49900716, "boundary_basis": "Hasil Delineasi Batas Desa 2018", "metadata_source": "TASWIL1000020230928_DATA_BATAS_DESAKELURAHAN" }, "geometry": { "type": "Polygon", "coordinates": [ [ [ 115.200023777000069, -2.698854463999965 ], [ 115.212768642000015, -2.717058746999953 ], [ 115.212938861000112, -2.717301878999933 ], [ 115.220045500000083, -2.727452600999925 ], [ 115.225909586000057, -2.735828457999958 ], [ 115.226199384000097, -2.738296305999938 ], [ 115.226402989, -2.740030170999944 ], [ 115.226554782000107, -2.741322822999962 ], [ 115.227558179000084, -2.741457605999926 ], [ 115.228258802000028, -2.741458648999981 ], [ 115.232961865000107, -2.743150795999952 ], [ 115.234371141000111, -2.74377809899994 ], [ 115.235319502000038, -2.744200236999973 ], [ 115.23888493700008, -2.745787289999953 ], [ 115.239584730000047, -2.746359567999946 ], [ 115.239970085000095, -2.748292841999955 ], [ 115.242262506000088, -2.75097126199995 ], [ 115.244384103000016, -2.753450086999976 ], [ 115.245272650000061, -2.75444155799994 ], [ 115.249964305000049, -2.757533218999924 ], [ 115.251667063000014, -2.758563977999927 ], [ 115.252215019, -2.75938357299998 ], [ 115.252024570000117, -2.760125910999932 ], [ 115.251474889000065, -2.760486886999956 ], [ 115.250433366000038, -2.760504387999958 ], [ 115.249898317000088, -2.761089589999926 ], [ 115.24975090800001, -2.761017498999934 ], [ 115.249428714000032, -2.761207436999939 ], [ 115.248926133000055, -2.762773378999952 ], [ 115.248762902000067, -2.763281972999948 ], [ 115.248420681000084, -2.764214498999934 ], [ 115.24854154500008, -2.765728475999936 ], [ 115.24912563800001, -2.767728699999964 ], [ 115.249529512000095, -2.769947633999948 ], [ 115.249599044000092, -2.770901744999946 ], [ 115.24803121900004, -2.770968961999927 ], [ 115.247500734000027, -2.76961550599998 ], [ 115.246420715000113, -2.768328183999927 ], [ 115.246030276000056, -2.766300127999955 ], [ 115.245497989000114, -2.76512353499993 ], [ 115.243187217000013, -2.76001568199996 ], [ 115.242010016000108, -2.757937010999967 ], [ 115.240809952000063, -2.756641762999948 ], [ 115.240766084000029, -2.756594415999928 ], [ 115.239211360000013, -2.754916374999937 ], [ 115.233708584000055, -2.751496115999942 ], [ 115.233077177000041, -2.751274782999928 ], [ 115.228891765000071, -2.749807628999974 ], [ 115.224909285000081, -2.749257728999964 ], [ 115.219819856000072, -2.749805434999928 ], [ 115.219803590000083, -2.74960552899995 ], [ 115.218259290000105, -2.747973822999938 ], [ 115.215610534, -2.746118271999933 ], [ 115.210057324000104, -2.742934417999948 ], [ 115.209134616000028, -2.742405393999945 ], [ 115.203942516000097, -2.739783759999966 ], [ 115.199363128000073, -2.737663362999967 ], [ 115.199257366000097, -2.737614391999955 ], [ 115.191414031000022, -2.733982642999933 ], [ 115.191248267000105, -2.733905887999924 ], [ 115.189872791000084, -2.73211514999997 ], [ 115.185040163000053, -2.725823498999944 ], [ 115.184361078000052, -2.724939390999964 ], [ 115.17285908100007, -2.708299501999932 ], [ 115.174450676000106, -2.708301913999946 ], [ 115.179146548000062, -2.708227602999955 ], [ 115.18173743300008, -2.708150098999965 ], [ 115.183113899000091, -2.708070760999931 ], [ 115.185523893000095, -2.707070149999936 ], [ 115.186435382000013, -2.706691703999979 ], [ 115.189028207000092, -2.705311540999958 ], [ 115.194862745000023, -2.701737998999931 ], [ 115.194980796000095, -2.701670744999944 ], [ 115.199750606000066, -2.698953302999939 ], [ 115.199995354000066, -2.698813863999931 ], [ 115.200023777000069, -2.698854463999965 ] ] ] } },
{ "type": "Feature", "properties": { "village_id": "63.06.02.2012", "village_name": "Madang", "admin_type": "Desa", "district_id": "63.06.02", "district_name": "Padang Batung", "regency_code": "63.06", "regency_name": "Hulu Sungai Selatan", "province_name": "Kalimantan Selatan", "area_ha_source": 1704.5318496899999, "boundary_basis": "Hasil Delineasi Batas Desa 2018", "metadata_source": "TASWIL1000020230928_DATA_BATAS_DESAKELURAHAN" }, "geometry": { "type": "Polygon", "coordinates": [ [ [ 115.321422817000098, -2.763863972999957 ], [ 115.323617150000018, -2.765093897999975 ], [ 115.324544001000049, -2.765437123999959 ], [ 115.32520888900001, -2.765683339999953 ], [ 115.329506725000101, -2.767184080999925 ], [ 115.332004914000095, -2.767421326999965 ], [ 115.336353891000044, -2.767834323999978 ], [ 115.342402711000091, -2.770055749999926 ], [ 115.344046932000083, -2.77065958399993 ], [ 115.34685959, -2.771692514999927 ], [ 115.348816157000101, -2.773123464999969 ], [ 115.349950938, -2.77647669199996 ], [ 115.35291087600001, -2.783445446999963 ], [ 115.35155699500001, -2.789101757999958 ], [ 115.351488362000055, -2.789211834999946 ], [ 115.348110333000022, -2.794629631999953 ], [ 115.344840686000111, -2.799873504999937 ], [ 115.34433823400002, -2.800679330999969 ], [ 115.33927200100004, -2.800858035999966 ], [ 115.33684797, -2.800656160999949 ], [ 115.331853028000069, -2.800728044999971 ], [ 115.321874775000083, -2.800452185999973 ], [ 115.321896421000019, -2.800235716999964 ], [ 115.322133837000024, -2.797861357999977 ], [ 115.32277913900009, -2.796853060999979 ], [ 115.322362701000088, -2.79653114599995 ], [ 115.321977227000048, -2.796288440999945 ], [ 115.322005783, -2.795831583999927 ], [ 115.321948675000044, -2.794575228999975 ], [ 115.3215917550001, -2.794018434999941 ], [ 115.32093502500004, -2.793747176999943 ], [ 115.320349677000081, -2.793632961999947 ], [ 115.319707223000023, -2.793718622999961 ], [ 115.318151055000044, -2.794175479999979 ], [ 115.317280173000086, -2.794275415999948 ], [ 115.316337905000069, -2.794261141999925 ], [ 115.315309978000073, -2.794061265999972 ], [ 115.314938782000013, -2.79384711299997 ], [ 115.314282051000077, -2.793461641999954 ], [ 115.313825195000049, -2.793318873999965 ], [ 115.312354688000028, -2.79356157899997 ], [ 115.31111463700006, -2.793437885999936 ], [ 115.310115653000025, -2.793860197999948 ], [ 115.305458114000089, -2.795829094999931 ], [ 115.303872333000072, -2.796015587999932 ], [ 115.302994848000026, -2.786388199999976 ], [ 115.30262050500005, -2.784399189999931 ], [ 115.302240280000092, -2.783369128999936 ], [ 115.302381450000098, -2.782339240999931 ], [ 115.302102664000017, -2.781917436999947 ], [ 115.302382924000085, -2.781309148999981 ], [ 115.301964314000088, -2.780980787999965 ], [ 115.301359644000058, -2.780511688999979 ], [ 115.302620096000055, -2.778266035999934 ], [ 115.302807021000035, -2.777798080999958 ], [ 115.303459124000028, -2.777658555999949 ], [ 115.304203753000024, -2.777940564999938 ], [ 115.305230239000025, -2.776490548999959 ], [ 115.306118430000083, -2.774057057999926 ], [ 115.307284735000053, -2.772513591999939 ], [ 115.307844569000054, -2.771765235999965 ], [ 115.308142965000116, -2.771609231999946 ], [ 115.309446567, -2.770927699999959 ], [ 115.30998812100006, -2.770644570999934 ], [ 115.310175242000014, -2.770036145999939 ], [ 115.310502717000077, -2.768959694999978 ], [ 115.310970017000045, -2.767789798999956 ], [ 115.31134286200006, -2.76755621999996 ], [ 115.311568742000077, -2.767315577999966 ], [ 115.312030334000042, -2.766823818999967 ], [ 115.318097332000093, -2.764338725999949 ], [ 115.320797389000063, -2.763836504999972 ], [ 115.321230187000083, -2.76375600199998 ], [ 115.321422817000098, -2.763863972999957 ] ] ] } },
{ "type": "Feature", "properties": { "village_id": "63.06.02.2017", "village_name": "Malilingin", "admin_type": "Desa", "district_id": "63.06.02", "district_name": "Padang Batung", "regency_code": "63.06", "regency_name": "Hulu Sungai Selatan", "province_name": "Kalimantan Selatan", "area_ha_source": 4559.6032316600003, "boundary_basis": "Hasil Delineasi Batas Desa 2018", "metadata_source": "TASWIL1000020230928_DATA_BATAS_DESAKELURAHAN" }, "geometry": { "type": "Polygon", "coordinates": [ [ [ 115.367394834000038, -2.853381724999963 ], [ 115.367817499000012, -2.85466271599995 ], [ 115.374296215000072, -2.857412498999963 ], [ 115.374546678000115, -2.857638924999947 ], [ 115.37642981700003, -2.85934132899996 ], [ 115.380250881000052, -2.866161123999973 ], [ 115.380446175000088, -2.868234804999929 ], [ 115.380133762000014, -2.870864354999981 ], [ 115.380403074000014, -2.87151683999997 ], [ 115.38247444000001, -2.876535257999933 ], [ 115.383437510000022, -2.878868543999943 ], [ 115.383351379000032, -2.879195741999979 ], [ 115.382696864000081, -2.881682121999972 ], [ 115.382648095000036, -2.881758928999943 ], [ 115.382622004000041, -2.881800022999926 ], [ 115.38240582100002, -2.881720331999929 ], [ 115.381386165000094, -2.883446177999929 ], [ 115.376688680000029, -2.891407587999936 ], [ 115.37535631500009, -2.893665674999966 ], [ 115.375218973000074, -2.895564598999954 ], [ 115.376073088000112, -2.897402922999959 ], [ 115.376127513000029, -2.897520060999966 ], [ 115.376164996000057, -2.897600736999948 ], [ 115.3766790520001, -2.898171195999964 ], [ 115.37734002000002, -2.898904684999934 ], [ 115.377996424000116, -2.899313460999963 ], [ 115.379392337000013, -2.900182766999933 ], [ 115.381337697000049, -2.901370258999975 ], [ 115.382837104000032, -2.902504686999976 ], [ 115.383229871000026, -2.902801847999967 ], [ 115.384438468000099, -2.904203397999936 ], [ 115.384565060000114, -2.904350200999943 ], [ 115.384479385000077, -2.905509467999934 ], [ 115.384420043000091, -2.906312426999932 ], [ 115.383855481000069, -2.908192657999962 ], [ 115.383573189000117, -2.910028076999936 ], [ 115.382734012000014, -2.912097822999954 ], [ 115.382177106000086, -2.913692854999965 ], [ 115.382039705000011, -2.914086383999972 ], [ 115.381346315000087, -2.915657898999939 ], [ 115.381246162000025, -2.915884886999947 ], [ 115.380280085000095, -2.916916473999947 ], [ 115.379689945000109, -2.917546631999926 ], [ 115.377934958000083, -2.918647390999979 ], [ 115.376363582000067, -2.919887517999939 ], [ 115.376356977000114, -2.919892929999946 ], [ 115.37441788000001, -2.921481923999977 ], [ 115.374156518000063, -2.921644325999978 ], [ 115.371602536000069, -2.923232249999955 ], [ 115.37014097000008, -2.923620063999977 ], [ 115.37006142000007, -2.923557143999972 ], [ 115.36040112, -2.915916271999947 ], [ 115.339575024000055, -2.899443308999935 ], [ 115.338061733000018, -2.898246309999934 ], [ 115.333401218000063, -2.894559822999952 ], [ 115.312374669000064, -2.881567336999979 ], [ 115.313266827, -2.867188599999963 ], [ 115.311486512000101, -2.860944359999962 ], [ 115.31241576900004, -2.860690266999939 ], [ 115.313439876000075, -2.860379886999965 ], [ 115.313454672000034, -2.859261731999936 ], [ 115.313469085000065, -2.858172323999952 ], [ 115.313381272000015, -2.84983146899998 ], [ 115.304623317000051, -2.849539354999933 ], [ 115.314411219000021, -2.834386285999926 ], [ 115.319691676000048, -2.836207548999937 ], [ 115.319548909000105, -2.83642169999996 ], [ 115.319287167000084, -2.836802413999976 ], [ 115.319429935000016, -2.836992769999938 ], [ 115.320191364000038, -2.83720692199995 ], [ 115.321452478000083, -2.837682813999947 ], [ 115.322237702000052, -2.838182500999949 ], [ 115.322237701000063, -2.838372857999957 ], [ 115.321856986000057, -2.838896338999973 ], [ 115.322094932000027, -2.839443614999936 ], [ 115.322737387000075, -2.839776739999934 ], [ 115.323808145000044, -2.840728523999928 ], [ 115.324331626000117, -2.841347183999972 ], [ 115.324450599000102, -2.841704103999973 ], [ 115.324498188, -2.841989637999973 ], [ 115.324474394000049, -2.842489324999974 ], [ 115.324736134000091, -2.843036600999937 ], [ 115.325116847000118, -2.843726645999936 ], [ 115.325592740000047, -2.843750438999962 ], [ 115.326235194000105, -2.84379802899997 ], [ 115.326663497000027, -2.844012179999936 ], [ 115.326639703000069, -2.844392893999952 ], [ 115.326449345000015, -2.845059142999958 ], [ 115.326473141000065, -2.845606418999978 ], [ 115.326582620000067, -2.846144820999939 ], [ 115.327510803000109, -2.846206974999973 ], [ 115.328491698000107, -2.847123723999971 ], [ 115.329995255000085, -2.848474499999952 ], [ 115.330962268, -2.849775038999951 ], [ 115.331301004000011, -2.851048307999974 ], [ 115.331436498000016, -2.851677977999941 ], [ 115.331880098000056, -2.851985194999941 ], [ 115.333388209000077, -2.852570784999955 ], [ 115.334831835000045, -2.853533736999964 ], [ 115.336419596000042, -2.853760203999968 ], [ 115.337370737000015, -2.854259083999978 ], [ 115.338123958000097, -2.854101520999961 ], [ 115.339008099000011, -2.852905991999933 ], [ 115.34028911200005, -2.85058014599997 ], [ 115.341737490000014, -2.85131092599994 ], [ 115.343003781000107, -2.852679039999941 ], [ 115.343380847000049, -2.852842168999928 ], [ 115.344271247000052, -2.853227386999947 ], [ 115.345585312000026, -2.852864944999965 ], [ 115.34739710000008, -2.852867562999961 ], [ 115.347771652, -2.852874735999933 ], [ 115.348675753000066, -2.852892044999976 ], [ 115.356801356, -2.853047583999967 ], [ 115.360260513000071, -2.853113782999969 ], [ 115.367394834000038, -2.853381724999963 ] ] ] } },
{ "type": "Feature", "properties": { "village_id": "63.06.10.2004", "village_name": "Malinau", "admin_type": "Desa", "district_id": "63.06.10", "district_name": "Loksado", "regency_code": "63.06", "regency_name": "Hulu Sungai Selatan", "province_name": "Kalimantan Selatan", "area_ha_source": 4105.6077263999996, "boundary_basis": "Hasil Delineasi Batas Desa 2018", "metadata_source": "TASWIL1000020230928_DATA_BATAS_DESAKELURAHAN" }, "geometry": { "type": "Polygon", "coordinates": [ [ [ 115.460502676000033, -2.872403993999967 ], [ 115.459417969000015, -2.872602963999952 ], [ 115.457861414000035, -2.873161568999933 ], [ 115.45665585200004, -2.87419996899996 ], [ 115.455755086000067, -2.875564459999964 ], [ 115.453566044000013, -2.878880447999961 ], [ 115.451483167000106, -2.88264886099995 ], [ 115.449789438000039, -2.884030240999948 ], [ 115.448271163000072, -2.885782650999943 ], [ 115.446615482000084, -2.887290685999972 ], [ 115.445143030000054, -2.888618092999934 ], [ 115.442968662000112, -2.889148680999938 ], [ 115.44167931700008, -2.888323924999952 ], [ 115.440235534000067, -2.886560758999963 ], [ 115.440107571000112, -2.886404487999926 ], [ 115.439134086000081, -2.884738598999945 ], [ 115.438780010000073, -2.884132682999962 ], [ 115.437414505000106, -2.883922793999943 ], [ 115.436529256000085, -2.884536353999977 ], [ 115.432661349000114, -2.887217172999954 ], [ 115.430967530000089, -2.88803779899996 ], [ 115.429266109000082, -2.888252485999942 ], [ 115.427602836, -2.888729487999967 ], [ 115.427041136000071, -2.888995455999975 ], [ 115.425146240000117, -2.889892700999951 ], [ 115.424384365000037, -2.889991118999944 ], [ 115.42391796000004, -2.890053773999966 ], [ 115.421987632000082, -2.890141515999971 ], [ 115.418714590000036, -2.88960336599996 ], [ 115.418002546000025, -2.889772918999938 ], [ 115.417242069000054, -2.889954005999925 ], [ 115.41625023600011, -2.891698034999933 ], [ 115.415609326000094, -2.892131229999961 ], [ 115.413862159000018, -2.89249956499998 ], [ 115.412847562000024, -2.89241674699997 ], [ 115.411855721000052, -2.892343002999951 ], [ 115.410172027000044, -2.891942714999971 ], [ 115.409810949000075, -2.891860814999973 ], [ 115.407796815000097, -2.891179707999925 ], [ 115.405561253000087, -2.890254109999944 ], [ 115.403745666000077, -2.889907889999961 ], [ 115.399450251000076, -2.889856596999948 ], [ 115.397771621000061, -2.889465345999952 ], [ 115.396810605000042, -2.888995455999975 ], [ 115.395879560000026, -2.888540220999971 ], [ 115.395550974000116, -2.888141839999946 ], [ 115.394651076000059, -2.887055338999971 ], [ 115.392629340000099, -2.885605504999944 ], [ 115.391057867000086, -2.885377183999935 ], [ 115.390857037000046, -2.885380393999981 ], [ 115.386380895000116, -2.885451916999955 ], [ 115.385221295000065, -2.884564001999934 ], [ 115.383809633000055, -2.882237812999961 ], [ 115.382622004000041, -2.881800022999926 ], [ 115.382648095000036, -2.881758928999943 ], [ 115.382696864000081, -2.881682121999972 ], [ 115.383351379000032, -2.879195741999979 ], [ 115.383437510000022, -2.878868543999943 ], [ 115.38247444000001, -2.876535257999933 ], [ 115.387748477000059, -2.862219502999949 ], [ 115.389327892000097, -2.858585209999944 ], [ 115.392571787000065, -2.851120751999929 ], [ 115.395803053, -2.843685149999942 ], [ 115.397946687000058, -2.842034900999977 ], [ 115.399712247000025, -2.840987937999955 ], [ 115.401520638000079, -2.839940974999934 ], [ 115.403281440000114, -2.838965395999935 ], [ 115.40439978500001, -2.838370530999953 ], [ 115.405708490000052, -2.837680486999943 ], [ 115.408833185000049, -2.836573942999962 ], [ 115.410660152000105, -2.836576470999944 ], [ 115.414535713000078, -2.836581813999942 ], [ 115.434211211000047, -2.836431321999953 ], [ 115.439509871000041, -2.835881296999958 ], [ 115.43983731600008, -2.835847306999938 ], [ 115.44541297, -2.841167587999962 ], [ 115.447316539000099, -2.842309729999954 ], [ 115.449172517000079, -2.843166334999978 ], [ 115.450219480000101, -2.844165707999935 ], [ 115.45098090700003, -2.845165081999937 ], [ 115.452265816000022, -2.847163828999953 ], [ 115.453788673000076, -2.849210165999978 ], [ 115.456024470000102, -2.851959751999971 ], [ 115.456234882000103, -2.854779063999956 ], [ 115.456331026000043, -2.856067365999934 ], [ 115.457032979000019, -2.858995931999971 ], [ 115.459982136, -2.870392457999969 ], [ 115.460442415000102, -2.872171125999955 ], [ 115.460502676000033, -2.872403993999967 ] ] ] } },
{ "type": "Feature", "properties": { "village_id": "63.06.02.2016", "village_name": "Malutu", "admin_type": "Desa", "district_id": "63.06.02", "district_name": "Padang Batung", "regency_code": "63.06", "regency_name": "Hulu Sungai Selatan", "province_name": "Kalimantan Selatan", "area_ha_source": 2777.5801703000002, "boundary_basis": "Hasil Delineasi Batas Desa 2018", "metadata_source": "TASWIL1000020230928_DATA_BATAS_DESAKELURAHAN" }, "geometry": { "type": "Polygon", "coordinates": [ [ [ 115.284765318000041, -2.840092500999958 ], [ 115.28512571300007, -2.840204588999939 ], [ 115.287696570000094, -2.839943336999966 ], [ 115.287606624000091, -2.840944586999967 ], [ 115.287856465000118, -2.841301503999944 ], [ 115.288686969000082, -2.841580782999927 ], [ 115.290386316000081, -2.841703246999941 ], [ 115.29112822500008, -2.841979650999974 ], [ 115.291859387000045, -2.842610728999944 ], [ 115.292377442000088, -2.84330025099996 ], [ 115.292543895000108, -2.843848974999958 ], [ 115.292353646000038, -2.84463274899997 ], [ 115.29160411600003, -2.84621508999993 ], [ 115.291523725000047, -2.846655504999944 ], [ 115.29105684000001, -2.847654664999936 ], [ 115.29075940700011, -2.848047275999932 ], [ 115.290485770000032, -2.848201940999957 ], [ 115.289771930000029, -2.848201940999957 ], [ 115.289193841000042, -2.847961876999932 ], [ 115.288760661000083, -2.84754758899993 ], [ 115.288189590000115, -2.847154977999935 ], [ 115.287737492000019, -2.84703600499995 ], [ 115.287356777000014, -2.847083593999969 ], [ 115.287047448000067, -2.847262052999952 ], [ 115.286761914000067, -2.847559486999955 ], [ 115.286547762000055, -2.847987789999934 ], [ 115.286425608000059, -2.848478762999946 ], [ 115.286607248000109, -2.849439261999976 ], [ 115.286845195000069, -2.849927049999962 ], [ 115.287071244000117, -2.850034125999969 ], [ 115.287773184000116, -2.850248277999981 ], [ 115.288033007000081, -2.850853173999951 ], [ 115.287963541000067, -2.851794926999958 ], [ 115.287113401000056, -2.853252382999926 ], [ 115.286476378000089, -2.85412680099995 ], [ 115.285477005000075, -2.854519409999966 ], [ 115.284357162000106, -2.854623539999977 ], [ 115.283644819000074, -2.854602690999968 ], [ 115.28306185100007, -2.854697869999939 ], [ 115.282693035000079, -2.854971508999938 ], [ 115.282395603000055, -2.855304632999946 ], [ 115.282324218000099, -2.855828113999962 ], [ 115.282395603000055, -2.856518156999925 ], [ 115.28282390600009, -2.856886974999952 ], [ 115.283708807000039, -2.857297323999944 ], [ 115.284529796000015, -2.85773772899995 ], [ 115.285524593000105, -2.858314649999954 ], [ 115.285940999000104, -2.858374137999931 ], [ 115.286452583000028, -2.858338444999958 ], [ 115.286773810000113, -2.858136190999971 ], [ 115.286865083000066, -2.857896921999952 ], [ 115.286952271000018, -2.857469941999966 ], [ 115.287047448000067, -2.856910767999977 ], [ 115.287297294000041, -2.856649027999936 ], [ 115.287606623000102, -2.856589540999948 ], [ 115.288032189000091, -2.856723256999942 ], [ 115.288641687000109, -2.857339070999956 ], [ 115.289146193000079, -2.857737047999933 ], [ 115.290382567000051, -2.858101135999959 ], [ 115.293091279, -2.858826233999935 ], [ 115.295306976, -2.859472789999927 ], [ 115.296922211000037, -2.859932683999943 ], [ 115.297918519000063, -2.860358135999945 ], [ 115.299519632000056, -2.861255662999952 ], [ 115.295503961, -2.873115779999978 ], [ 115.292024329000014, -2.881629799999928 ], [ 115.290388451000013, -2.88508001699995 ], [ 115.288157707000096, -2.893437873999972 ], [ 115.286730028000079, -2.900219337999943 ], [ 115.28390441900001, -2.911759722999932 ], [ 115.281465364000042, -2.916734349999956 ], [ 115.281094231000111, -2.917491301999974 ], [ 115.280880025000101, -2.91772197399996 ], [ 115.280902428000104, -2.918025432999968 ], [ 115.280934648000084, -2.918461896999929 ], [ 115.280952515000081, -2.918703935999929 ], [ 115.280956868000089, -2.918762911999977 ], [ 115.280994017000012, -2.919266161999928 ], [ 115.28107826300004, -2.920407394999927 ], [ 115.281095811000114, -2.920645100999934 ], [ 115.281361373000095, -2.924242560999971 ], [ 115.281427456000074, -2.925137741999947 ], [ 115.281601813000066, -2.927499723999972 ], [ 115.28163637900002, -2.927585646999944 ], [ 115.280877335000014, -2.927716439999926 ], [ 115.265996857, -2.930280536999931 ], [ 115.263619282000036, -2.920591870999942 ], [ 115.261724400000048, -2.91870800199996 ], [ 115.261278835000098, -2.917961348999938 ], [ 115.259611111000027, -2.915166666999937 ], [ 115.257555556000057, -2.91172222199998 ], [ 115.256186134000018, -2.909380312999929 ], [ 115.255638889000011, -2.90844444399994 ], [ 115.253525961000037, -2.904982556999926 ], [ 115.250655018000089, -2.900278711999931 ], [ 115.250663881000037, -2.89765998699994 ], [ 115.248927768000044, -2.89766388399994 ], [ 115.24892779400011, -2.893666660999941 ], [ 115.248388879000117, -2.893666636999967 ], [ 115.24838889800003, -2.892944480999972 ], [ 115.248027806000096, -2.892944467999939 ], [ 115.24802775, -2.892405937999968 ], [ 115.24802774300008, -2.89233335199998 ], [ 115.247638844000107, -2.892333383999926 ], [ 115.247638846000086, -2.891898478999963 ], [ 115.24860091700009, -2.892361429999937 ], [ 115.252393115000018, -2.894186238999964 ], [ 115.253292110000075, -2.89461883499996 ], [ 115.253382543000043, -2.894662350999965 ], [ 115.258855997000069, -2.892320809999944 ], [ 115.259261578000064, -2.892380762999949 ], [ 115.259070202000089, -2.892090137999958 ], [ 115.258694860000105, -2.891534683999964 ], [ 115.258434671000032, -2.891149638999934 ], [ 115.256961663000084, -2.88896978899993 ], [ 115.257634670000016, -2.887682767999934 ], [ 115.259516758000018, -2.887006737999968 ], [ 115.260015127000088, -2.886827727999957 ], [ 115.263740744000074, -2.883950647999939 ], [ 115.264476230000014, -2.881682331999968 ], [ 115.265278009000099, -2.88061573799996 ], [ 115.26615722300005, -2.879446128999973 ], [ 115.268524809000041, -2.877271304999965 ], [ 115.270129033000103, -2.875097302999961 ], [ 115.269888900000069, -2.872520803999976 ], [ 115.272147966000034, -2.871236173999932 ], [ 115.274214106000045, -2.871561172999975 ], [ 115.274650950000023, -2.870013240999981 ], [ 115.274641681000048, -2.870008106999933 ], [ 115.274632412000074, -2.870002970999963 ], [ 115.271542357000044, -2.868291097999929 ], [ 115.268737224, -2.867612133999955 ], [ 115.26841497800001, -2.867442757999925 ], [ 115.266957003000016, -2.865331478999963 ], [ 115.264830356000061, -2.862835680999979 ], [ 115.264215058000104, -2.859874828999978 ], [ 115.264246034000053, -2.858700144999943 ], [ 115.264256136000085, -2.858317041999953 ], [ 115.26448503000006, -2.857536816999925 ], [ 115.265112676000058, -2.85539737199997 ], [ 115.266355441000087, -2.853218263999963 ], [ 115.267480394000017, -2.851714835999928 ], [ 115.268101978000118, -2.850884128999951 ], [ 115.269955042000106, -2.848753005999924 ], [ 115.273251175000041, -2.847408572999939 ], [ 115.273567975000105, -2.84711170099996 ], [ 115.276061199000083, -2.844775320999929 ], [ 115.276843138000118, -2.844299025999931 ], [ 115.279175132000091, -2.842878552999935 ], [ 115.279861524000012, -2.840405099999941 ], [ 115.279771108000091, -2.838838485999929 ], [ 115.281148133000102, -2.839240114999939 ], [ 115.282239180000033, -2.839453514999946 ], [ 115.283509983000044, -2.839702072999955 ], [ 115.284765318000041, -2.840092500999958 ] ] ] } },
{ "type": "Feature", "properties": { "village_id": "63.06.03.2003", "village_name": "Mandala", "admin_type": "Desa", "district_id": "63.06.03", "district_name": "Telaga Langsat", "regency_code": "63.06", "regency_name": "Hulu Sungai Selatan", "province_name": "Kalimantan Selatan", "area_ha_source": 414.08887390199999, "boundary_basis": "Hasil Delineasi Batas Desa 2018", "metadata_source": "TASWIL1000020230928_DATA_BATAS_DESAKELURAHAN" }, "geometry": { "type": "Polygon", "coordinates": [ [ [ 115.351684953000017, -2.732293572999936 ], [ 115.348956497000017, -2.736466323999935 ], [ 115.346169242000087, -2.740728938999951 ], [ 115.345963941000036, -2.74104290799994 ], [ 115.344120883000073, -2.746671595999942 ], [ 115.342198696000082, -2.752541826999959 ], [ 115.34218132, -2.752594890999944 ], [ 115.332370789000038, -2.749704993999956 ], [ 115.328741852, -2.74691662999993 ], [ 115.329705149, -2.743424275999928 ], [ 115.330506519000096, -2.740518943999973 ], [ 115.330924447000029, -2.739003751999974 ], [ 115.331929237000054, -2.735360862999926 ], [ 115.332449810000071, -2.733473489999938 ], [ 115.332498797000085, -2.733295882999926 ], [ 115.336501877000046, -2.731501732999959 ], [ 115.339180550000037, -2.726707240999929 ], [ 115.339289192000024, -2.726755776999937 ], [ 115.349735247000012, -2.731422548999944 ], [ 115.351684953000017, -2.732293572999936 ] ] ] } },
{ "type": "Feature", "properties": { "village_id": "63.06.08.2011", "village_name": "Mdl. Murung Mesjid", "admin_type": "Desa", "district_id": "63.06.08", "district_name": "Daha Utara", "regency_code": "63.06", "regency_name": "Hulu Sungai Selatan", "province_name": "Kalimantan Selatan", "area_ha_source": 14.095534797899999, "boundary_basis": "Hasil Delineasi Batas Desa 2018", "metadata_source": "TASWIL1000020230928_DATA_BATAS_DESAKELURAHAN" }, "geometry": { "type": "Polygon", "coordinates": [ [ [ 115.107870826000067, -2.628590681999981 ], [ 115.107884385000034, -2.628286073999959 ], [ 115.107585659000051, -2.627653831999964 ], [ 115.107333222000079, -2.626892424999937 ], [ 115.108393782, -2.626295041999924 ], [ 115.108584185000041, -2.626290896999933 ], [ 115.108723383000097, -2.62626234399994 ], [ 115.108809042000075, -2.626140991999932 ], [ 115.109051749000059, -2.625644872999942 ], [ 115.109399008000082, -2.624893411999949 ], [ 115.109648816000117, -2.624500496999929 ], [ 115.109923085000105, -2.624425005999967 ], [ 115.110631807000118, -2.624252776999924 ], [ 115.11121155100011, -2.624111889999938 ], [ 115.113433078000071, -2.623627668999973 ], [ 115.111702118000039, -2.625607129999935 ], [ 115.110406297000054, -2.626515894999955 ], [ 115.110618147000082, -2.627003422999962 ], [ 115.11063234400001, -2.627211887999977 ], [ 115.110240053000098, -2.627505611999936 ], [ 115.109683257000029, -2.627833977999956 ], [ 115.109238219000076, -2.628054715999951 ], [ 115.109106559000111, -2.62860550399995 ], [ 115.108464302000016, -2.628568639999969 ], [ 115.107870826000067, -2.628590681999981 ] ] ] } },
{ "type": "Feature", "properties": { "village_id": "63.06.02.2011", "village_name": "Mawangi", "admin_type": "Desa", "district_id": "63.06.02", "district_name": "Padang Batung", "regency_code": "63.06", "regency_name": "Hulu Sungai Selatan", "province_name": "Kalimantan Selatan", "area_ha_source": 1608.1562285, "boundary_basis": "Hasil Delineasi Batas Desa 2018", "metadata_source": "TASWIL1000020230928_DATA_BATAS_DESAKELURAHAN" }, "geometry": { "type": "Polygon", "coordinates": [ [ [ 115.378782507000096, -2.782942262999939 ], [ 115.374928870000076, -2.793350270999952 ], [ 115.373658663000015, -2.796487122999963 ], [ 115.372701636000102, -2.798850505999951 ], [ 115.372678707000091, -2.798907129999975 ], [ 115.369723615000112, -2.806204743999956 ], [ 115.368712798000047, -2.809318840999936 ], [ 115.368446100000028, -2.810140480999962 ], [ 115.367211231000056, -2.813944753999976 ], [ 115.366083848000017, -2.817417895999938 ], [ 115.365854333000016, -2.817931816999931 ], [ 115.365593054000101, -2.818516862999957 ], [ 115.364871994000055, -2.820131430999936 ], [ 115.362278008000089, -2.824253610999961 ], [ 115.361951925000085, -2.824771792999968 ], [ 115.361053724000044, -2.826544504999958 ], [ 115.359600330000035, -2.829412941999976 ], [ 115.358707463000087, -2.831321168999978 ], [ 115.351619438000057, -2.829920043999948 ], [ 115.350897842000109, -2.829883325999958 ], [ 115.344641522000074, -2.829564965999964 ], [ 115.343331253000088, -2.829498286999979 ], [ 115.33318419200009, -2.83039452099996 ], [ 115.334544748000098, -2.827372131999937 ], [ 115.335387078000053, -2.822946335999973 ], [ 115.336200854000026, -2.820533562999969 ], [ 115.336400727000068, -2.819262928999933 ], [ 115.336236623000104, -2.81792027399996 ], [ 115.335740536000117, -2.81641665799998 ], [ 115.338235267000073, -2.813869851999925 ], [ 115.337648007000098, -2.812775988999931 ], [ 115.337108608000108, -2.812273906999962 ], [ 115.34433823400002, -2.800679330999969 ], [ 115.344840686000111, -2.799873504999937 ], [ 115.348110333000022, -2.794629631999953 ], [ 115.351488362000055, -2.789211834999946 ], [ 115.35155699500001, -2.789101757999958 ], [ 115.35291087600001, -2.783445446999963 ], [ 115.352944853000054, -2.783525440999938 ], [ 115.353802550000069, -2.783791110999971 ], [ 115.358797312000092, -2.783863100999952 ], [ 115.359844439000085, -2.783731460999945 ], [ 115.359847473000059, -2.783731079999939 ], [ 115.359850507000033, -2.783730697999943 ], [ 115.361029998000049, -2.78319615099997 ], [ 115.36112128100001, -2.783154780999951 ], [ 115.362946201000113, -2.782327718999966 ], [ 115.363555483000027, -2.782255271999929 ], [ 115.366534028000046, -2.781901098999981 ], [ 115.369028194000066, -2.781604518999927 ], [ 115.371565947000022, -2.781302747999973 ], [ 115.372751343000118, -2.781572058999927 ], [ 115.378782507000096, -2.782942262999939 ] ] ] } },
{ "type": "Feature", "properties": { "village_id": "63.06.07.2001", "village_name": "Muning Baru", "admin_type": "Desa", "district_id": "63.06.07", "district_name": "Daha Selatan", "regency_code": "63.06", "regency_name": "Hulu Sungai Selatan", "province_name": "Kalimantan Selatan", "area_ha_source": 4995.39990167, "boundary_basis": "Hasil Delineasi Batas Desa 2018", "metadata_source": "TASWIL1000020230928_DATA_BATAS_DESAKELURAHAN" }, "geometry": { "type": "Polygon", "coordinates": [ [ [ 115.178746111, -2.636847221999972 ], [ 115.179109162000032, -2.637413481999943 ], [ 115.17910907800001, -2.637471323999932 ], [ 115.179204215000027, -2.637561737999931 ], [ 115.180045895000035, -2.638361635999956 ], [ 115.180897682000023, -2.639773564999928 ], [ 115.180710699000088, -2.64253330899993 ], [ 115.180440186000055, -2.644646024999929 ], [ 115.179847012000096, -2.649278745999936 ], [ 115.177985563000107, -2.667614829999934 ], [ 115.177985527000033, -2.667615184999931 ], [ 115.17610253600003, -2.686163478999958 ], [ 115.175765055000056, -2.689487333999978 ], [ 115.172953900000039, -2.691452504999972 ], [ 115.165038686000116, -2.696985631999951 ], [ 115.165037648000066, -2.696986228999947 ], [ 115.15485843700003, -2.702828704999945 ], [ 115.143144810000081, -2.71015502399996 ], [ 115.143135984000082, -2.710160543999962 ], [ 115.141761602000088, -2.711020136999934 ], [ 115.141002270000058, -2.711801952999963 ], [ 115.139561656000069, -2.713285212999949 ], [ 115.139443124000081, -2.713407254999936 ], [ 115.139428747000011, -2.713422055999956 ], [ 115.13645262600005, -2.716486256999929 ], [ 115.135589477000053, -2.71777773499997 ], [ 115.131865063000077, -2.723350291999964 ], [ 115.131791893000013, -2.723459770999966 ], [ 115.131661682000072, -2.723654593999925 ], [ 115.131403021000096, -2.724041603999979 ], [ 115.129560798000057, -2.726231865999978 ], [ 115.129345845000103, -2.726487424999959 ], [ 115.127910197, -2.728454004999946 ], [ 115.126996358000042, -2.729299613999956 ], [ 115.126812341000118, -2.729469889999962 ], [ 115.126695583000014, -2.729577929999948 ], [ 115.125852185000099, -2.731428029999961 ], [ 115.124131644000045, -2.732726093999929 ], [ 115.123921974000041, -2.732884276999926 ], [ 115.121850768000058, -2.734446886999933 ], [ 115.119983541000011, -2.735855594999975 ], [ 115.104212571000062, -2.719234335999943 ], [ 115.108777304000114, -2.707665190999933 ], [ 115.108796243000029, -2.707678187999932 ], [ 115.129135453000117, -2.655812689999948 ], [ 115.129676568000036, -2.654432701999951 ], [ 115.129912969000088, -2.653829819999942 ], [ 115.13111402200002, -2.650923317999968 ], [ 115.131258253000055, -2.650574284999948 ], [ 115.13790283600008, -2.648261764999972 ], [ 115.137902939000014, -2.648261728999955 ], [ 115.163660046000018, -2.639297462999934 ], [ 115.168778423000049, -2.637561737999931 ], [ 115.172632388000011, -2.636254795999946 ], [ 115.173377456000026, -2.636875621999934 ], [ 115.175041613000076, -2.637679565999974 ], [ 115.175622627000052, -2.637549020999927 ], [ 115.176869147000048, -2.637268946999939 ], [ 115.178746111, -2.636847221999972 ] ] ] } },
{ "type": "Feature", "properties": { "village_id": "63.06.07.2002", "village_name": "Muning Dalam", "admin_type": "Desa", "district_id": "63.06.07", "district_name": "Daha Selatan", "regency_code": "63.06", "regency_name": "Hulu Sungai Selatan", "province_name": "Kalimantan Selatan", "area_ha_source": 5144.7962739300001, "boundary_basis": "Hasil Delineasi Batas Desa 2018", "metadata_source": "TASWIL1000020230928_DATA_BATAS_DESAKELURAHAN" }, "geometry": { "type": "Polygon", "coordinates": [ [ [ 115.104212571000062, -2.719234335999943 ], [ 115.119983541000011, -2.735855594999975 ], [ 115.118453197, -2.737010141999974 ], [ 115.116222791000041, -2.738692825999976 ], [ 115.114165859000082, -2.740208894999967 ], [ 115.111403755000083, -2.742244708999976 ], [ 115.106431957000041, -2.745964957999945 ], [ 115.103381648000095, -2.748247410999966 ], [ 115.093627254000012, -2.755660316999979 ], [ 115.088426298000059, -2.759612715999936 ], [ 115.076964426000018, -2.768322725999951 ], [ 115.073714442000096, -2.770792424999968 ], [ 115.072747203000063, -2.784459702999925 ], [ 115.072697843000014, -2.785157165999976 ], [ 115.072679147000031, -2.785421350999968 ], [ 115.072669338000082, -2.785538217999942 ], [ 115.072351471000047, -2.785345315999962 ], [ 115.069727132000025, -2.783288472999971 ], [ 115.066400510000108, -2.782821854999952 ], [ 115.060778496000012, -2.784372152999936 ], [ 115.059816420000061, -2.784637449999934 ], [ 115.059595122000019, -2.784727501999953 ], [ 115.054666320000024, -2.783869397999979 ], [ 115.048104956000088, -2.785377524999944 ], [ 115.043412888000034, -2.785315450999974 ], [ 115.041384285000049, -2.784770930999969 ], [ 115.039312041000017, -2.784214692999967 ], [ 115.0356666670001, -2.782361110999943 ], [ 115.032680148000054, -2.782198788999949 ], [ 115.032292625000082, -2.782177725999929 ], [ 115.025534184000094, -2.779902509999943 ], [ 115.024598800000035, -2.779587614999969 ], [ 115.020883148000053, -2.777430796999965 ], [ 115.020646470000088, -2.777293412999938 ], [ 115.016678438000099, -2.773459958999979 ], [ 115.01571052700001, -2.772524871999963 ], [ 115.014925585000015, -2.77176654799996 ], [ 115.013886789000026, -2.770762977999937 ], [ 115.012132899000107, -2.769369567999945 ], [ 115.011593392, -2.76894094599993 ], [ 115.00809992500001, -2.766165494999939 ], [ 115.00588138, -2.764402919999952 ], [ 115.004748042000074, -2.763501032999955 ], [ 115.004748, -2.763501 ], [ 115.004745799000034, -2.763503851999928 ], [ 115.004656643000089, -2.763434271999927 ], [ 115.004654717000108, -2.763432768999962 ], [ 115.00454478600011, -2.763346974999934 ], [ 115.00449509900011, -2.763308196999958 ], [ 115.004406895000102, -2.763239359999943 ], [ 115.00452663100009, -2.763025644999971 ], [ 115.007799526000099, -2.75780562999995 ], [ 115.009955132000073, -2.75195230099996 ], [ 115.0109793150001, -2.749171236999928 ], [ 115.013092868000058, -2.747204304999968 ], [ 115.01905510000006, -2.746570174999931 ], [ 115.025989697000114, -2.745421283999974 ], [ 115.042357902000049, -2.743386810999937 ], [ 115.061899857000071, -2.735639353999943 ], [ 115.073520450000046, -2.728959553999971 ], [ 115.079802133000044, -2.728395483999975 ], [ 115.083426218000113, -2.723425150999958 ], [ 115.084339862000093, -2.717349970999976 ], [ 115.081783143000052, -2.709307510999963 ], [ 115.083885598000052, -2.69791208099997 ], [ 115.083941652000021, -2.697870003999981 ], [ 115.092424749000088, -2.706810746999963 ], [ 115.096694691000039, -2.711311007999939 ], [ 115.096750930000098, -2.711370280999972 ], [ 115.104212571000062, -2.719234335999943 ] ] ] } },
{ "type": "Feature", "properties": { "village_id": "63.06.07.2003", "village_name": "Muning Tengah", "admin_type": "Desa", "district_id": "63.06.07", "district_name": "Daha Selatan", "regency_code": "63.06", "regency_name": "Hulu Sungai Selatan", "province_name": "Kalimantan Selatan", "area_ha_source": 1556.35505528, "boundary_basis": "Hasil Delineasi Batas Desa 2018", "metadata_source": "TASWIL1000020230928_DATA_BATAS_DESAKELURAHAN" }, "geometry": { "type": "Polygon", "coordinates": [ [ [ 115.131258253000055, -2.650574284999948 ], [ 115.13111402200002, -2.650923317999968 ], [ 115.129912969000088, -2.653829819999942 ], [ 115.129676568000036, -2.654432701999951 ], [ 115.129135453000117, -2.655812689999948 ], [ 115.108796243000029, -2.707678187999932 ], [ 115.108777304000114, -2.707665190999933 ], [ 115.104212571000062, -2.719234335999943 ], [ 115.096750930000098, -2.711370280999972 ], [ 115.096694691000039, -2.711311007999939 ], [ 115.092424749000088, -2.706810746999963 ], [ 115.083941652000021, -2.697870003999981 ], [ 115.08898690500007, -2.694082889999947 ], [ 115.092854680000073, -2.68993812399998 ], [ 115.099050243000079, -2.683298735999927 ], [ 115.100608957000077, -2.681628331999946 ], [ 115.102469142000018, -2.679634854999961 ], [ 115.104081886000017, -2.676186838999968 ], [ 115.113917917000094, -2.655156534999946 ], [ 115.11918464900009, -2.643895531999931 ], [ 115.119884271000046, -2.642399586999943 ], [ 115.119917396, -2.642328752999958 ], [ 115.120673741000019, -2.64109803599996 ], [ 115.120844553000097, -2.640820091999956 ], [ 115.120884364000062, -2.640755313999932 ], [ 115.121094965000111, -2.640412622999975 ], [ 115.124910225, -2.644151860999955 ], [ 115.128443726000114, -2.647756744999981 ], [ 115.131258253000055, -2.650574284999948 ] ] ] } },
{ "type": "Feature", "properties": { "village_id": "63.06.08.2007", "village_name": "Murung Raya", "admin_type": "Desa", "district_id": "63.06.08", "district_name": "Daha Utara", "regency_code": "63.06", "regency_name": "Hulu Sungai Selatan", "province_name": "Kalimantan Selatan", "area_ha_source": 838.64233239800001, "boundary_basis": "Hasil Delineasi Batas Desa 2018", "metadata_source": "TASWIL1000020230928_DATA_BATAS_DESAKELURAHAN" }, "geometry": { "type": "Polygon", "coordinates": [ [ [ 115.158519914000067, -2.611673535999955 ], [ 115.158500873000094, -2.611663925999949 ], [ 115.158421033000081, -2.611623631999976 ], [ 115.158416007000028, -2.611621094999975 ], [ 115.158341194000059, -2.611583337999946 ], [ 115.158313307000071, -2.611569263999968 ], [ 115.158280478000052, -2.611552695999933 ], [ 115.158219761000055, -2.611522052999931 ], [ 115.158159046000037, -2.611491410999975 ], [ 115.15809833000003, -2.611460767999972 ], [ 115.158026163000045, -2.611424346999968 ], [ 115.15795399700005, -2.611387924999974 ], [ 115.157881831000054, -2.61135150399997 ], [ 115.157868485000108, -2.611343953999949 ], [ 115.157868449000034, -2.611343933999933 ], [ 115.157809592000035, -2.611310639999942 ], [ 115.157737352000026, -2.611269774999926 ], [ 115.15766511400011, -2.611228910999955 ], [ 115.157592874000102, -2.611188046999928 ], [ 115.157520635000083, -2.611147182999957 ], [ 115.157500752000033, -2.611135935999926 ], [ 115.157448394000085, -2.611106317999941 ], [ 115.157376155000065, -2.61106545399997 ], [ 115.157300938000049, -2.611016477999954 ], [ 115.157225720000042, -2.610967499999958 ], [ 115.157150503000025, -2.610918521999963 ], [ 115.157075286, -2.610869544999957 ], [ 115.157000068000116, -2.610820566999962 ], [ 115.156924851000099, -2.610771589999956 ], [ 115.156852278000088, -2.610722811999949 ], [ 115.156850654000095, -2.610721720999948 ], [ 115.156779703000097, -2.610674032999952 ], [ 115.156776457000092, -2.61067185099995 ], [ 115.156707130000086, -2.610625253999956 ], [ 115.156704290000107, -2.610623344999965 ], [ 115.156634556000085, -2.610576474999959 ], [ 115.156632122000019, -2.610574837999934 ], [ 115.156561984000064, -2.610527695999963 ], [ 115.156559955000034, -2.610526331999949 ], [ 115.156489409000073, -2.610478916999966 ], [ 115.15648778700006, -2.610477825999965 ], [ 115.156416837000052, -2.61043013799997 ], [ 115.156415618000096, -2.61042931999998 ], [ 115.156344262000061, -2.610381359999963 ], [ 115.15634345, -2.610380813999939 ], [ 115.15627169000004, -2.610332579999977 ], [ 115.156271283000024, -2.610332306999965 ], [ 115.156199115000049, -2.61028380099998 ], [ 115.156127732000073, -2.610237061999953 ], [ 115.156056349000096, -2.610190322999927 ], [ 115.155984964000027, -2.610143582999967 ], [ 115.15591358000006, -2.610096842999951 ], [ 115.155842197000084, -2.610050103999924 ], [ 115.155770813000117, -2.610003363999965 ], [ 115.155699429000038, -2.609956624999938 ], [ 115.155619934000015, -2.609919851999962 ], [ 115.155540438000116, -2.609883077999939 ], [ 115.155460943000094, -2.609846304999962 ], [ 115.155381446000092, -2.609809530999939 ], [ 115.155301952000059, -2.609772757999963 ], [ 115.155222455000057, -2.60973598399994 ], [ 115.155142959000045, -2.609699210999963 ], [ 115.155063465000012, -2.60966243699994 ], [ 115.15498396800001, -2.609625663999964 ], [ 115.154904474000091, -2.609588889999941 ], [ 115.154824977000089, -2.609552116999964 ], [ 115.154745166000112, -2.609528817999944 ], [ 115.15466535600001, -2.609505518999924 ], [ 115.154585544000042, -2.609482219999961 ], [ 115.154505733000065, -2.609458920999941 ], [ 115.154425921000097, -2.609435621999978 ], [ 115.154346111000109, -2.609412323999948 ], [ 115.154266299000028, -2.609389024999928 ], [ 115.15418648800005, -2.609365725999965 ], [ 115.15411734700001, -2.609345541999971 ], [ 115.154106677000073, -2.609342426999945 ], [ 115.154026867000084, -2.609319127999925 ], [ 115.153947055000117, -2.609295828999961 ], [ 115.153867244000025, -2.609272529999942 ], [ 115.153780988000108, -2.609260632999963 ], [ 115.153694734000055, -2.609248734999937 ], [ 115.153608478000024, -2.609236837999958 ], [ 115.153542234000042, -2.609227700999952 ], [ 115.153522222000106, -2.609224940999979 ], [ 115.153435966000075, -2.609213044999933 ], [ 115.153349711000033, -2.609201146999965 ], [ 115.153263456000104, -2.60918924899994 ], [ 115.153177201000062, -2.609177351999961 ], [ 115.153090944000041, -2.609165453999935 ], [ 115.153004689000113, -2.609153556999956 ], [ 115.152983318000111, -2.609151589999954 ], [ 115.152926301000093, -2.609146342999964 ], [ 115.152896783000074, -2.609143625999934 ], [ 115.152847911000094, -2.609139128999971 ], [ 115.152810248000037, -2.609135662999961 ], [ 115.152769523000075, -2.609131914999978 ], [ 115.152723714000103, -2.609127698999941 ], [ 115.152691132000086, -2.609124700999928 ], [ 115.152637179000067, -2.609119734999979 ], [ 115.152612743000077, -2.609117485999946 ], [ 115.152550646, -2.609111770999959 ], [ 115.152534354000068, -2.609110271999953 ], [ 115.152464110000096, -2.609103807999929 ], [ 115.152455965000058, -2.60910305799996 ], [ 115.152377577000038, -2.609095843999967 ], [ 115.152377263000062, -2.60908939899997 ], [ 115.151929807000101, -2.60908625999997 ], [ 115.151627924000081, -2.609132480999961 ], [ 115.151342389000092, -2.609253832999968 ], [ 115.150814148000109, -2.609517952999965 ], [ 115.150564305000103, -2.609882011999957 ], [ 115.150407262000044, -2.610431665999954 ], [ 115.150228683000023, -2.611058489999948 ], [ 115.150178493000112, -2.611116678999963 ], [ 115.149790333000055, -2.612968150999961 ], [ 115.149429302000044, -2.613451201999965 ], [ 115.148751157000106, -2.61400085799994 ], [ 115.147202127000014, -2.61466472799998 ], [ 115.146345521000057, -2.614886016999947 ], [ 115.145538884000075, -2.615228659999957 ], [ 115.145067750000067, -2.615499917999955 ], [ 115.14403239100011, -2.61613701899995 ], [ 115.141861988000073, -2.617062029999943 ], [ 115.141198747000089, -2.617148884999949 ], [ 115.140277895000054, -2.617198852999934 ], [ 115.139618745, -2.617207668999924 ], [ 115.137381743000105, -2.616868478999947 ], [ 115.136525372000051, -2.616550662999941 ], [ 115.136360333000084, -2.616450113999974 ], [ 115.134454227000106, -2.615288833999955 ], [ 115.133706772000096, -2.61483345299996 ], [ 115.132921793000037, -2.614402986999949 ], [ 115.132505387000037, -2.614218577999964 ], [ 115.131958111000017, -2.614052016999949 ], [ 115.131207536000034, -2.614032395999971 ], [ 115.130714842000089, -2.614111502999947 ], [ 115.13029248700002, -2.614236424999945 ], [ 115.130054542000039, -2.614379191999944 ], [ 115.129550997000024, -2.614840942999933 ], [ 115.129379289000099, -2.614924750999933 ], [ 115.129068651000011, -2.615294887999937 ], [ 115.12847854600011, -2.616094386999976 ], [ 115.128097831000105, -2.616817742999956 ], [ 115.127821815000061, -2.617474474999938 ], [ 115.127655127000025, -2.618035948999932 ], [ 115.127653668000107, -2.618126593999932 ], [ 115.127532312000085, -2.618608685999959 ], [ 115.12754421000011, -2.61981031199997 ], [ 115.127529764000087, -2.620597029999942 ], [ 115.127363053000067, -2.621310164999954 ], [ 115.127107709000029, -2.622084617999974 ], [ 115.126704902000029, -2.622506582999961 ], [ 115.126319959000057, -2.622909833999927 ], [ 115.126238815000079, -2.622994834999929 ], [ 115.126074436000067, -2.623167031999969 ], [ 115.125597798000058, -2.62366633399995 ], [ 115.124540072000059, -2.625072913999929 ], [ 115.124402667000027, -2.625255634999974 ], [ 115.123505175000105, -2.626252847999979 ], [ 115.122346813000036, -2.627539917999968 ], [ 115.122136627000032, -2.627755566999951 ], [ 115.121831799, -2.628068319999954 ], [ 115.121140447000016, -2.628777644999957 ], [ 115.12104287000011, -2.628437823999946 ], [ 115.121033480000051, -2.628401768999936 ], [ 115.120239723000054, -2.625353893999943 ], [ 115.119442869000068, -2.622294131999979 ], [ 115.1188052870001, -2.619845948999966 ], [ 115.118288765000102, -2.617862610999964 ], [ 115.11827568700005, -2.617810665999968 ], [ 115.118262610000102, -2.617758720999973 ], [ 115.118236455000101, -2.617654829999935 ], [ 115.1181841450001, -2.617447049999953 ], [ 115.118079526000088, -2.617031488999942 ], [ 115.117870286000084, -2.616200368999955 ], [ 115.117451808000055, -2.614538122999932 ], [ 115.11661484900003, -2.611213635999945 ], [ 115.116499056000066, -2.610753694999971 ], [ 115.12022155000011, -2.609218743999975 ], [ 115.120367089000069, -2.609320260999937 ], [ 115.127779869000051, -2.606696158999966 ], [ 115.142602552000085, -2.601448990999927 ], [ 115.144718463000117, -2.600699945999963 ], [ 115.144624929000088, -2.600641977999942 ], [ 115.152000828000041, -2.597903552999981 ], [ 115.152219544000104, -2.597822350999934 ], [ 115.15816119100009, -2.595616364999955 ], [ 115.161968772000023, -2.594202679999967 ], [ 115.162318509000102, -2.59407306199995 ], [ 115.162327424000068, -2.594069716999968 ], [ 115.16237830700004, -2.594050627999934 ], [ 115.162378291000095, -2.594049298999948 ], [ 115.166972601000111, -2.592205091999972 ], [ 115.170400636000068, -2.600529284999936 ], [ 115.168021225000075, -2.602392232999932 ], [ 115.166775683000083, -2.603190312999971 ], [ 115.165607444000102, -2.603436617999932 ], [ 115.164521536000052, -2.604195840999978 ], [ 115.160925875000089, -2.609087185999954 ], [ 115.159560161000059, -2.609959240999956 ], [ 115.158147632, -2.611407504999931 ], [ 115.158519914000067, -2.611673535999955 ] ] ] } },
{ "type": "Feature", "properties": { "village_id": "63.06.02.2008", "village_name": "Padang Batung", "admin_type": "Desa", "district_id": "63.06.02", "district_name": "Padang Batung", "regency_code": "63.06", "regency_name": "Hulu Sungai Selatan", "province_name": "Kalimantan Selatan", "area_ha_source": 217.16423389900001, "boundary_basis": "Hasil Delineasi Batas Desa 2018", "metadata_source": "TASWIL1000020230928_DATA_BATAS_DESAKELURAHAN" }, "geometry": { "type": "Polygon", "coordinates": [ [ [ 115.315877751000016, -2.810495355999933 ], [ 115.314514685000063, -2.812291886999958 ], [ 115.313490255000033, -2.813642084999969 ], [ 115.310896796000065, -2.817060234999929 ], [ 115.309789612000031, -2.818519477999928 ], [ 115.309444374, -2.818974491999938 ], [ 115.303552201000116, -2.821835006999947 ], [ 115.302074096000069, -2.823069867999948 ], [ 115.302142254000046, -2.822883799999943 ], [ 115.302098777000083, -2.822641344999965 ], [ 115.301956460000042, -2.822552996999946 ], [ 115.301682141000015, -2.822817015999931 ], [ 115.30137538300005, -2.822783512999933 ], [ 115.30137564000006, -2.822607228999971 ], [ 115.30145264500004, -2.822398007999936 ], [ 115.301628171000061, -2.822255035999945 ], [ 115.30200068900001, -2.82227761799993 ], [ 115.302307543000097, -2.822245014999964 ], [ 115.302406367000117, -2.822101931999953 ], [ 115.302461379000079, -2.821947763999958 ], [ 115.30243976700001, -2.821738396999933 ], [ 115.302331891000108, -2.821651360999965 ], [ 115.302275599000041, -2.821605943999941 ], [ 115.302089419000026, -2.821539563999977 ], [ 115.301892203000079, -2.821528256999954 ], [ 115.301639960000102, -2.821682133999957 ], [ 115.301245288000018, -2.821824784999933 ], [ 115.301080927000044, -2.821824542999934 ], [ 115.300719623000077, -2.821625694999966 ], [ 115.30062139100005, -2.821361126999932 ], [ 115.300588871000059, -2.821118689999935 ], [ 115.300479602000109, -2.820909193999967 ], [ 115.300293391000082, -2.820864849999964 ], [ 115.30019458400011, -2.820996917999935 ], [ 115.300018865000084, -2.821272099999931 ], [ 115.29997478000007, -2.821448317999966 ], [ 115.299821154000028, -2.82160233899998 ], [ 115.29970068800003, -2.821558091999975 ], [ 115.2996461890001, -2.821359693999966 ], [ 115.299624465000079, -2.82122745099997 ], [ 115.299428626, -2.820268626999962 ], [ 115.299331424000115, -2.82006042699993 ], [ 115.299770715000022, -2.819924015999959 ], [ 115.29981318900002, -2.819542025999965 ], [ 115.299386093000066, -2.819376132999935 ], [ 115.298893062000047, -2.819342356999925 ], [ 115.298997621000012, -2.81902299799998 ], [ 115.29887747500004, -2.818758397999943 ], [ 115.298614724000117, -2.818603764999978 ], [ 115.298483060000081, -2.818724765999946 ], [ 115.298373022000078, -2.81904411599993 ], [ 115.298197593000054, -2.819120981999959 ], [ 115.298143031000109, -2.81896665499994 ], [ 115.29808864600011, -2.818691133999948 ], [ 115.298088789000076, -2.818591974999947 ], [ 115.297943633000045, -2.818575541999962 ], [ 115.297891590000063, -2.818569649999972 ], [ 115.297760039000082, -2.818613526999968 ], [ 115.297639299000025, -2.818756579999956 ], [ 115.297485800000118, -2.818822458999932 ], [ 115.297431015000029, -2.818822378999926 ], [ 115.297365384000045, -2.818745158999945 ], [ 115.297299975000101, -2.818513691999954 ], [ 115.297070930000018, -2.817786190999925 ], [ 115.296753697000099, -2.817422142999931 ], [ 115.296479956000098, -2.817289527999947 ], [ 115.296052223000061, -2.817564338999944 ], [ 115.295470028000068, -2.81856609099998 ], [ 115.294976614, -2.818796732999942 ], [ 115.294615232000069, -2.818652970999949 ], [ 115.294440300000019, -2.818388290999962 ], [ 115.29419946400003, -2.818233688999953 ], [ 115.293777111000054, -2.818186898999954 ], [ 115.293659631000082, -2.817760145999955 ], [ 115.292991278000045, -2.816993426999943 ], [ 115.292694735000055, -2.815909698999974 ], [ 115.292750769, -2.815431242999978 ], [ 115.293056181000111, -2.814765874999978 ], [ 115.293447387000015, -2.814270560999944 ], [ 115.296180415000094, -2.814242867999951 ], [ 115.296460891000038, -2.812920751999968 ], [ 115.296674962000111, -2.812730661999979 ], [ 115.29802286000006, -2.811533752999935 ], [ 115.298291939000023, -2.811294815999929 ], [ 115.299795385000039, -2.81093066699998 ], [ 115.299794773000031, -2.809463605999952 ], [ 115.299880433000112, -2.809082891999935 ], [ 115.300146932000075, -2.808930606999979 ], [ 115.30117486100005, -2.808721213999945 ], [ 115.302031467, -2.80866410699997 ], [ 115.3046583900001, -2.808721213999945 ], [ 115.30536255200002, -2.808861404999959 ], [ 115.306181087000027, -2.807928654999955 ], [ 115.30629784000007, -2.809175492999941 ], [ 115.306364464000012, -2.809384885999975 ], [ 115.307116374000088, -2.809384887999954 ], [ 115.308103850000066, -2.809929465999971 ], [ 115.309924138000042, -2.810845555999947 ], [ 115.311708733000046, -2.811309551999955 ], [ 115.315877751000016, -2.810495355999933 ] ] ] } },
{ "type": "Feature", "properties": { "village_id": "63.06.02.2007", "village_name": "Pahampangan", "admin_type": "Desa", "district_id": "63.06.02", "district_name": "Padang Batung", "regency_code": "63.06", "regency_name": "Hulu Sungai Selatan", "province_name": "Kalimantan Selatan", "area_ha_source": 337.29557526899998, "boundary_basis": "Hasil Delineasi Batas Desa 2018", "metadata_source": "TASWIL1000020230928_DATA_BATAS_DESAKELURAHAN" }, "geometry": { "type": "Polygon", "coordinates": [ [ [ 115.270206978000033, -2.812319057999957 ], [ 115.270948068000052, -2.813886348999972 ], [ 115.271606116000044, -2.817346364999935 ], [ 115.271933261000072, -2.820347463999951 ], [ 115.271930740000016, -2.822056140999962 ], [ 115.280641782000089, -2.828783554999973 ], [ 115.281098637000014, -2.829511670999977 ], [ 115.281926691000081, -2.830596705999938 ], [ 115.283382921000111, -2.832110041999954 ], [ 115.28492481, -2.833609102999958 ], [ 115.286552363000055, -2.835165270999937 ], [ 115.287166262000028, -2.835907664999979 ], [ 115.287066325000069, -2.836892758999966 ], [ 115.286095505000048, -2.838334712999938 ], [ 115.284765318000041, -2.840092500999958 ], [ 115.283509983000044, -2.839702072999955 ], [ 115.282239180000033, -2.839453514999946 ], [ 115.281148133000102, -2.839240114999939 ], [ 115.279771108000091, -2.838838485999929 ], [ 115.278621113000099, -2.838361153999927 ], [ 115.27713097100002, -2.837025314999948 ], [ 115.273984351000081, -2.834728463999966 ], [ 115.270447286000035, -2.830127673999925 ], [ 115.269052504000115, -2.829617459999952 ], [ 115.264791589000083, -2.828963501999965 ], [ 115.263632684000072, -2.827878209999938 ], [ 115.263632788000109, -2.827807643999961 ], [ 115.263636159000043, -2.825541121999947 ], [ 115.263637331000041, -2.82475259499995 ], [ 115.263796493000086, -2.82421824599993 ], [ 115.264243111000042, -2.822718823999935 ], [ 115.264502679000088, -2.821847376999926 ], [ 115.265386817000035, -2.818879046999939 ], [ 115.265488733000097, -2.816605982999931 ], [ 115.265524537000033, -2.815920410999979 ], [ 115.265583427000024, -2.814792778999959 ], [ 115.265715404000048, -2.81226559199996 ], [ 115.265802622000024, -2.810595482999929 ], [ 115.265803455000082, -2.810035035999931 ], [ 115.265805189000048, -2.808868 ], [ 115.265805210000053, -2.808853644999942 ], [ 115.26580802, -2.806961745999956 ], [ 115.265810639000051, -2.805198833999953 ], [ 115.265810879000014, -2.805036915999949 ], [ 115.266519043000017, -2.806380407999939 ], [ 115.267293756000072, -2.807543102999944 ], [ 115.267633980000028, -2.807981568999935 ], [ 115.268011798000089, -2.808610506999969 ], [ 115.268200236000098, -2.808903568999938 ], [ 115.268465253000045, -2.809315724999976 ], [ 115.268880693000028, -2.810116093999966 ], [ 115.26964218, -2.811503923999965 ], [ 115.270096959000057, -2.812332770999944 ], [ 115.270206978000033, -2.812319057999957 ] ] ] } },
{ "type": "Feature", "properties": { "village_id": "63.06.08.2018", "village_name": "Paharangan", "admin_type": "Desa", "district_id": "63.06.08", "district_name": "Daha Utara", "regency_code": "63.06", "regency_name": "Hulu Sungai Selatan", "province_name": "Kalimantan Selatan", "area_ha_source": 1082.2205480699999, "boundary_basis": "Hasil Delineasi Batas Desa 2018", "metadata_source": "TASWIL1000020230928_DATA_BATAS_DESAKELURAHAN" }, "geometry": { "type": "Polygon", "coordinates": [ [ [ 115.147599190000051, -2.547532117999936 ], [ 115.151698793000037, -2.548927964999962 ], [ 115.156563037000069, -2.550584159999971 ], [ 115.16115504600009, -2.552147662999971 ], [ 115.154722982000067, -2.554625066999961 ], [ 115.164313506000099, -2.556027040999936 ], [ 115.164401358000077, -2.556039882999926 ], [ 115.175150815000052, -2.557611272999964 ], [ 115.175151095000047, -2.557611313999928 ], [ 115.175149022000028, -2.557613906999961 ], [ 115.173259057000109, -2.559977746999948 ], [ 115.171679789000109, -2.561711646999925 ], [ 115.170882135000056, -2.562870539999949 ], [ 115.170268367000062, -2.563762269999927 ], [ 115.169337422000012, -2.565008797999951 ], [ 115.168051569000113, -2.566354031999936 ], [ 115.167826916000081, -2.566589059999956 ], [ 115.16597273800005, -2.567409252999937 ], [ 115.165072504000022, -2.567606888999933 ], [ 115.164218145000063, -2.567750334999971 ], [ 115.162036166, -2.567720054999938 ], [ 115.158286281000073, -2.565200827999945 ], [ 115.156753830000071, -2.567974636999963 ], [ 115.157979203000082, -2.570801599999925 ], [ 115.161566122000067, -2.579076705999967 ], [ 115.166972601000111, -2.592205091999972 ], [ 115.162378291000095, -2.594049298999948 ], [ 115.162376188000053, -2.593876585999965 ], [ 115.162028449000104, -2.589652352999963 ], [ 115.162009564000073, -2.589422945999956 ], [ 115.162002262000101, -2.589334239999971 ], [ 115.161994960000015, -2.589245532999939 ], [ 115.161987657000054, -2.589156826999954 ], [ 115.161980356000072, -2.589068119999979 ], [ 115.161973053000111, -2.588979413999937 ], [ 115.161965752000015, -2.588890706999962 ], [ 115.161958449000053, -2.588802000999976 ], [ 115.161951148000071, -2.588713294999934 ], [ 115.161943844, -2.588624587999959 ], [ 115.161936543000024, -2.588535881999974 ], [ 115.161929239000074, -2.588447174999942 ], [ 115.161921938000091, -2.588358468999957 ], [ 115.161914635000016, -2.588269761999925 ], [ 115.161907333000045, -2.588181055999939 ], [ 115.161900031000073, -2.588092349999954 ], [ 115.161892728000112, -2.588003642999979 ], [ 115.161885426000026, -2.587914936999937 ], [ 115.161878123000065, -2.587826229999962 ], [ 115.161870821000093, -2.587737523999976 ], [ 115.161863518000018, -2.587648817999934 ], [ 115.161856215000057, -2.587560110999959 ], [ 115.161848913000085, -2.587471404999974 ], [ 115.16184161000001, -2.587382697999942 ], [ 115.161834309000028, -2.587293991999957 ], [ 115.161827005000077, -2.587205284999925 ], [ 115.161819704000095, -2.58711657899994 ], [ 115.161749153000073, -2.587061395999967 ], [ 115.161678602000052, -2.587006212999938 ], [ 115.16160805100003, -2.586951030999955 ], [ 115.161537499000019, -2.586895848999973 ], [ 115.161466948000111, -2.586840665999944 ], [ 115.16139639700009, -2.586785483999961 ], [ 115.161325846000068, -2.586730301999978 ], [ 115.161255295000046, -2.586675118999949 ], [ 115.161184744000025, -2.586619936999966 ], [ 115.161114193000117, -2.586564754999927 ], [ 115.161043643000085, -2.586509571999954 ], [ 115.160973092000063, -2.586454389999972 ], [ 115.160902541000041, -2.586399207999932 ], [ 115.16083199000002, -2.58634402499996 ], [ 115.160761438, -2.586288842999977 ], [ 115.160690887000101, -2.586233660999937 ], [ 115.160620336000079, -2.586178478999955 ], [ 115.160549785000057, -2.586123295999926 ], [ 115.160479234000036, -2.586068113999943 ], [ 115.160408683000014, -2.58601293199996 ], [ 115.160338132000106, -2.585957749999977 ], [ 115.160267582000074, -2.585902567999938 ], [ 115.160197031000052, -2.585847385999955 ], [ 115.160126480000031, -2.585792202999926 ], [ 115.16005592800002, -2.585737019999954 ], [ 115.143584934000046, -2.572854015999951 ], [ 115.138133376000042, -2.56913719299996 ], [ 115.13795798600006, -2.569397440999978 ], [ 115.136878618000082, -2.57099904599994 ], [ 115.135789849000048, -2.572033302999955 ], [ 115.135004902000105, -2.572556541999973 ], [ 115.133981592000055, -2.572830168999928 ], [ 115.133434385000101, -2.57287721299997 ], [ 115.13165088300002, -2.57243198499998 ], [ 115.131108487, -2.571040538999966 ], [ 115.127961018000065, -2.564177711999946 ], [ 115.128476731000092, -2.563626959999965 ], [ 115.137185916000021, -2.554325853999956 ], [ 115.138227670000106, -2.553213296999957 ], [ 115.139503461000118, -2.55185079599994 ], [ 115.14162250000004, -2.549587679999945 ], [ 115.142226549000043, -2.549080464999975 ], [ 115.142519483000115, -2.54883449099998 ], [ 115.144094611000014, -2.547975846999975 ], [ 115.145350345000111, -2.54729131199997 ], [ 115.146329614000024, -2.547099847999959 ], [ 115.147599190000051, -2.547532117999936 ] ] ] } },
{ "type": "Feature", "properties": { "village_id": "63.06.08.2004", "village_name": "Pakan Dalam", "admin_type": "Desa", "district_id": "63.06.08", "district_name": "Daha Utara", "regency_code": "63.06", "regency_name": "Hulu Sungai Selatan", "province_name": "Kalimantan Selatan", "area_ha_source": 5428.8421040200001, "boundary_basis": "Hasil Delineasi Batas Desa 2018", "metadata_source": "TASWIL1000020230928_DATA_BATAS_DESAKELURAHAN" }, "geometry": { "type": "Polygon", "coordinates": [ [ [ 115.102940246000117, -2.617120922999959 ], [ 115.102998441000068, -2.617788605999976 ], [ 115.103388670000072, -2.619749282999976 ], [ 115.104035042000078, -2.621548595999968 ], [ 115.104431402000046, -2.622307620999948 ], [ 115.104603421000093, -2.622637034999968 ], [ 115.104826045000095, -2.623063350999928 ], [ 115.104994544000078, -2.62338602799997 ], [ 115.104370785000015, -2.623570194999957 ], [ 115.103419930000086, -2.62373426299996 ], [ 115.102658333000022, -2.62396277299996 ], [ 115.10166136600003, -2.624095226999941 ], [ 115.100749498000027, -2.624218466999935 ], [ 115.100606392000032, -2.623885849999965 ], [ 115.097991318000027, -2.623834484999975 ], [ 115.097042540000075, -2.623815846999946 ], [ 115.096951540000077, -2.623814059999972 ], [ 115.093342645, -2.623743161999926 ], [ 115.08553593900001, -2.623589764999963 ], [ 115.081996229000083, -2.623520194999969 ], [ 115.074146422000013, -2.623365879999938 ], [ 115.011017802000083, -2.60826588499998 ], [ 114.994441813000094, -2.601432114999966 ], [ 114.975830801000029, -2.589903518999961 ], [ 114.96008757900006, -2.577520976999949 ], [ 114.947301446000097, -2.565541868999958 ], [ 114.935801805000096, -2.553415464999944 ], [ 114.909479734000115, -2.525658177999958 ], [ 114.907018174000086, -2.525304794999954 ], [ 114.905450980000069, -2.525079808999976 ], [ 114.905681247000075, -2.521446540999932 ], [ 114.905740982000111, -2.520503965999978 ], [ 114.907258385000091, -2.520809498999938 ], [ 114.90761559900011, -2.520994243999951 ], [ 114.909034318000067, -2.522287207999966 ], [ 114.910148516000049, -2.523315673999946 ], [ 114.910537542000043, -2.523578756999939 ], [ 114.910874388000025, -2.523691231999976 ], [ 114.911138710000046, -2.52371893399993 ], [ 114.91213296300009, -2.523795105999966 ], [ 114.913211856000089, -2.523785123999971 ], [ 114.914768744000071, -2.523618842999952 ], [ 114.915468239, -2.523476441999946 ], [ 114.916433330000018, -2.52312496899998 ], [ 114.917197599000019, -2.522641391999969 ], [ 114.917958604000091, -2.522099182999966 ], [ 114.918418994000035, -2.521585308999931 ], [ 114.919185046000052, -2.521154184999943 ], [ 114.919823306000012, -2.520624655999939 ], [ 114.92057899200006, -2.51954668299993 ], [ 114.920948826000085, -2.518872770999963 ], [ 114.921293781000031, -2.518229581999947 ], [ 114.921993539000027, -2.516894713999932 ], [ 114.922279287000038, -2.517598358999976 ], [ 114.92234466900004, -2.518306818999974 ], [ 114.922886123000012, -2.524174105999975 ], [ 114.955002597000089, -2.549164364999967 ], [ 115.094475571000089, -2.615593603999969 ], [ 115.099775872, -2.617893765999952 ], [ 115.101587779000056, -2.617171723999945 ], [ 115.102940246000117, -2.617120922999959 ] ] ] } },
{ "type": "Feature", "properties": { "village_id": "63.06.08.2001", "village_name": "Pakapuran Kecil", "admin_type": "Desa", "district_id": "63.06.08", "district_name": "Daha Utara", "regency_code": "63.06", "regency_name": "Hulu Sungai Selatan", "province_name": "Kalimantan Selatan", "area_ha_source": 92.780126951599996, "boundary_basis": "Hasil Delineasi Batas Desa 2018", "metadata_source": "TASWIL1000020230928_DATA_BATAS_DESAKELURAHAN" }, "geometry": { "type": "Polygon", "coordinates": [ [ [ 115.097042540000075, -2.623815846999946 ], [ 115.09730567400004, -2.624326098999973 ], [ 115.097686943000099, -2.625065433999964 ], [ 115.09868614700008, -2.627003029999969 ], [ 115.09905497200009, -2.627718232999939 ], [ 115.099067777000073, -2.627743059999943 ], [ 115.099327628000083, -2.628246948999958 ], [ 115.099379874000078, -2.628348258999949 ], [ 115.099429657000087, -2.628444797999975 ], [ 115.098043792000112, -2.629097633999947 ], [ 115.098878447000061, -2.630897997999966 ], [ 115.09945760100004, -2.632021235999957 ], [ 115.099531385000091, -2.63216433599996 ], [ 115.099245345000099, -2.632281526999975 ], [ 115.098943242000018, -2.63240529899997 ], [ 115.097901038000032, -2.632690835999938 ], [ 115.096878815000082, -2.632793677999928 ], [ 115.096822303000067, -2.632799362999947 ], [ 115.096807315000092, -2.632758260999935 ], [ 115.096569696000074, -2.632824777999929 ], [ 115.095280713000079, -2.629515062999928 ], [ 115.094771776000016, -2.62825817199996 ], [ 115.092169474000116, -2.627640927999948 ], [ 115.089519770000038, -2.627012435999973 ], [ 115.087740688000054, -2.626590446999955 ], [ 115.087419939000029, -2.62651436799996 ], [ 115.085581974000092, -2.626078408999945 ], [ 115.08364885200001, -2.625619875999973 ], [ 115.083619560000102, -2.625431201999959 ], [ 115.08302544300011, -2.62547200399996 ], [ 115.08197395000002, -2.625222588999975 ], [ 115.077026744000023, -2.624049104999926 ], [ 115.074146422000013, -2.623365879999938 ], [ 115.081996229000083, -2.623520194999969 ], [ 115.08553593900001, -2.623589764999963 ], [ 115.093342645, -2.623743161999926 ], [ 115.096951540000077, -2.623814059999972 ], [ 115.097042540000075, -2.623815846999946 ] ] ] } },
{ "type": "Feature", "properties": { "village_id": "63.06.03.2008", "village_name": "Pakuan Timur", "admin_type": "Desa", "district_id": "63.06.03", "district_name": "Telaga Langsat", "regency_code": "63.06", "regency_name": "Hulu Sungai Selatan", "province_name": "Kalimantan Selatan", "area_ha_source": 251.90229993, "boundary_basis": "Hasil Delineasi Batas Desa 2018", "metadata_source": "TASWIL1000020230928_DATA_BATAS_DESAKELURAHAN" }, "geometry": { "type": "Polygon", "coordinates": [ [ [ 115.319513760000063, -2.715135450999981 ], [ 115.320816992000118, -2.715535277999948 ], [ 115.322957899000016, -2.716192097999965 ], [ 115.324519245000033, -2.716671107999957 ], [ 115.326701215000071, -2.717340518999947 ], [ 115.326717157000076, -2.717296834999956 ], [ 115.328626593000081, -2.717816640999956 ], [ 115.327015911000103, -2.721272562999957 ], [ 115.326998354000011, -2.72131023399993 ], [ 115.326728400000093, -2.721889450999925 ], [ 115.324376720000032, -2.726935197999978 ], [ 115.32165369300003, -2.727115366999953 ], [ 115.321508768000058, -2.727017971999942 ], [ 115.31924127700006, -2.726454558999933 ], [ 115.317143441000098, -2.72688201099993 ], [ 115.316825596000058, -2.727063021999925 ], [ 115.315258712000059, -2.72795535399996 ], [ 115.314016411000011, -2.728728319999959 ], [ 115.312859470000035, -2.729673562999949 ], [ 115.312772123000059, -2.729609494999977 ], [ 115.312389142000029, -2.729328582999926 ], [ 115.311748514000101, -2.728337763999946 ], [ 115.311665598000104, -2.728044385999965 ], [ 115.3114077890001, -2.727132171999926 ], [ 115.31132540100009, -2.726461739999934 ], [ 115.311323148000042, -2.726443416999928 ], [ 115.306449816000054, -2.726164258999972 ], [ 115.306929462000085, -2.724977435999961 ], [ 115.307745425, -2.723720500999946 ], [ 115.308262893, -2.722902475999945 ], [ 115.308899290000113, -2.722244374999946 ], [ 115.309696711000015, -2.721178320999968 ], [ 115.310144883000021, -2.720957512999973 ], [ 115.310867608000081, -2.720403578999935 ], [ 115.311494038000092, -2.719308546999969 ], [ 115.312190971000064, -2.713556779999976 ], [ 115.312199047000036, -2.713490129999968 ], [ 115.312209117000066, -2.713267655999971 ], [ 115.315963120000106, -2.713839287999974 ], [ 115.319513760000063, -2.715135450999981 ] ] ] } },
{ "type": "Feature", "properties": { "village_id": "63.06.08.2006", "village_name": "Pandak Daun", "admin_type": "Desa", "district_id": "63.06.08", "district_name": "Daha Utara", "regency_code": "63.06", "regency_name": "Hulu Sungai Selatan", "province_name": "Kalimantan Selatan", "area_ha_source": 5934.24793013, "boundary_basis": "Hasil Delineasi Batas Desa 2018", "metadata_source": "TASWIL1000020230928_DATA_BATAS_DESAKELURAHAN" }, "geometry": { "type": "Polygon", "coordinates": [ [ [ 115.01616887900002, -2.505548939999926 ], [ 115.025920394000082, -2.509115296999937 ], [ 115.045135853000033, -2.515465451999944 ], [ 115.048180450000018, -2.516471602999957 ], [ 115.048180345000105, -2.516542332999961 ], [ 115.100568035000038, -2.569245250999927 ], [ 115.107881973000076, -2.578277470999979 ], [ 115.113900064000063, -2.585709349999945 ], [ 115.113888069000041, -2.585996157999944 ], [ 115.113509771000054, -2.587966551999955 ], [ 115.112324667000053, -2.591469675999974 ], [ 115.111565931000086, -2.592990117999932 ], [ 115.110755070000096, -2.594366934999925 ], [ 115.109830107000107, -2.595686160999946 ], [ 115.10949564100008, -2.596001197999954 ], [ 115.108246060000056, -2.597095303999936 ], [ 115.106229622000114, -2.597989421999955 ], [ 115.105546652000044, -2.598181423999961 ], [ 115.10507524500008, -2.598406354999952 ], [ 115.103949298000089, -2.59910323899993 ], [ 115.103615737000041, -2.599449633999939 ], [ 115.102710177000063, -2.600512887999969 ], [ 115.102133377000087, -2.601257250999936 ], [ 115.101690197000039, -2.601730276999945 ], [ 115.101518446000114, -2.602045815999929 ], [ 115.100370187000067, -2.603935270999955 ], [ 115.100169760000085, -2.604336892999925 ], [ 115.099948717000075, -2.604935496999929 ], [ 115.099596810000094, -2.605757528999959 ], [ 115.099634287000072, -2.606736810999962 ], [ 115.099677757000109, -2.607872642999951 ], [ 115.099748328000032, -2.608021330999975 ], [ 115.100272435000079, -2.609125611999957 ], [ 115.099654119000093, -2.609176960999946 ], [ 115.097117536000042, -2.609914559999936 ], [ 115.088259684000036, -2.601626524999972 ], [ 114.996282593000046, -2.521847198999978 ], [ 114.976284416000112, -2.504501128999948 ], [ 114.997530855000036, -2.499301341999967 ], [ 114.998462213000039, -2.499073404999933 ], [ 114.998462550000113, -2.499073321999958 ], [ 114.998462689, -2.499073372999931 ], [ 115.000209274000099, -2.499712139999929 ], [ 115.012455030000069, -2.504190698999935 ], [ 115.01616887900002, -2.505548939999926 ] ] ] } },
{ "type": "Feature", "properties": { "village_id": "63.06.07.2006", "village_name": "Pandan Sari", "admin_type": "Desa", "district_id": "63.06.07", "district_name": "Daha Selatan", "regency_code": "63.06", "regency_name": "Hulu Sungai Selatan", "province_name": "Kalimantan Selatan", "area_ha_source": 11.3632255799, "boundary_basis": "Hasil Delineasi Batas Desa 2018", "metadata_source": "TASWIL1000020230928_DATA_BATAS_DESAKELURAHAN" }, "geometry": { "type": "Polygon", "coordinates": [ [ [ 115.116296201000068, -2.630514663999975 ], [ 115.116344975000061, -2.630614861999959 ], [ 115.116617705000067, -2.631175144999929 ], [ 115.117233586000111, -2.632204054999931 ], [ 115.112017176000109, -2.632805473999952 ], [ 115.111651731000052, -2.632400874999973 ], [ 115.111251981, -2.632008263999978 ], [ 115.111137643, -2.631680591999952 ], [ 115.111151256000085, -2.631553750999956 ], [ 115.111184586000036, -2.631243125999958 ], [ 115.111894197000083, -2.631186861999936 ], [ 115.11303634, -2.631055991999972 ], [ 115.113720433000026, -2.630895377999934 ], [ 115.113833458000045, -2.630889429999968 ], [ 115.113856657000042, -2.63088784699994 ], [ 115.114075416000105, -2.630872919999945 ], [ 115.11473765300002, -2.630645534999928 ], [ 115.115332518000059, -2.630556304999971 ], [ 115.115790566000101, -2.630508714999962 ], [ 115.116296201000068, -2.630514663999975 ] ] ] } },
{ "type": "Feature", "properties": { "village_id": "63.06.02.2004", "village_name": "Pandulangan", "admin_type": "Desa", "district_id": "63.06.02", "district_name": "Padang Batung", "regency_code": "63.06", "regency_name": "Hulu Sungai Selatan", "province_name": "Kalimantan Selatan", "area_ha_source": 581.61812922900003, "boundary_basis": "Hasil Delineasi Batas Desa 2018", "metadata_source": "TASWIL1000020230928_DATA_BATAS_DESAKELURAHAN" }, "geometry": { "type": "Polygon", "coordinates": [ [ [ 115.317916886000035, -2.759010179999962 ], [ 115.318316593000077, -2.759124110999949 ], [ 115.318656643000054, -2.759221036999975 ], [ 115.318804382000053, -2.759263147999945 ], [ 115.31948551000005, -2.759457293999958 ], [ 115.319760300000098, -2.759535618999962 ], [ 115.319881566000049, -2.759557315999928 ], [ 115.320068163000087, -2.759590700999979 ], [ 115.321076029000096, -2.760125932999927 ], [ 115.321287471, -2.760766795999928 ], [ 115.321329792000029, -2.760923711999965 ], [ 115.32144590200005, -2.76135420199995 ], [ 115.321655918000033, -2.763009284999953 ], [ 115.321422817000098, -2.763863972999957 ], [ 115.321230187000083, -2.76375600199998 ], [ 115.320797389000063, -2.763836504999972 ], [ 115.318097332000093, -2.764338725999949 ], [ 115.312030334000042, -2.766823818999967 ], [ 115.310217734000048, -2.766929737999931 ], [ 115.307898114000068, -2.766848943999946 ], [ 115.307877207000047, -2.766871512999955 ], [ 115.30115790800005, -2.774123994999968 ], [ 115.298852344000011, -2.776612467999939 ], [ 115.295341719000021, -2.780355414999974 ], [ 115.293092812000054, -2.780946012999948 ], [ 115.288150165000047, -2.782715052999947 ], [ 115.287966292000078, -2.779724981999948 ], [ 115.287898250000012, -2.778478363999966 ], [ 115.287854673000083, -2.777679964999948 ], [ 115.287679381000089, -2.774468529999979 ], [ 115.287991506000026, -2.771944849999954 ], [ 115.288086684000064, -2.771173903999966 ], [ 115.287972470000113, -2.770536208999943 ], [ 115.287953435000077, -2.770069833999969 ], [ 115.288048612000011, -2.76966056599997 ], [ 115.288210418000062, -2.769222745999969 ], [ 115.288248488000022, -2.766453053999953 ], [ 115.288129911000055, -2.764264742999956 ], [ 115.288159654000083, -2.763592545999927 ], [ 115.288231038000049, -2.763253471999974 ], [ 115.288590335000094, -2.762451594999959 ], [ 115.289189963000013, -2.761023916999932 ], [ 115.289713442000107, -2.760003127999937 ], [ 115.289891902000022, -2.759324981999953 ], [ 115.289891902000022, -2.758539760999952 ], [ 115.289939491000041, -2.757992482999953 ], [ 115.2900108770001, -2.757730742999968 ], [ 115.290558153, -2.756493422999938 ], [ 115.29066522800008, -2.755589227999963 ], [ 115.29091909400006, -2.753171564999946 ], [ 115.291306915000064, -2.753196738999975 ], [ 115.293591044000095, -2.753710599999977 ], [ 115.294168316000082, -2.753598590999957 ], [ 115.295419442000025, -2.753355830999965 ], [ 115.297146072000032, -2.75315408299997 ], [ 115.298617960000115, -2.753564652999955 ], [ 115.300292662000061, -2.754179743999941 ], [ 115.301863571000013, -2.756377462999978 ], [ 115.303368528000078, -2.759627370999965 ], [ 115.30356207300008, -2.760045325999954 ], [ 115.304244527000037, -2.761793712999975 ], [ 115.308611681000116, -2.760895674999972 ], [ 115.309128061000024, -2.760787764999975 ], [ 115.311832001000084, -2.76015057799998 ], [ 115.313040697000019, -2.759865742999978 ], [ 115.315329134000081, -2.759386647999975 ], [ 115.31775631000005, -2.758964409999976 ], [ 115.317876559000069, -2.758998685999927 ], [ 115.317916886000035, -2.759010179999962 ] ] ] } },
{ "type": "Feature", "properties": { "village_id": "63.06.03.2011", "village_name": "Pandulangan", "admin_type": "Desa", "district_id": "63.06.03", "district_name": "Telaga Langsat", "regency_code": "63.06", "regency_name": "Hulu Sungai Selatan", "province_name": "Kalimantan Selatan", "area_ha_source": 194.87095021799999, "boundary_basis": "Hasil Delineasi Batas Desa 2018", "metadata_source": "TASWIL1000020230928_DATA_BATAS_DESAKELURAHAN" }, "geometry": { "type": "Polygon", "coordinates": [ [ [ 115.327310759000056, -2.697791361999975 ], [ 115.325536894000038, -2.700979213999972 ], [ 115.325436159000105, -2.701202652999939 ], [ 115.324377282000114, -2.703569253999945 ], [ 115.323931963000064, -2.704564539999978 ], [ 115.321803923000061, -2.709320663999961 ], [ 115.3217042980001, -2.709543318999977 ], [ 115.320930729000111, -2.711518144999957 ], [ 115.319513760000063, -2.715135450999981 ], [ 115.315963120000106, -2.713839287999974 ], [ 115.312209117000066, -2.713267655999971 ], [ 115.312329578000117, -2.710606214999927 ], [ 115.312416805000112, -2.710121394999931 ], [ 115.312449735000087, -2.709938373999933 ], [ 115.312459980000085, -2.709881432999964 ], [ 115.312506560000088, -2.709622537999962 ], [ 115.312631504000024, -2.708928087999936 ], [ 115.313147782000101, -2.70717985999994 ], [ 115.313190525000095, -2.707035121999979 ], [ 115.31332321900004, -2.706814398999938 ], [ 115.313922172000048, -2.705818100999977 ], [ 115.314300149000019, -2.705189374999975 ], [ 115.315479814000014, -2.703227105999929 ], [ 115.316802307000103, -2.701027241999952 ], [ 115.317094284000063, -2.700541559999976 ], [ 115.320183939000117, -2.695145701999934 ], [ 115.32049681, -2.695106530999965 ], [ 115.320528427000113, -2.695105531999957 ], [ 115.320533876000013, -2.695105183999942 ], [ 115.320577077000053, -2.695095581999965 ], [ 115.320637766000118, -2.695084898999937 ], [ 115.320691283000087, -2.695097534999945 ], [ 115.320747745000062, -2.695131707999963 ], [ 115.320897524000088, -2.69521924999998 ], [ 115.320974195000076, -2.695265415999927 ], [ 115.32110839500001, -2.695347749999939 ], [ 115.32112931100005, -2.695364048999977 ], [ 115.321144490000052, -2.695399481999971 ], [ 115.321139687000027, -2.695432015999927 ], [ 115.321128124000097, -2.695449107999934 ], [ 115.321118119000062, -2.695457707999935 ], [ 115.321104548000108, -2.695463789999963 ], [ 115.321096338000075, -2.695464854999955 ], [ 115.32108741400009, -2.695465920999936 ], [ 115.32107243300004, -2.695459439999979 ], [ 115.321041414000092, -2.69543678499997 ], [ 115.321013960000073, -2.695416791999946 ], [ 115.321001078000108, -2.695413300999974 ], [ 115.320961247000014, -2.695424375999949 ], [ 115.320826104000048, -2.695507931999941 ], [ 115.320785078000085, -2.695539606999944 ], [ 115.320773084000052, -2.695566000999975 ], [ 115.32077370200011, -2.695600041999967 ], [ 115.32077397, -2.695614812999963 ], [ 115.320813828000041, -2.69569813499993 ], [ 115.320865126000058, -2.695768071999964 ], [ 115.32091076100005, -2.695803546999969 ], [ 115.320974486000068, -2.695833303999962 ], [ 115.321027473000072, -2.695838368999944 ], [ 115.321080442000039, -2.695836521999979 ], [ 115.32113378400004, -2.695804055999929 ], [ 115.321153459000016, -2.695775240999978 ], [ 115.321199500000034, -2.69577064899994 ], [ 115.321258506000049, -2.695771687999979 ], [ 115.32132325200007, -2.695750721999957 ], [ 115.321380398000088, -2.69572113199996 ], [ 115.32141278600011, -2.695699163999961 ], [ 115.321429030000104, -2.69568667599998 ], [ 115.321441368000023, -2.695677190999959 ], [ 115.32147279600008, -2.695661920999953 ], [ 115.321517513000117, -2.695673467999939 ], [ 115.321535578000066, -2.695685934999972 ], [ 115.321558207000066, -2.69572154399998 ], [ 115.32154970900001, -2.695792189999963 ], [ 115.321556304000069, -2.695841009999981 ], [ 115.321581912000056, -2.695906126999944 ], [ 115.321604720000096, -2.695930085999976 ], [ 115.321638795000013, -2.695974864999926 ], [ 115.321668419000048, -2.695978984999954 ], [ 115.321696984000027, -2.695970410999962 ], [ 115.321737046000067, -2.695905384999946 ], [ 115.321760929000106, -2.695839379999939 ], [ 115.321772406000036, -2.695799197999975 ], [ 115.321782963000032, -2.695767070999977 ], [ 115.321845766000024, -2.695742831999951 ], [ 115.32188859200005, -2.695744805999936 ], [ 115.321930440000074, -2.695765918999939 ], [ 115.321956098000101, -2.695793709999975 ], [ 115.321956038000053, -2.69583773599993 ], [ 115.321942640000088, -2.695891312999947 ], [ 115.321947370000089, -2.695912375999967 ], [ 115.321980636000035, -2.695944962999931 ], [ 115.322024385000077, -2.695967992999954 ], [ 115.322052461000112, -2.695975437999948 ], [ 115.322246886000016, -2.696002053999962 ], [ 115.322391116000063, -2.695970669999951 ], [ 115.322496813000043, -2.695932054999957 ], [ 115.322608201000094, -2.695906367999953 ], [ 115.32274957300001, -2.695877851999967 ], [ 115.322869508000053, -2.695866532999958 ], [ 115.322952316000055, -2.695860904999961 ], [ 115.323077759000057, -2.695886425999959 ], [ 115.323163211000065, -2.695924605999949 ], [ 115.323194902000068, -2.695938764999937 ], [ 115.323287666000056, -2.695961861999933 ], [ 115.32348459800005, -2.696018123999977 ], [ 115.32357021700011, -2.696045519999927 ], [ 115.323611533000076, -2.696107307999966 ], [ 115.32362858800002, -2.696163320999972 ], [ 115.323667052000019, -2.696222233999947 ], [ 115.32371574900003, -2.696249038999952 ], [ 115.323846895000088, -2.696248324999942 ], [ 115.323925374000055, -2.696277144999954 ], [ 115.323972406000053, -2.696318991999931 ], [ 115.323998093000114, -2.696341848999964 ], [ 115.324080764000087, -2.696436713999958 ], [ 115.324146388000031, -2.696471259999953 ], [ 115.324227714000017, -2.696505826999953 ], [ 115.324279070000102, -2.696533174999956 ], [ 115.324309022000079, -2.69655331499996 ], [ 115.324344749000034, -2.696611638999968 ], [ 115.324437363000015, -2.696658291999938 ], [ 115.32451155800004, -2.696688541999947 ], [ 115.324614363000023, -2.696675764999952 ], [ 115.32469009700003, -2.696624186999941 ], [ 115.324752963000037, -2.696586947999947 ], [ 115.324794390000079, -2.696566907999966 ], [ 115.324821535000069, -2.696552588999964 ], [ 115.324866428000064, -2.696540014999925 ], [ 115.324954265000088, -2.696580048999976 ], [ 115.325007017000075, -2.696630367999944 ], [ 115.325066855000046, -2.696719458999951 ], [ 115.325108218000082, -2.696746793999978 ], [ 115.325196695000045, -2.696772756999962 ], [ 115.325289483, -2.696777191999956 ], [ 115.325304726000013, -2.696773836999967 ], [ 115.325373737000064, -2.696758645999978 ], [ 115.325490917000025, -2.696674105999932 ], [ 115.325599578000038, -2.696555099999955 ], [ 115.325675353000065, -2.696473374999925 ], [ 115.325711910000109, -2.69642362299993 ], [ 115.325785504, -2.696384186999978 ], [ 115.325858222000079, -2.696374569999932 ], [ 115.325902466000116, -2.696383244999936 ], [ 115.325963719000015, -2.696414926999978 ], [ 115.326087890000053, -2.696504093999977 ], [ 115.326169197000013, -2.696553015999939 ], [ 115.32632035000006, -2.69667955999995 ], [ 115.326376979000088, -2.696713925999973 ], [ 115.326437265000095, -2.696788828999956 ], [ 115.326477179000108, -2.696831952999958 ], [ 115.32654849100004, -2.696882296999945 ], [ 115.326625572000012, -2.696889581999926 ], [ 115.326709502000085, -2.696868119999976 ], [ 115.326799822000112, -2.696829526999977 ], [ 115.326852720000034, -2.696773611999959 ], [ 115.326927064000074, -2.696694754999953 ], [ 115.326952806, -2.696661770999981 ], [ 115.32698568, -2.696633103999943 ], [ 115.327024221000102, -2.696636028999933 ], [ 115.327072703000113, -2.696677727999941 ], [ 115.327089716000046, -2.696763889999943 ], [ 115.327086779000069, -2.696824180999954 ], [ 115.327081011000018, -2.696865805999948 ], [ 115.327072389000023, -2.696907426999928 ], [ 115.327069115000086, -2.696940962999975 ], [ 115.32707718000006, -2.69704571699998 ], [ 115.327085711000109, -2.697224118999941 ], [ 115.327125963000071, -2.697367735999933 ], [ 115.327147377000074, -2.697484608999957 ], [ 115.327186423000057, -2.697583531999953 ], [ 115.327249810000012, -2.697744119999925 ], [ 115.327279268000098, -2.69777765799995 ], [ 115.327310759000056, -2.697791361999975 ] ] ] } },
{ "type": "Feature", "properties": { "village_id": "63.06.08.2002", "village_name": "Panggandingan", "admin_type": "Desa", "district_id": "63.06.08", "district_name": "Daha Utara", "regency_code": "63.06", "regency_name": "Hulu Sungai Selatan", "province_name": "Kalimantan Selatan", "area_ha_source": 46.622198957599998, "boundary_basis": "Hasil Delineasi Batas Desa 2018", "metadata_source": "TASWIL1000020230928_DATA_BATAS_DESAKELURAHAN" }, "geometry": { "type": "Polygon", "coordinates": [ [ [ 115.100749498000027, -2.624218466999935 ], [ 115.101669223000044, -2.626356170999941 ], [ 115.101861432000078, -2.626802919999932 ], [ 115.102551845000107, -2.62708663199993 ], [ 115.103081135000025, -2.627304133999928 ], [ 115.104500706000067, -2.62788747899998 ], [ 115.106448364000016, -2.628687826999965 ], [ 115.106709803000058, -2.629225089999977 ], [ 115.106813309000017, -2.629228658999978 ], [ 115.107121901000028, -2.628953039999942 ], [ 115.107213060000049, -2.628882447999956 ], [ 115.107779847000074, -2.629152991999945 ], [ 115.107294824000064, -2.62972747699996 ], [ 115.107216727000036, -2.629697045999933 ], [ 115.106461861000071, -2.629852764999953 ], [ 115.105855099000109, -2.629977685999961 ], [ 115.105159108000066, -2.630114505999927 ], [ 115.104653471, -2.630203735999942 ], [ 115.103935458000024, -2.630354895999972 ], [ 115.103862302000039, -2.630370297999946 ], [ 115.103023541000084, -2.630578500999945 ], [ 115.102562846000069, -2.630738530999963 ], [ 115.101751591000038, -2.63116824399998 ], [ 115.101030963000085, -2.631549950999954 ], [ 115.099531385000091, -2.63216433599996 ], [ 115.09945760100004, -2.632021235999957 ], [ 115.098878447000061, -2.630897997999966 ], [ 115.098043792000112, -2.629097633999947 ], [ 115.099429657000087, -2.628444797999975 ], [ 115.099379874000078, -2.628348258999949 ], [ 115.099327628000083, -2.628246948999958 ], [ 115.099067777000073, -2.627743059999943 ], [ 115.09905497200009, -2.627718232999939 ], [ 115.09868614700008, -2.627003029999969 ], [ 115.097686943000099, -2.625065433999964 ], [ 115.09730567400004, -2.624326098999973 ], [ 115.097042540000075, -2.623815846999946 ], [ 115.097991318000027, -2.623834484999975 ], [ 115.100606392000032, -2.623885849999965 ], [ 115.100749498000027, -2.624218466999935 ] ] ] } },
{ "type": "Feature", "properties": { "village_id": "63.06.10.2002", "village_name": "Panggungan", "admin_type": "Desa", "district_id": "63.06.10", "district_name": "Loksado", "regency_code": "63.06", "regency_name": "Hulu Sungai Selatan", "province_name": "Kalimantan Selatan", "area_ha_source": 1014.40149847, "boundary_basis": "Hasil Delineasi Batas Desa 2018", "metadata_source": "TASWIL1000020230928_DATA_BATAS_DESAKELURAHAN" }, "geometry": { "type": "Polygon", "coordinates": [ [ [ 115.399920603000055, -2.833823023999969 ], [ 115.397302249000063, -2.833760294999934 ], [ 115.39309060100004, -2.833617526999944 ], [ 115.389870065000082, -2.833501298999977 ], [ 115.389848387000029, -2.833525449999968 ], [ 115.389827442000069, -2.833548784999948 ], [ 115.389155850000066, -2.832758737999939 ], [ 115.389033186, -2.83261443899994 ], [ 115.387297641000032, -2.83057277599994 ], [ 115.387307124000017, -2.823707791999936 ], [ 115.387034165000046, -2.817479373999959 ], [ 115.388039839000044, -2.81035107799994 ], [ 115.388041741000052, -2.810337599999968 ], [ 115.388811092000083, -2.804884210999944 ], [ 115.387697809000088, -2.795469834999949 ], [ 115.387577251000039, -2.793539342999964 ], [ 115.386922555000069, -2.783055800999932 ], [ 115.388179306000097, -2.783073323999929 ], [ 115.391413570000054, -2.783118416999969 ], [ 115.402353874000028, -2.783270883999933 ], [ 115.405642291000049, -2.783034330999953 ], [ 115.405134569000097, -2.809223894999946 ], [ 115.405150708000065, -2.809567885999968 ], [ 115.404436566000072, -2.810285087999944 ], [ 115.403889291000041, -2.81090374799993 ], [ 115.403318218000095, -2.811950710999952 ], [ 115.403294424000023, -2.813116645999969 ], [ 115.403032685000085, -2.814925036999966 ], [ 115.40288991500006, -2.816090972999973 ], [ 115.402461612000025, -2.81725690899998 ], [ 115.402461612000025, -2.817518648999965 ], [ 115.402437818000067, -2.818470432999959 ], [ 115.402699559000098, -2.819493601999966 ], [ 115.403056479000043, -2.820183644999929 ], [ 115.40396940200003, -2.821209615999976 ], [ 115.399920603000055, -2.833823023999969 ] ] ] } },
{ "type": "Feature", "properties": { "village_id": "63.06.06.2005", "village_name": "Panjampang Bahagia", "admin_type": "Desa", "district_id": "63.06.06", "district_name": "Simpur", "regency_code": "63.06", "regency_name": "Hulu Sungai Selatan", "province_name": "Kalimantan Selatan", "area_ha_source": 820.11206828000002, "boundary_basis": "Hasil Delineasi Batas Desa 2018", "metadata_source": "TASWIL1000020230928_DATA_BATAS_DESAKELURAHAN" }, "geometry": { "type": "Polygon", "coordinates": [ [ [ 115.215757386000064, -2.786036464999938 ], [ 115.215382092000027, -2.786581672999944 ], [ 115.21525005400008, -2.787383244999944 ], [ 115.210428069000045, -2.795085582999945 ], [ 115.210110397000108, -2.79564185299995 ], [ 115.210088731000042, -2.795695910999939 ], [ 115.207741161000058, -2.795403760999932 ], [ 115.206802914000036, -2.795286996999948 ], [ 115.206756764000033, -2.795197260999942 ], [ 115.206771601000014, -2.794776140999943 ], [ 115.206858067000098, -2.792321878999928 ], [ 115.206776139000112, -2.791392554999959 ], [ 115.206764618000079, -2.791261854999959 ], [ 115.206714649000105, -2.790569431999927 ], [ 115.206643264000036, -2.790390971999955 ], [ 115.20657188000007, -2.790248204999955 ], [ 115.206471943000111, -2.790169681999942 ], [ 115.206300622000072, -2.790084021999974 ], [ 115.20617927100011, -2.790041191999933 ], [ 115.206102949000069, -2.78994610899997 ], [ 115.205635069000095, -2.789363220999974 ], [ 115.203992485000072, -2.788688155999978 ], [ 115.2009892210001, -2.787453883999945 ], [ 115.198933196000098, -2.786812814999962 ], [ 115.195279195000012, -2.785673483999972 ], [ 115.18932316300004, -2.783816345999981 ], [ 115.186788666000098, -2.783026061999976 ], [ 115.183623613, -2.77923085599997 ], [ 115.180896492000102, -2.775060529999962 ], [ 115.179623480000032, -2.774025464999966 ], [ 115.177600852000069, -2.772008920999951 ], [ 115.175422519000108, -2.769704273999935 ], [ 115.174007954000103, -2.768207681999968 ], [ 115.172758737000095, -2.766434982999954 ], [ 115.171008288000053, -2.763300195999932 ], [ 115.170938449, -2.763175123999929 ], [ 115.169021677000046, -2.75979485299996 ], [ 115.164810412000065, -2.75319038799995 ], [ 115.163022520000027, -2.750386464999963 ], [ 115.157952496, -2.742435224999952 ], [ 115.151778919000094, -2.732753296999931 ], [ 115.14872769200008, -2.727968102999967 ], [ 115.14522171200008, -2.722469724999939 ], [ 115.14205852200007, -2.717508942999928 ], [ 115.139948842000081, -2.714200364999954 ], [ 115.139443124000081, -2.713407254999936 ], [ 115.139561656000069, -2.713285212999949 ], [ 115.141002270000058, -2.711801952999963 ], [ 115.141761602000088, -2.711020136999934 ], [ 115.143135984000082, -2.710160543999962 ], [ 115.167059366000103, -2.745840938999947 ], [ 115.17314938200002, -2.754928445999951 ], [ 115.173986450000029, -2.75617750899994 ], [ 115.176968291000094, -2.760189061999938 ], [ 115.180038118000084, -2.764318965999962 ], [ 115.187333272000046, -2.774133224999957 ], [ 115.189482495000107, -2.777024581999967 ], [ 115.190963547000024, -2.777635661999966 ], [ 115.201470036000046, -2.781970564999938 ], [ 115.203224669000065, -2.782694504999938 ], [ 115.203748065000013, -2.782910450999964 ], [ 115.209981435000032, -2.784533005999947 ], [ 115.215757386000064, -2.786036464999938 ] ] ] } },
{ "type": "Feature", "properties": { "village_id": "63.06.06.2007", "village_name": "Pantai Ulin", "admin_type": "Desa", "district_id": "63.06.06", "district_name": "Simpur", "regency_code": "63.06", "regency_name": "Hulu Sungai Selatan", "province_name": "Kalimantan Selatan", "area_ha_source": 3587.7452724599998, "boundary_basis": "Hasil Delineasi Batas Desa 2018", "metadata_source": "TASWIL1000020230928_DATA_BATAS_DESAKELURAHAN" }, "geometry": { "type": "Polygon", "coordinates": [ [ [ 115.17285908100007, -2.708299501999932 ], [ 115.184361078000052, -2.724939390999964 ], [ 115.185040163000053, -2.725823498999944 ], [ 115.189872791000084, -2.73211514999997 ], [ 115.191248267000105, -2.733905887999924 ], [ 115.191414031000022, -2.733982642999933 ], [ 115.199257366000097, -2.737614391999955 ], [ 115.199363128000073, -2.737663362999967 ], [ 115.203942516000097, -2.739783759999966 ], [ 115.209134616000028, -2.742405393999945 ], [ 115.210057324000104, -2.742934417999948 ], [ 115.215610534, -2.746118271999933 ], [ 115.218259290000105, -2.747973822999938 ], [ 115.219803590000083, -2.74960552899995 ], [ 115.219819856000072, -2.749805434999928 ], [ 115.219330811000077, -2.757241501999943 ], [ 115.219285258000014, -2.757934121999938 ], [ 115.220268445000102, -2.757800811999971 ], [ 115.220888579000075, -2.762938536999968 ], [ 115.221463405, -2.76548558199994 ], [ 115.221462535000114, -2.765839275999951 ], [ 115.221459299000117, -2.767152074999956 ], [ 115.221197357000051, -2.76787806699997 ], [ 115.22092220400009, -2.768703974999937 ], [ 115.220749360000013, -2.769805476999977 ], [ 115.220987035, -2.771148608999965 ], [ 115.221636519000072, -2.771872621999933 ], [ 115.226052167000034, -2.772774466999977 ], [ 115.227335798000013, -2.773668556999951 ], [ 115.227488771000026, -2.773775106999949 ], [ 115.225127031000056, -2.775531398999931 ], [ 115.220008920000055, -2.776121988999932 ], [ 115.217770618000031, -2.776380261999975 ], [ 115.217278720000081, -2.777052622999975 ], [ 115.218789152000113, -2.78163204599997 ], [ 115.218573681000066, -2.781945075999943 ], [ 115.21579883000004, -2.785976258999938 ], [ 115.215757386000064, -2.786036464999938 ], [ 115.209981435000032, -2.784533005999947 ], [ 115.203748065000013, -2.782910450999964 ], [ 115.203224669000065, -2.782694504999938 ], [ 115.201470036000046, -2.781970564999938 ], [ 115.190963547000024, -2.777635661999966 ], [ 115.189482495000107, -2.777024581999967 ], [ 115.187333272000046, -2.774133224999957 ], [ 115.180038118000084, -2.764318965999962 ], [ 115.176968291000094, -2.760189061999938 ], [ 115.173986450000029, -2.75617750899994 ], [ 115.17314938200002, -2.754928445999951 ], [ 115.167059366000103, -2.745840938999947 ], [ 115.143135984000082, -2.710160543999962 ], [ 115.143144810000081, -2.71015502399996 ], [ 115.15485843700003, -2.702828704999945 ], [ 115.165037648000066, -2.696986228999947 ], [ 115.165038686000116, -2.696985631999951 ], [ 115.17285908100007, -2.708299501999932 ] ] ] } },
{ "type": "Feature", "properties": { "village_id": "63.06.08.2005", "village_name": "Paramaian", "admin_type": "Desa", "district_id": "63.06.08", "district_name": "Daha Utara", "regency_code": "63.06", "regency_name": "Hulu Sungai Selatan", "province_name": "Kalimantan Selatan", "area_ha_source": 7092.60507151, "boundary_basis": "Hasil Delineasi Batas Desa 2018", "metadata_source": "TASWIL1000020230928_DATA_BATAS_DESAKELURAHAN" }, "geometry": { "type": "Polygon", "coordinates": [ [ [ 114.963454181000088, -2.507641159999935 ], [ 114.976284416000112, -2.504501128999948 ], [ 114.996282593000046, -2.521847198999978 ], [ 115.088259684000036, -2.601626524999972 ], [ 115.097117536000042, -2.609914559999936 ], [ 115.099654119000093, -2.609176960999946 ], [ 115.100272435000079, -2.609125611999957 ], [ 115.100883251000027, -2.61041258399996 ], [ 115.101079278000043, -2.61082560899996 ], [ 115.10110907, -2.610888379999949 ], [ 115.10146501700001, -2.611638353999979 ], [ 115.101774831000057, -2.612291119999952 ], [ 115.102088631000015, -2.612952283999959 ], [ 115.102365501, -2.613681657999962 ], [ 115.102493993000053, -2.61425272699995 ], [ 115.102824911000084, -2.616250458999957 ], [ 115.102940246000117, -2.617120922999959 ], [ 115.101587779000056, -2.617171723999945 ], [ 115.099775872, -2.617893765999952 ], [ 115.094475571000089, -2.615593603999969 ], [ 114.955002597000089, -2.549164364999967 ], [ 114.922886123000012, -2.524174105999975 ], [ 114.92234466900004, -2.518306818999974 ], [ 114.922279287000038, -2.517598358999976 ], [ 114.921993539000027, -2.516894713999932 ], [ 114.922542255000053, -2.515847974999929 ], [ 114.923529708000046, -2.513764135999963 ], [ 114.924014359000012, -2.512715517999936 ], [ 114.924187713000038, -2.51211772399995 ], [ 114.924198533000094, -2.512029648999942 ], [ 114.924240787000031, -2.510706092999953 ], [ 114.924239559000057, -2.509843666999927 ], [ 114.924223085000108, -2.509087911999927 ], [ 114.92438568700004, -2.507088475999979 ], [ 114.924466326000015, -2.50653389799993 ], [ 114.924693802000093, -2.505922685999963 ], [ 114.924987472000112, -2.504865239999958 ], [ 114.925090752000074, -2.50382876499998 ], [ 114.926789982000059, -2.503980972999955 ], [ 114.9333207090001, -2.506660566999926 ], [ 114.943711880000023, -2.507020983999951 ], [ 114.94741237300002, -2.507149334999951 ], [ 114.947830574000022, -2.507141890999947 ], [ 114.953017279000051, -2.507049560999974 ], [ 114.953390174000106, -2.50761033699996 ], [ 114.954562014000089, -2.50937259899996 ], [ 114.954749529000082, -2.509654591999947 ], [ 114.963182842000037, -2.507707566999954 ], [ 114.963454181000088, -2.507641159999935 ] ] ] } },
{ "type": "Feature", "properties": { "village_id": "63.06.07.2012", "village_name": "Parigi", "admin_type": "Desa", "district_id": "63.06.07", "district_name": "Daha Selatan", "regency_code": "63.06", "regency_name": "Hulu Sungai Selatan", "province_name": "Kalimantan Selatan", "area_ha_source": 468.70599025899998, "boundary_basis": "Hasil Delineasi Batas Desa 2018", "metadata_source": "TASWIL1000020230928_DATA_BATAS_DESAKELURAHAN" }, "geometry": { "type": "Polygon", "coordinates": [ [ [ 115.085193792000041, -2.635571040999935 ], [ 115.086031684000091, -2.635521927999946 ], [ 115.086138562000087, -2.635515662999978 ], [ 115.087296904000027, -2.635447762999945 ], [ 115.088013489000105, -2.63540575899998 ], [ 115.088296479000064, -2.635340542999927 ], [ 115.08841068400011, -2.635314224999945 ], [ 115.088554526000053, -2.636367615999973 ], [ 115.088611268000022, -2.636783149999928 ], [ 115.088746925, -2.637776593999945 ], [ 115.088783803000069, -2.638046674999941 ], [ 115.088550578000081, -2.638538729999937 ], [ 115.085484100000031, -2.645008298999926 ], [ 115.084388459000024, -2.690926883999964 ], [ 115.084499178000101, -2.691002871999956 ], [ 115.083893812000042, -2.697819583999944 ], [ 115.080790461000106, -2.694548785999928 ], [ 115.077975843000104, -2.691582291999964 ], [ 115.078267548000099, -2.686725944999978 ], [ 115.078223828000091, -2.686695938999947 ], [ 115.078722674, -2.672404395999934 ], [ 115.07987838300005, -2.639279765999959 ], [ 115.079990534000103, -2.636064261999934 ], [ 115.079993533000106, -2.635978267999974 ], [ 115.07999408, -2.635962586999938 ], [ 115.079996750000078, -2.63295825299997 ], [ 115.079997211000091, -2.63243775799998 ], [ 115.080565102000037, -2.633024514999931 ], [ 115.082002500000044, -2.634509660999925 ], [ 115.082322512000019, -2.634629418999964 ], [ 115.082418496000059, -2.63466533899998 ], [ 115.083699954000053, -2.635144895999929 ], [ 115.084491851000053, -2.635441244999924 ], [ 115.084879408, -2.635586279999927 ], [ 115.084886777000065, -2.635589037999978 ], [ 115.085193792000041, -2.635571040999935 ] ] ] } },
{ "type": "Feature", "properties": { "village_id": "63.06.01.2017", "village_name": "Paring Agung", "admin_type": "Desa", "district_id": "63.06.01", "district_name": "Sungai Raya", "regency_code": "63.06", "regency_name": "Hulu Sungai Selatan", "province_name": "Kalimantan Selatan", "area_ha_source": 361.63133752300001, "boundary_basis": "Hasil Delineasi Batas Desa 2018", "metadata_source": "TASWIL1000020230928_DATA_BATAS_DESAKELURAHAN" }, "geometry": { "type": "Polygon", "coordinates": [ [ [ 115.244137372000068, -2.832773654999926 ], [ 115.244240048000052, -2.834754195999949 ], [ 115.244251720000079, -2.834979310999927 ], [ 115.24425563200009, -2.835054772999968 ], [ 115.24426483600007, -2.835232322999957 ], [ 115.243386738000027, -2.83567471899994 ], [ 115.243057500000077, -2.835840590999965 ], [ 115.243033575000027, -2.835856575999969 ], [ 115.242650191000052, -2.836112724999964 ], [ 115.24228813700006, -2.836383798999975 ], [ 115.24228279600004, -2.836387796999929 ], [ 115.242057020000061, -2.836556839999957 ], [ 115.242056930000103, -2.836556801999961 ], [ 115.241893079000079, -2.836486184999956 ], [ 115.241472038000097, -2.836304724999934 ], [ 115.241022472000054, -2.836196371999961 ], [ 115.240779793000115, -2.836174467999967 ], [ 115.240662169000075, -2.836129908999965 ], [ 115.237448788000052, -2.838156789999971 ], [ 115.235753917000011, -2.839225841999962 ], [ 115.235166258000049, -2.839492448999977 ], [ 115.230261526000049, -2.841717586999948 ], [ 115.228013433000115, -2.844427734999954 ], [ 115.227609585000096, -2.844904819999954 ], [ 115.22759338100002, -2.844923961999939 ], [ 115.224025481000012, -2.84042012599997 ], [ 115.21996587700005, -2.834944766999968 ], [ 115.219051994000097, -2.833773401999963 ], [ 115.218740170000046, -2.833632851999937 ], [ 115.21862558700002, -2.833581204999973 ], [ 115.217444098000101, -2.833392799999956 ], [ 115.217196409000053, -2.82598743099993 ], [ 115.219094006000091, -2.825116967999975 ], [ 115.219855928000015, -2.82476745799994 ], [ 115.221394392000093, -2.824061729999926 ], [ 115.222848782000028, -2.823300777999975 ], [ 115.222932210000067, -2.823357894999958 ], [ 115.223655979000114, -2.823813542999972 ], [ 115.225626618000092, -2.825054157999944 ], [ 115.225647068000058, -2.825067031999936 ], [ 115.23077003700007, -2.82829219599995 ], [ 115.230804937000016, -2.828303894999976 ], [ 115.232747718000041, -2.828955229999963 ], [ 115.233614986000021, -2.829245989999947 ], [ 115.233677567000086, -2.829266969999935 ], [ 115.236552846000109, -2.830230925999956 ], [ 115.238297030000012, -2.830815669999936 ], [ 115.242001108000068, -2.832057467999959 ], [ 115.244137372000068, -2.832773654999926 ] ] ] } },
{ "type": "Feature", "properties": { "village_id": "63.06.08.2014", "village_name": "Pasungkan", "admin_type": "Desa", "district_id": "63.06.08", "district_name": "Daha Utara", "regency_code": "63.06", "regency_name": "Hulu Sungai Selatan", "province_name": "Kalimantan Selatan", "area_ha_source": 97.681542656199994, "boundary_basis": "Hasil Delineasi Batas Desa 2018", "metadata_source": "TASWIL1000020230928_DATA_BATAS_DESAKELURAHAN" }, "geometry": { "type": "Polygon", "coordinates": [ [ [ 115.115743831000032, -2.606000521999931 ], [ 115.111219874000085, -2.607900836999931 ], [ 115.110724945000015, -2.607996014999969 ], [ 115.110001589000035, -2.607996014999969 ], [ 115.108843637000064, -2.607886250999968 ], [ 115.106334477000019, -2.606953152999949 ], [ 115.103741294000088, -2.605988803999935 ], [ 115.100352561000022, -2.60509097399995 ], [ 115.099948717000075, -2.604935496999929 ], [ 115.100169760000085, -2.604336892999925 ], [ 115.100370187000067, -2.603935270999955 ], [ 115.101518446000114, -2.602045815999929 ], [ 115.101690197000039, -2.601730276999945 ], [ 115.102133377000087, -2.601257250999936 ], [ 115.102710177000063, -2.600512887999969 ], [ 115.103615737000041, -2.599449633999939 ], [ 115.103949298000089, -2.59910323899993 ], [ 115.10507524500008, -2.598406354999952 ], [ 115.108722045000036, -2.600755593999963 ], [ 115.110283135000032, -2.601899669999966 ], [ 115.112015769000095, -2.603169460999936 ], [ 115.113878077000095, -2.604553822999947 ], [ 115.115446239000107, -2.605789715999947 ], [ 115.115743831000032, -2.606000521999931 ] ] ] } },
{ "type": "Feature", "properties": { "village_id": "63.06.07.2007", "village_name": "Pihanin Raya", "admin_type": "Desa", "district_id": "63.06.07", "district_name": "Daha Selatan", "regency_code": "63.06", "regency_name": "Hulu Sungai Selatan", "province_name": "Kalimantan Selatan", "area_ha_source": 1659.87140871, "boundary_basis": "Hasil Delineasi Batas Desa 2018", "metadata_source": "TASWIL1000020230928_DATA_BATAS_DESAKELURAHAN" }, "geometry": { "type": "Polygon", "coordinates": [ [ [ 115.158519914000067, -2.611673535999955 ], [ 115.163061935000087, -2.614919235999935 ], [ 115.16460513200002, -2.616262497999969 ], [ 115.164710471000035, -2.618259186999978 ], [ 115.165113423000093, -2.620091232999926 ], [ 115.165840658000093, -2.62161077199994 ], [ 115.166027876000044, -2.623740366999925 ], [ 115.166377318000059, -2.62510220799993 ], [ 115.16653886600011, -2.625731792999943 ], [ 115.166648553000073, -2.626159263999966 ], [ 115.167084444000011, -2.626431343999968 ], [ 115.167292169, -2.626561003999939 ], [ 115.168050894000089, -2.627034592999962 ], [ 115.169118536000042, -2.629033901999946 ], [ 115.169876228000021, -2.631499292999933 ], [ 115.170253485000103, -2.63382057299998 ], [ 115.170952767000017, -2.634583074999966 ], [ 115.171195610000041, -2.634847873999945 ], [ 115.172011171, -2.635737167999935 ], [ 115.172632388000011, -2.636254795999946 ], [ 115.168778423000049, -2.637561737999931 ], [ 115.163660046000018, -2.639297462999934 ], [ 115.137902939000014, -2.648261728999955 ], [ 115.13790283600008, -2.648261764999972 ], [ 115.131258253000055, -2.650574284999948 ], [ 115.128443726000114, -2.647756744999981 ], [ 115.124910225, -2.644151860999955 ], [ 115.121094965000111, -2.640412622999975 ], [ 115.122143052000069, -2.638707172999943 ], [ 115.1245767690001, -2.634746983999946 ], [ 115.121885091000081, -2.634983210999962 ], [ 115.121677967000096, -2.634758463999958 ], [ 115.120039012, -2.634374722999951 ], [ 115.117448478000028, -2.632632232999924 ], [ 115.117233586000111, -2.632204054999931 ], [ 115.116617705000067, -2.631175144999929 ], [ 115.116344975000061, -2.630614861999959 ], [ 115.116296201000068, -2.630514663999975 ], [ 115.116706657, -2.63049086999996 ], [ 115.117064749000065, -2.630504616999929 ], [ 115.117781263000097, -2.630532123999956 ], [ 115.118728287000067, -2.630365560999962 ], [ 115.118955171000039, -2.63029247299994 ], [ 115.118959182000026, -2.630291180999961 ], [ 115.119413244000043, -2.630144908999966 ], [ 115.120396846000062, -2.629439916999956 ], [ 115.121140447000016, -2.628777644999957 ], [ 115.121831799, -2.628068319999954 ], [ 115.122136627000032, -2.627755566999951 ], [ 115.122346813000036, -2.627539917999968 ], [ 115.123505175000105, -2.626252847999979 ], [ 115.124402667000027, -2.625255634999974 ], [ 115.124540072000059, -2.625072913999929 ], [ 115.125597798000058, -2.62366633399995 ], [ 115.126074436000067, -2.623167031999969 ], [ 115.126238815000079, -2.622994834999929 ], [ 115.126319959000057, -2.622909833999927 ], [ 115.126704902000029, -2.622506582999961 ], [ 115.127107709000029, -2.622084617999974 ], [ 115.127363053000067, -2.621310164999954 ], [ 115.127529764000087, -2.620597029999942 ], [ 115.12754421000011, -2.61981031199997 ], [ 115.127532312000085, -2.618608685999959 ], [ 115.127653668000107, -2.618126593999932 ], [ 115.127655127000025, -2.618035948999932 ], [ 115.127821815000061, -2.617474474999938 ], [ 115.128097831000105, -2.616817742999956 ], [ 115.12847854600011, -2.616094386999976 ], [ 115.129068651000011, -2.615294887999937 ], [ 115.129379289000099, -2.614924750999933 ], [ 115.129550997000024, -2.614840942999933 ], [ 115.130054542000039, -2.614379191999944 ], [ 115.13029248700002, -2.614236424999945 ], [ 115.130714842000089, -2.614111502999947 ], [ 115.131207536000034, -2.614032395999971 ], [ 115.131958111000017, -2.614052016999949 ], [ 115.132505387000037, -2.614218577999964 ], [ 115.132921793000037, -2.614402986999949 ], [ 115.133706772000096, -2.61483345299996 ], [ 115.134454227000106, -2.615288833999955 ], [ 115.136360333000084, -2.616450113999974 ], [ 115.136525372000051, -2.616550662999941 ], [ 115.137381743000105, -2.616868478999947 ], [ 115.139618745, -2.617207668999924 ], [ 115.140277895000054, -2.617198852999934 ], [ 115.141198747000089, -2.617148884999949 ], [ 115.141861988000073, -2.617062029999943 ], [ 115.14403239100011, -2.61613701899995 ], [ 115.145067750000067, -2.615499917999955 ], [ 115.145538884000075, -2.615228659999957 ], [ 115.146345521000057, -2.614886016999947 ], [ 115.147202127000014, -2.61466472799998 ], [ 115.148751157000106, -2.61400085799994 ], [ 115.149429302000044, -2.613451201999965 ], [ 115.149790333000055, -2.612968150999961 ], [ 115.150178493000112, -2.611116678999963 ], [ 115.150228683000023, -2.611058489999948 ], [ 115.150407262000044, -2.610431665999954 ], [ 115.150564305000103, -2.609882011999957 ], [ 115.150814148000109, -2.609517952999965 ], [ 115.151342389000092, -2.609253832999968 ], [ 115.151627924000081, -2.609132480999961 ], [ 115.151929807000101, -2.60908625999997 ], [ 115.152377263000062, -2.60908939899997 ], [ 115.152377577000038, -2.609095843999967 ], [ 115.152455965000058, -2.60910305799996 ], [ 115.152464110000096, -2.609103807999929 ], [ 115.152534354000068, -2.609110271999953 ], [ 115.152550646, -2.609111770999959 ], [ 115.152612743000077, -2.609117485999946 ], [ 115.152637179000067, -2.609119734999979 ], [ 115.152691132000086, -2.609124700999928 ], [ 115.152723714000103, -2.609127698999941 ], [ 115.152769523000075, -2.609131914999978 ], [ 115.152810248000037, -2.609135662999961 ], [ 115.152847911000094, -2.609139128999971 ], [ 115.152896783000074, -2.609143625999934 ], [ 115.152926301000093, -2.609146342999964 ], [ 115.152983318000111, -2.609151589999954 ], [ 115.153004689000113, -2.609153556999956 ], [ 115.153090944000041, -2.609165453999935 ], [ 115.153177201000062, -2.609177351999961 ], [ 115.153263456000104, -2.60918924899994 ], [ 115.153349711000033, -2.609201146999965 ], [ 115.153435966000075, -2.609213044999933 ], [ 115.153522222000106, -2.609224940999979 ], [ 115.153542234000042, -2.609227700999952 ], [ 115.153608478000024, -2.609236837999958 ], [ 115.153694734000055, -2.609248734999937 ], [ 115.153780988000108, -2.609260632999963 ], [ 115.153867244000025, -2.609272529999942 ], [ 115.153947055000117, -2.609295828999961 ], [ 115.154026867000084, -2.609319127999925 ], [ 115.154106677000073, -2.609342426999945 ], [ 115.15411734700001, -2.609345541999971 ], [ 115.15418648800005, -2.609365725999965 ], [ 115.154266299000028, -2.609389024999928 ], [ 115.154346111000109, -2.609412323999948 ], [ 115.154425921000097, -2.609435621999978 ], [ 115.154505733000065, -2.609458920999941 ], [ 115.154585544000042, -2.609482219999961 ], [ 115.15466535600001, -2.609505518999924 ], [ 115.154745166000112, -2.609528817999944 ], [ 115.154824977000089, -2.609552116999964 ], [ 115.154904474000091, -2.609588889999941 ], [ 115.15498396800001, -2.609625663999964 ], [ 115.155063465000012, -2.60966243699994 ], [ 115.155142959000045, -2.609699210999963 ], [ 115.155222455000057, -2.60973598399994 ], [ 115.155301952000059, -2.609772757999963 ], [ 115.155381446000092, -2.609809530999939 ], [ 115.155460943000094, -2.609846304999962 ], [ 115.155540438000116, -2.609883077999939 ], [ 115.155619934000015, -2.609919851999962 ], [ 115.155699429000038, -2.609956624999938 ], [ 115.155770813000117, -2.610003363999965 ], [ 115.155842197000084, -2.610050103999924 ], [ 115.15591358000006, -2.610096842999951 ], [ 115.155984964000027, -2.610143582999967 ], [ 115.156056349000096, -2.610190322999927 ], [ 115.156127732000073, -2.610237061999953 ], [ 115.156199115000049, -2.61028380099998 ], [ 115.156271283000024, -2.610332306999965 ], [ 115.15627169000004, -2.610332579999977 ], [ 115.15634345, -2.610380813999939 ], [ 115.156344262000061, -2.610381359999963 ], [ 115.156415618000096, -2.61042931999998 ], [ 115.156416837000052, -2.61043013799997 ], [ 115.15648778700006, -2.610477825999965 ], [ 115.156489409000073, -2.610478916999966 ], [ 115.156559955000034, -2.610526331999949 ], [ 115.156561984000064, -2.610527695999963 ], [ 115.156632122000019, -2.610574837999934 ], [ 115.156634556000085, -2.610576474999959 ], [ 115.156704290000107, -2.610623344999965 ], [ 115.156707130000086, -2.610625253999956 ], [ 115.156776457000092, -2.61067185099995 ], [ 115.156779703000097, -2.610674032999952 ], [ 115.156850654000095, -2.610721720999948 ], [ 115.156852278000088, -2.610722811999949 ], [ 115.156924851000099, -2.610771589999956 ], [ 115.157000068000116, -2.610820566999962 ], [ 115.157075286, -2.610869544999957 ], [ 115.157150503000025, -2.610918521999963 ], [ 115.157225720000042, -2.610967499999958 ], [ 115.157300938000049, -2.611016477999954 ], [ 115.157376155000065, -2.61106545399997 ], [ 115.157448394000085, -2.611106317999941 ], [ 115.157500752000033, -2.611135935999926 ], [ 115.157520635000083, -2.611147182999957 ], [ 115.157592874000102, -2.611188046999928 ], [ 115.15766511400011, -2.611228910999955 ], [ 115.157737352000026, -2.611269774999926 ], [ 115.157809592000035, -2.611310639999942 ], [ 115.157868449000034, -2.611343933999933 ], [ 115.157868485000108, -2.611343953999949 ], [ 115.157881831000054, -2.61135150399997 ], [ 115.15795399700005, -2.611387924999974 ], [ 115.158026163000045, -2.611424346999968 ], [ 115.15809833000003, -2.611460767999972 ], [ 115.158159046000037, -2.611491410999975 ], [ 115.158219761000055, -2.611522052999931 ], [ 115.158280478000052, -2.611552695999933 ], [ 115.158313307000071, -2.611569263999968 ], [ 115.158341194000059, -2.611583337999946 ], [ 115.158416007000028, -2.611621094999975 ], [ 115.158421033000081, -2.611623631999976 ], [ 115.158500873000094, -2.611663925999949 ], [ 115.158519914000067, -2.611673535999955 ] ] ] } },
{ "type": "Feature", "properties": { "village_id": "63.06.07.2016", "village_name": "Samuda", "admin_type": "Desa", "district_id": "63.06.07", "district_name": "Daha Selatan", "regency_code": "63.06", "regency_name": "Hulu Sungai Selatan", "province_name": "Kalimantan Selatan", "area_ha_source": 4055.1462772999998, "boundary_basis": "Hasil Delineasi Batas Desa 2018", "metadata_source": "TASWIL1000020230928_DATA_BATAS_DESAKELURAHAN" }, "geometry": { "type": "Polygon", "coordinates": [ [ [ 115.075998775000016, -2.628897388999974 ], [ 115.075967487000071, -2.628882773999976 ], [ 115.074209728000028, -2.62806156299996 ], [ 115.073466244000087, -2.628195201999972 ], [ 115.073230126000112, -2.628237644999956 ], [ 115.072579283000096, -2.628354631999969 ], [ 115.071566559000075, -2.629194850999966 ], [ 115.071307843000113, -2.629409496999926 ], [ 115.071027473000072, -2.629642108999974 ], [ 115.070650114000046, -2.630194922999976 ], [ 115.069982988000106, -2.631172223999954 ], [ 115.069870034000019, -2.631800369999951 ], [ 115.069847604000074, -2.631925103999947 ], [ 115.069470899000066, -2.634019924999961 ], [ 115.069463900000073, -2.634497701999976 ], [ 115.069452426000112, -2.635280551999927 ], [ 115.069415545000084, -2.637797215999967 ], [ 115.06937485100002, -2.640573811999957 ], [ 115.069323508000025, -2.644076225999925 ], [ 115.069291689000011, -2.646246679999933 ], [ 115.069243897000092, -2.64665701499996 ], [ 115.068967145000101, -2.649033052999926 ], [ 115.068587556000011, -2.652291910999963 ], [ 115.068521843000099, -2.652414832999966 ], [ 115.066908418000025, -2.655432794999967 ], [ 115.06452661700007, -2.654437730999973 ], [ 115.057345923000071, -2.651437769999973 ], [ 115.016503915000044, -2.634373939999932 ], [ 114.974735075000012, -2.616976141999942 ], [ 114.918224527, -2.591862065999976 ], [ 114.896200031000035, -2.582295552999938 ], [ 114.896187065000049, -2.582289920999926 ], [ 114.895977803000051, -2.582199024999966 ], [ 114.895701419000034, -2.582102358999975 ], [ 114.895915936000051, -2.582473295999932 ], [ 114.89591577200008, -2.582473360999927 ], [ 114.895886376000021, -2.582603355999936 ], [ 114.882161181000015, -2.558790768999927 ], [ 114.882222145000014, -2.558794374999934 ], [ 114.882445492000102, -2.558886401999928 ], [ 114.882609040000034, -2.558967141999972 ], [ 114.882875734000095, -2.559098801999937 ], [ 114.954655544000047, -2.59453498299996 ], [ 114.995016469, -2.61065962899994 ], [ 115.015625878000037, -2.61467569399997 ], [ 115.034814177000044, -2.618485009999972 ], [ 115.067404986000042, -2.624888346999967 ], [ 115.067798291000031, -2.624965617999976 ], [ 115.072183861000099, -2.625827218999973 ], [ 115.076402346, -2.626655980999942 ], [ 115.076420542000051, -2.626659554999947 ], [ 115.076344944000084, -2.627060673999949 ], [ 115.075998775000016, -2.628897388999974 ] ] ] } },
{ "type": "Feature", "properties": { "village_id": "63.06.01.2016", "village_name": "Sarang Halang", "admin_type": "Desa", "district_id": "63.06.01", "district_name": "Sungai Raya", "regency_code": "63.06", "regency_name": "Hulu Sungai Selatan", "province_name": "Kalimantan Selatan", "area_ha_source": 364.86361494800002, "boundary_basis": "Hasil Delineasi Batas Desa 2018", "metadata_source": "TASWIL1000020230928_DATA_BATAS_DESAKELURAHAN" }, "geometry": { "type": "Polygon", "coordinates": [ [ [ 115.250715822000075, -2.820751017999953 ], [ 115.249505662000047, -2.825947863999943 ], [ 115.249484949000021, -2.826036812999973 ], [ 115.249555397000108, -2.82614668399998 ], [ 115.249607104, -2.826227327999959 ], [ 115.249407538000014, -2.826518172999954 ], [ 115.249032522000107, -2.827064714999949 ], [ 115.248143012000014, -2.82836107299994 ], [ 115.247351029000015, -2.829515294999965 ], [ 115.247206980000101, -2.82975010499996 ], [ 115.247040696000113, -2.83002116199998 ], [ 115.246502380000038, -2.830898657999967 ], [ 115.245358153000097, -2.833028334999938 ], [ 115.244137372000068, -2.832773654999926 ], [ 115.242001108000068, -2.832057467999959 ], [ 115.238297030000012, -2.830815669999936 ], [ 115.236552846000109, -2.830230925999956 ], [ 115.233677567000086, -2.829266969999935 ], [ 115.233614986000021, -2.829245989999947 ], [ 115.232747718000041, -2.828955229999963 ], [ 115.230804937000016, -2.828303894999976 ], [ 115.23077003700007, -2.82829219599995 ], [ 115.225647068000058, -2.825067031999936 ], [ 115.225626618000092, -2.825054157999944 ], [ 115.223655979000114, -2.823813542999972 ], [ 115.222932210000067, -2.823357894999958 ], [ 115.222848782000028, -2.823300777999975 ], [ 115.225285505000102, -2.822025850999978 ], [ 115.225646954000013, -2.821836735999966 ], [ 115.229590224000049, -2.818894213999954 ], [ 115.231797618000087, -2.817247010999949 ], [ 115.236514744000033, -2.816200527999968 ], [ 115.238620244000117, -2.815733420999948 ], [ 115.238688303000117, -2.815647412999965 ], [ 115.239742183000089, -2.815607213999954 ], [ 115.240658585, -2.815405234999957 ], [ 115.240991710000117, -2.81540574099995 ], [ 115.241443703000073, -2.81547820399993 ], [ 115.241598261000036, -2.815550215999963 ], [ 115.242050146000111, -2.81569445599996 ], [ 115.242609143000095, -2.815814932999956 ], [ 115.242728010000064, -2.815886889999945 ], [ 115.242811059000019, -2.816042533999962 ], [ 115.242810861000066, -2.816174125999964 ], [ 115.242786834000071, -2.816329607999933 ], [ 115.242866275000097, -2.816422053999929 ], [ 115.242941230000042, -2.816509285999928 ], [ 115.24313139100002, -2.816641166999943 ], [ 115.243488062000097, -2.816809187999979 ], [ 115.243773547000046, -2.816845509999951 ], [ 115.244166178000114, -2.816834141999948 ], [ 115.244534997000073, -2.816834699999959 ], [ 115.244784663000019, -2.816954707999969 ], [ 115.245046228000092, -2.81707473299997 ], [ 115.245188836000011, -2.817182615999968 ], [ 115.245347750000064, -2.817294151999931 ], [ 115.245581235000031, -2.817326764999962 ], [ 115.245902394000041, -2.817375102999961 ], [ 115.24614482000004, -2.817375469999945 ], [ 115.246223624000095, -2.817375590999973 ], [ 115.246604074000061, -2.817555610999932 ], [ 115.246817923000094, -2.817759303999935 ], [ 115.246924748000083, -2.817926946999933 ], [ 115.246945510000046, -2.817966755999976 ], [ 115.247043383, -2.818154422999953 ], [ 115.247162035000088, -2.818369934999964 ], [ 115.247292836000042, -2.81841798499994 ], [ 115.247447358000045, -2.818513922999955 ], [ 115.247506774000044, -2.818561863999946 ], [ 115.247577908000039, -2.818729453999936 ], [ 115.247601506000024, -2.818861081999955 ], [ 115.247767910000107, -2.818969 ], [ 115.247934133000058, -2.819196547999979 ], [ 115.248053018000064, -2.819256542999938 ], [ 115.248135906000016, -2.819519853999964 ], [ 115.248278372000073, -2.819723439999962 ], [ 115.248313867000093, -2.819855085999961 ], [ 115.248480307000023, -2.819939078999937 ], [ 115.248596812000073, -2.819999069999938 ], [ 115.248753880000095, -2.81998495199997 ], [ 115.248846712000045, -2.819963558999973 ], [ 115.248903970000015, -2.81986315599994 ], [ 115.248982622000085, -2.819777141999964 ], [ 115.249103944000012, -2.819798858999945 ], [ 115.24918940200007, -2.819935365999925 ], [ 115.249196272000063, -2.820114820999947 ], [ 115.24916040800008, -2.820229611999935 ], [ 115.249253080000017, -2.820315884999957 ], [ 115.249388572000043, -2.820409400999949 ], [ 115.249438434000012, -2.820481253999958 ], [ 115.249495401000104, -2.820574651999948 ], [ 115.249573754000039, -2.820689614999935 ], [ 115.24962367, -2.82072557999993 ], [ 115.249837791000118, -2.820747435999976 ], [ 115.24995917800004, -2.820726085999979 ], [ 115.250023456, -2.820704649999925 ], [ 115.25016615200002, -2.820755109999936 ], [ 115.250173172000018, -2.820834076999972 ], [ 115.250230182000109, -2.820898762999946 ], [ 115.250351505000026, -2.820920479999927 ], [ 115.250501457000041, -2.820891994999954 ], [ 115.250530247000029, -2.82073412699998 ], [ 115.250555621000103, -2.820632715999977 ], [ 115.250566154000012, -2.820590625999955 ], [ 115.250666167000077, -2.820540531999939 ], [ 115.250680337000063, -2.820612331999939 ], [ 115.250715822000075, -2.820751017999953 ] ] ] } },
{ "type": "Feature", "properties": { "village_id": "63.06.11.2001", "village_name": "Siang Gantung", "admin_type": "Desa", "district_id": "63.06.11", "district_name": "Daha Barat", "regency_code": "63.06", "regency_name": "Hulu Sungai Selatan", "province_name": "Kalimantan Selatan", "area_ha_source": 4854.4707908600003, "boundary_basis": "Hasil Delineasi Batas Desa 2018", "metadata_source": "TASWIL1000020230928_DATA_BATAS_DESAKELURAHAN" }, "geometry": { "type": "Polygon", "coordinates": [ [ [ 115.066908418000025, -2.655432794999967 ], [ 115.066068390000055, -2.657004085999972 ], [ 115.065663627000049, -2.65952946699997 ], [ 115.064911247000055, -2.662202097999966 ], [ 115.064827824000076, -2.663297627999953 ], [ 115.064747560000114, -2.66435163999995 ], [ 115.065465230000086, -2.666798175999929 ], [ 115.066691351000031, -2.668775244999949 ], [ 115.066841098000054, -2.66889632799996 ], [ 115.070320971000115, -2.671710092999945 ], [ 115.07023708700001, -2.67408818499996 ], [ 115.069842102000052, -2.674955865999948 ], [ 115.069405841000048, -2.675914207999938 ], [ 115.065674316000013, -2.678082772999971 ], [ 115.065393853000046, -2.678245759999925 ], [ 115.065328380000096, -2.678252240999939 ], [ 115.061780418000012, -2.678603337999959 ], [ 115.059983991000081, -2.676502469999946 ], [ 115.059973260000106, -2.676466289999951 ], [ 115.059331102000101, -2.674301285999945 ], [ 115.058239184000058, -2.671875369999952 ], [ 115.055395322000095, -2.668675342999961 ], [ 115.04438525, -2.662140256999976 ], [ 115.022790622000116, -2.659236608999947 ], [ 115.01903445500011, -2.658149184999957 ], [ 114.926364906000117, -2.625601303999929 ], [ 114.921366256000056, -2.623845652999933 ], [ 114.919755690000102, -2.623279981999929 ], [ 114.91971607500011, -2.623266066999975 ], [ 114.919378071000096, -2.62315302199994 ], [ 114.919254884000111, -2.623146651999946 ], [ 114.910333853000111, -2.607669069999929 ], [ 114.906777305000105, -2.601498621999951 ], [ 114.895886376000021, -2.582603355999936 ], [ 114.89591577200008, -2.582473360999927 ], [ 114.895915936000051, -2.582473295999932 ], [ 114.895701419000034, -2.582102358999975 ], [ 114.895977803000051, -2.582199024999966 ], [ 114.896187065000049, -2.582289920999926 ], [ 114.896200031000035, -2.582295552999938 ], [ 114.918224527, -2.591862065999976 ], [ 114.974735075000012, -2.616976141999942 ], [ 115.016503915000044, -2.634373939999932 ], [ 115.057345923000071, -2.651437769999973 ], [ 115.06452661700007, -2.654437730999973 ], [ 115.066908418000025, -2.655432794999967 ] ] ] } },
{ "type": "Feature", "properties": { "village_id": "63.06.06.2002", "village_name": "Simpur", "admin_type": "Desa", "district_id": "63.06.06", "district_name": "Simpur", "regency_code": "63.06", "regency_name": "Hulu Sungai Selatan", "province_name": "Kalimantan Selatan", "area_ha_source": 206.83798585, "boundary_basis": "Hasil Delineasi Batas Desa 2018", "metadata_source": "TASWIL1000020230928_DATA_BATAS_DESAKELURAHAN" }, "geometry": { "type": "Polygon", "coordinates": [ [ [ 115.21397107700011, -2.812963668999942 ], [ 115.214368772000057, -2.813006991999941 ], [ 115.214445704000013, -2.814149724999936 ], [ 115.215917153000078, -2.817037496999944 ], [ 115.218380487000104, -2.82187186699997 ], [ 115.218635195000047, -2.822371737999958 ], [ 115.219855928000015, -2.82476745799994 ], [ 115.219094006000091, -2.825116967999975 ], [ 115.217196409000053, -2.82598743099993 ], [ 115.211451839, -2.828263375999938 ], [ 115.210074178000013, -2.828724983999962 ], [ 115.209925195000096, -2.828795759999934 ], [ 115.206796798000028, -2.83028195199995 ], [ 115.206536279000034, -2.825714516999938 ], [ 115.206232296000053, -2.82038526599996 ], [ 115.206134035000105, -2.81919363999998 ], [ 115.20591597400005, -2.816549228999975 ], [ 115.205855234000069, -2.815812628999936 ], [ 115.205834279000101, -2.815558502999977 ], [ 115.205627267000068, -2.813145728999928 ], [ 115.205571049000014, -2.811804311999936 ], [ 115.206708671000115, -2.811898455999938 ], [ 115.207331225000075, -2.812240348999978 ], [ 115.21397107700011, -2.812963668999942 ] ] ] } },
{ "type": "Feature", "properties": { "village_id": "63.06.09.2008", "village_name": "Sirih", "admin_type": "Desa", "district_id": "63.06.09", "district_name": "Kalumpang", "regency_code": "63.06", "regency_name": "Hulu Sungai Selatan", "province_name": "Kalimantan Selatan", "area_ha_source": 653.58722014600005, "boundary_basis": "Hasil Delineasi Batas Desa 2018", "metadata_source": "TASWIL1000020230928_DATA_BATAS_DESAKELURAHAN" }, "geometry": { "type": "Polygon", "coordinates": [ [ [ 115.186850196000023, -2.809662256999957 ], [ 115.187660783000069, -2.812185955999951 ], [ 115.187676324000108, -2.812234343999933 ], [ 115.183741582000039, -2.813515680999956 ], [ 115.182509377000088, -2.814256456999942 ], [ 115.182181138000033, -2.817966918999957 ], [ 115.182082493000053, -2.819081984999968 ], [ 115.182131657000014, -2.819204748999937 ], [ 115.182144286000039, -2.820412623999971 ], [ 115.182148563000055, -2.820946600999946 ], [ 115.182115012000054, -2.821202169999935 ], [ 115.182018514000106, -2.822387923999941 ], [ 115.181684786, -2.826488687999927 ], [ 115.18050572300001, -2.840975550999929 ], [ 115.180256627000063, -2.844035909999945 ], [ 115.180239803000063, -2.844058101999963 ], [ 115.180209382000044, -2.844098230999975 ], [ 115.1801939610001, -2.844118571999957 ], [ 115.180158921000043, -2.844115046999946 ], [ 115.178910487000053, -2.84545632499993 ], [ 115.17626465, -2.848298900999964 ], [ 115.175143322000054, -2.849503609999942 ], [ 115.173140506000095, -2.851655324999967 ], [ 115.171625325000036, -2.853283142999942 ], [ 115.171638679000012, -2.853289077999932 ], [ 115.171424931000047, -2.853519952999932 ], [ 115.17088998700001, -2.854479184999946 ], [ 115.170876333000024, -2.854474835999952 ], [ 115.169704078000109, -2.854106681999951 ], [ 115.169601993000015, -2.854074621999928 ], [ 115.168634325000085, -2.853760181999974 ], [ 115.167859948000114, -2.85350748999997 ], [ 115.167731212000035, -2.853465480999944 ], [ 115.167354121000017, -2.853347443999951 ], [ 115.167033773000071, -2.853247168999928 ], [ 115.166789535000021, -2.853170717999944 ], [ 115.166511601000025, -2.85307587899996 ], [ 115.166027661000044, -2.852910743999928 ], [ 115.164645551000035, -2.852480312999944 ], [ 115.164774866000016, -2.851217944999973 ], [ 115.164833032000047, -2.850401422999937 ], [ 115.164866911000104, -2.849925825999946 ], [ 115.166026281000086, -2.833650593999948 ], [ 115.166466483000022, -2.83188979199997 ], [ 115.169046415000025, -2.830843872999935 ], [ 115.169107683000107, -2.830819034999934 ], [ 115.172222721000026, -2.830955617999962 ], [ 115.173169677000033, -2.826997782999968 ], [ 115.175220607000028, -2.81842551799997 ], [ 115.176799330000108, -2.811826732999975 ], [ 115.176988586000107, -2.811035653999966 ], [ 115.180231073000073, -2.797481995999931 ], [ 115.186120722000055, -2.807391094999957 ], [ 115.18632548000005, -2.808028594999939 ], [ 115.186848970000028, -2.809658440999954 ], [ 115.186850196000023, -2.809662256999957 ] ] ] } },
{ "type": "Feature", "properties": { "village_id": "63.06.09.2009", "village_name": "Sirih Hulu", "admin_type": "Desa", "district_id": "63.06.09", "district_name": "Kalumpang", "regency_code": "63.06", "regency_name": "Hulu Sungai Selatan", "province_name": "Kalimantan Selatan", "area_ha_source": 261.34005292799998, "boundary_basis": "Hasil Delineasi Batas Desa 2018", "metadata_source": "TASWIL1000020230928_DATA_BATAS_DESAKELURAHAN" }, "geometry": { "type": "Polygon", "coordinates": [ [ [ 115.189831797000011, -2.833681178999939 ], [ 115.189824226000042, -2.834423180999977 ], [ 115.18981364800004, -2.83545978099994 ], [ 115.188318953000021, -2.836864108999976 ], [ 115.188030487000105, -2.837106909999932 ], [ 115.181064975000027, -2.842969640999968 ], [ 115.180256627000063, -2.844035909999945 ], [ 115.18050572300001, -2.840975550999929 ], [ 115.181684786, -2.826488687999927 ], [ 115.182018514000106, -2.822387923999941 ], [ 115.182115012000054, -2.821202169999935 ], [ 115.182148563000055, -2.820946600999946 ], [ 115.182144286000039, -2.820412623999971 ], [ 115.182131657000014, -2.819204748999937 ], [ 115.182082493000053, -2.819081984999968 ], [ 115.182181138000033, -2.817966918999957 ], [ 115.182509377000088, -2.814256456999942 ], [ 115.183741582000039, -2.813515680999956 ], [ 115.187676324000108, -2.812234343999933 ], [ 115.188123189000066, -2.813625625999975 ], [ 115.188839798000117, -2.815975579999929 ], [ 115.190033755000059, -2.81989088499995 ], [ 115.189993017, -2.820062084999961 ], [ 115.189986555000019, -2.821908246999953 ], [ 115.189966305000098, -2.82768888499993 ], [ 115.189946767000038, -2.833261135999976 ], [ 115.189831797000011, -2.833681178999939 ] ] ] } },
{ "type": "Feature", "properties": { "village_id": "63.06.08.2009", "village_name": "Sungai Garuda", "admin_type": "Desa", "district_id": "63.06.08", "district_name": "Daha Utara", "regency_code": "63.06", "regency_name": "Hulu Sungai Selatan", "province_name": "Kalimantan Selatan", "area_ha_source": 17.338470928900001, "boundary_basis": "Hasil Delineasi Batas Desa 2018", "metadata_source": "TASWIL1000020230928_DATA_BATAS_DESAKELURAHAN" }, "geometry": { "type": "Polygon", "coordinates": [ [ [ 115.113856657000042, -2.63088784699994 ], [ 115.113833458000045, -2.630889429999968 ], [ 115.113720433000026, -2.630895377999934 ], [ 115.11303634, -2.631055991999972 ], [ 115.111894197000083, -2.631186861999936 ], [ 115.111184586000036, -2.631243125999958 ], [ 115.110407626000097, -2.630940383999928 ], [ 115.11059070400006, -2.63068788399994 ], [ 115.110685882000098, -2.630354758999943 ], [ 115.110727524000026, -2.629914558999928 ], [ 115.110846496000022, -2.629736098999956 ], [ 115.110983314, -2.629605228999935 ], [ 115.111048751000112, -2.629438666999931 ], [ 115.110959520000051, -2.629200720999961 ], [ 115.110850404000075, -2.629116171999954 ], [ 115.111114208000117, -2.628029313999946 ], [ 115.114631691000113, -2.625337489999936 ], [ 115.114301107000074, -2.627704985999969 ], [ 115.114155082000025, -2.62875072199995 ], [ 115.113856657000042, -2.63088784699994 ] ] ] } },
{ "type": "Feature", "properties": { "village_id": "63.06.01.2015", "village_name": "Sungai Kali", "admin_type": "Desa", "district_id": "63.06.01", "district_name": "Sungai Raya", "regency_code": "63.06", "regency_name": "Hulu Sungai Selatan", "province_name": "Kalimantan Selatan", "area_ha_source": 216.51721049599999, "boundary_basis": "Hasil Delineasi Batas Desa 2018", "metadata_source": "TASWIL1000020230928_DATA_BATAS_DESAKELURAHAN" }, "geometry": { "type": "Polygon", "coordinates": [ [ [ 115.22759338100002, -2.844923961999939 ], [ 115.226415048000035, -2.846315980999975 ], [ 115.22637308700007, -2.846300335999956 ], [ 115.225613592000059, -2.847213860999943 ], [ 115.225416142000086, -2.847438523999926 ], [ 115.225297275000116, -2.847573771999976 ], [ 115.225307120000025, -2.847785450999936 ], [ 115.225092588000052, -2.84803035799996 ], [ 115.225050535000037, -2.84829945499996 ], [ 115.225086169000065, -2.848413821999941 ], [ 115.224684781000065, -2.848270679999928 ], [ 115.224581021000063, -2.848233676999939 ], [ 115.224018933000025, -2.848441617999924 ], [ 115.221962256000097, -2.849202472999934 ], [ 115.220035823000103, -2.849915143999965 ], [ 115.214316930000109, -2.852030771999978 ], [ 115.215322778000086, -2.847646569999938 ], [ 115.217899037000052, -2.844357726999931 ], [ 115.217793020000045, -2.844106269999941 ], [ 115.216739455000038, -2.841607349999947 ], [ 115.216345152000031, -2.839906256999939 ], [ 115.215502648000097, -2.836271561999979 ], [ 115.213624257000106, -2.834770811999931 ], [ 115.212487428000031, -2.834547399999963 ], [ 115.211960153000064, -2.83319660199993 ], [ 115.211069935000069, -2.832400356999926 ], [ 115.211059408000096, -2.832385185999954 ], [ 115.211058379000065, -2.832383702999948 ], [ 115.21053749400005, -2.831633029999978 ], [ 115.210374979000107, -2.830885436999949 ], [ 115.210210968000069, -2.830130959999963 ], [ 115.209932677000097, -2.828850779999925 ], [ 115.209925195000096, -2.828795759999934 ], [ 115.210074178000013, -2.828724983999962 ], [ 115.211451839, -2.828263375999938 ], [ 115.217196409000053, -2.82598743099993 ], [ 115.217444098000101, -2.833392799999956 ], [ 115.21862558700002, -2.833581204999973 ], [ 115.218740170000046, -2.833632851999937 ], [ 115.219051994000097, -2.833773401999963 ], [ 115.21996587700005, -2.834944766999968 ], [ 115.224025481000012, -2.84042012599997 ], [ 115.22759338100002, -2.844923961999939 ] ] ] } },
{ "type": "Feature", "properties": { "village_id": "63.06.05.2009", "village_name": "Sungai Kupang", "admin_type": "Desa", "district_id": "63.06.05", "district_name": "Kandangan", "regency_code": "63.06", "regency_name": "Hulu Sungai Selatan", "province_name": "Kalimantan Selatan", "area_ha_source": 1715.79034275, "boundary_basis": "Hasil Delineasi Batas Desa 2018", "metadata_source": "TASWIL1000020230928_DATA_BATAS_DESAKELURAHAN" }, "geometry": { "type": "Polygon", "coordinates": [ [ [ 115.237154396000051, -2.683709391999969 ], [ 115.237048173000062, -2.683730761999925 ], [ 115.236849197000083, -2.683782153999971 ], [ 115.236659748000079, -2.683826859999954 ], [ 115.23648554500005, -2.683858188999977 ], [ 115.236394158000053, -2.683875282999963 ], [ 115.236201677000054, -2.683920632999957 ], [ 115.236076480000065, -2.68395013099996 ], [ 115.235907012000098, -2.68399773699997 ], [ 115.235678531000076, -2.684051 ], [ 115.235566213000084, -2.684064234999937 ], [ 115.235490050000067, -2.684084221999967 ], [ 115.235405301000014, -2.684118552999962 ], [ 115.235329333000095, -2.684138752999957 ], [ 115.235329246000106, -2.684199449999937 ], [ 115.235308505000035, -2.684287034999954 ], [ 115.235287763000088, -2.684374619999971 ], [ 115.235267022000016, -2.684462204999932 ], [ 115.235246280000069, -2.684549789999949 ], [ 115.235225539000112, -2.684637374999966 ], [ 115.235204797000051, -2.684724959999926 ], [ 115.235184056000094, -2.684812544999943 ], [ 115.235163314000033, -2.68490012999996 ], [ 115.235142573000076, -2.684987714999977 ], [ 115.235121831000015, -2.685075299999937 ], [ 115.235101090000057, -2.685162884999954 ], [ 115.23508034800011, -2.685250469999971 ], [ 115.235059608000029, -2.685338054999932 ], [ 115.235038865000092, -2.685425639999949 ], [ 115.235018125000011, -2.685513224999966 ], [ 115.234997382000074, -2.685600809999926 ], [ 115.234976642000106, -2.685688394999943 ], [ 115.234955900000045, -2.68577597999996 ], [ 115.234935159000088, -2.685863564999977 ], [ 115.234914417000027, -2.685951149999937 ], [ 115.23489367500008, -2.686038734999954 ], [ 115.234872934, -2.686126319999971 ], [ 115.234852192000062, -2.686213904999931 ], [ 115.234831451000105, -2.686301489999948 ], [ 115.234810709000044, -2.686389074999965 ], [ 115.234789967000097, -2.686476659999926 ], [ 115.234769226000026, -2.686564244999943 ], [ 115.234748484000079, -2.68665182999996 ], [ 115.234727743, -2.686739414999977 ], [ 115.234707001000061, -2.686826998999948 ], [ 115.234649747000049, -2.686895141999969 ], [ 115.234592494000026, -2.686963284999933 ], [ 115.234535240000014, -2.687031426999965 ], [ 115.234477987000105, -2.68709956899994 ], [ 115.234420733000093, -2.687167710999972 ], [ 115.234415880000029, -2.687173485999949 ], [ 115.234363479000081, -2.687235852999947 ], [ 115.234306225000068, -2.687303994999979 ], [ 115.234248972000046, -2.687372136999954 ], [ 115.234191718000034, -2.687440279999976 ], [ 115.234134465000011, -2.687508421999951 ], [ 115.234077211000113, -2.687576563999926 ], [ 115.23401995800009, -2.687644705999958 ], [ 115.233962704000078, -2.687712848999979 ], [ 115.233905451000055, -2.687780990999954 ], [ 115.233848197000043, -2.687849133999975 ], [ 115.233790943000031, -2.687917275999951 ], [ 115.233733691000111, -2.687985417999926 ], [ 115.23367643600011, -2.688053560999947 ], [ 115.233619183000087, -2.688121702999979 ], [ 115.233561930000064, -2.688189844999954 ], [ 115.233504676000052, -2.688257986999929 ], [ 115.233447424000019, -2.688326128999961 ], [ 115.233390169000018, -2.688394270999936 ], [ 115.233332916000109, -2.688462413999957 ], [ 115.233275661000107, -2.688530555999932 ], [ 115.233218408000084, -2.688598697999964 ], [ 115.233161154000072, -2.688666839999939 ], [ 115.23310390100005, -2.688734981999971 ], [ 115.233046646000048, -2.688803123999946 ], [ 115.233007711000027, -2.688849463999929 ], [ 115.232989393000025, -2.688871265999978 ], [ 115.232932139000013, -2.688939407999953 ], [ 115.232874886000104, -2.689007550999975 ], [ 115.232817631000103, -2.68907569299995 ], [ 115.232760379000069, -2.689143834999925 ], [ 115.232703124000068, -2.689211976999957 ], [ 115.232645871000045, -2.689280118999932 ], [ 115.232588616000044, -2.689348260999964 ], [ 115.23253136400001, -2.689416402999939 ], [ 115.232474109, -2.68948454599996 ], [ 115.232430594000107, -2.689898462999963 ], [ 115.230363424000075, -2.706425331999981 ], [ 115.229889440000079, -2.711171084999933 ], [ 115.229678651000086, -2.713281570999925 ], [ 115.229436172000078, -2.715709320999963 ], [ 115.22918740800003, -2.718199986999934 ], [ 115.229324986000051, -2.718967285999952 ], [ 115.229429417, -2.719549721999954 ], [ 115.230033004, -2.723905419999937 ], [ 115.230873265000014, -2.725365555999929 ], [ 115.232223253000029, -2.72771144799998 ], [ 115.234875138, -2.728666062999935 ], [ 115.235911133000059, -2.729070524999941 ], [ 115.242129437000017, -2.731498188999979 ], [ 115.242532737000033, -2.731741631999967 ], [ 115.246894666000117, -2.73437460599996 ], [ 115.249259667000047, -2.735802173999957 ], [ 115.249866439000016, -2.736364500999969 ], [ 115.248080055000059, -2.738343135999969 ], [ 115.248083466000026, -2.738656570999979 ], [ 115.24807037000005, -2.739481997999974 ], [ 115.248046406000071, -2.739553938999961 ], [ 115.248036847000094, -2.739582635999966 ], [ 115.24787918800007, -2.74005594099998 ], [ 115.247877535000043, -2.741192420999937 ], [ 115.248078561000057, -2.742030125999975 ], [ 115.248042417000079, -2.742341109999927 ], [ 115.248232294000104, -2.742664389999959 ], [ 115.24825579100002, -2.742867794999938 ], [ 115.248041477000015, -2.742987109999945 ], [ 115.2474461380001, -2.743333159999963 ], [ 115.247076678000099, -2.743787208999947 ], [ 115.246873737000101, -2.744265428999938 ], [ 115.246848740000019, -2.745090836999964 ], [ 115.246823081000116, -2.746370837999962 ], [ 115.24681010200004, -2.747112522999942 ], [ 115.246827916000029, -2.747481628999935 ], [ 115.246827967000058, -2.747482702999946 ], [ 115.246844746000079, -2.747830352999927 ], [ 115.246927150000033, -2.748428622999938 ], [ 115.247081284000046, -2.748787739999955 ], [ 115.247182597, -2.749212239999963 ], [ 115.247245457000076, -2.749399222999955 ], [ 115.247206754000104, -2.749706892999939 ], [ 115.247205791000056, -2.749714544999961 ], [ 115.247198620000063, -2.749771554999938 ], [ 115.247214557, -2.749785435999968 ], [ 115.247860622000076, -2.750348172999963 ], [ 115.247861086000057, -2.750348576999954 ], [ 115.248186829000019, -2.750632306999933 ], [ 115.248714551000035, -2.751091963999954 ], [ 115.249562451000088, -2.751820948999978 ], [ 115.249859384000047, -2.752076236999926 ], [ 115.249877502000118, -2.752091813999925 ], [ 115.249930161000066, -2.752137087999927 ], [ 115.249930230000018, -2.752137145999939 ], [ 115.250372469000013, -2.752517361999935 ], [ 115.250439902000039, -2.752579784999966 ], [ 115.250448454000093, -2.75258269099993 ], [ 115.250449442000104, -2.752586372999929 ], [ 115.250453426000036, -2.752601234999929 ], [ 115.250483145000089, -2.752712092999957 ], [ 115.250490268000021, -2.75273866699996 ], [ 115.250508584000045, -2.752806988999964 ], [ 115.250526533000084, -2.752873946999955 ], [ 115.250584397000011, -2.753089794999937 ], [ 115.250660086000039, -2.753372131999924 ], [ 115.250839431000031, -2.754041129999962 ], [ 115.251278791000118, -2.754604038999958 ], [ 115.251824214000067, -2.755860958999961 ], [ 115.251932362000048, -2.756056691999959 ], [ 115.251959962000115, -2.756106644999932 ], [ 115.2525717420001, -2.757213881999974 ], [ 115.253126091000013, -2.758875166999928 ], [ 115.253282145000071, -2.759550110999953 ], [ 115.253322679, -2.759586808999927 ], [ 115.253340054000091, -2.759602538999957 ], [ 115.25366133600005, -2.759893408999972 ], [ 115.253370067000105, -2.760113204999925 ], [ 115.252950125000098, -2.760430097999972 ], [ 115.252207033000104, -2.760926661999974 ], [ 115.251368707000097, -2.761461365999935 ], [ 115.251048266000112, -2.761651979999954 ], [ 115.250591780000036, -2.761923521999961 ], [ 115.250101908000033, -2.761189156999933 ], [ 115.249898317000088, -2.761089589999926 ], [ 115.250433366000038, -2.760504387999958 ], [ 115.251474889000065, -2.760486886999956 ], [ 115.252024570000117, -2.760125910999932 ], [ 115.252215019, -2.75938357299998 ], [ 115.251667063000014, -2.758563977999927 ], [ 115.249964305000049, -2.757533218999924 ], [ 115.245272650000061, -2.75444155799994 ], [ 115.244384103000016, -2.753450086999976 ], [ 115.242262506000088, -2.75097126199995 ], [ 115.239970085000095, -2.748292841999955 ], [ 115.239584730000047, -2.746359567999946 ], [ 115.23888493700008, -2.745787289999953 ], [ 115.235319502000038, -2.744200236999973 ], [ 115.234371141000111, -2.74377809899994 ], [ 115.232961865000107, -2.743150795999952 ], [ 115.228258802000028, -2.741458648999981 ], [ 115.227558179000084, -2.741457605999926 ], [ 115.226554782000107, -2.741322822999962 ], [ 115.226402989, -2.740030170999944 ], [ 115.226199384000097, -2.738296305999938 ], [ 115.225909586000057, -2.735828457999958 ], [ 115.220045500000083, -2.727452600999925 ], [ 115.212938861000112, -2.717301878999933 ], [ 115.212768642000015, -2.717058746999953 ], [ 115.200023777000069, -2.698854463999965 ], [ 115.204911568000057, -2.695239689999937 ], [ 115.211850441000024, -2.69037534399996 ], [ 115.215830872000083, -2.687544069999944 ], [ 115.216122257000052, -2.687230352999961 ], [ 115.216476956000065, -2.686848469999973 ], [ 115.218042058000037, -2.68516342099997 ], [ 115.220595299000024, -2.680450015999952 ], [ 115.223421221000081, -2.675195775999953 ], [ 115.231300833000091, -2.682508055999961 ], [ 115.237154396000051, -2.683709391999969 ] ] ] } },
{ "type": "Feature", "properties": { "village_id": "63.06.08.2010", "village_name": "Sungai Mandala", "admin_type": "Desa", "district_id": "63.06.08", "district_name": "Daha Utara", "regency_code": "63.06", "regency_name": "Hulu Sungai Selatan", "province_name": "Kalimantan Selatan", "area_ha_source": 20.4287784206, "boundary_basis": "Hasil Delineasi Batas Desa 2018", "metadata_source": "TASWIL1000020230928_DATA_BATAS_DESAKELURAHAN" }, "geometry": { "type": "Polygon", "coordinates": [ [ [ 115.114631691000113, -2.625337489999936 ], [ 115.111114208000117, -2.628029313999946 ], [ 115.110850404000075, -2.629116171999954 ], [ 115.110959520000051, -2.629200720999961 ], [ 115.111048751000112, -2.629438666999931 ], [ 115.110983314, -2.629605228999935 ], [ 115.110846496000022, -2.629736098999956 ], [ 115.110727524000026, -2.629914558999928 ], [ 115.110685882000098, -2.630354758999943 ], [ 115.11059070400006, -2.63068788399994 ], [ 115.110407626000097, -2.630940383999928 ], [ 115.109758502000091, -2.630687451999961 ], [ 115.109695973000044, -2.630663086999959 ], [ 115.109270825000067, -2.630497427999956 ], [ 115.108628315000033, -2.630247072999964 ], [ 115.108184454000025, -2.630074122999929 ], [ 115.107794719000026, -2.629922260999933 ], [ 115.107294824000064, -2.62972747699996 ], [ 115.107779847000074, -2.629152991999945 ], [ 115.107860590000087, -2.628820660999963 ], [ 115.107870826000067, -2.628590681999981 ], [ 115.108464302000016, -2.628568639999969 ], [ 115.109106559000111, -2.62860550399995 ], [ 115.109238219000076, -2.628054715999951 ], [ 115.109683257000029, -2.627833977999956 ], [ 115.110240053000098, -2.627505611999936 ], [ 115.11063234400001, -2.627211887999977 ], [ 115.110618147000082, -2.627003422999962 ], [ 115.110406297000054, -2.626515894999955 ], [ 115.111702118000039, -2.625607129999935 ], [ 115.113433078000071, -2.623627668999973 ], [ 115.114916400000084, -2.623298532999968 ], [ 115.114631691000113, -2.625337489999936 ] ] ] } },
{ "type": "Feature", "properties": { "village_id": "63.06.05.2012", "village_name": "Sungai Paring", "admin_type": "Desa", "district_id": "63.06.05", "district_name": "Kandangan", "regency_code": "63.06", "regency_name": "Hulu Sungai Selatan", "province_name": "Kalimantan Selatan", "area_ha_source": 273.865736347, "boundary_basis": "Hasil Delineasi Batas Desa 2018", "metadata_source": "TASWIL1000020230928_DATA_BATAS_DESAKELURAHAN" }, "geometry": { "type": "Polygon", "coordinates": [ [ [ 115.235818817000109, -2.77519046499998 ], [ 115.237072407000028, -2.77626848999995 ], [ 115.23725266800011, -2.776541260999977 ], [ 115.238575624000077, -2.778543150999951 ], [ 115.239119084000095, -2.781504981999944 ], [ 115.239748861000066, -2.781301145999976 ], [ 115.241448578000018, -2.780751004999956 ], [ 115.241822591000073, -2.781159548999938 ], [ 115.244154589000118, -2.783706844999926 ], [ 115.245121123000104, -2.784762609999973 ], [ 115.246798636000108, -2.786594987999933 ], [ 115.248645411000098, -2.788112696999974 ], [ 115.249706174000039, -2.788596311999925 ], [ 115.251746138000044, -2.788346943999954 ], [ 115.251992338000036, -2.788507248999963 ], [ 115.252033377000089, -2.788622836999934 ], [ 115.252020951000077, -2.788878684999929 ], [ 115.251982575000056, -2.78966883399994 ], [ 115.250658631000078, -2.789833231999978 ], [ 115.249653966000096, -2.789957983999955 ], [ 115.247966890000043, -2.790034255999956 ], [ 115.247966246000033, -2.790034159999948 ], [ 115.247931067000081, -2.790028886999949 ], [ 115.247916597000085, -2.790024091999953 ], [ 115.247506465000015, -2.789888170999973 ], [ 115.247032331000014, -2.789731037999957 ], [ 115.245637934000115, -2.789268921999962 ], [ 115.243777069000089, -2.788778652999952 ], [ 115.242555217000017, -2.788484187999927 ], [ 115.242429503000039, -2.788494989999947 ], [ 115.241216350000059, -2.788599229999932 ], [ 115.239585766, -2.789182039999957 ], [ 115.239535903000046, -2.789154806999932 ], [ 115.239003210000078, -2.789655464999953 ], [ 115.237669958000083, -2.788278021999929 ], [ 115.237377809, -2.787976188999949 ], [ 115.237277335000044, -2.787872384999957 ], [ 115.23722835600006, -2.787684088999924 ], [ 115.236926537000045, -2.786523777999946 ], [ 115.236853606000068, -2.786243399999933 ], [ 115.236847885000088, -2.78622140899995 ], [ 115.236608101000115, -2.786003691999952 ], [ 115.231107665000081, -2.781009431999962 ], [ 115.229236323, -2.779310290999945 ], [ 115.225098139000011, -2.775552884999968 ], [ 115.225127031000056, -2.775531398999931 ], [ 115.227488771000026, -2.773775106999949 ], [ 115.227335798000013, -2.773668556999951 ], [ 115.226052167000034, -2.772774466999977 ], [ 115.221636519000072, -2.771872621999933 ], [ 115.220987035, -2.771148608999965 ], [ 115.220749360000013, -2.769805476999977 ], [ 115.22092220400009, -2.768703974999937 ], [ 115.221197357000051, -2.76787806699997 ], [ 115.221459299000117, -2.767152074999956 ], [ 115.221462535000114, -2.765839275999951 ], [ 115.221463405, -2.76548558199994 ], [ 115.220888579000075, -2.762938536999968 ], [ 115.220268445000102, -2.757800811999971 ], [ 115.223843081000041, -2.757716321999965 ], [ 115.223998233000088, -2.760180390999949 ], [ 115.22442508000006, -2.766959621999945 ], [ 115.22452002600005, -2.766953460999957 ], [ 115.22451761700006, -2.768571674999976 ], [ 115.227417781000099, -2.770866653999974 ], [ 115.229150397000012, -2.771758395999939 ], [ 115.230276848000017, -2.772338153999954 ], [ 115.235818817000109, -2.77519046499998 ] ] ] } },
{ "type": "Feature", "properties": { "village_id": "63.06.07.2009", "village_name": "Sungai Pinang", "admin_type": "Desa", "district_id": "63.06.07", "district_name": "Daha Selatan", "regency_code": "63.06", "regency_name": "Hulu Sungai Selatan", "province_name": "Kalimantan Selatan", "area_ha_source": 192.31600815499999, "boundary_basis": "Hasil Delineasi Batas Desa 2018", "metadata_source": "TASWIL1000020230928_DATA_BATAS_DESAKELURAHAN" }, "geometry": { "type": "Polygon", "coordinates": [ [ [ 115.100608957000077, -2.681628331999946 ], [ 115.099050243000079, -2.683298735999927 ], [ 115.099092202000065, -2.65597811799995 ], [ 115.099101368000106, -2.650010562999967 ], [ 115.099225887000102, -2.634678683999937 ], [ 115.099226160000057, -2.634645286999955 ], [ 115.099236460000043, -2.633376305999946 ], [ 115.099245345000099, -2.632281526999975 ], [ 115.099531385000091, -2.63216433599996 ], [ 115.101030963000085, -2.631549950999954 ], [ 115.101751591000038, -2.63116824399998 ], [ 115.102562846000069, -2.630738530999963 ], [ 115.103023541000084, -2.630578500999945 ], [ 115.103862302000039, -2.630370297999946 ], [ 115.103935458000024, -2.630354895999972 ], [ 115.103934588000016, -2.630383 ], [ 115.103932873000076, -2.630680709999979 ], [ 115.103928322000115, -2.631470583999942 ], [ 115.103793654000015, -2.631482655999946 ], [ 115.103656833000059, -2.633154227999967 ], [ 115.100608957000077, -2.681628331999946 ] ] ] } },
{ "type": "Feature", "properties": { "village_id": "63.06.01.2005", "village_name": "Sungai Raya Selatan", "admin_type": "Desa", "district_id": "63.06.01", "district_name": "Sungai Raya", "regency_code": "63.06", "regency_name": "Hulu Sungai Selatan", "province_name": "Kalimantan Selatan", "area_ha_source": 653.53575609300003, "boundary_basis": "Hasil Delineasi Batas Desa 2018", "metadata_source": "TASWIL1000020230928_DATA_BATAS_DESAKELURAHAN" }, "geometry": { "type": "Polygon", "coordinates": [ [ [ 115.245358153000097, -2.833028334999938 ], [ 115.25064718100009, -2.834102059999964 ], [ 115.251472017000083, -2.834237200999951 ], [ 115.254386395000097, -2.836217667999961 ], [ 115.255446322000012, -2.83704916399995 ], [ 115.260494254000037, -2.840873525999939 ], [ 115.2609407220001, -2.84121177399993 ], [ 115.266302216000099, -2.84527365799994 ], [ 115.268686560000106, -2.845876836999935 ], [ 115.269212200000084, -2.846009809999941 ], [ 115.273567975000105, -2.84711170099996 ], [ 115.273251175000041, -2.847408572999939 ], [ 115.269955042000106, -2.848753005999924 ], [ 115.268101978000118, -2.850884128999951 ], [ 115.267480394000017, -2.851714835999928 ], [ 115.266355441000087, -2.853218263999963 ], [ 115.265112676000058, -2.85539737199997 ], [ 115.26448503000006, -2.857536816999925 ], [ 115.264256136000085, -2.858317041999953 ], [ 115.264246034000053, -2.858700144999943 ], [ 115.264215058000104, -2.859874828999978 ], [ 115.264830356000061, -2.862835680999979 ], [ 115.266957003000016, -2.865331478999963 ], [ 115.26841497800001, -2.867442757999925 ], [ 115.266865329000098, -2.867322788999957 ], [ 115.261288186000115, -2.866891025999962 ], [ 115.261063205000028, -2.866873607999935 ], [ 115.256368929000018, -2.862856931999943 ], [ 115.245337759000108, -2.850148356999966 ], [ 115.244282050000038, -2.850108990999956 ], [ 115.244203878, -2.850099003999958 ], [ 115.243865926000012, -2.850055827999938 ], [ 115.243834558000117, -2.849681137999937 ], [ 115.24317015400004, -2.843913777999944 ], [ 115.242426914000021, -2.837462219999964 ], [ 115.242309054000089, -2.836439153999947 ], [ 115.242308089000062, -2.836430775999929 ], [ 115.242337249000116, -2.836414218999948 ], [ 115.24228813700006, -2.836383798999975 ], [ 115.242650191000052, -2.836112724999964 ], [ 115.243033575000027, -2.835856575999969 ], [ 115.243057500000077, -2.835840590999965 ], [ 115.243386738000027, -2.83567471899994 ], [ 115.24426483600007, -2.835232322999957 ], [ 115.24425563200009, -2.835054772999968 ], [ 115.244251720000079, -2.834979310999927 ], [ 115.244240048000052, -2.834754195999949 ], [ 115.244137372000068, -2.832773654999926 ], [ 115.245358153000097, -2.833028334999938 ] ] ] } },
{ "type": "Feature", "properties": { "village_id": "63.06.01.2004", "village_name": "Sungai Raya Utara", "admin_type": "Desa", "district_id": "63.06.01", "district_name": "Sungai Raya", "regency_code": "63.06", "regency_name": "Hulu Sungai Selatan", "province_name": "Kalimantan Selatan", "area_ha_source": 196.18138013399999, "boundary_basis": "Hasil Delineasi Batas Desa 2018", "metadata_source": "TASWIL1000020230928_DATA_BATAS_DESAKELURAHAN" }, "geometry": { "type": "Polygon", "coordinates": [ [ [ 115.264502679000088, -2.821847376999926 ], [ 115.264243111000042, -2.822718823999935 ], [ 115.263796493000086, -2.82421824599993 ], [ 115.263637331000041, -2.82475259499995 ], [ 115.263636159000043, -2.825541121999947 ], [ 115.263632788000109, -2.827807643999961 ], [ 115.262798503000113, -2.827806387999942 ], [ 115.262096537000048, -2.827805331999969 ], [ 115.26029513800006, -2.828421957999979 ], [ 115.258540976000063, -2.829133934999959 ], [ 115.25817738100011, -2.829658951999932 ], [ 115.25573944100006, -2.833179221999956 ], [ 115.254386395000097, -2.836217667999961 ], [ 115.251472017000083, -2.834237200999951 ], [ 115.25064718100009, -2.834102059999964 ], [ 115.245358153000097, -2.833028334999938 ], [ 115.246502380000038, -2.830898657999967 ], [ 115.247040696000113, -2.83002116199998 ], [ 115.247206980000101, -2.82975010499996 ], [ 115.247351029000015, -2.829515294999965 ], [ 115.248143012000014, -2.82836107299994 ], [ 115.249032522000107, -2.827064714999949 ], [ 115.249407538000014, -2.826518172999954 ], [ 115.249607104, -2.826227327999959 ], [ 115.249555397000108, -2.82614668399998 ], [ 115.249484949000021, -2.826036812999973 ], [ 115.249505662000047, -2.825947863999943 ], [ 115.250715822000075, -2.820751017999953 ], [ 115.254715373000067, -2.821472742999958 ], [ 115.258500292, -2.821624830999951 ], [ 115.259640963000038, -2.821670661999974 ], [ 115.264502679000088, -2.821847376999926 ] ] ] } },
{ "type": "Feature", "properties": { "village_id": "63.06.02.2003", "village_name": "Tabihi", "admin_type": "Desa", "district_id": "63.06.02", "district_name": "Padang Batung", "regency_code": "63.06", "regency_name": "Hulu Sungai Selatan", "province_name": "Kalimantan Selatan", "area_ha_source": 297.29097815, "boundary_basis": "Hasil Delineasi Batas Desa 2018", "metadata_source": "TASWIL1000020230928_DATA_BATAS_DESAKELURAHAN" }, "geometry": { "type": "Polygon", "coordinates": [ [ [ 115.29091909400006, -2.753171564999946 ], [ 115.29066522800008, -2.755589227999963 ], [ 115.290558153, -2.756493422999938 ], [ 115.2900108770001, -2.757730742999968 ], [ 115.289939491000041, -2.757992482999953 ], [ 115.289891902000022, -2.758539760999952 ], [ 115.289891902000022, -2.759324981999953 ], [ 115.289713442000107, -2.760003127999937 ], [ 115.289189963000013, -2.761023916999932 ], [ 115.288590335000094, -2.762451594999959 ], [ 115.288231038000049, -2.763253471999974 ], [ 115.288159654000083, -2.763592545999927 ], [ 115.288129911000055, -2.764264742999956 ], [ 115.288248488000022, -2.766453053999953 ], [ 115.288210418000062, -2.769222745999969 ], [ 115.288048612000011, -2.76966056599997 ], [ 115.287953435000077, -2.770069833999969 ], [ 115.287972470000113, -2.770536208999943 ], [ 115.288086684000064, -2.771173903999966 ], [ 115.287991506000026, -2.771944849999954 ], [ 115.287679381000089, -2.774468529999979 ], [ 115.287854673000083, -2.777679964999948 ], [ 115.287898250000012, -2.778478363999966 ], [ 115.287966292000078, -2.779724981999948 ], [ 115.288150165000047, -2.782715052999947 ], [ 115.288151735000042, -2.782740582999963 ], [ 115.288092020000022, -2.78273586399996 ], [ 115.282654683000032, -2.782918833999929 ], [ 115.282071397000095, -2.780852695999954 ], [ 115.281396338000036, -2.778461475999961 ], [ 115.281274530000019, -2.778030005999938 ], [ 115.280821305000018, -2.777210676999971 ], [ 115.280821232000108, -2.777210544999946 ], [ 115.281065737000063, -2.775266620999957 ], [ 115.281146836000062, -2.774621855999953 ], [ 115.281146901000056, -2.774621335999939 ], [ 115.280788643000051, -2.773554469999965 ], [ 115.280625156000042, -2.773141750999969 ], [ 115.280524490000062, -2.772887620999938 ], [ 115.280374264000102, -2.77203069199993 ], [ 115.280374234000078, -2.77203051999993 ], [ 115.280471447000082, -2.770278815999973 ], [ 115.280557049000095, -2.769372931999953 ], [ 115.280824689000042, -2.769247508999968 ], [ 115.28076318, -2.769107366999947 ], [ 115.280723240000043, -2.769016363999981 ], [ 115.280270277000113, -2.767984311999953 ], [ 115.278906465000091, -2.764876935999951 ], [ 115.27882653100005, -2.763909513999977 ], [ 115.278792377000059, -2.76349616899995 ], [ 115.278591069000072, -2.761059842999941 ], [ 115.278759760000071, -2.760683176999976 ], [ 115.279502956000101, -2.759023697999964 ], [ 115.279561253000111, -2.758377953999968 ], [ 115.279560350000111, -2.75837783299994 ], [ 115.279559444000029, -2.75837771199997 ], [ 115.279671272000087, -2.757098863999943 ], [ 115.279791403000104, -2.755725070999972 ], [ 115.279852904000109, -2.755021734999957 ], [ 115.279878388000043, -2.75473031599995 ], [ 115.279890288000047, -2.75473332599995 ], [ 115.27989409700001, -2.754691131999948 ], [ 115.279913374000103, -2.754698387999952 ], [ 115.280226690000063, -2.754818413999942 ], [ 115.280552225000065, -2.754969554999946 ], [ 115.28068238600008, -2.755029987999933 ], [ 115.281159890000026, -2.755032364999977 ], [ 115.282138616000111, -2.754944328999954 ], [ 115.283111606000034, -2.754667830999949 ], [ 115.283254111000019, -2.754627334999952 ], [ 115.283459949000076, -2.754539526999963 ], [ 115.28454638300002, -2.75407606999994 ], [ 115.287228338000091, -2.752931983999929 ], [ 115.28729290900003, -2.75293109699993 ], [ 115.28785515200002, -2.752972672999931 ], [ 115.289411168000015, -2.753073680999933 ], [ 115.29091909400006, -2.753171564999946 ] ] ] } },
{ "type": "Feature", "properties": { "village_id": "63.06.08.2003", "village_name": "Tambak Bitin", "admin_type": "Desa", "district_id": "63.06.08", "district_name": "Daha Utara", "regency_code": "63.06", "regency_name": "Hulu Sungai Selatan", "province_name": "Kalimantan Selatan", "area_ha_source": 26.757389257, "boundary_basis": "Hasil Delineasi Batas Desa 2018", "metadata_source": "TASWIL1000020230928_DATA_BATAS_DESAKELURAHAN" }, "geometry": { "type": "Polygon", "coordinates": [ [ [ 115.107333222000079, -2.626892424999937 ], [ 115.107585659000051, -2.627653831999964 ], [ 115.107884385000034, -2.628286073999959 ], [ 115.107870826000067, -2.628590681999981 ], [ 115.107860590000087, -2.628820660999963 ], [ 115.107779847000074, -2.629152991999945 ], [ 115.107213060000049, -2.628882447999956 ], [ 115.107121901000028, -2.628953039999942 ], [ 115.106813309000017, -2.629228658999978 ], [ 115.106709803000058, -2.629225089999977 ], [ 115.106448364000016, -2.628687826999965 ], [ 115.104500706000067, -2.62788747899998 ], [ 115.103081135000025, -2.627304133999928 ], [ 115.102551845000107, -2.62708663199993 ], [ 115.101861432000078, -2.626802919999932 ], [ 115.101669223000044, -2.626356170999941 ], [ 115.100749498000027, -2.624218466999935 ], [ 115.10166136600003, -2.624095226999941 ], [ 115.102658333000022, -2.62396277299996 ], [ 115.103419930000086, -2.62373426299996 ], [ 115.104370785000015, -2.623570194999957 ], [ 115.104994544000078, -2.62338602799997 ], [ 115.105340301000069, -2.624048141999936 ], [ 115.105428989000075, -2.624217977999933 ], [ 115.106080991000113, -2.62515732199995 ], [ 115.107333222000079, -2.626892424999937 ] ] ] } },
{ "type": "Feature", "properties": { "village_id": "63.06.07.2014", "village_name": "Tambangan", "admin_type": "Desa", "district_id": "63.06.07", "district_name": "Daha Selatan", "regency_code": "63.06", "regency_name": "Hulu Sungai Selatan", "province_name": "Kalimantan Selatan", "area_ha_source": 104.627523317, "boundary_basis": "Hasil Delineasi Batas Desa 2018", "metadata_source": "TASWIL1000020230928_DATA_BATAS_DESAKELURAHAN" }, "geometry": { "type": "Polygon", "coordinates": [ [ [ 115.096569696000074, -2.632824777999929 ], [ 115.094772002000013, -2.633328004999953 ], [ 115.094608445000063, -2.633373788999961 ], [ 115.093730225000058, -2.633619627999963 ], [ 115.093654450000031, -2.633640836999973 ], [ 115.092743837000057, -2.633998683999948 ], [ 115.092664766000098, -2.634029754999972 ], [ 115.092600032000064, -2.634055193999927 ], [ 115.09176453900011, -2.634383516999947 ], [ 115.090840288000095, -2.634746717999974 ], [ 115.090793518000055, -2.634765097999946 ], [ 115.090674041000057, -2.634792630999925 ], [ 115.089593578000063, -2.635041626999964 ], [ 115.089533027000016, -2.63505558199995 ], [ 115.088439257000118, -2.63530764099994 ], [ 115.08841068400011, -2.635314224999945 ], [ 115.088296479000064, -2.635340542999927 ], [ 115.088013489000105, -2.63540575899998 ], [ 115.087296904000027, -2.635447762999945 ], [ 115.086138562000087, -2.635515662999978 ], [ 115.086031684000091, -2.635521927999946 ], [ 115.085193792000041, -2.635571040999935 ], [ 115.084273809000024, -2.62964531199998 ], [ 115.08364885200001, -2.625619875999973 ], [ 115.085581974000092, -2.626078408999945 ], [ 115.087419939000029, -2.62651436799996 ], [ 115.087740688000054, -2.626590446999955 ], [ 115.089519770000038, -2.627012435999973 ], [ 115.092169474000116, -2.627640927999948 ], [ 115.094771776000016, -2.62825817199996 ], [ 115.095280713000079, -2.629515062999928 ], [ 115.096569696000074, -2.632824777999929 ] ] ] } },
{ "type": "Feature", "properties": { "village_id": "63.06.09.2007", "village_name": "Tambingkar", "admin_type": "Desa", "district_id": "63.06.09", "district_name": "Kalumpang", "regency_code": "63.06", "regency_name": "Hulu Sungai Selatan", "province_name": "Kalimantan Selatan", "area_ha_source": 650.05137706200003, "boundary_basis": "Hasil Delineasi Batas Desa 2018", "metadata_source": "TASWIL1000020230928_DATA_BATAS_DESAKELURAHAN" }, "geometry": { "type": "Polygon", "coordinates": [ [ [ 115.180231073000073, -2.797481995999931 ], [ 115.176988586000107, -2.811035653999966 ], [ 115.176799330000108, -2.811826732999975 ], [ 115.175220607000028, -2.81842551799997 ], [ 115.173169677000033, -2.826997782999968 ], [ 115.172222721000026, -2.830955617999962 ], [ 115.169107683000107, -2.830819034999934 ], [ 115.162509826000019, -2.828338527999961 ], [ 115.162216859000068, -2.823200818999965 ], [ 115.162216171000068, -2.823153067999954 ], [ 115.163023003000035, -2.795356227999946 ], [ 115.174473567000064, -2.789678614999957 ], [ 115.17944284400005, -2.796155822999935 ], [ 115.180231073000073, -2.797481995999931 ] ] ] } },
{ "type": "Feature", "properties": { "village_id": "63.06.01.2013", "village_name": "Tamiyang", "admin_type": "Desa", "district_id": "63.06.01", "district_name": "Sungai Raya", "regency_code": "63.06", "regency_name": "Hulu Sungai Selatan", "province_name": "Kalimantan Selatan", "area_ha_source": 359.005808049, "boundary_basis": "Hasil Delineasi Batas Desa 2018", "metadata_source": "TASWIL1000020230928_DATA_BATAS_DESAKELURAHAN" }, "geometry": { "type": "Polygon", "coordinates": [ [ [ 115.205158011000094, -2.844521716999964 ], [ 115.210495046, -2.850595429999942 ], [ 115.209311499000023, -2.852613937999934 ], [ 115.208962033000034, -2.853312850999941 ], [ 115.208662322, -2.853912249999951 ], [ 115.20636309300005, -2.854776670999968 ], [ 115.205678830000011, -2.85503392499993 ], [ 115.202667059000078, -2.854488493999952 ], [ 115.193844839, -2.853642049999962 ], [ 115.193212102000075, -2.853581339999948 ], [ 115.173140506000095, -2.851655324999967 ], [ 115.175143322000054, -2.849503609999942 ], [ 115.17626465, -2.848298900999964 ], [ 115.178910487000053, -2.84545632499993 ], [ 115.180158921000043, -2.844115046999946 ], [ 115.1801939610001, -2.844118571999957 ], [ 115.180205863000083, -2.844119768999974 ], [ 115.180231161000052, -2.844122312999957 ], [ 115.180249445000072, -2.844124151999949 ], [ 115.183661632000053, -2.844467333999944 ], [ 115.18493731, -2.844197359999953 ], [ 115.185175370000024, -2.844146978999959 ], [ 115.185294154000076, -2.844365482999933 ], [ 115.185347971000056, -2.844455993999929 ], [ 115.188750480000067, -2.844039964999979 ], [ 115.189374411000017, -2.84435487199994 ], [ 115.190594120000014, -2.844970476999947 ], [ 115.191130313000031, -2.845241100999942 ], [ 115.19588589600005, -2.845325526999943 ], [ 115.196264434000113, -2.845332245999941 ], [ 115.199853341000107, -2.843765231999953 ], [ 115.199867483000048, -2.843759056999943 ], [ 115.201898060000076, -2.842872449999959 ], [ 115.203374478000114, -2.842491987999949 ], [ 115.205158011000094, -2.844521716999964 ] ] ] } },
{ "type": "Feature", "properties": { "village_id": "63.06.01.2018", "village_name": "Tanah Bangkang", "admin_type": "Desa", "district_id": "63.06.01", "district_name": "Sungai Raya", "regency_code": "63.06", "regency_name": "Hulu Sungai Selatan", "province_name": "Kalimantan Selatan", "area_ha_source": 358.61323403, "boundary_basis": "Hasil Delineasi Batas Desa 2018", "metadata_source": "TASWIL1000020230928_DATA_BATAS_DESAKELURAHAN" }, "geometry": { "type": "Polygon", "coordinates": [ [ [ 115.263632788000109, -2.827807643999961 ], [ 115.263632684000072, -2.827878209999938 ], [ 115.264791589000083, -2.828963501999965 ], [ 115.269052504000115, -2.829617459999952 ], [ 115.270447286000035, -2.830127673999925 ], [ 115.273984351000081, -2.834728463999966 ], [ 115.27713097100002, -2.837025314999948 ], [ 115.278621113000099, -2.838361153999927 ], [ 115.279771108000091, -2.838838485999929 ], [ 115.279861524000012, -2.840405099999941 ], [ 115.279175132000091, -2.842878552999935 ], [ 115.276843138000118, -2.844299025999931 ], [ 115.276061199000083, -2.844775320999929 ], [ 115.273567975000105, -2.84711170099996 ], [ 115.269212200000084, -2.846009809999941 ], [ 115.268686560000106, -2.845876836999935 ], [ 115.266302216000099, -2.84527365799994 ], [ 115.2609407220001, -2.84121177399993 ], [ 115.260494254000037, -2.840873525999939 ], [ 115.255446322000012, -2.83704916399995 ], [ 115.254386395000097, -2.836217667999961 ], [ 115.25573944100006, -2.833179221999956 ], [ 115.25817738100011, -2.829658951999932 ], [ 115.258540976000063, -2.829133934999959 ], [ 115.26029513800006, -2.828421957999979 ], [ 115.262096537000048, -2.827805331999969 ], [ 115.262798503000113, -2.827806387999942 ], [ 115.263632788000109, -2.827807643999961 ] ] ] } },
{ "type": "Feature", "properties": { "village_id": "63.06.04.2009", "village_name": "Taniran Kubah", "admin_type": "Desa", "district_id": "63.06.04", "district_name": "Angkinang", "regency_code": "63.06", "regency_name": "Hulu Sungai Selatan", "province_name": "Kalimantan Selatan", "area_ha_source": 451.57570535799999, "boundary_basis": "Hasil Delineasi Batas Desa 2018", "metadata_source": "TASWIL1000020230928_DATA_BATAS_DESAKELURAHAN" }, "geometry": { "type": "Polygon", "coordinates": [ [ [ 115.27980965900008, -2.733216911999932 ], [ 115.278792517000056, -2.73438975199997 ], [ 115.27768667600003, -2.736750000999962 ], [ 115.277621157000112, -2.736889842999972 ], [ 115.277468034000094, -2.737451244999932 ], [ 115.277459076000014, -2.737701971999968 ], [ 115.277304943000104, -2.737552287999961 ], [ 115.27620008100007, -2.736479335999945 ], [ 115.275286451000056, -2.736273789999927 ], [ 115.274271129000113, -2.73617020599994 ], [ 115.273052201000041, -2.736423725999941 ], [ 115.272129439000082, -2.736468780999928 ], [ 115.272036661000016, -2.73647331199993 ], [ 115.271752504, -2.736568102999968 ], [ 115.271721604000049, -2.736578409999936 ], [ 115.270817517000069, -2.736879997999949 ], [ 115.269218705000071, -2.736494754999967 ], [ 115.267848634000075, -2.735931144999938 ], [ 115.26647907600011, -2.735010139999929 ], [ 115.266316430000074, -2.734500602999958 ], [ 115.265973620000068, -2.733426655999949 ], [ 115.265161910000074, -2.732965969999952 ], [ 115.263537395000071, -2.73281044099997 ], [ 115.262675797000043, -2.731737004999957 ], [ 115.262608777000082, -2.730773909999925 ], [ 115.262561899000048, -2.730739357999937 ], [ 115.262529352000115, -2.730700565999939 ], [ 115.262496806000058, -2.730661773999941 ], [ 115.262473198000066, -2.730590212999971 ], [ 115.262449592000053, -2.730518650999954 ], [ 115.262446748000116, -2.730435196999963 ], [ 115.262443905000055, -2.730351743999961 ], [ 115.262467700000116, -2.730292171999963 ], [ 115.262491496000052, -2.730232599999965 ], [ 115.262510633000034, -2.730194252999979 ], [ 115.262521219000064, -2.730173036999929 ], [ 115.262550943000065, -2.73011347399995 ], [ 115.262580666000076, -2.73005391099997 ], [ 115.262611759000038, -2.73000938399997 ], [ 115.262642849000031, -2.729964855999981 ], [ 115.262678367000035, -2.729913246999956 ], [ 115.262713887000018, -2.729861639999967 ], [ 115.262749404000033, -2.729810029999953 ], [ 115.262739408000016, -2.729763911999953 ], [ 115.262729409000031, -2.729717794999942 ], [ 115.262700855000048, -2.729667825999968 ], [ 115.262622333000081, -2.729624994999938 ], [ 115.262536673000113, -2.729603580999935 ], [ 115.262490274000015, -2.729592873999934 ], [ 115.262443872000063, -2.729582165999943 ], [ 115.262358214000074, -2.729582164999954 ], [ 115.262297537000109, -2.729575025999964 ], [ 115.26223686000003, -2.729567888999952 ], [ 115.262161907000063, -2.729557181999951 ], [ 115.262138539000034, -2.729553843999952 ], [ 115.261715297000023, -2.728825398999959 ], [ 115.260304696000048, -2.728480837999939 ], [ 115.260243400000036, -2.728465864999976 ], [ 115.259990355000014, -2.728436130999967 ], [ 115.259931163000033, -2.728404331999968 ], [ 115.259866916000078, -2.728379347999976 ], [ 115.259802671000102, -2.728354363999927 ], [ 115.259756273000107, -2.728322240999944 ], [ 115.25970987300002, -2.728290117999961 ], [ 115.259642058000054, -2.72827941099996 ], [ 115.259574245000067, -2.728268702999969 ], [ 115.259527844000104, -2.728254426999968 ], [ 115.259481444000016, -2.728240149999976 ], [ 115.259424337000041, -2.728240149999976 ], [ 115.259367231000056, -2.728240149999976 ], [ 115.259283172000096, -2.72825445899997 ], [ 115.259199109000065, -2.728268768999953 ], [ 115.259115051000094, -2.728283077999947 ], [ 115.259070504000078, -2.728312848999963 ], [ 115.259051164000084, -2.728325772999938 ], [ 115.259025956000073, -2.728342618999932 ], [ 115.258941857000082, -2.728350183999964 ], [ 115.258857756000111, -2.728357747999951 ], [ 115.258786465000071, -2.728319208999949 ], [ 115.258745909000027, -2.72829728499994 ], [ 115.258715173000041, -2.728280669999947 ], [ 115.258657502, -2.728220798999928 ], [ 115.258599829000104, -2.728160924999941 ], [ 115.258542157000079, -2.728101052999932 ], [ 115.258506569000019, -2.728041212999926 ], [ 115.258470982000063, -2.727981372999977 ], [ 115.258435394000117, -2.727921532999972 ], [ 115.258381893000092, -2.72791633099996 ], [ 115.258328389000098, -2.72791112799996 ], [ 115.258262064000064, -2.727962278999939 ], [ 115.258221183000046, -2.728039090999971 ], [ 115.258193103000053, -2.728074921999962 ], [ 115.258165020000092, -2.728110752999953 ], [ 115.258117381000034, -2.728163638999945 ], [ 115.258069738000017, -2.728216525999926 ], [ 115.25804494700003, -2.728244045999929 ], [ 115.258022097000094, -2.728269411999975 ], [ 115.257968536000021, -2.728305206999948 ], [ 115.257914974000073, -2.728341001999979 ], [ 115.257843560000083, -2.728387020999946 ], [ 115.25777215200003, -2.728427913999951 ], [ 115.257700745000079, -2.728468806999956 ], [ 115.25763061400005, -2.728508421999948 ], [ 115.25756048400001, -2.72854803599995 ], [ 115.257490353000094, -2.728587650999941 ], [ 115.257420223000054, -2.728627264999943 ], [ 115.257366625000031, -2.728688682999973 ], [ 115.257334878000052, -2.728725061999967 ], [ 115.25731302500003, -2.728750101999935 ], [ 115.257256872000085, -2.728815359999942 ], [ 115.257200721000117, -2.728880618999938 ], [ 115.257144568000058, -2.728945876999944 ], [ 115.257088414, -2.729011133999961 ], [ 115.25704883800006, -2.729067448999956 ], [ 115.257009259000029, -2.729123762999961 ], [ 115.25696968200009, -2.729180076999967 ], [ 115.256930106000027, -2.729236390999972 ], [ 115.256870582000033, -2.729282427999976 ], [ 115.256811060000018, -2.729328462999945 ], [ 115.256751537000014, -2.72937449899996 ], [ 115.256708990000106, -2.729429099999948 ], [ 115.256666441000107, -2.729483701999925 ], [ 115.256623894000086, -2.729538303999959 ], [ 115.256574541000077, -2.729601435999939 ], [ 115.25652518600009, -2.729664568999965 ], [ 115.256475830000113, -2.729727701999934 ], [ 115.256406980000065, -2.729763473999981 ], [ 115.256338129000028, -2.729799244999981 ], [ 115.2562769540001, -2.729811968999968 ], [ 115.256215780000048, -2.729824691999966 ], [ 115.256129157000032, -2.729816877999951 ], [ 115.256042530000059, -2.729809064999927 ], [ 115.256017157000088, -2.729734718999964 ], [ 115.255991783000013, -2.729660373999934 ], [ 115.255991913000116, -2.729570691999925 ], [ 115.255992042000116, -2.729481009999972 ], [ 115.255992168000034, -2.729393889999926 ], [ 115.255992293000077, -2.729306770999926 ], [ 115.25593802100002, -2.729245194999976 ], [ 115.255883751000056, -2.729183619999958 ], [ 115.25582947700002, -2.729122043999951 ], [ 115.255768369000066, -2.729089925999972 ], [ 115.25570726, -2.729057806999947 ], [ 115.255646152000054, -2.729025688999968 ], [ 115.2555850440001, -2.728993569999943 ], [ 115.255516307000107, -2.728949909999926 ], [ 115.255447570000115, -2.728906248999976 ], [ 115.25540516500007, -2.728863480999962 ], [ 115.255362755000078, -2.728820713999937 ], [ 115.255320350000034, -2.728777946999969 ], [ 115.255282218000048, -2.728713831999926 ], [ 115.255244091, -2.728649718999975 ], [ 115.255223775000104, -2.728601002999937 ], [ 115.255203461000065, -2.728552289999925 ], [ 115.255188264000026, -2.728489061999937 ], [ 115.255173067000101, -2.728425834999939 ], [ 115.255157867000094, -2.728362607999941 ], [ 115.255134994000059, -2.728321576999974 ], [ 115.255112121000025, -2.72828054699994 ], [ 115.255040759000053, -2.728290691999973 ], [ 115.255022858000075, -2.728334225999959 ], [ 115.255004957000097, -2.728377759999944 ], [ 115.254992133000087, -2.728436674999955 ], [ 115.254979309000078, -2.728495589999966 ], [ 115.254967301000079, -2.728519649999953 ], [ 115.254940975000068, -2.728572404999966 ], [ 115.254902642000047, -2.728649219999966 ], [ 115.254841421000037, -2.728695252999955 ], [ 115.254780200000027, -2.728741285999945 ], [ 115.254736899000022, -2.728728410999963 ], [ 115.25469360000011, -2.728715533999946 ], [ 115.254668208000112, -2.728654001999928 ], [ 115.25465809700006, -2.728597613999966 ], [ 115.25464798500002, -2.728541228999973 ], [ 115.254641280000101, -2.728479722999964 ], [ 115.254634573000089, -2.728418215999966 ], [ 115.254627867000067, -2.728356708999968 ], [ 115.254576983000106, -2.728302825999947 ], [ 115.254526097000053, -2.728248942999926 ], [ 115.254470078000054, -2.728221529999928 ], [ 115.254414060000045, -2.728194115999941 ], [ 115.254358040000056, -2.728166702999943 ], [ 115.25428673600004, -2.728135850999934 ], [ 115.254272094000044, -2.728129514999978 ], [ 115.254215434000116, -2.728104997999935 ], [ 115.254154313000072, -2.728080993999924 ], [ 115.254093192000028, -2.728056988999981 ], [ 115.254032073000076, -2.72803298499997 ], [ 115.253968414000042, -2.728002143999959 ], [ 115.253904756000111, -2.727971302999947 ], [ 115.253833409000094, -2.727971198999967 ], [ 115.253762061000089, -2.72797109499993 ], [ 115.253700891000108, -2.727981254999975 ], [ 115.253654985000026, -2.728009373999953 ], [ 115.253609077000078, -2.728037491999942 ], [ 115.253602845000046, -2.728050872999972 ], [ 115.253573293000045, -2.728114312999935 ], [ 115.253534983, -2.72817575199997 ], [ 115.253496672000097, -2.728237191999938 ], [ 115.25346348100004, -2.728283264999959 ], [ 115.253430289000107, -2.728329339999959 ], [ 115.253369083000052, -2.728365123999936 ], [ 115.253292682000051, -2.728334263999955 ], [ 115.253216284000018, -2.728303403999973 ], [ 115.253188337000097, -2.728246990999935 ], [ 115.253160389000072, -2.728190579999932 ], [ 115.253132457000106, -2.728121353999938 ], [ 115.253104528000108, -2.72805212999998 ], [ 115.253058726000063, -2.728008502999955 ], [ 115.253025078000064, -2.727976454999975 ], [ 115.252972045000092, -2.727967100999933 ], [ 115.252967051000041, -2.727967372999956 ], [ 115.252921182000023, -2.727969867999946 ], [ 115.252877817000012, -2.728003114999979 ], [ 115.252834450000023, -2.728036361999955 ], [ 115.252788580000015, -2.72803885899998 ], [ 115.25274271, -2.728041352999981 ], [ 115.252686673000085, -2.728025896999952 ], [ 115.252656121000086, -2.728010478999977 ], [ 115.252625586000022, -2.727979685999969 ], [ 115.252592527000047, -2.72793351599995 ], [ 115.252565191000031, -2.72789533699995 ], [ 115.252559470000051, -2.727887342999963 ], [ 115.252534075000085, -2.727825810999946 ], [ 115.252508684000077, -2.727764276999949 ], [ 115.252478218000078, -2.727687362999973 ], [ 115.252447750000101, -2.72761044799995 ], [ 115.252401980000059, -2.727543759999946 ], [ 115.252325507000023, -2.727564146999953 ], [ 115.252297422000083, -2.727602542999932 ], [ 115.252269338000019, -2.727640934999954 ], [ 115.252269216000059, -2.727725491999934 ], [ 115.252269095000088, -2.72781004999996 ], [ 115.252256759000034, -2.727840931999935 ], [ 115.252248635000115, -2.72786126799997 ], [ 115.252228176000017, -2.727912484999933 ], [ 115.252192489000095, -2.727922681999928 ], [ 115.252138982000019, -2.727920041999937 ], [ 115.252085476000047, -2.727917400999956 ], [ 115.252009084000065, -2.727881415999946 ], [ 115.251993810000045, -2.727871143999948 ], [ 115.251945431000081, -2.727845448999972 ], [ 115.251904962000026, -2.727823956999941 ], [ 115.251897055000086, -2.727819755999974 ], [ 115.251879282000118, -2.72777616999997 ], [ 115.251861508000047, -2.727732583999966 ], [ 115.251861519000045, -2.727723702999981 ], [ 115.251861617000031, -2.72765571399998 ], [ 115.251851538000096, -2.727578828999981 ], [ 115.251782767, -2.727558229999943 ], [ 115.251713997000024, -2.727537630999961 ], [ 115.251668116000019, -2.727547811999955 ], [ 115.251622237000106, -2.727557995999973 ], [ 115.251601885000014, -2.727562511999963 ], [ 115.251553415000103, -2.727573268999947 ], [ 115.251484595000079, -2.727588542999968 ], [ 115.251433554000073, -2.727642277999962 ], [ 115.251382513000067, -2.727696011999967 ], [ 115.251372240000023, -2.727752368999973 ], [ 115.25137212900006, -2.727829238999959 ], [ 115.251387336000107, -2.727885631999925 ], [ 115.25137195800005, -2.727947106999977 ], [ 115.251320958000065, -2.727972654999974 ], [ 115.251264869000011, -2.727995634999957 ], [ 115.251208776000112, -2.72801861399995 ], [ 115.251173080000058, -2.728033936999964 ], [ 115.251122116000033, -2.728033860999972 ], [ 115.251094143000046, -2.727995384999929 ], [ 115.251066171000048, -2.727956908999943 ], [ 115.251040749000026, -2.727915873999962 ], [ 115.251015326000015, -2.72787483999997 ], [ 115.250997559000098, -2.727826128999936 ], [ 115.250979792000066, -2.72777741699997 ], [ 115.250962050000112, -2.727713334999976 ], [ 115.250944303000097, -2.727649249999956 ], [ 115.250936760000059, -2.727580054999976 ], [ 115.250929216000031, -2.727510860999928 ], [ 115.250893654000038, -2.72743393899998 ], [ 115.250847847000045, -2.727392873999975 ], [ 115.250802041000043, -2.72735180899997 ], [ 115.250785812000117, -2.727307318999976 ], [ 115.250671726000064, -2.727291324999953 ], [ 115.25066451500004, -2.727300361999937 ], [ 115.250646595000035, -2.727359270999955 ], [ 115.250628672000062, -2.727418176999947 ], [ 115.250582745000088, -2.727459106999959 ], [ 115.250526710000031, -2.727443651999977 ], [ 115.250521652000089, -2.727418020999949 ], [ 115.250521725000112, -2.727366773999961 ], [ 115.25052182200011, -2.727300152999931 ], [ 115.250521864, -2.727270315999931 ], [ 115.24983687100007, -2.727174285999979 ], [ 115.248922600000014, -2.727428228999941 ], [ 115.248111497000082, -2.726559091999945 ], [ 115.245522852000022, -2.726044739999963 ], [ 115.244427648000055, -2.725525832999949 ], [ 115.243036719000088, -2.724866811999959 ], [ 115.240804232000073, -2.723842420999972 ], [ 115.238672774000065, -2.723175565999952 ], [ 115.236966725000116, -2.72281322799995 ], [ 115.235525887000108, -2.722507214999951 ], [ 115.23227880200011, -2.720919710999965 ], [ 115.231588772, -2.720636942999931 ], [ 115.22918740800003, -2.718199986999934 ], [ 115.229436172000078, -2.715709320999963 ], [ 115.229678651000086, -2.713281570999925 ], [ 115.229889440000079, -2.711171084999933 ], [ 115.2308160340001, -2.711214244999951 ], [ 115.231691676000082, -2.711245178999945 ], [ 115.232662495000113, -2.711385565999933 ], [ 115.233861743000034, -2.711594958999967 ], [ 115.234813527000028, -2.711709172999974 ], [ 115.235917599000118, -2.711568308999972 ], [ 115.23771647, -2.71151120199994 ], [ 115.238268506000054, -2.711473130999934 ], [ 115.238963309000042, -2.711530237999966 ], [ 115.239762808000023, -2.711663486999953 ], [ 115.240705073000072, -2.711834807999935 ], [ 115.241304697000032, -2.711929986999962 ], [ 115.241942394000034, -2.711958540999944 ], [ 115.243864999000039, -2.712025164999943 ], [ 115.244007765000106, -2.712529610999979 ], [ 115.24398872900008, -2.71349091299993 ], [ 115.244483657000046, -2.716536622999968 ], [ 115.244531246000065, -2.717621657999928 ], [ 115.244674014000111, -2.718097548999935 ], [ 115.244759676000058, -2.718392602999927 ], [ 115.244788228000061, -2.718697173999942 ], [ 115.244898231000093, -2.718901381999956 ], [ 115.245016656000075, -2.719220654999958 ], [ 115.245245086000068, -2.71951570799996 ], [ 115.245559175000039, -2.719772689999957 ], [ 115.246215906000089, -2.72012485099998 ], [ 115.246577583000089, -2.720343760999981 ], [ 115.247319974000106, -2.720600742999977 ], [ 115.248100438000051, -2.720838688999947 ], [ 115.249090293000108, -2.72086724299993 ], [ 115.249537632000056, -2.720876759999953 ], [ 115.249965935000091, -2.72097193899998 ], [ 115.250384720000056, -2.721076634999974 ], [ 115.250755916000116, -2.72122891999993 ], [ 115.251526863000095, -2.721533490999946 ], [ 115.252707074000114, -2.721819026999981 ], [ 115.253506574000085, -2.721990347999963 ], [ 115.254534500000091, -2.722218775999977 ], [ 115.255134124000051, -2.722371061999979 ], [ 115.25598121400003, -2.722599489999936 ], [ 115.256590354000082, -2.72270418599993 ], [ 115.257218533000014, -2.722865989999946 ], [ 115.25784671100007, -2.72295164999997 ], [ 115.258646209000062, -2.723037309999938 ], [ 115.259636066000098, -2.722256846999926 ], [ 115.260880737000093, -2.722200696999948 ], [ 115.260937814000044, -2.72221247899995 ], [ 115.263476514000104, -2.72590218199997 ], [ 115.263647836000018, -2.726030671999979 ], [ 115.263505070000065, -2.727287027999978 ], [ 115.271243077, -2.730085273999975 ], [ 115.273655849000079, -2.730970432999925 ], [ 115.274639712000067, -2.731331285999943 ], [ 115.274944184000105, -2.731442957999946 ], [ 115.277033161000077, -2.732209133999959 ], [ 115.278210137000087, -2.732640814999968 ], [ 115.279289427000094, -2.732882870999958 ], [ 115.27980965900008, -2.733216911999932 ] ] ] } },
{ "type": "Feature", "properties": { "village_id": "63.06.04.2010", "village_name": "Taniran Selatan", "admin_type": "Desa", "district_id": "63.06.04", "district_name": "Angkinang", "regency_code": "63.06", "regency_name": "Hulu Sungai Selatan", "province_name": "Kalimantan Selatan", "area_ha_source": 590.73429860500005, "boundary_basis": "Hasil Delineasi Batas Desa 2018", "metadata_source": "TASWIL1000020230928_DATA_BATAS_DESAKELURAHAN" }, "geometry": { "type": "Polygon", "coordinates": [ [ [ 115.277459076000014, -2.737701971999968 ], [ 115.277415145000077, -2.738931813999955 ], [ 115.27766594700006, -2.741076559999954 ], [ 115.278426165000042, -2.74204773699995 ], [ 115.278359348000095, -2.742336989999956 ], [ 115.2782728950001, -2.742711251999935 ], [ 115.278119770000103, -2.743272654999942 ], [ 115.278170031000059, -2.743630124999925 ], [ 115.27786465600002, -2.74414024999993 ], [ 115.275732231, -2.744086103999962 ], [ 115.273853162000023, -2.744389719999958 ], [ 115.272846965000099, -2.744388257999958 ], [ 115.272685365000029, -2.744388021999953 ], [ 115.271821553000109, -2.744846276999965 ], [ 115.271666589, -2.746684088999928 ], [ 115.271495264, -2.748281535999979 ], [ 115.27099949, -2.746558016999927 ], [ 115.270736918000011, -2.746429527999965 ], [ 115.27037503300005, -2.746252440999967 ], [ 115.269447569000022, -2.745965465999973 ], [ 115.266891838000106, -2.74550474199998 ], [ 115.265280558000086, -2.746682974999942 ], [ 115.264619110000012, -2.745768009999949 ], [ 115.26354776300002, -2.74644116199994 ], [ 115.26334923200011, -2.746565904999954 ], [ 115.263479886000027, -2.747879968999939 ], [ 115.263473702000056, -2.747880083999974 ], [ 115.262116937000087, -2.747630434999962 ], [ 115.260299175000114, -2.747551607999981 ], [ 115.259125216000029, -2.747492762999968 ], [ 115.258478494000087, -2.746189713999968 ], [ 115.258291626000073, -2.745813201999965 ], [ 115.257134560000054, -2.74452344599996 ], [ 115.255856126000026, -2.742804158999945 ], [ 115.254934087000038, -2.74166629299998 ], [ 115.254689984000038, -2.741365050999946 ], [ 115.25416765600005, -2.740720457999942 ], [ 115.254145662000042, -2.740693315999977 ], [ 115.254048040000043, -2.740615047999938 ], [ 115.253949143000114, -2.740536983999959 ], [ 115.252852817000075, -2.739671612999928 ], [ 115.251513486000022, -2.737890904999972 ], [ 115.249866439000016, -2.736364500999969 ], [ 115.249259667000047, -2.735802173999957 ], [ 115.246894666000117, -2.73437460599996 ], [ 115.242532737000033, -2.731741631999967 ], [ 115.242129437000017, -2.731498188999979 ], [ 115.235911133000059, -2.729070524999941 ], [ 115.234875138, -2.728666062999935 ], [ 115.232223253000029, -2.72771144799998 ], [ 115.230873265000014, -2.725365555999929 ], [ 115.230033004, -2.723905419999937 ], [ 115.229429417, -2.719549721999954 ], [ 115.229324986000051, -2.718967285999952 ], [ 115.22918740800003, -2.718199986999934 ], [ 115.231588772, -2.720636942999931 ], [ 115.23227880200011, -2.720919710999965 ], [ 115.235525887000108, -2.722507214999951 ], [ 115.236966725000116, -2.72281322799995 ], [ 115.238672774000065, -2.723175565999952 ], [ 115.240804232000073, -2.723842420999972 ], [ 115.243036719000088, -2.724866811999959 ], [ 115.244427648000055, -2.725525832999949 ], [ 115.245522852000022, -2.726044739999963 ], [ 115.248111497000082, -2.726559091999945 ], [ 115.248922600000014, -2.727428228999941 ], [ 115.24983687100007, -2.727174285999979 ], [ 115.250521864, -2.727270315999931 ], [ 115.25052182200011, -2.727300152999931 ], [ 115.250521725000112, -2.727366773999961 ], [ 115.250521652000089, -2.727418020999949 ], [ 115.250526710000031, -2.727443651999977 ], [ 115.250582745000088, -2.727459106999959 ], [ 115.250628672000062, -2.727418176999947 ], [ 115.250646595000035, -2.727359270999955 ], [ 115.25066451500004, -2.727300361999937 ], [ 115.250671726000064, -2.727291324999953 ], [ 115.250785812000117, -2.727307318999976 ], [ 115.250802041000043, -2.72735180899997 ], [ 115.250847847000045, -2.727392873999975 ], [ 115.250893654000038, -2.72743393899998 ], [ 115.250929216000031, -2.727510860999928 ], [ 115.250936760000059, -2.727580054999976 ], [ 115.250944303000097, -2.727649249999956 ], [ 115.250962050000112, -2.727713334999976 ], [ 115.250979792000066, -2.72777741699997 ], [ 115.250997559000098, -2.727826128999936 ], [ 115.251015326000015, -2.72787483999997 ], [ 115.251040749000026, -2.727915873999962 ], [ 115.251066171000048, -2.727956908999943 ], [ 115.251094143000046, -2.727995384999929 ], [ 115.251122116000033, -2.728033860999972 ], [ 115.251173080000058, -2.728033936999964 ], [ 115.251208776000112, -2.72801861399995 ], [ 115.251264869000011, -2.727995634999957 ], [ 115.251320958000065, -2.727972654999974 ], [ 115.25137195800005, -2.727947106999977 ], [ 115.251387336000107, -2.727885631999925 ], [ 115.25137212900006, -2.727829238999959 ], [ 115.251372240000023, -2.727752368999973 ], [ 115.251382513000067, -2.727696011999967 ], [ 115.251433554000073, -2.727642277999962 ], [ 115.251484595000079, -2.727588542999968 ], [ 115.251553415000103, -2.727573268999947 ], [ 115.251601885000014, -2.727562511999963 ], [ 115.251622237000106, -2.727557995999973 ], [ 115.251668116000019, -2.727547811999955 ], [ 115.251713997000024, -2.727537630999961 ], [ 115.251782767, -2.727558229999943 ], [ 115.251851538000096, -2.727578828999981 ], [ 115.251861617000031, -2.72765571399998 ], [ 115.251861519000045, -2.727723702999981 ], [ 115.251861508000047, -2.727732583999966 ], [ 115.251879282000118, -2.72777616999997 ], [ 115.251897055000086, -2.727819755999974 ], [ 115.251904962000026, -2.727823956999941 ], [ 115.251945431000081, -2.727845448999972 ], [ 115.251993810000045, -2.727871143999948 ], [ 115.252009084000065, -2.727881415999946 ], [ 115.252085476000047, -2.727917400999956 ], [ 115.252138982000019, -2.727920041999937 ], [ 115.252192489000095, -2.727922681999928 ], [ 115.252228176000017, -2.727912484999933 ], [ 115.252248635000115, -2.72786126799997 ], [ 115.252256759000034, -2.727840931999935 ], [ 115.252269095000088, -2.72781004999996 ], [ 115.252269216000059, -2.727725491999934 ], [ 115.252269338000019, -2.727640934999954 ], [ 115.252297422000083, -2.727602542999932 ], [ 115.252325507000023, -2.727564146999953 ], [ 115.252401980000059, -2.727543759999946 ], [ 115.252447750000101, -2.72761044799995 ], [ 115.252478218000078, -2.727687362999973 ], [ 115.252508684000077, -2.727764276999949 ], [ 115.252534075000085, -2.727825810999946 ], [ 115.252559470000051, -2.727887342999963 ], [ 115.252565191000031, -2.72789533699995 ], [ 115.252592527000047, -2.72793351599995 ], [ 115.252625586000022, -2.727979685999969 ], [ 115.252656121000086, -2.728010478999977 ], [ 115.252686673000085, -2.728025896999952 ], [ 115.25274271, -2.728041352999981 ], [ 115.252788580000015, -2.72803885899998 ], [ 115.252834450000023, -2.728036361999955 ], [ 115.252877817000012, -2.728003114999979 ], [ 115.252921182000023, -2.727969867999946 ], [ 115.252967051000041, -2.727967372999956 ], [ 115.252972045000092, -2.727967100999933 ], [ 115.253025078000064, -2.727976454999975 ], [ 115.253058726000063, -2.728008502999955 ], [ 115.253104528000108, -2.72805212999998 ], [ 115.253132457000106, -2.728121353999938 ], [ 115.253160389000072, -2.728190579999932 ], [ 115.253188337000097, -2.728246990999935 ], [ 115.253216284000018, -2.728303403999973 ], [ 115.253292682000051, -2.728334263999955 ], [ 115.253369083000052, -2.728365123999936 ], [ 115.253430289000107, -2.728329339999959 ], [ 115.25346348100004, -2.728283264999959 ], [ 115.253496672000097, -2.728237191999938 ], [ 115.253534983, -2.72817575199997 ], [ 115.253573293000045, -2.728114312999935 ], [ 115.253602845000046, -2.728050872999972 ], [ 115.253609077000078, -2.728037491999942 ], [ 115.253654985000026, -2.728009373999953 ], [ 115.253700891000108, -2.727981254999975 ], [ 115.253762061000089, -2.72797109499993 ], [ 115.253833409000094, -2.727971198999967 ], [ 115.253904756000111, -2.727971302999947 ], [ 115.253968414000042, -2.728002143999959 ], [ 115.254032073000076, -2.72803298499997 ], [ 115.254093192000028, -2.728056988999981 ], [ 115.254154313000072, -2.728080993999924 ], [ 115.254215434000116, -2.728104997999935 ], [ 115.254272094000044, -2.728129514999978 ], [ 115.25428673600004, -2.728135850999934 ], [ 115.254358040000056, -2.728166702999943 ], [ 115.254414060000045, -2.728194115999941 ], [ 115.254470078000054, -2.728221529999928 ], [ 115.254526097000053, -2.728248942999926 ], [ 115.254576983000106, -2.728302825999947 ], [ 115.254627867000067, -2.728356708999968 ], [ 115.254634573000089, -2.728418215999966 ], [ 115.254641280000101, -2.728479722999964 ], [ 115.25464798500002, -2.728541228999973 ], [ 115.25465809700006, -2.728597613999966 ], [ 115.254668208000112, -2.728654001999928 ], [ 115.25469360000011, -2.728715533999946 ], [ 115.254736899000022, -2.728728410999963 ], [ 115.254780200000027, -2.728741285999945 ], [ 115.254841421000037, -2.728695252999955 ], [ 115.254902642000047, -2.728649219999966 ], [ 115.254940975000068, -2.728572404999966 ], [ 115.254967301000079, -2.728519649999953 ], [ 115.254979309000078, -2.728495589999966 ], [ 115.254992133000087, -2.728436674999955 ], [ 115.255004957000097, -2.728377759999944 ], [ 115.255022858000075, -2.728334225999959 ], [ 115.255040759000053, -2.728290691999973 ], [ 115.255112121000025, -2.72828054699994 ], [ 115.255134994000059, -2.728321576999974 ], [ 115.255157867000094, -2.728362607999941 ], [ 115.255173067000101, -2.728425834999939 ], [ 115.255188264000026, -2.728489061999937 ], [ 115.255203461000065, -2.728552289999925 ], [ 115.255223775000104, -2.728601002999937 ], [ 115.255244091, -2.728649718999975 ], [ 115.255282218000048, -2.728713831999926 ], [ 115.255320350000034, -2.728777946999969 ], [ 115.255362755000078, -2.728820713999937 ], [ 115.25540516500007, -2.728863480999962 ], [ 115.255447570000115, -2.728906248999976 ], [ 115.255516307000107, -2.728949909999926 ], [ 115.2555850440001, -2.728993569999943 ], [ 115.255646152000054, -2.729025688999968 ], [ 115.25570726, -2.729057806999947 ], [ 115.255768369000066, -2.729089925999972 ], [ 115.25582947700002, -2.729122043999951 ], [ 115.255883751000056, -2.729183619999958 ], [ 115.25593802100002, -2.729245194999976 ], [ 115.255992293000077, -2.729306770999926 ], [ 115.255992168000034, -2.729393889999926 ], [ 115.255992042000116, -2.729481009999972 ], [ 115.255991913000116, -2.729570691999925 ], [ 115.255991783000013, -2.729660373999934 ], [ 115.256017157000088, -2.729734718999964 ], [ 115.256042530000059, -2.729809064999927 ], [ 115.256129157000032, -2.729816877999951 ], [ 115.256215780000048, -2.729824691999966 ], [ 115.2562769540001, -2.729811968999968 ], [ 115.256338129000028, -2.729799244999981 ], [ 115.256406980000065, -2.729763473999981 ], [ 115.256475830000113, -2.729727701999934 ], [ 115.25652518600009, -2.729664568999965 ], [ 115.256574541000077, -2.729601435999939 ], [ 115.256623894000086, -2.729538303999959 ], [ 115.256666441000107, -2.729483701999925 ], [ 115.256708990000106, -2.729429099999948 ], [ 115.256751537000014, -2.72937449899996 ], [ 115.256811060000018, -2.729328462999945 ], [ 115.256870582000033, -2.729282427999976 ], [ 115.256930106000027, -2.729236390999972 ], [ 115.25696968200009, -2.729180076999967 ], [ 115.257009259000029, -2.729123762999961 ], [ 115.25704883800006, -2.729067448999956 ], [ 115.257088414, -2.729011133999961 ], [ 115.257144568000058, -2.728945876999944 ], [ 115.257200721000117, -2.728880618999938 ], [ 115.257256872000085, -2.728815359999942 ], [ 115.25731302500003, -2.728750101999935 ], [ 115.257334878000052, -2.728725061999967 ], [ 115.257366625000031, -2.728688682999973 ], [ 115.257420223000054, -2.728627264999943 ], [ 115.257490353000094, -2.728587650999941 ], [ 115.25756048400001, -2.72854803599995 ], [ 115.25763061400005, -2.728508421999948 ], [ 115.257700745000079, -2.728468806999956 ], [ 115.25777215200003, -2.728427913999951 ], [ 115.257843560000083, -2.728387020999946 ], [ 115.257914974000073, -2.728341001999979 ], [ 115.257968536000021, -2.728305206999948 ], [ 115.258022097000094, -2.728269411999975 ], [ 115.25804494700003, -2.728244045999929 ], [ 115.258069738000017, -2.728216525999926 ], [ 115.258117381000034, -2.728163638999945 ], [ 115.258165020000092, -2.728110752999953 ], [ 115.258193103000053, -2.728074921999962 ], [ 115.258221183000046, -2.728039090999971 ], [ 115.258262064000064, -2.727962278999939 ], [ 115.258328389000098, -2.72791112799996 ], [ 115.258381893000092, -2.72791633099996 ], [ 115.258435394000117, -2.727921532999972 ], [ 115.258470982000063, -2.727981372999977 ], [ 115.258506569000019, -2.728041212999926 ], [ 115.258542157000079, -2.728101052999932 ], [ 115.258599829000104, -2.728160924999941 ], [ 115.258657502, -2.728220798999928 ], [ 115.258715173000041, -2.728280669999947 ], [ 115.258745909000027, -2.72829728499994 ], [ 115.258786465000071, -2.728319208999949 ], [ 115.258857756000111, -2.728357747999951 ], [ 115.258941857000082, -2.728350183999964 ], [ 115.259025956000073, -2.728342618999932 ], [ 115.259051164000084, -2.728325772999938 ], [ 115.259070504000078, -2.728312848999963 ], [ 115.259115051000094, -2.728283077999947 ], [ 115.259199109000065, -2.728268768999953 ], [ 115.259283172000096, -2.72825445899997 ], [ 115.259367231000056, -2.728240149999976 ], [ 115.259424337000041, -2.728240149999976 ], [ 115.259481444000016, -2.728240149999976 ], [ 115.259527844000104, -2.728254426999968 ], [ 115.259574245000067, -2.728268702999969 ], [ 115.259642058000054, -2.72827941099996 ], [ 115.25970987300002, -2.728290117999961 ], [ 115.259756273000107, -2.728322240999944 ], [ 115.259802671000102, -2.728354363999927 ], [ 115.259866916000078, -2.728379347999976 ], [ 115.259931163000033, -2.728404331999968 ], [ 115.259990355000014, -2.728436130999967 ], [ 115.260243400000036, -2.728465864999976 ], [ 115.260304696000048, -2.728480837999939 ], [ 115.261715297000023, -2.728825398999959 ], [ 115.262138539000034, -2.729553843999952 ], [ 115.262161907000063, -2.729557181999951 ], [ 115.26223686000003, -2.729567888999952 ], [ 115.262297537000109, -2.729575025999964 ], [ 115.262358214000074, -2.729582164999954 ], [ 115.262443872000063, -2.729582165999943 ], [ 115.262490274000015, -2.729592873999934 ], [ 115.262536673000113, -2.729603580999935 ], [ 115.262622333000081, -2.729624994999938 ], [ 115.262700855000048, -2.729667825999968 ], [ 115.262729409000031, -2.729717794999942 ], [ 115.262739408000016, -2.729763911999953 ], [ 115.262749404000033, -2.729810029999953 ], [ 115.262713887000018, -2.729861639999967 ], [ 115.262678367000035, -2.729913246999956 ], [ 115.262642849000031, -2.729964855999981 ], [ 115.262611759000038, -2.73000938399997 ], [ 115.262580666000076, -2.73005391099997 ], [ 115.262550943000065, -2.73011347399995 ], [ 115.262521219000064, -2.730173036999929 ], [ 115.262510633000034, -2.730194252999979 ], [ 115.262491496000052, -2.730232599999965 ], [ 115.262467700000116, -2.730292171999963 ], [ 115.262443905000055, -2.730351743999961 ], [ 115.262446748000116, -2.730435196999963 ], [ 115.262449592000053, -2.730518650999954 ], [ 115.262473198000066, -2.730590212999971 ], [ 115.262496806000058, -2.730661773999941 ], [ 115.262529352000115, -2.730700565999939 ], [ 115.262561899000048, -2.730739357999937 ], [ 115.262608777000082, -2.730773909999925 ], [ 115.262675797000043, -2.731737004999957 ], [ 115.263537395000071, -2.73281044099997 ], [ 115.265161910000074, -2.732965969999952 ], [ 115.265973620000068, -2.733426655999949 ], [ 115.266316430000074, -2.734500602999958 ], [ 115.26647907600011, -2.735010139999929 ], [ 115.267848634000075, -2.735931144999938 ], [ 115.269218705000071, -2.736494754999967 ], [ 115.270817517000069, -2.736879997999949 ], [ 115.271721604000049, -2.736578409999936 ], [ 115.271752504, -2.736568102999968 ], [ 115.272036661000016, -2.73647331199993 ], [ 115.272129439000082, -2.736468780999928 ], [ 115.273052201000041, -2.736423725999941 ], [ 115.274271129000113, -2.73617020599994 ], [ 115.275286451000056, -2.736273789999927 ], [ 115.27620008100007, -2.736479335999945 ], [ 115.277304943000104, -2.737552287999961 ], [ 115.277459076000014, -2.737701971999968 ] ] ] } },
{ "type": "Feature", "properties": { "village_id": "63.06.11.2003", "village_name": "Tanjung Selor", "admin_type": "Desa", "district_id": "63.06.11", "district_name": "Daha Barat", "regency_code": "63.06", "regency_name": "Hulu Sungai Selatan", "province_name": "Kalimantan Selatan", "area_ha_source": 2361.2552789299998, "boundary_basis": "Hasil Delineasi Batas Desa 2018", "metadata_source": "TASWIL1000020230928_DATA_BATAS_DESAKELURAHAN" }, "geometry": { "type": "Polygon", "coordinates": [ [ [ 115.077975843000104, -2.691582291999964 ], [ 115.080790461000106, -2.694548785999928 ], [ 115.083893812000042, -2.697819583999944 ], [ 115.083941652000021, -2.697870003999981 ], [ 115.083885598000052, -2.69791208099997 ], [ 115.081783143000052, -2.709307510999963 ], [ 115.084339862000093, -2.717349970999976 ], [ 115.083426218000113, -2.723425150999958 ], [ 115.079802133000044, -2.728395483999975 ], [ 115.073520450000046, -2.728959553999971 ], [ 115.061899857000071, -2.735639353999943 ], [ 115.052212617, -2.721685154999932 ], [ 115.046644416000049, -2.713664315999949 ], [ 115.046593527000027, -2.713700910999933 ], [ 115.03206400900001, -2.706066343999964 ], [ 115.0317544830001, -2.697084738999934 ], [ 115.031724666000059, -2.696219571999961 ], [ 115.031488364000097, -2.689363773999958 ], [ 115.031318919000114, -2.684448072999942 ], [ 115.031317044000048, -2.684393691999958 ], [ 115.031235153000011, -2.682018131999939 ], [ 115.031185885000014, -2.680588949999958 ], [ 115.032278279000025, -2.680547355999977 ], [ 115.032361844000093, -2.68054417299993 ], [ 115.034391063000044, -2.681568587999948 ], [ 115.037348405000103, -2.687068699999941 ], [ 115.038112887000011, -2.688261003999969 ], [ 115.03852125200001, -2.688897896999947 ], [ 115.042580935000046, -2.690194313999939 ], [ 115.043194511000024, -2.690056523999942 ], [ 115.044719471, -2.68971406199995 ], [ 115.045106868000062, -2.689528977999942 ], [ 115.047634402000085, -2.68832139999995 ], [ 115.048525097000038, -2.687643882999964 ], [ 115.049132655000108, -2.687181737999936 ], [ 115.053896212000041, -2.682755442999962 ], [ 115.054057099000033, -2.682594163999966 ], [ 115.054939591000107, -2.681709527999942 ], [ 115.056572663000111, -2.680072482999947 ], [ 115.058551261000048, -2.679336648999936 ], [ 115.05904982800007, -2.679185783999969 ], [ 115.060583113, -2.678721816999939 ], [ 115.061394839000059, -2.67864149299993 ], [ 115.061780418000012, -2.678603337999959 ], [ 115.065328380000096, -2.678252240999939 ], [ 115.067345363000072, -2.680378089999977 ], [ 115.077975843000104, -2.691582291999964 ] ] ] } },
{ "type": "Feature", "properties": { "village_id": "63.06.04.2008", "village_name": "Tawia", "admin_type": "Desa", "district_id": "63.06.04", "district_name": "Angkinang", "regency_code": "63.06", "regency_name": "Hulu Sungai Selatan", "province_name": "Kalimantan Selatan", "area_ha_source": 1325.0854248600001, "boundary_basis": "Hasil Delineasi Batas Desa 2018", "metadata_source": "TASWIL1000020230928_DATA_BATAS_DESAKELURAHAN" }, "geometry": { "type": "Polygon", "coordinates": [ [ [ 115.237271292000059, -2.683733382999947 ], [ 115.237328718000072, -2.683782484999938 ], [ 115.237496289000092, -2.683925764999969 ], [ 115.243292196000084, -2.688881470999945 ], [ 115.260241123000014, -2.70337316399997 ], [ 115.266633995, -2.708839110999975 ], [ 115.268132452000032, -2.710120293999978 ], [ 115.269123242000092, -2.710967417999939 ], [ 115.274906970000075, -2.715912482999954 ], [ 115.276823553000099, -2.717551139999955 ], [ 115.280494742000087, -2.726589151999974 ], [ 115.28248880600006, -2.726573635999955 ], [ 115.283068515000082, -2.72663526499997 ], [ 115.283687499000052, -2.728646073999926 ], [ 115.283647229000053, -2.730286661999969 ], [ 115.283190194000099, -2.730337062999979 ], [ 115.282021754000084, -2.730794895999964 ], [ 115.281931089000068, -2.731376916999977 ], [ 115.281872984000074, -2.731650586999933 ], [ 115.281577931000015, -2.731812389999959 ], [ 115.280939491000026, -2.732366243999934 ], [ 115.280786367000019, -2.732588566999937 ], [ 115.280673753000087, -2.73255441699996 ], [ 115.280278738000106, -2.732857271999933 ], [ 115.27980965900008, -2.733216911999932 ], [ 115.279289427000094, -2.732882870999958 ], [ 115.278210137000087, -2.732640814999968 ], [ 115.277033161000077, -2.732209133999959 ], [ 115.274944184000105, -2.731442957999946 ], [ 115.274639712000067, -2.731331285999943 ], [ 115.273655849000079, -2.730970432999925 ], [ 115.271243077, -2.730085273999975 ], [ 115.263505070000065, -2.727287027999978 ], [ 115.263647836000018, -2.726030671999979 ], [ 115.263476514000104, -2.72590218199997 ], [ 115.260937814000044, -2.72221247899995 ], [ 115.260880737000093, -2.722200696999948 ], [ 115.259636066000098, -2.722256846999926 ], [ 115.258646209000062, -2.723037309999938 ], [ 115.25784671100007, -2.72295164999997 ], [ 115.257218533000014, -2.722865989999946 ], [ 115.256590354000082, -2.72270418599993 ], [ 115.25598121400003, -2.722599489999936 ], [ 115.255134124000051, -2.722371061999979 ], [ 115.254534500000091, -2.722218775999977 ], [ 115.253506574000085, -2.721990347999963 ], [ 115.252707074000114, -2.721819026999981 ], [ 115.251526863000095, -2.721533490999946 ], [ 115.250755916000116, -2.72122891999993 ], [ 115.250384720000056, -2.721076634999974 ], [ 115.249965935000091, -2.72097193899998 ], [ 115.249537632000056, -2.720876759999953 ], [ 115.249090293000108, -2.72086724299993 ], [ 115.248100438000051, -2.720838688999947 ], [ 115.247319974000106, -2.720600742999977 ], [ 115.246577583000089, -2.720343760999981 ], [ 115.246215906000089, -2.72012485099998 ], [ 115.245559175000039, -2.719772689999957 ], [ 115.245245086000068, -2.71951570799996 ], [ 115.245016656000075, -2.719220654999958 ], [ 115.244898231000093, -2.718901381999956 ], [ 115.244788228000061, -2.718697173999942 ], [ 115.244759676000058, -2.718392602999927 ], [ 115.244674014000111, -2.718097548999935 ], [ 115.244531246000065, -2.717621657999928 ], [ 115.244483657000046, -2.716536622999968 ], [ 115.24398872900008, -2.71349091299993 ], [ 115.244007765000106, -2.712529610999979 ], [ 115.243864999000039, -2.712025164999943 ], [ 115.241942394000034, -2.711958540999944 ], [ 115.241304697000032, -2.711929986999962 ], [ 115.240705073000072, -2.711834807999935 ], [ 115.239762808000023, -2.711663486999953 ], [ 115.238963309000042, -2.711530237999966 ], [ 115.238268506000054, -2.711473130999934 ], [ 115.23771647, -2.71151120199994 ], [ 115.235917599000118, -2.711568308999972 ], [ 115.234813527000028, -2.711709172999974 ], [ 115.233861743000034, -2.711594958999967 ], [ 115.232662495000113, -2.711385565999933 ], [ 115.231691676000082, -2.711245178999945 ], [ 115.2308160340001, -2.711214244999951 ], [ 115.229889440000079, -2.711171084999933 ], [ 115.230363424000075, -2.706425331999981 ], [ 115.232430594000107, -2.689898462999963 ], [ 115.232474109, -2.68948454599996 ], [ 115.23253136400001, -2.689416402999939 ], [ 115.232588616000044, -2.689348260999964 ], [ 115.232645871000045, -2.689280118999932 ], [ 115.232703124000068, -2.689211976999957 ], [ 115.232760379000069, -2.689143834999925 ], [ 115.232817631000103, -2.68907569299995 ], [ 115.232874886000104, -2.689007550999975 ], [ 115.232932139000013, -2.688939407999953 ], [ 115.232989393000025, -2.688871265999978 ], [ 115.233007711000027, -2.688849463999929 ], [ 115.233046646000048, -2.688803123999946 ], [ 115.23310390100005, -2.688734981999971 ], [ 115.233161154000072, -2.688666839999939 ], [ 115.233218408000084, -2.688598697999964 ], [ 115.233275661000107, -2.688530555999932 ], [ 115.233332916000109, -2.688462413999957 ], [ 115.233390169000018, -2.688394270999936 ], [ 115.233447424000019, -2.688326128999961 ], [ 115.233504676000052, -2.688257986999929 ], [ 115.233561930000064, -2.688189844999954 ], [ 115.233619183000087, -2.688121702999979 ], [ 115.23367643600011, -2.688053560999947 ], [ 115.233733691000111, -2.687985417999926 ], [ 115.233790943000031, -2.687917275999951 ], [ 115.233848197000043, -2.687849133999975 ], [ 115.233905451000055, -2.687780990999954 ], [ 115.233962704000078, -2.687712848999979 ], [ 115.23401995800009, -2.687644705999958 ], [ 115.234077211000113, -2.687576563999926 ], [ 115.234134465000011, -2.687508421999951 ], [ 115.234191718000034, -2.687440279999976 ], [ 115.234248972000046, -2.687372136999954 ], [ 115.234306225000068, -2.687303994999979 ], [ 115.234363479000081, -2.687235852999947 ], [ 115.234415880000029, -2.687173485999949 ], [ 115.234420733000093, -2.687167710999972 ], [ 115.234477987000105, -2.68709956899994 ], [ 115.234535240000014, -2.687031426999965 ], [ 115.234592494000026, -2.686963284999933 ], [ 115.234649747000049, -2.686895141999969 ], [ 115.234707001000061, -2.686826998999948 ], [ 115.234727743, -2.686739414999977 ], [ 115.234748484000079, -2.68665182999996 ], [ 115.234769226000026, -2.686564244999943 ], [ 115.234789967000097, -2.686476659999926 ], [ 115.234810709000044, -2.686389074999965 ], [ 115.234831451000105, -2.686301489999948 ], [ 115.234852192000062, -2.686213904999931 ], [ 115.234872934, -2.686126319999971 ], [ 115.23489367500008, -2.686038734999954 ], [ 115.234914417000027, -2.685951149999937 ], [ 115.234935159000088, -2.685863564999977 ], [ 115.234955900000045, -2.68577597999996 ], [ 115.234976642000106, -2.685688394999943 ], [ 115.234997382000074, -2.685600809999926 ], [ 115.235018125000011, -2.685513224999966 ], [ 115.235038865000092, -2.685425639999949 ], [ 115.235059608000029, -2.685338054999932 ], [ 115.23508034800011, -2.685250469999971 ], [ 115.235101090000057, -2.685162884999954 ], [ 115.235121831000015, -2.685075299999937 ], [ 115.235142573000076, -2.684987714999977 ], [ 115.235163314000033, -2.68490012999996 ], [ 115.235184056000094, -2.684812544999943 ], [ 115.235204797000051, -2.684724959999926 ], [ 115.235225539000112, -2.684637374999966 ], [ 115.235246280000069, -2.684549789999949 ], [ 115.235267022000016, -2.684462204999932 ], [ 115.235287763000088, -2.684374619999971 ], [ 115.235308505000035, -2.684287034999954 ], [ 115.235329246000106, -2.684199449999937 ], [ 115.235329333000095, -2.684138752999957 ], [ 115.235405301000014, -2.684118552999962 ], [ 115.235490050000067, -2.684084221999967 ], [ 115.235566213000084, -2.684064234999937 ], [ 115.235678531000076, -2.684051 ], [ 115.235907012000098, -2.68399773699997 ], [ 115.236076480000065, -2.68395013099996 ], [ 115.236201677000054, -2.683920632999957 ], [ 115.236394158000053, -2.683875282999963 ], [ 115.23648554500005, -2.683858188999977 ], [ 115.236659748000079, -2.683826859999954 ], [ 115.236849197000083, -2.683782153999971 ], [ 115.237048173000062, -2.683730761999925 ], [ 115.237154396000051, -2.683709391999969 ], [ 115.237271292000059, -2.683733382999947 ] ] ] } },
{ "type": "Feature", "properties": { "village_id": "63.06.06.2001", "village_name": "Tebing Tinggi", "admin_type": "Desa", "district_id": "63.06.06", "district_name": "Simpur", "regency_code": "63.06", "regency_name": "Hulu Sungai Selatan", "province_name": "Kalimantan Selatan", "area_ha_source": 457.38681290400001, "boundary_basis": "Hasil Delineasi Batas Desa 2018", "metadata_source": "TASWIL1000020230928_DATA_BATAS_DESAKELURAHAN" }, "geometry": { "type": "Polygon", "coordinates": [ [ [ 115.205571049000014, -2.811804311999936 ], [ 115.205627267000068, -2.813145728999928 ], [ 115.205834279000101, -2.815558502999977 ], [ 115.205855234000069, -2.815812628999936 ], [ 115.20591597400005, -2.816549228999975 ], [ 115.206134035000105, -2.81919363999998 ], [ 115.206232296000053, -2.82038526599996 ], [ 115.206536279000034, -2.825714516999938 ], [ 115.206796798000028, -2.83028195199995 ], [ 115.205848988000071, -2.830732219999959 ], [ 115.203499029000113, -2.831640064999931 ], [ 115.202396091000082, -2.832066155999939 ], [ 115.20229542200002, -2.83210504699997 ], [ 115.20034298500002, -2.832859311999925 ], [ 115.200197694000053, -2.832864927999935 ], [ 115.199954449000074, -2.832949734999943 ], [ 115.197533518000114, -2.833793785999944 ], [ 115.197266243000058, -2.833886968999934 ], [ 115.195665130000066, -2.834445185999925 ], [ 115.195444680000037, -2.834461888999954 ], [ 115.195231956000043, -2.834478006999973 ], [ 115.194937638000056, -2.83446196999995 ], [ 115.194879949000097, -2.834458825999945 ], [ 115.194710099000076, -2.834449569999947 ], [ 115.194296406000035, -2.834427026999947 ], [ 115.194155643000045, -2.834379602999945 ], [ 115.192967527000064, -2.833979317999933 ], [ 115.192095799000072, -2.834123997999939 ], [ 115.19195412900001, -2.834147510999969 ], [ 115.191785380000056, -2.834175517999938 ], [ 115.191128586000104, -2.83400932099994 ], [ 115.190619060000017, -2.833880389999933 ], [ 115.189831797000011, -2.833681178999939 ], [ 115.189946767000038, -2.833261135999976 ], [ 115.189966305000098, -2.82768888499993 ], [ 115.189986555000019, -2.821908246999953 ], [ 115.189993017, -2.820062084999961 ], [ 115.190033755000059, -2.81989088499995 ], [ 115.188839798000117, -2.815975579999929 ], [ 115.188123189000066, -2.813625625999975 ], [ 115.187676324000108, -2.812234343999933 ], [ 115.187660783000069, -2.812185955999951 ], [ 115.186850196000023, -2.809662256999957 ], [ 115.187116481000089, -2.809756830999959 ], [ 115.187668514000052, -2.809756830999959 ], [ 115.18808730100011, -2.809813937999934 ], [ 115.188563192000061, -2.809947187999967 ], [ 115.189115227000116, -2.810080437999943 ], [ 115.190567694000038, -2.810332517999939 ], [ 115.191418545000033, -2.810480186999939 ], [ 115.192511732000071, -2.810589775999972 ], [ 115.192970089000028, -2.810635724999941 ], [ 115.194414491000089, -2.810780522999949 ], [ 115.19539028600002, -2.810878343999946 ], [ 115.196723379000105, -2.811011982999958 ], [ 115.198799191000035, -2.811220077999963 ], [ 115.199052858000073, -2.811245506999967 ], [ 115.199193260000015, -2.81125958299998 ], [ 115.201352197, -2.811476010999968 ], [ 115.20419189800009, -2.811760683999978 ], [ 115.204832582000108, -2.811781091999933 ], [ 115.205571049000014, -2.811804311999936 ] ] ] } },
{ "type": "Feature", "properties": { "village_id": "63.06.01.2002", "village_name": "Telaga Bidadari", "admin_type": "Desa", "district_id": "63.06.01", "district_name": "Sungai Raya", "regency_code": "63.06", "regency_name": "Hulu Sungai Selatan", "province_name": "Kalimantan Selatan", "area_ha_source": 252.80610848399999, "boundary_basis": "Hasil Delineasi Batas Desa 2018", "metadata_source": "TASWIL1000020230928_DATA_BATAS_DESAKELURAHAN" }, "geometry": { "type": "Polygon", "coordinates": [ [ [ 115.254085772000053, -2.811674685999947 ], [ 115.253374185000098, -2.814358294999977 ], [ 115.25199155700011, -2.816962683999975 ], [ 115.251391399000113, -2.818093169999941 ], [ 115.251337261000117, -2.818082298999968 ], [ 115.250715822000075, -2.820751017999953 ], [ 115.250680337000063, -2.820612331999939 ], [ 115.250666167000077, -2.820540531999939 ], [ 115.250566154000012, -2.820590625999955 ], [ 115.250555621000103, -2.820632715999977 ], [ 115.250530247000029, -2.82073412699998 ], [ 115.250501457000041, -2.820891994999954 ], [ 115.250351505000026, -2.820920479999927 ], [ 115.250230182000109, -2.820898762999946 ], [ 115.250173172000018, -2.820834076999972 ], [ 115.25016615200002, -2.820755109999936 ], [ 115.250023456, -2.820704649999925 ], [ 115.24995917800004, -2.820726085999979 ], [ 115.249837791000118, -2.820747435999976 ], [ 115.24962367, -2.82072557999993 ], [ 115.249573754000039, -2.820689614999935 ], [ 115.249495401000104, -2.820574651999948 ], [ 115.249438434000012, -2.820481253999958 ], [ 115.249388572000043, -2.820409400999949 ], [ 115.249253080000017, -2.820315884999957 ], [ 115.24916040800008, -2.820229611999935 ], [ 115.249196272000063, -2.820114820999947 ], [ 115.24918940200007, -2.819935365999925 ], [ 115.249103944000012, -2.819798858999945 ], [ 115.248982622000085, -2.819777141999964 ], [ 115.248903970000015, -2.81986315599994 ], [ 115.248846712000045, -2.819963558999973 ], [ 115.248753880000095, -2.81998495199997 ], [ 115.248596812000073, -2.819999069999938 ], [ 115.248480307000023, -2.819939078999937 ], [ 115.248313867000093, -2.819855085999961 ], [ 115.248278372000073, -2.819723439999962 ], [ 115.248135906000016, -2.819519853999964 ], [ 115.248053018000064, -2.819256542999938 ], [ 115.247934133000058, -2.819196547999979 ], [ 115.247767910000107, -2.818969 ], [ 115.247601506000024, -2.818861081999955 ], [ 115.247577908000039, -2.818729453999936 ], [ 115.247506774000044, -2.818561863999946 ], [ 115.247447358000045, -2.818513922999955 ], [ 115.247292836000042, -2.81841798499994 ], [ 115.247162035000088, -2.818369934999964 ], [ 115.247043383, -2.818154422999953 ], [ 115.246945510000046, -2.817966755999976 ], [ 115.246924748000083, -2.817926946999933 ], [ 115.246817923000094, -2.817759303999935 ], [ 115.246604074000061, -2.817555610999932 ], [ 115.246223624000095, -2.817375590999973 ], [ 115.24614482000004, -2.817375469999945 ], [ 115.245902394000041, -2.817375102999961 ], [ 115.245581235000031, -2.817326764999962 ], [ 115.245347750000064, -2.817294151999931 ], [ 115.245188836000011, -2.817182615999968 ], [ 115.245046228000092, -2.81707473299997 ], [ 115.244784663000019, -2.816954707999969 ], [ 115.244534997000073, -2.816834699999959 ], [ 115.244166178000114, -2.816834141999948 ], [ 115.243773547000046, -2.816845509999951 ], [ 115.243488062000097, -2.816809187999979 ], [ 115.24313139100002, -2.816641166999943 ], [ 115.242941230000042, -2.816509285999928 ], [ 115.242866275000097, -2.816422053999929 ], [ 115.242786834000071, -2.816329607999933 ], [ 115.242810861000066, -2.816174125999964 ], [ 115.242811059000019, -2.816042533999962 ], [ 115.242728010000064, -2.815886889999945 ], [ 115.242609143000095, -2.815814932999956 ], [ 115.242050146000111, -2.81569445599996 ], [ 115.241598261000036, -2.815550215999963 ], [ 115.241443703000073, -2.81547820399993 ], [ 115.240991710000117, -2.81540574099995 ], [ 115.240658585, -2.815405234999957 ], [ 115.239742183000089, -2.815607213999954 ], [ 115.238688303000117, -2.815647412999965 ], [ 115.240617358, -2.813209623999967 ], [ 115.240828056000055, -2.812943355999948 ], [ 115.245522656000048, -2.807010593999962 ], [ 115.245589096000117, -2.806926630999953 ], [ 115.245945791000054, -2.806080306999945 ], [ 115.24683849500002, -2.803962178999939 ], [ 115.247314619, -2.80353467499998 ], [ 115.248635790000094, -2.802348409999979 ], [ 115.249955102000058, -2.80116381299996 ], [ 115.249932763000061, -2.801148502999979 ], [ 115.251177885000061, -2.799677737999957 ], [ 115.251204949000112, -2.799645769999927 ], [ 115.253282330000047, -2.797191903999931 ], [ 115.256086115000016, -2.797157629999958 ], [ 115.258197154000072, -2.797131818999958 ], [ 115.257906024000022, -2.797888872999977 ], [ 115.256015179000087, -2.802805750999937 ], [ 115.255950933, -2.804143903999943 ], [ 115.255791763000047, -2.807459046999952 ], [ 115.254085772000053, -2.811674685999947 ] ] ] } },
{ "type": "Feature", "properties": { "village_id": "63.06.03.2002", "village_name": "Telaga Langsat", "admin_type": "Desa", "district_id": "63.06.03", "district_name": "Telaga Langsat", "regency_code": "63.06", "regency_name": "Hulu Sungai Selatan", "province_name": "Kalimantan Selatan", "area_ha_source": 365.48516915300002, "boundary_basis": "Hasil Delineasi Batas Desa 2018", "metadata_source": "TASWIL1000020230928_DATA_BATAS_DESAKELURAHAN" }, "geometry": { "type": "Polygon", "coordinates": [ [ [ 115.339180550000037, -2.726707240999929 ], [ 115.336501877000046, -2.731501732999959 ], [ 115.332498797000085, -2.733295882999926 ], [ 115.332449810000071, -2.733473489999938 ], [ 115.331929237000054, -2.735360862999926 ], [ 115.330924447000029, -2.739003751999974 ], [ 115.330506519000096, -2.740518943999973 ], [ 115.329705149, -2.743424275999928 ], [ 115.328741852, -2.74691662999993 ], [ 115.324571488000061, -2.743712230999961 ], [ 115.323536715000046, -2.742917134999971 ], [ 115.314911075000055, -2.74152864499996 ], [ 115.314908646000049, -2.741257485999938 ], [ 115.314863203000073, -2.741221204999931 ], [ 115.316859944000043, -2.737073455999962 ], [ 115.317231053000114, -2.736302558999967 ], [ 115.32122150400005, -2.72801317099993 ], [ 115.32165369300003, -2.727115366999953 ], [ 115.324376720000032, -2.726935197999978 ], [ 115.326728400000093, -2.721889450999925 ], [ 115.326998354000011, -2.72131023399993 ], [ 115.327015911000103, -2.721272562999957 ], [ 115.33368430500002, -2.724251752999976 ], [ 115.339180550000037, -2.726707240999929 ] ] ] } },
{ "type": "Feature", "properties": { "village_id": "63.06.04.2006", "village_name": "Telaga Sili-Sili", "admin_type": "Desa", "district_id": "63.06.04", "district_name": "Angkinang", "regency_code": "63.06", "regency_name": "Hulu Sungai Selatan", "province_name": "Kalimantan Selatan", "area_ha_source": 521.107536428, "boundary_basis": "Hasil Delineasi Batas Desa 2018", "metadata_source": "TASWIL1000020230928_DATA_BATAS_DESAKELURAHAN" }, "geometry": { "type": "Polygon", "coordinates": [ [ [ 115.30679856900008, -2.734672684999964 ], [ 115.307176780000077, -2.735303044999966 ], [ 115.312474180000095, -2.739313847999938 ], [ 115.314863203000073, -2.741221204999931 ], [ 115.314908646000049, -2.741257485999938 ], [ 115.314911075000055, -2.74152864499996 ], [ 115.314952555000104, -2.746159088999946 ], [ 115.316615060000117, -2.74947022799995 ], [ 115.317189810000059, -2.750614926999958 ], [ 115.317664790000094, -2.751560924999978 ], [ 115.318729401000041, -2.755458407999924 ], [ 115.319203457000071, -2.757326736999971 ], [ 115.319393814000023, -2.758088164999947 ], [ 115.319412982000017, -2.75875145699996 ], [ 115.317916886000035, -2.759010179999962 ], [ 115.317876559000069, -2.758998685999927 ], [ 115.31775631000005, -2.758964409999976 ], [ 115.315329134000081, -2.759386647999975 ], [ 115.313040697000019, -2.759865742999978 ], [ 115.311832001000084, -2.76015057799998 ], [ 115.309128061000024, -2.760787764999975 ], [ 115.308611681000116, -2.760895674999972 ], [ 115.304244527000037, -2.761793712999975 ], [ 115.30356207300008, -2.760045325999954 ], [ 115.303368528000078, -2.759627370999965 ], [ 115.301863571000013, -2.756377462999978 ], [ 115.300292662000061, -2.754179743999941 ], [ 115.298617960000115, -2.753564652999955 ], [ 115.297146072000032, -2.75315408299997 ], [ 115.296844179000118, -2.751213474999929 ], [ 115.296745817000101, -2.74896681499996 ], [ 115.296805737000113, -2.748534531999951 ], [ 115.296951017000083, -2.74748644999994 ], [ 115.29761462700003, -2.744985594999946 ], [ 115.297570642000096, -2.740186150999932 ], [ 115.297545270000114, -2.740175902999965 ], [ 115.297942185000011, -2.739672133999932 ], [ 115.298108745000036, -2.739529365999942 ], [ 115.298346693000099, -2.739529365999942 ], [ 115.298537048000071, -2.739600749999966 ], [ 115.298917762000087, -2.73948177699998 ], [ 115.2991319140001, -2.738339635999978 ], [ 115.299250887000085, -2.73829204599997 ], [ 115.299250887000085, -2.737792359999958 ], [ 115.29936986000007, -2.737697181999977 ], [ 115.299084325000081, -2.736079146999941 ], [ 115.300347134000049, -2.734512047999942 ], [ 115.300347119000094, -2.734511188999932 ], [ 115.300347154000065, -2.734511189999978 ], [ 115.30679856900008, -2.734672684999964 ] ] ] } },
{ "type": "Feature", "properties": { "village_id": "63.06.08.2013", "village_name": "Teluk Haur", "admin_type": "Desa", "district_id": "63.06.08", "district_name": "Daha Utara", "regency_code": "63.06", "regency_name": "Hulu Sungai Selatan", "province_name": "Kalimantan Selatan", "area_ha_source": 519.00108743700002, "boundary_basis": "Hasil Delineasi Batas Desa 2018", "metadata_source": "TASWIL1000020230928_DATA_BATAS_DESAKELURAHAN" }, "geometry": { "type": "Polygon", "coordinates": [ [ [ 115.144624929000088, -2.600641977999942 ], [ 115.144718463000117, -2.600699945999963 ], [ 115.142602552000085, -2.601448990999927 ], [ 115.127779869000051, -2.606696158999966 ], [ 115.120367089000069, -2.609320260999937 ], [ 115.12022155000011, -2.609218743999975 ], [ 115.116499056000066, -2.610753694999971 ], [ 115.11661484900003, -2.611213635999945 ], [ 115.117451808000055, -2.614538122999932 ], [ 115.117870286000084, -2.616200368999955 ], [ 115.118079526000088, -2.617031488999942 ], [ 115.1181841450001, -2.617447049999953 ], [ 115.118236455000101, -2.617654829999935 ], [ 115.118262610000102, -2.617758720999973 ], [ 115.11827568700005, -2.617810665999968 ], [ 115.118288765000102, -2.617862610999964 ], [ 115.109678011000028, -2.616813198999978 ], [ 115.109400972000117, -2.616974831999926 ], [ 115.109108301000106, -2.61695341799998 ], [ 115.108651443000099, -2.617074768999942 ], [ 115.108166032000099, -2.617096183999934 ], [ 115.107523579000031, -2.617039075999969 ], [ 115.10721662800006, -2.616960554999935 ], [ 115.106381438000085, -2.616967693999925 ], [ 115.106295777000014, -2.616939139999943 ], [ 115.106167184000014, -2.61657889199995 ], [ 115.105935884000019, -2.616572702999974 ], [ 115.102824911000084, -2.616250458999957 ], [ 115.102493993000053, -2.61425272699995 ], [ 115.102365501, -2.613681657999962 ], [ 115.102088631000015, -2.612952283999959 ], [ 115.101774831000057, -2.612291119999952 ], [ 115.10146501700001, -2.611638353999979 ], [ 115.10110907, -2.610888379999949 ], [ 115.101079278000043, -2.61082560899996 ], [ 115.100883251000027, -2.61041258399996 ], [ 115.100272435000079, -2.609125611999957 ], [ 115.099748328000032, -2.608021330999975 ], [ 115.099677757000109, -2.607872642999951 ], [ 115.099634287000072, -2.606736810999962 ], [ 115.099596810000094, -2.605757528999959 ], [ 115.099948717000075, -2.604935496999929 ], [ 115.100352561000022, -2.60509097399995 ], [ 115.103741294000088, -2.605988803999935 ], [ 115.106334477000019, -2.606953152999949 ], [ 115.108843637000064, -2.607886250999968 ], [ 115.110001589000035, -2.607996014999969 ], [ 115.110724945000015, -2.607996014999969 ], [ 115.111219874000085, -2.607900836999931 ], [ 115.115743831000032, -2.606000521999931 ], [ 115.119995921000054, -2.604156099999955 ], [ 115.12584916600008, -2.589005523999958 ], [ 115.144624929000088, -2.600641977999942 ] ] ] } },
{ "type": "Feature", "properties": { "village_id": "63.06.08.2015", "village_name": "Teluk Kabak", "admin_type": "Desa", "district_id": "63.06.08", "district_name": "Daha Utara", "regency_code": "63.06", "regency_name": "Hulu Sungai Selatan", "province_name": "Kalimantan Selatan", "area_ha_source": 294.246680067, "boundary_basis": "Hasil Delineasi Batas Desa 2018", "metadata_source": "TASWIL1000020230928_DATA_BATAS_DESAKELURAHAN" }, "geometry": { "type": "Polygon", "coordinates": [ [ [ 115.12584916600008, -2.589005523999958 ], [ 115.119995921000054, -2.604156099999955 ], [ 115.115743831000032, -2.606000521999931 ], [ 115.115446239000107, -2.605789715999947 ], [ 115.113878077000095, -2.604553822999947 ], [ 115.112015769000095, -2.603169460999936 ], [ 115.110283135000032, -2.601899669999966 ], [ 115.108722045000036, -2.600755593999963 ], [ 115.10507524500008, -2.598406354999952 ], [ 115.105546652000044, -2.598181423999961 ], [ 115.106229622000114, -2.597989421999955 ], [ 115.108246060000056, -2.597095303999936 ], [ 115.10949564100008, -2.596001197999954 ], [ 115.109830107000107, -2.595686160999946 ], [ 115.110755070000096, -2.594366934999925 ], [ 115.111565931000086, -2.592990117999932 ], [ 115.112324667000053, -2.591469675999974 ], [ 115.113509771000054, -2.587966551999955 ], [ 115.113888069000041, -2.585996157999944 ], [ 115.113900064000063, -2.585709349999945 ], [ 115.114319103000071, -2.583889984999928 ], [ 115.114575907000017, -2.583155793999936 ], [ 115.114986346000023, -2.583285156999978 ], [ 115.121788433, -2.586488845999952 ], [ 115.121905867, -2.586561629999949 ], [ 115.12584916600008, -2.589005523999958 ] ] ] } },
{ "type": "Feature", "properties": { "village_id": "63.06.05.2017", "village_name": "Tibung Raya", "admin_type": "Desa", "district_id": "63.06.05", "district_name": "Kandangan", "regency_code": "63.06", "regency_name": "Hulu Sungai Selatan", "province_name": "Kalimantan Selatan", "area_ha_source": 127.560204609, "boundary_basis": "Hasil Delineasi Batas Desa 2018", "metadata_source": "TASWIL1000020230928_DATA_BATAS_DESAKELURAHAN" }, "geometry": { "type": "Polygon", "coordinates": [ [ [ 115.264227582000103, -2.78558357199995 ], [ 115.264961671000037, -2.785901209999963 ], [ 115.26507704900007, -2.78630116599993 ], [ 115.265117238000016, -2.786440487999926 ], [ 115.265250929000103, -2.786665288999927 ], [ 115.26513515900001, -2.786750800999926 ], [ 115.264826072, -2.786979103999954 ], [ 115.264350322000041, -2.78782423399997 ], [ 115.264333382000018, -2.787854324999955 ], [ 115.264134109000111, -2.788584789999959 ], [ 115.264124416000072, -2.788620322999975 ], [ 115.263996520000092, -2.789089140999977 ], [ 115.263972939000041, -2.789202899999964 ], [ 115.263940996000088, -2.78935699799996 ], [ 115.263931387000071, -2.789403352999955 ], [ 115.263890958000047, -2.789598387999945 ], [ 115.263789978000091, -2.790085540999939 ], [ 115.263779223000029, -2.790137424999955 ], [ 115.263777187000073, -2.790147241999932 ], [ 115.263726568000038, -2.790391435999936 ], [ 115.264302006000094, -2.790724313999931 ], [ 115.264359556000045, -2.790757604999953 ], [ 115.264884873000028, -2.791061487999968 ], [ 115.265400405000037, -2.791359711999974 ], [ 115.266048105000095, -2.791405592999979 ], [ 115.266536225000095, -2.792885315999968 ], [ 115.266637411000033, -2.793192060999957 ], [ 115.266729937000036, -2.793360111999959 ], [ 115.266748798000094, -2.79339436999993 ], [ 115.266404525000098, -2.794387436999955 ], [ 115.266367458000104, -2.794494358999941 ], [ 115.266165866000051, -2.794875883999964 ], [ 115.266062046000116, -2.795479497999963 ], [ 115.266033718000017, -2.795644196999945 ], [ 115.266030691000083, -2.795661793999955 ], [ 115.26708029100007, -2.795820574999937 ], [ 115.267313494000064, -2.796730563999972 ], [ 115.26731780700004, -2.797631950999971 ], [ 115.267260240000041, -2.798145991999945 ], [ 115.267073615000072, -2.799812465999935 ], [ 115.267068351000034, -2.799859455999979 ], [ 115.266550071000097, -2.799619278999955 ], [ 115.26365153800009, -2.798276063999936 ], [ 115.263049013000114, -2.797996844999943 ], [ 115.262939520000032, -2.797946105999927 ], [ 115.261750664000033, -2.797395171999938 ], [ 115.261536275000026, -2.797378931999958 ], [ 115.261122521000061, -2.797347588999969 ], [ 115.258263470000088, -2.797131007999951 ], [ 115.258197154000072, -2.797131818999958 ], [ 115.256086115000016, -2.797157629999958 ], [ 115.253282330000047, -2.797191903999931 ], [ 115.253267204000053, -2.797192088999964 ], [ 115.254331255000011, -2.795588829999929 ], [ 115.254973495000058, -2.794621132999964 ], [ 115.256766427000116, -2.791919607999944 ], [ 115.25692127100001, -2.791757149999967 ], [ 115.258209375000092, -2.790405694999947 ], [ 115.25789666300011, -2.79040522899993 ], [ 115.257450161000065, -2.790247342999976 ], [ 115.257271833000118, -2.790000014999976 ], [ 115.257205418000012, -2.78959563199993 ], [ 115.257250555000041, -2.789281256999971 ], [ 115.257340497000087, -2.788877106999962 ], [ 115.257548803000077, -2.787353558999939 ], [ 115.258963858000016, -2.787404310999932 ], [ 115.259772292000093, -2.787743553999974 ], [ 115.260382830000026, -2.787999751999962 ], [ 115.260558159000084, -2.788073324999971 ], [ 115.261049598000113, -2.788051594999956 ], [ 115.261228654000092, -2.787804797999968 ], [ 115.261385769000071, -2.787288444999945 ], [ 115.261855299000104, -2.786974698999927 ], [ 115.262659451000104, -2.786953431999962 ], [ 115.263023389000068, -2.787018567999951 ], [ 115.263039074000062, -2.787021374999938 ], [ 115.263359853000111, -2.785838860999945 ], [ 115.2633984040001, -2.785696751999978 ], [ 115.264180382000063, -2.785563148999927 ], [ 115.264227582000103, -2.78558357199995 ] ] ] } },
{ "type": "Feature", "properties": { "village_id": "63.06.07.2008", "village_name": "Tumbukan Banyu", "admin_type": "Desa", "district_id": "63.06.07", "district_name": "Daha Selatan", "regency_code": "63.06", "regency_name": "Hulu Sungai Selatan", "province_name": "Kalimantan Selatan", "area_ha_source": 201.006845016, "boundary_basis": "Hasil Delineasi Batas Desa 2018", "metadata_source": "TASWIL1000020230928_DATA_BATAS_DESAKELURAHAN" }, "geometry": { "type": "Polygon", "coordinates": [ [ [ 115.107294824000064, -2.62972747699996 ], [ 115.107794719000026, -2.629922260999933 ], [ 115.108184454000025, -2.630074122999929 ], [ 115.108628315000033, -2.630247072999964 ], [ 115.109270825000067, -2.630497427999956 ], [ 115.109695973000044, -2.630663086999959 ], [ 115.109758502000091, -2.630687451999961 ], [ 115.109573784000077, -2.631017708999934 ], [ 115.109191028000055, -2.631702031999964 ], [ 115.109054742000012, -2.631945698999971 ], [ 115.108962414000075, -2.63188839299994 ], [ 115.108916733000115, -2.631860038999946 ], [ 115.108430483, -2.632673813999929 ], [ 115.10840819100008, -2.632711118999964 ], [ 115.107998259000055, -2.633397170999956 ], [ 115.107758265000029, -2.633899748999966 ], [ 115.107458122000025, -2.635995224999931 ], [ 115.107165208000083, -2.636984838999979 ], [ 115.107069164000109, -2.637309318999939 ], [ 115.106245831000024, -2.640090949999944 ], [ 115.105969860000073, -2.64469429299993 ], [ 115.105690429000106, -2.649355370999956 ], [ 115.10544776800009, -2.65340311999995 ], [ 115.105218735000108, -2.657223534999957 ], [ 115.105096852000088, -2.659256593999942 ], [ 115.104823368000098, -2.663818498999944 ], [ 115.104680320000057, -2.666204619999974 ], [ 115.104416880000031, -2.670598932999951 ], [ 115.104081886000017, -2.676186838999968 ], [ 115.102469142000018, -2.679634854999961 ], [ 115.100608957000077, -2.681628331999946 ], [ 115.103656833000059, -2.633154227999967 ], [ 115.103793654000015, -2.631482655999946 ], [ 115.103928322000115, -2.631470583999942 ], [ 115.103932873000076, -2.630680709999979 ], [ 115.103934588000016, -2.630383 ], [ 115.103935458000024, -2.630354895999972 ], [ 115.104653471, -2.630203735999942 ], [ 115.105159108000066, -2.630114505999927 ], [ 115.105855099000109, -2.629977685999961 ], [ 115.106461861000071, -2.629852764999953 ], [ 115.107216727000036, -2.629697045999933 ], [ 115.107294824000064, -2.62972747699996 ] ] ] } },
{ "type": "Feature", "properties": { "village_id": "63.06.10.2006", "village_name": "Tumingki", "admin_type": "Desa", "district_id": "63.06.10", "district_name": "Loksado", "regency_code": "63.06", "regency_name": "Hulu Sungai Selatan", "province_name": "Kalimantan Selatan", "area_ha_source": 2611.75476506, "boundary_basis": "Hasil Delineasi Batas Desa 2018", "metadata_source": "TASWIL1000020230928_DATA_BATAS_DESAKELURAHAN" }, "geometry": { "type": "Polygon", "coordinates": [ [ [ 115.458972975000052, -2.802653620999934 ], [ 115.46179523100011, -2.804272233999939 ], [ 115.462794417000055, -2.804443955999943 ], [ 115.472477448000063, -2.80610803899998 ], [ 115.473988716, -2.806367750999925 ], [ 115.474082519000035, -2.806391724999969 ], [ 115.474212695, -2.806023640999967 ], [ 115.474289532000057, -2.805806377999943 ], [ 115.47451082200007, -2.805192476999935 ], [ 115.474803497000039, -2.804621405999967 ], [ 115.475045286000068, -2.804306624999981 ], [ 115.4751818310001, -2.804128856999967 ], [ 115.475445952000086, -2.803793353999936 ], [ 115.475603312000089, -2.803615011999966 ], [ 115.475767179000059, -2.803429295999933 ], [ 115.476274003000071, -2.803200868999966 ], [ 115.476688030000105, -2.803072376999978 ], [ 115.477059226000051, -2.803129483999953 ], [ 115.477380452000034, -2.803236559999959 ], [ 115.478429794000022, -2.80353637199994 ], [ 115.478817634000052, -2.803708083999936 ], [ 115.479293539000082, -2.804028919999951 ], [ 115.479595746000086, -2.804306624999981 ], [ 115.479633052000054, -2.804340905999936 ], [ 115.479821779000076, -2.804514329999961 ], [ 115.479985962000114, -2.804742758999964 ], [ 115.480088357000113, -2.805202699999938 ], [ 115.480257220000112, -2.80610618999998 ], [ 115.480264359000103, -2.806420278999951 ], [ 115.48024186400005, -2.806555213999957 ], [ 115.480165661000115, -2.807012261999944 ], [ 115.48016442200003, -2.807576696999945 ], [ 115.480371435000052, -2.808283396999968 ], [ 115.480671248000021, -2.808690283999965 ], [ 115.481113826000069, -2.809154279999973 ], [ 115.481673665000017, -2.809470359999978 ], [ 115.48220599900003, -2.809639689999926 ], [ 115.482734148000077, -2.809525064999946 ], [ 115.483854965000091, -2.809496920999948 ], [ 115.484928287000116, -2.80945025699998 ], [ 115.485456225, -2.809512206999955 ], [ 115.485597631000019, -2.809528801999932 ], [ 115.486017896000021, -2.809796733999974 ], [ 115.486253464000015, -2.81005371599997 ], [ 115.486267739000027, -2.810353526999961 ], [ 115.485817247000114, -2.810986085999957 ], [ 115.48559502, -2.811554954999963 ], [ 115.485501231000057, -2.812116284999945 ], [ 115.485381256000096, -2.812834356999929 ], [ 115.485317398, -2.813367824999943 ], [ 115.485389719000068, -2.81380850499994 ], [ 115.485304057, -2.814693664999936 ], [ 115.485239813000021, -2.815164797999955 ], [ 115.485025662000112, -2.815507440999966 ], [ 115.484356552, -2.816169392999939 ], [ 115.484461728000042, -2.816499674999932 ], [ 115.4848115100001, -2.816956532999939 ], [ 115.485138243000051, -2.817136146999928 ], [ 115.485311195, -2.817206375999945 ], [ 115.485646127000109, -2.817072985999971 ], [ 115.486296293, -2.816992223999932 ], [ 115.486638936000077, -2.816913700999976 ], [ 115.486874501000102, -2.816706687999954 ], [ 115.486914726, -2.816195515999937 ], [ 115.486841709000032, -2.815338303999965 ], [ 115.48716717700006, -2.814893538999968 ], [ 115.487681139000074, -2.814443820999941 ], [ 115.488076686000113, -2.814277510999943 ], [ 115.488309317000017, -2.814179700999944 ], [ 115.488866110000117, -2.814094040999976 ], [ 115.489886762000083, -2.81427986999995 ], [ 115.491293161000044, -2.814779324999961 ], [ 115.491557281000041, -2.814929230999951 ], [ 115.492492410000068, -2.815643069999965 ], [ 115.492871091000097, -2.81609569699998 ], [ 115.49309917100004, -2.816392599999972 ], [ 115.493277807000027, -2.816417085999944 ], [ 115.493570306000038, -2.816385460999925 ], [ 115.493898670000021, -2.816128479999975 ], [ 115.494484019000083, -2.815350395999928 ], [ 115.495369177000043, -2.814393851999967 ], [ 115.496157294000113, -2.813273260999949 ], [ 115.508124335000048, -2.816264846999957 ], [ 115.494040331000065, -2.823908228999926 ], [ 115.489394702000027, -2.836011953999957 ], [ 115.487509263000106, -2.835595732999934 ], [ 115.4865245740001, -2.835378356999968 ], [ 115.486468492000085, -2.835365975999935 ], [ 115.48387665100006, -2.839184643999943 ], [ 115.481401225000013, -2.842679836999935 ], [ 115.477787527000032, -2.847782149999944 ], [ 115.477034602000117, -2.854391206999935 ], [ 115.478887468000039, -2.860255427999959 ], [ 115.478780375000042, -2.862011131999964 ], [ 115.478636550000033, -2.864368980999927 ], [ 115.478507118000039, -2.86649082699995 ], [ 115.476205878000087, -2.871080487999961 ], [ 115.476161353000066, -2.871169291999934 ], [ 115.476141568000116, -2.871208749999937 ], [ 115.474522531000048, -2.874437759999978 ], [ 115.474378401000081, -2.874725214999955 ], [ 115.473141788000021, -2.874801383999966 ], [ 115.472715996000034, -2.874827610999944 ], [ 115.472623788000078, -2.874794772999962 ], [ 115.470726870000021, -2.874119213999961 ], [ 115.470549279000011, -2.874055967999936 ], [ 115.468740992000107, -2.87346568199996 ], [ 115.46690224200006, -2.872956747999979 ], [ 115.464361738000093, -2.872573476999946 ], [ 115.462011898000014, -2.872127153999941 ], [ 115.460502676000033, -2.872403993999967 ], [ 115.460442415000102, -2.872171125999955 ], [ 115.459982136, -2.870392457999969 ], [ 115.457032979000019, -2.858995931999971 ], [ 115.456331026000043, -2.856067365999934 ], [ 115.456234882000103, -2.854779063999956 ], [ 115.456024470000102, -2.851959751999971 ], [ 115.453788673000076, -2.849210165999978 ], [ 115.452265816000022, -2.847163828999953 ], [ 115.45098090700003, -2.845165081999937 ], [ 115.450219480000101, -2.844165707999935 ], [ 115.449172517000079, -2.843166334999978 ], [ 115.447316539000099, -2.842309729999954 ], [ 115.44541297, -2.841167587999962 ], [ 115.43983731600008, -2.835847306999938 ], [ 115.439896632000114, -2.835841149999965 ], [ 115.439984629000037, -2.835832013999948 ], [ 115.440825217000111, -2.835744749999947 ], [ 115.441056237000112, -2.835720766999941 ], [ 115.441448610000066, -2.83568003299996 ], [ 115.441946724000104, -2.835628321999934 ], [ 115.442368714000054, -2.835584511999969 ], [ 115.449651530000096, -2.834828454999979 ], [ 115.455074698000089, -2.834265454999979 ], [ 115.455007615000113, -2.832261048999953 ], [ 115.454718999000079, -2.823637929999961 ], [ 115.454434795000111, -2.815146818999949 ], [ 115.454104317000088, -2.80527467099995 ], [ 115.454163093000034, -2.805062090999968 ], [ 115.454267204000075, -2.803859643999942 ], [ 115.454528943000014, -2.802836476999971 ], [ 115.454719303000047, -2.802431966999961 ], [ 115.455015203000016, -2.801980213999968 ], [ 115.455385549000084, -2.801539670999944 ], [ 115.455570060000014, -2.80118112599996 ], [ 115.458972975000052, -2.802653620999934 ] ] ] } },
{ "type": "Feature", "properties": { "village_id": "63.06.10.2011", "village_name": "Ulang", "admin_type": "Desa", "district_id": "63.06.10", "district_name": "Loksado", "regency_code": "63.06", "regency_name": "Hulu Sungai Selatan", "province_name": "Kalimantan Selatan", "area_ha_source": 3588.1117457199998, "boundary_basis": "Hasil Delineasi Batas Desa 2018", "metadata_source": "TASWIL1000020230928_DATA_BATAS_DESAKELURAHAN" }, "geometry": { "type": "Polygon", "coordinates": [ [ [ 115.547702618000017, -2.729165277999925 ], [ 115.54770260500004, -2.729165358999978 ], [ 115.547558643000116, -2.730027524999969 ], [ 115.545054587000095, -2.732729838999944 ], [ 115.54411681800002, -2.733741860999942 ], [ 115.54180347800002, -2.736238355999944 ], [ 115.538026053000067, -2.740314946999945 ], [ 115.530558318000089, -2.748373955999966 ], [ 115.528855017000069, -2.75021209099998 ], [ 115.525718697000116, -2.753596648999974 ], [ 115.522323659000108, -2.75785321799998 ], [ 115.520544537000092, -2.760083789999953 ], [ 115.516607853000096, -2.765019348999942 ], [ 115.515591951000033, -2.773090455999977 ], [ 115.515587519000064, -2.773837544999935 ], [ 115.506796425000061, -2.777350647999981 ], [ 115.506203281000012, -2.777420051999968 ], [ 115.502205932000038, -2.777887776999933 ], [ 115.493880399000091, -2.778861887999938 ], [ 115.490200128000083, -2.779292471999952 ], [ 115.487478726000063, -2.779610860999981 ], [ 115.486878367000031, -2.779640438999934 ], [ 115.475177348000102, -2.780216843999938 ], [ 115.47432088700009, -2.779928539999958 ], [ 115.473514725000086, -2.779657165999936 ], [ 115.471679279000114, -2.778663759999972 ], [ 115.467835622000052, -2.776583431999939 ], [ 115.466564848000075, -2.775410629999953 ], [ 115.455682879000051, -2.765367622999975 ], [ 115.454726773000061, -2.764485228999945 ], [ 115.454556304000107, -2.764315849999946 ], [ 115.454556179000065, -2.764315709999948 ], [ 115.454574504000107, -2.764304482999933 ], [ 115.4560303290001, -2.763412529999925 ], [ 115.457042384000033, -2.762763179999979 ], [ 115.45704271000011, -2.762762970999972 ], [ 115.457062483000072, -2.762750283999935 ], [ 115.457652539000037, -2.762371695999946 ], [ 115.457830875000013, -2.762257272999932 ], [ 115.458242472000052, -2.761844243999974 ], [ 115.45943301200009, -2.76064956099998 ], [ 115.460016934, -2.759716981999929 ], [ 115.46044014600011, -2.759041070999956 ], [ 115.460535905000029, -2.758696421999957 ], [ 115.461042994000081, -2.756871334999971 ], [ 115.461059609000017, -2.756675248999954 ], [ 115.461180211000055, -2.755251954999949 ], [ 115.461210800000117, -2.754890951999926 ], [ 115.461211904000038, -2.75488403199995 ], [ 115.461426387000074, -2.753539186999944 ], [ 115.461500654000019, -2.75307351899994 ], [ 115.462353938000092, -2.751921103999962 ], [ 115.462370344000078, -2.751898946999972 ], [ 115.463232557000083, -2.751294126999937 ], [ 115.464005041000064, -2.751226668999948 ], [ 115.464562410000099, -2.751177995999967 ], [ 115.46486539700004, -2.751151537999931 ], [ 115.465948762000039, -2.751017280999974 ], [ 115.466668587000072, -2.750231863999943 ], [ 115.466726967000113, -2.750168163999945 ], [ 115.468435855000052, -2.748135499999933 ], [ 115.46886095800005, -2.747665251999933 ], [ 115.469015649000085, -2.747494132999975 ], [ 115.469039421000048, -2.747452700999929 ], [ 115.469549717000064, -2.74656330199997 ], [ 115.4699464790001, -2.745749863999947 ], [ 115.471699723000029, -2.744786592999958 ], [ 115.472853223000016, -2.74415283299993 ], [ 115.473880978000011, -2.74275942099996 ], [ 115.474432662000027, -2.742011456999933 ], [ 115.47590509600002, -2.740692932999934 ], [ 115.478803129000084, -2.735093221999932 ], [ 115.480210991000035, -2.732372884999961 ], [ 115.4809099470001, -2.731022330999963 ], [ 115.481616066000015, -2.730214635999971 ], [ 115.482481609000047, -2.72922458499994 ], [ 115.484402548000048, -2.728602988999967 ], [ 115.485343123, -2.728135608999935 ], [ 115.485397017000082, -2.728155897999955 ], [ 115.485716929000091, -2.728276333999929 ], [ 115.486109894000037, -2.728424270999938 ], [ 115.488423603000115, -2.733763127999964 ], [ 115.491916667000055, -2.735444443999938 ], [ 115.493388889000016, -2.733111110999971 ], [ 115.496055556000101, -2.731333332999952 ], [ 115.502333333000024, -2.727583332999927 ], [ 115.504888889000085, -2.728944443999978 ], [ 115.53336691700008, -2.72981888299995 ], [ 115.547702618000017, -2.729165277999925 ] ] ] } },
{ "type": "Feature", "properties": { "village_id": "63.06.06.2006", "village_name": "Ulin", "admin_type": "Desa", "district_id": "63.06.06", "district_name": "Simpur", "regency_code": "63.06", "regency_name": "Hulu Sungai Selatan", "province_name": "Kalimantan Selatan", "area_ha_source": 350.47291730199998, "boundary_basis": "Hasil Delineasi Batas Desa 2018", "metadata_source": "TASWIL1000020230928_DATA_BATAS_DESAKELURAHAN" }, "geometry": { "type": "Polygon", "coordinates": [ [ [ 115.236608101000115, -2.786003691999952 ], [ 115.234578456, -2.786703427999953 ], [ 115.233291730000019, -2.783559907999972 ], [ 115.232812072000115, -2.784087849999935 ], [ 115.2323694910001, -2.784608952999974 ], [ 115.231991156000049, -2.78510863899993 ], [ 115.231926911000073, -2.785379897999974 ], [ 115.231755589000045, -2.785950968999941 ], [ 115.231617402000097, -2.786531080999964 ], [ 115.231436564000091, -2.786683366999966 ], [ 115.231274762000112, -2.786892758999954 ], [ 115.231084403000068, -2.787216365999939 ], [ 115.230979707000074, -2.787492382999972 ], [ 115.230427672000019, -2.788244292999934 ], [ 115.230104065000091, -2.788644042999977 ], [ 115.229875638000067, -2.788977166999928 ], [ 115.229685280000012, -2.789300772999979 ], [ 115.229447335000032, -2.78973859499996 ], [ 115.22930456600011, -2.790157378999936 ], [ 115.229180835000079, -2.790404843999966 ], [ 115.228324230000112, -2.791261448999933 ], [ 115.227429551000114, -2.791899144999945 ], [ 115.227239194000049, -2.79207998399994 ], [ 115.227172571000096, -2.792317930999957 ], [ 115.226449213000024, -2.793935963999957 ], [ 115.226333910000108, -2.79418699699994 ], [ 115.226165619000085, -2.79476546799998 ], [ 115.225454095000032, -2.794343382999955 ], [ 115.224338720000105, -2.793489354999963 ], [ 115.224325851000117, -2.793481111999938 ], [ 115.223974008000027, -2.793919599999924 ], [ 115.22357996400001, -2.794410674999938 ], [ 115.222669483000118, -2.795545358999959 ], [ 115.222432173000016, -2.796227722999959 ], [ 115.218588862000047, -2.796103556999981 ], [ 115.213545182000075, -2.796634335999954 ], [ 115.210455402000093, -2.795741542999963 ], [ 115.210088731000042, -2.795695910999939 ], [ 115.210110397000108, -2.79564185299995 ], [ 115.210428069000045, -2.795085582999945 ], [ 115.21525005400008, -2.787383244999944 ], [ 115.215382092000027, -2.786581672999944 ], [ 115.215757386000064, -2.786036464999938 ], [ 115.21579883000004, -2.785976258999938 ], [ 115.218573681000066, -2.781945075999943 ], [ 115.218789152000113, -2.78163204599997 ], [ 115.217278720000081, -2.777052622999975 ], [ 115.217770618000031, -2.776380261999975 ], [ 115.220008920000055, -2.776121988999932 ], [ 115.225127031000056, -2.775531398999931 ], [ 115.225098139000011, -2.775552884999968 ], [ 115.229236323, -2.779310290999945 ], [ 115.231107665000081, -2.781009431999962 ], [ 115.236608101000115, -2.786003691999952 ] ] ] } },
{ "type": "Feature", "properties": { "village_id": "63.06.06.2010", "village_name": "Wasah Hilir", "admin_type": "Desa", "district_id": "63.06.06", "district_name": "Simpur", "regency_code": "63.06", "regency_name": "Hulu Sungai Selatan", "province_name": "Kalimantan Selatan", "area_ha_source": 388.84076761900002, "boundary_basis": "Hasil Delineasi Batas Desa 2018", "metadata_source": "TASWIL1000020230928_DATA_BATAS_DESAKELURAHAN" }, "geometry": { "type": "Polygon", "coordinates": [ [ [ 115.210088731000042, -2.795695910999939 ], [ 115.210455402000093, -2.795741542999963 ], [ 115.213545182000075, -2.796634335999954 ], [ 115.218588862000047, -2.796103556999981 ], [ 115.222432173000016, -2.796227722999959 ], [ 115.220328527000106, -2.802276493999955 ], [ 115.219957553000086, -2.803343171999927 ], [ 115.219197733000101, -2.805527882999968 ], [ 115.21876511500011, -2.806771805999972 ], [ 115.221712903000025, -2.807629978999955 ], [ 115.223975375, -2.807232081999928 ], [ 115.224111312000105, -2.807690222999952 ], [ 115.22447782900008, -2.808172785999943 ], [ 115.224806194000053, -2.808672471999955 ], [ 115.225198808000073, -2.809179296999957 ], [ 115.22615534900001, -2.810107287999926 ], [ 115.226596053000094, -2.810512165999967 ], [ 115.227338241000098, -2.810783653999977 ], [ 115.228186683000104, -2.811144387999946 ], [ 115.228423182000029, -2.812450245999969 ], [ 115.228810385000088, -2.814588226999945 ], [ 115.229590224000049, -2.818894213999954 ], [ 115.225646954000013, -2.821836735999966 ], [ 115.225285505000102, -2.822025850999978 ], [ 115.222848782000028, -2.823300777999975 ], [ 115.221394392000093, -2.824061729999926 ], [ 115.219855928000015, -2.82476745799994 ], [ 115.218635195000047, -2.822371737999958 ], [ 115.218380487000104, -2.82187186699997 ], [ 115.215917153000078, -2.817037496999944 ], [ 115.214445704000013, -2.814149724999936 ], [ 115.214368772000057, -2.813006991999941 ], [ 115.21397107700011, -2.812963668999942 ], [ 115.213718885000048, -2.812588271999971 ], [ 115.21350949400005, -2.812321770999972 ], [ 115.211970937000046, -2.810923591999938 ], [ 115.212278884000057, -2.810633761999952 ], [ 115.21228407600006, -2.810628713999961 ], [ 115.212558190000095, -2.810362212999962 ], [ 115.212964167000109, -2.809967511999957 ], [ 115.213222079000047, -2.809606434999978 ], [ 115.213238800000113, -2.809583024999938 ], [ 115.213440061000028, -2.809301262999952 ], [ 115.21380173700004, -2.808349477999968 ], [ 115.21398750600008, -2.807716252999967 ], [ 115.214007901000059, -2.807646728999941 ], [ 115.214144437000073, -2.807181322999952 ], [ 115.214055785000028, -2.807059520999928 ], [ 115.213731860000053, -2.806614473999957 ], [ 115.213617014000079, -2.806456682999965 ], [ 115.212517881000053, -2.804946560999952 ], [ 115.21231698400004, -2.80467054199994 ], [ 115.212168702000099, -2.804466812999976 ], [ 115.211957096000106, -2.80417608099998 ], [ 115.209970989000112, -2.801447319999966 ], [ 115.208934996000039, -2.801832591999926 ], [ 115.208834624000019, -2.801869919999945 ], [ 115.208820600000081, -2.801875134999932 ], [ 115.208669471, -2.801550748999944 ], [ 115.207252227000026, -2.799817703999963 ], [ 115.20717370300008, -2.799560721999967 ], [ 115.206702570000061, -2.799375123999937 ], [ 115.206031562000021, -2.798704115999954 ], [ 115.205988732000037, -2.798597039999947 ], [ 115.205810273000111, -2.798439995999956 ], [ 115.205738888000042, -2.798311504999958 ], [ 115.205729610000049, -2.798133045999975 ], [ 115.206843196000023, -2.798075938999943 ], [ 115.207828294000024, -2.797933170999954 ], [ 115.207949264000035, -2.797516076999955 ], [ 115.206802914000036, -2.795286996999948 ], [ 115.207741161000058, -2.795403760999932 ], [ 115.210088731000042, -2.795695910999939 ] ] ] } },
{ "type": "Feature", "properties": { "village_id": "63.06.06.2008", "village_name": "Wasah Hulu", "admin_type": "Desa", "district_id": "63.06.06", "district_name": "Simpur", "regency_code": "63.06", "regency_name": "Hulu Sungai Selatan", "province_name": "Kalimantan Selatan", "area_ha_source": 262.61104983899997, "boundary_basis": "Hasil Delineasi Batas Desa 2018", "metadata_source": "TASWIL1000020230928_DATA_BATAS_DESAKELURAHAN" }, "geometry": { "type": "Polygon", "coordinates": [ [ [ 115.236608101000115, -2.786003691999952 ], [ 115.236847885000088, -2.78622140899995 ], [ 115.236853606000068, -2.786243399999933 ], [ 115.236926537000045, -2.786523777999946 ], [ 115.23722835600006, -2.787684088999924 ], [ 115.237277335000044, -2.787872384999957 ], [ 115.237377809, -2.787976188999949 ], [ 115.237669958000083, -2.788278021999929 ], [ 115.239003210000078, -2.789655464999953 ], [ 115.240593696000019, -2.791298663999953 ], [ 115.240711687000044, -2.791443792999928 ], [ 115.241310738000038, -2.792180626999937 ], [ 115.242243952000081, -2.793328482999925 ], [ 115.243761974000108, -2.794139507999944 ], [ 115.244217450000065, -2.79458645699998 ], [ 115.244888266000089, -2.795244714999967 ], [ 115.245412849000104, -2.795759475999944 ], [ 115.247197311000036, -2.797694157999956 ], [ 115.249932763000061, -2.801148502999979 ], [ 115.249955102000058, -2.80116381299996 ], [ 115.248635790000094, -2.802348409999979 ], [ 115.247314619, -2.80353467499998 ], [ 115.246726028000012, -2.803429151999978 ], [ 115.246488083000031, -2.803324453999949 ], [ 115.246193029000096, -2.803172167999946 ], [ 115.245983638000098, -2.803105543999948 ], [ 115.245660029000078, -2.803153132999967 ], [ 115.245336423000026, -2.803124580999963 ], [ 115.244946191000054, -2.803067472999942 ], [ 115.244736800000055, -2.80291518699994 ], [ 115.24459403000003, -2.802639169999964 ], [ 115.244527407000078, -2.802401224999926 ], [ 115.244394155, -2.80212520699996 ], [ 115.244213319000096, -2.801944366999976 ], [ 115.244080069, -2.801839671999971 ], [ 115.243842123000036, -2.801744491999955 ], [ 115.243556586000068, -2.80165883199993 ], [ 115.243413819000011, -2.801573170999973 ], [ 115.243213942000011, -2.801449439999942 ], [ 115.243090212000084, -2.801316188999976 ], [ 115.24297599700003, -2.801221010999939 ], [ 115.242823711000028, -2.801144867999938 ], [ 115.242585766000047, -2.801040172999933 ], [ 115.242395408000107, -2.800916438999934 ], [ 115.242316094000103, -2.800694753999949 ], [ 115.242925237, -2.800028505999933 ], [ 115.243363055000032, -2.799562130999959 ], [ 115.243363055000032, -2.799324182999953 ], [ 115.243448719000071, -2.798972022999976 ], [ 115.243344020000109, -2.798781666999957 ], [ 115.243096557000058, -2.798724559999926 ], [ 115.242915717000074, -2.799029129999951 ], [ 115.242582592000076, -2.799124308999978 ], [ 115.242287539000017, -2.79920045199998 ], [ 115.242087667000078, -2.799190934999956 ], [ 115.241878273000111, -2.799428880999926 ], [ 115.241773577000117, -2.79965730899994 ], [ 115.241659364000043, -2.799695379999946 ], [ 115.241449970000076, -2.799628754999958 ], [ 115.241250097000034, -2.79965730899994 ], [ 115.24094552400004, -2.799755342999958 ], [ 115.240721372000053, -2.800099247999981 ], [ 115.240487292000012, -2.800458382999977 ], [ 115.240341477000015, -2.800507302999961 ], [ 115.23951342700002, -2.800878496999928 ], [ 115.238561643000025, -2.801097407999976 ], [ 115.238133339000115, -2.801144997999927 ], [ 115.237593324000045, -2.801206492999938 ], [ 115.235760916000118, -2.800707641999963 ], [ 115.234618775000058, -2.800593427999956 ], [ 115.233947767000018, -2.800479213999949 ], [ 115.233519466000075, -2.800322168999969 ], [ 115.231249457000104, -2.799422732999972 ], [ 115.230335744000058, -2.799051537999958 ], [ 115.229307817000063, -2.797895118999975 ], [ 115.228922345000115, -2.797295494999958 ], [ 115.228522596000062, -2.796681593999949 ], [ 115.227970749000065, -2.795805020999978 ], [ 115.226989825000032, -2.795254394999972 ], [ 115.226959892000082, -2.795236639999928 ], [ 115.226165619000085, -2.79476546799998 ], [ 115.226333910000108, -2.79418699699994 ], [ 115.226449213000024, -2.793935963999957 ], [ 115.227172571000096, -2.792317930999957 ], [ 115.227239194000049, -2.79207998399994 ], [ 115.227429551000114, -2.791899144999945 ], [ 115.228324230000112, -2.791261448999933 ], [ 115.229180835000079, -2.790404843999966 ], [ 115.22930456600011, -2.790157378999936 ], [ 115.229447335000032, -2.78973859499996 ], [ 115.229685280000012, -2.789300772999979 ], [ 115.229875638000067, -2.788977166999928 ], [ 115.230104065000091, -2.788644042999977 ], [ 115.230427672000019, -2.788244292999934 ], [ 115.230979707000074, -2.787492382999972 ], [ 115.231084403000068, -2.787216365999939 ], [ 115.231274762000112, -2.786892758999954 ], [ 115.231436564000091, -2.786683366999966 ], [ 115.231617402000097, -2.786531080999964 ], [ 115.231755589000045, -2.785950968999941 ], [ 115.231926911000073, -2.785379897999974 ], [ 115.231991156000049, -2.78510863899993 ], [ 115.2323694910001, -2.784608952999974 ], [ 115.232812072000115, -2.784087849999935 ], [ 115.233291730000019, -2.783559907999972 ], [ 115.234578456, -2.786703427999953 ], [ 115.236608101000115, -2.786003691999952 ] ] ] } },
{ "type": "Feature", "properties": { "village_id": "63.06.06.2009", "village_name": "Wasah Tengah", "admin_type": "Desa", "district_id": "63.06.06", "district_name": "Simpur", "regency_code": "63.06", "regency_name": "Hulu Sungai Selatan", "province_name": "Kalimantan Selatan", "area_ha_source": 191.699890033, "boundary_basis": "Hasil Delineasi Batas Desa 2018", "metadata_source": "TASWIL1000020230928_DATA_BATAS_DESAKELURAHAN" }, "geometry": { "type": "Polygon", "coordinates": [ [ [ 115.226165619000085, -2.79476546799998 ], [ 115.226959892000082, -2.795236639999928 ], [ 115.226989825000032, -2.795254394999972 ], [ 115.227970749000065, -2.795805020999978 ], [ 115.228522596000062, -2.796681593999949 ], [ 115.228922345000115, -2.797295494999958 ], [ 115.229307817000063, -2.797895118999975 ], [ 115.230335744000058, -2.799051537999958 ], [ 115.231249457000104, -2.799422732999972 ], [ 115.233519466000075, -2.800322168999969 ], [ 115.233947767000018, -2.800479213999949 ], [ 115.234618775000058, -2.800593427999956 ], [ 115.235760916000118, -2.800707641999963 ], [ 115.237593324000045, -2.801206492999938 ], [ 115.238133339000115, -2.801144997999927 ], [ 115.238561643000025, -2.801097407999976 ], [ 115.23951342700002, -2.800878496999928 ], [ 115.240341477000015, -2.800507302999961 ], [ 115.240487292000012, -2.800458382999977 ], [ 115.239903319000064, -2.801354339999932 ], [ 115.239403968000033, -2.802222868999934 ], [ 115.242971202000035, -2.804225274999965 ], [ 115.242272225000079, -2.804336410999952 ], [ 115.239239587000043, -2.805517003999967 ], [ 115.2387874960001, -2.805693 ], [ 115.238811942000098, -2.805800758999965 ], [ 115.238469297000051, -2.805991116999962 ], [ 115.237983887000041, -2.80620050999994 ], [ 115.23790774500003, -2.806295686999931 ], [ 115.237612691000095, -2.80670495499993 ], [ 115.237051138000083, -2.80695241799998 ], [ 115.236822712000048, -2.80695241799998 ], [ 115.236489587000051, -2.807009524999955 ], [ 115.236185017000025, -2.80697145399995 ], [ 115.235994659000085, -2.80695241799998 ], [ 115.235613945000068, -2.806828687999939 ], [ 115.235395034000021, -2.806695436999973 ], [ 115.23520467700007, -2.806533634999937 ], [ 115.235090464000109, -2.806419419999941 ], [ 115.234976251000035, -2.806381348999935 ], [ 115.234566983000036, -2.806428936999964 ], [ 115.233948324000039, -2.806447972999933 ], [ 115.233733799000106, -2.806382072999952 ], [ 115.233466631000056, -2.806299998999975 ], [ 115.232516451000038, -2.805852917999971 ], [ 115.231484353000042, -2.805367290999925 ], [ 115.228197720000026, -2.80382084699994 ], [ 115.227767433000054, -2.803778633999968 ], [ 115.227556854000113, -2.803778633999968 ], [ 115.227367687000083, -2.803828602999943 ], [ 115.226997580000102, -2.803933108999956 ], [ 115.226814461000117, -2.804003493999971 ], [ 115.226690495000071, -2.804062664999947 ], [ 115.225550733000091, -2.805350181999927 ], [ 115.225020869000105, -2.805948735999948 ], [ 115.224068105000015, -2.80709285599994 ], [ 115.223975375, -2.807232081999928 ], [ 115.221712903000025, -2.807629978999955 ], [ 115.21876511500011, -2.806771805999972 ], [ 115.219197733000101, -2.805527882999968 ], [ 115.219957553000086, -2.803343171999927 ], [ 115.220328527000106, -2.802276493999955 ], [ 115.222432173000016, -2.796227722999959 ], [ 115.222669483000118, -2.795545358999959 ], [ 115.22357996400001, -2.794410674999938 ], [ 115.223974008000027, -2.793919599999924 ], [ 115.224325851000117, -2.793481111999938 ], [ 115.224338720000105, -2.793489354999963 ], [ 115.225454095000032, -2.794343382999955 ], [ 115.226165619000085, -2.79476546799998 ] ] ] } }
]
}
